fixture,subs2srs_ms,vesta_tsv_ms,vesta_apkg_ms
clip_01,677.8984069824219,1088,1272
clip_02,1944.0391063690186,4304,4153
clip_03,1214.6272659301758,2810,3209
clip_04,1530.329942703247,3181,3588
clip_05,1870.2311515808105,4330,4668
