# Russian CEFR Vocabulary Database (A1=1, A2=2, B1=3, B2=4, C1=5, C2=6)
# Word	Level
я	1
не	1
что	1
в	1
и	1
ты	1
это	1
на	1
с	1
он	1
мы	1
как	1
вы	1
да	1
мне	1
у	1
нет	1
меня	1
так	1
но	1
а	1
его	1
все	1
она	1
тебя	1
о	1
если	1
за	1
бы	1
тебе	1
они	1
чтобы	1
же	1
есть	1
просто	1
из	1
к	1
для	1
ну	1
когда	1
хорошо	1
здесь	1
по	1
был	1
знаю	1
то	1
только	1
всё	1
было	1
вас	1
может	1
нас	1
вот	1
от	1
быть	1
кто	1
будет	1
почему	1
вам	1
их	1
очень	1
могу	1
уже	1
спасибо	1
или	1
нам	1
еще	1
там	1
нужно	1
сейчас	1
где	1
чем	1
хочу	1
ничего	1
этого	1
была	1
мой	1
ее	1
ладно	1
знаешь	1
п	1
до	1
этом	1
потому	1
теперь	1
думаю	1
больше	1
её	1
со	1
раз	1
ему	1
надо	1
время	1
этот	1
ли	1
ещё	1
пока	1
даже	1
привет	1
сказал	1
себя	1
должен	1
тоже	1
хочешь	1
давай	1
что-то	1
никогда	1
эй	1
того	1
тогда	1
него	1
ни	1
тут	1
были	1
конечно	1
правда	1
об	1
моя	1
пожалуйста	1
тобой	1
сказать	1
сегодня	1
один	1
лучше	1
можешь	1
сюда	1
мной	1
значит	1
сделать	1
всегда	1
дело	1
можно	1
ей	1
должны	1
порядке	1
без	1
день	1
том	1
буду	1
делать	1
хотел	1
чего	1
эти	1
много	1
после	1
этим	1
всего	1
во	1
твой	1
ним	1
лет	1
боже	1
них	1
сэр	1
ведь	1
мистер	1
жизнь	1
потом	1
ней	1
такой	1
который	1
всех	1
через	1
им	1
возможно	1
немного	1
такое	1
слишком	1
себе	1
зачем	1
должна	1
моей	1
люди	1
знаете	1
этой	1
думаешь	1
свою	1
точно	1
человек	1
твоя	1
под	1
сказала	1
назад	1
из-за	1
эту	1
можем	1
случилось	1
мама	1
мог	1
вместе	1
отец	1
сделал	1
мои	1
кажется	1
друг	1
куда	1
никто	1
поэтому	1
эта	1
которые	1
два	1
тот	1
сколько	1
понимаю	1
снова	1
жизни	1
нравится	1
людей	1
помочь	1
видел	1
люблю	1
хочет	1
место	1
знать	1
кто-то	1
прости	1
отлично	1
похоже	1
парень	1
домой	1
всем	1
деньги	1
иди	1
времени	1
дома	1
именно	1
доктор	1
думал	1
говорил	1
делаешь	1
будем	1
прямо	1
стоит	1
поговорить	1
найти	1
разве	1
слушай	1
своей	1
лишь	1
ага	1
можете	1
простите	1
хотела	1
сам	1
что-нибудь	1
тем	1
будешь	1
прошу	1
три	1
деле	1
хотите	1
говорить	1
давайте	1
совсем	1
знал	1
знает	1
какой	1
моего	1
скажи	1
дом	1
дела	1
вами	1
свои	1
ж	1
говорит	1
несколько	1
должно	1
про	1
ваш	1
происходит	1
жаль	1
туда	1
действительно	1
папа	1
завтра	1
оно	1
черт	1
одна	1
перед	1
наш	1
уверен	1
отсюда	1
нужна	1
самом	1
тех	1
нужен	1
свой	1
мою	1
кого	1
верно	1
работу	1
каждый	1
твоей	1
будут	1
хватит	1
понял	1
нее	1
уж	1
имя	1
против	1
кое-что	1
пор	1
чём	1
раньше	1
говорю	1
более	1
надеюсь	1
итак	1
при	1
ваша	1
вообще	1
пошли	1
мать	1
нельзя	1
наверное	1
нами	1
твои	1
могли	1
дай	1
ради	1
всю	1
ребята	1
ко	1
хотя	1
понимаешь	1
идти	1
этих	1
откуда	1
такая	1
ясно	1
другой	1
извините	1
вижу	1
видеть	1
над	1
могут	1
равно	1
мисс	1
скоро	1
будто	1
зовут	1
виду	1
наши	1
думала	1
послушай	1
между	1
своего	1
вопрос	1
этому	1
почти	1
года	1
человека	1
которая	1
подожди	1
руки	1
нормально	1
такие	1
возьми	1
минут	1
извини	1
вещи	1
могла	1
смотри	1
хоть	1
работа	1
пару	1
сын	1
ваше	1
дня	1
пора	1
неё	1
жить	1
видишь	1
достаточно	1
господи	1
быстро	1
твою	1
весь	1
убить	1
ночь	1
говоришь	1
собой	1
скажу	1
готов	1
слышал	1
какая	1
посмотри	1
первый	1
самое	1
видела	1
пусть	1
месте	1
нашли	1
сказали	1
плохо	1
смогу	1
ваши	1
отца	1
детей	1
знаем	1
рад	1
прав	1
никаких	1
имею	1
миссис	1
иногда	1
смерти	1
своих	1
пойду	1
брат	1
вроде	1
рядом	1
мир	1
произошло	1
которую	1
сделала	1
говорила	1
знала	1
мое	1
одного	1
таким	1
помощь	1
такого	1
кем	1
насчет	1
вчера	1
случае	1
увидеть	1
нашей	1
говорят	1
правильно	1
убил	1
одно	1
пойти	1
друга	1
сама	1
долго	1
работать	1
дверь	1
делает	1
женщина	1
важно	1
кроме	1
будь	1
собираюсь	1
вашей	1
нужны	1
здорово	1
номер	1
проблема	1
проблемы	1
денег	1
чёрт	1
хороший	1
твоего	1
одну	1
дальше	1
вернуться	1
давно	1
последний	1
ночи	1
узнать	1
уверена	1
машину	1
права	1
пять	1
моих	1
также	1
тому	1
вечером	1
дети	1
опять	1
вообще-то	1
серьезно	1
работает	1
своим	1
сначала	1
две	1
одной	1
моим	1
те	1
жена	1
думаете	1
помнишь	1
глаза	1
ними	1
чувак	1
ночью	1
чувствую	1
взять	1
сразу	1
утром	1
часть	1
придется	1
стать	1
идея	1
дорогая	1
прекрасно	1
слова	1
сделали	1
видели	1
наша	1
сердце	1
помню	1
парня	1
момент	1
утро	1
здравствуйте	1
стал	1
скорее	1
ох	1
большой	1
кто-нибудь	1
часов	1
год	1
друзья	1
сильно	1
говори	1
смысле	1
которой	1
уйти	1
которого	1
капитан	1
работы	1
любовь	1
дочь	1
новый	1
боюсь	1
имеет	1
стой	1
дней	1
той	1
голову	1
ах	1
столько	1
понятно	1
дать	1
девушка	1
довольно	1
доме	1
вечер	1
оба	1
пойдем	1
увидимся	1
шанс	1
хорошая	1
прежде	1
сделаю	1
какого	1
быстрее	1
понять	1
рассказать	1
вашего	1
бог	1
интересно	1
затем	1
умер	1
обо	1
никого	1
парни	1
самый	1
твое	1
вон	1
пришел	1
чтоб	1
поверить	1
слово	1
будете	1
нашел	1
милая	1
странно	1
какие	1
ой	1
та	1
однажды	1
сможешь	1
получить	1
обычно	1
ума	1
полагаю	1
алло	1
посмотреть	1
иначе	1
наших	1
тело	1
хотели	1
свое	1
пришли	1
моё	1
другие	1
выглядит	1
подумал	1
лицо	1
приятно	1
мам	1
говорите	1
обратно	1
нашего	1
телефон	1
мире	1
честь	1
господин	1
доброе	1
план	1
другом	1
час	1
джон	1
пути	1
делал	1
типа	1
посмотрим	1
насколько	1
пытался	1
правду	1
решил	1
поздно	1
нем	1
работе	1
любит	1
хотят	1
кому	1
сестра	1
какой-то	1
места	1
кого-то	1
скажешь	1
следующий	1
других	1
получил	1
кстати	1
говорили	1
пришла	1
безопасности	1
рада	1
когда-нибудь	1
город	1
внимание	1
кофе	1
которое	1
вся	1
семья	1
конец	1
позже	1
дал	1
думать	1
спать	1
вернулся	1
остаться	1
некоторые	1
кровь	1
оружие	1
пришлось	1
хуже	1
дорогой	1
полиция	1
сможем	1
понимаете	1
четыре	1
которых	1
ужасно	1
ждать	1
способ	1
делаю	1
готовы	1
совершенно	1
смотреть	1
вернусь	1
большое	1
единственный	1
вперед	1
часа	1
где-то	1
муж	1
идет	1
таких	1
ребенка	1
машина	1
стороны	1
смог	1
сына	1
играть	1
сами	1
верю	1
честно	1
нашла	1
звучит	1
угодно	1
как-то	1
руку	1
начала	1
перевод	1
какое	1
взял	1
станет	1
пытаюсь	1
внутри	1
знали	1
новости	1
добрый	1
подождите	1
скажите	1
ребенок	1
вашу	1
мальчик	1
осталось	1
делаете	1
году	1
мере	1
поняла	1
отношения	1
далеко	1
вокруг	1
хотим	1
слышала	1
двух	1
приятель	1
никому	1
мужчина	1
неделю	1
вернуть	1
смерть	1
сих	1
ту	1
сможет	1
the	1
дайте	1
двое	1
видите	1
долларов	1
крови	1
решение	1
путь	1
следует	1
неужели	1
около	1
готова	1
семьи	1
идем	1
смотрите	1
круто	1
история	1
вдруг	1
спросить	1
i	1
твоих	1
второй	1
вина	1
джек	1
женщины	1
нашу	1
заткнись	1
минуту	1
собираешься	1
твоим	1
шоу	1
прощения	1
больно	1
машины	1
пап	1
трудно	1
постоянно	1
поможет	1
проблем	1
например	1
дерьмо	1
полиции	1
начать	1
знают	1
лучший	1
добро	1
спасти	1
рождения	1
оставить	1
чарли	1
любишь	1
конце	1
забыл	1
месяцев	1
часто	1
мило	1
комнате	1
нему	1
матери	1
милый	1
полностью	1
школе	1
леди	1
серьёзно	1
убили	1
случай	1
джо	1
убийство	1
послушайте	1
посмотрите	1
пошел	1
никакого	1
сделаем	1
говоря	1
неплохо	1
использовать	1
прошлой	1
иду	1
узнал	1
прекрати	1
чуть	1
держи	1
невозможно	1
господа	1
слушайте	1
наше	1
машине	1
сэм	1
свет	1
образом	1
иметь	1
другое	1
другого	1
шесть	1
людям	1
погоди	1
имени	1
детка	1
недели	1
меньше	1
легко	1
крайней	1
девочка	1
придётся	1
мало	1
ненавижу	1
you	1
последние	1
насчёт	1
выглядишь	1
сообщение	1
думает	1
друзей	1
обещаю	1
агент	1
вместо	1
последнее	1
самого	1
настолько	1
ответ	1
детектив	1
понятия	1
родители	1
показать	1
поехали	1
стало	1
мэм	1
своими	1
всей	1
очевидно	1
помогите	1
маленький	1
школу	1
пожаловать	1
твоё	1
либо	1
забрать	1
прошло	1
особенно	1
имеешь	1
истории	1
эм	1
вопросы	1
большая	1
минутку	1
пол	1
остановить	1
чему	1
свидания	1
обязательно	1
городе	1
убийца	1
сделай	1
a	1
ваших	1
любви	1
спокойной	1
б	1
своё	1
мадам	1
идите	1
выйти	1
делают	1
немедленно	1
делай	1
возможность	1
человеком	1
бывает	1
ужин	1
моем	1
купить	1
позвонить	1
наконец	1
стала	1
любой	1
клянусь	1
смешно	1
абсолютно	1
всему	1
переводчики	1
забудь	1
секунду	1
выбор	1
тысяч	1
потерял	1
майкл	1
волнуйся	1
ноги	1
таком	1
настоящий	1
означает	1
встретиться	1
известно	1
работаю	1
замечательно	1
любом	1
оставь	1
связи	1
боль	1
выпить	1
представить	1
убийства	1
малыш	1
умерла	1
воды	1
окей	1
речь	1
хорошие	1
поводу	1
перестань	1
увидел	1
повезло	1
президент	1
мужик	1
которым	1
прошлом	1
дам	1
десять	1
умереть	1
поговорим	1
отцом	1
искать	1
тихо	1
оставил	1
пистолет	1
начал	1
сложно	1
города	1
неделе	1
хотелось	1
принять	1
историю	1
босс	1
держать	1
пойдём	1
подумала	1
фильм	1
слышишь	1
рано	1
удачи	1
еду	1
словно	1
причина	1
пришёл	1
э	1
компании	1
спокойно	1
работал	1
подумать	1
вести	1
вещь	1
брата	1
конца	1
получится	1
блин	1
право	1
ввиду	1
бога	1
по-моему	1
подарок	1
комнату	1
мира	1
успокойся	1
позволить	1
моему	1
идёт	1
самая	1
рассказал	1
курсе	1
намного	1
мистера	1
женщин	1
тяжело	1
ух	1
предложение	1
одним	1
счет	2
улице	2
другим	2
уходи	2
майк	2
среди	2
помоги	2
получилось	2
месяц	2
проверить	2
генри	2
голос	2
позвольте	2
стороне	2
вероятно	2
случится	2
уверены	2
мужа	2
питер	2
провести	2
людьми	2
наконец-то	2
неважно	2
нашёл	2
м	2
доктора	2
месяца	2
игра	2
идём	2
нём	2
джордж	2
познакомиться	2
возьму	2
слышали	2
пошла	2
корабль	2
чувствуешь	2
позволь	2
сторону	2
игры	2
согласен	2
письмо	2
вниз	2
молодец	2
наверняка	2
утра	2
вашим	2
нечего	2
встречи	2
вид	2
никакой	2
связь	2
список	2
такую	2
весело	2
сидеть	2
гораздо	2
собирался	2
впервые	2
находится	2
объяснить	2
полицию	2
решили	2
семью	2
свидание	2
отличная	2
остальные	2
прийти	2
руках	2
фбр	2
чувство	2
котором	2
решила	2
понадобится	2
сынок	2
найду	2
фрэнк	2
школы	2
чувства	2
дядя	2
стали	2
ушла	2
первым	2
поверь	2
расскажи	2
хочется	2
девушки	2
сон	2
имел	2
каким	2
парнем	2
многие	2
части	2
ехать	2
считаю	2
никуда	2
голове	2
старый	2
оттуда	2
чем-то	2
называется	2
вопросов	2
фото	2
пройти	2
заниматься	2
другу	2
вернулась	2
пара	2
никак	2
девочки	2
благодарю	2
своем	2
недавно	2
приехал	2
глаз	2
могло	2
становится	2
пыталась	2
является	2
брось	2
богу	2
ы	2
нашим	2
помощи	2
волосы	2
невероятно	2
одном	2
ушел	2
джейн	2
to	2
тела	2
недель	2
собирается	2
защитить	2
всеми	2
существует	2
жив	2
первая	2
позвоню	2
благодаря	2
вперёд	2
навсегда	2
помните	2
земле	2
делу	2
вполне	2
пытается	2
будущее	2
семь	2
своему	2
ок	2
идиот	2
слава	2
стоило	2
удалось	2
делаем	2
команда	2
главное	2
огонь	2
дэнни	2
замуж	2
начали	2
мужчины	2
кого-нибудь	2
силы	2
семье	2
шеф	2
суд	2
слышу	2
тюрьме	2
попробовать	2
друзьями	2
алекс	2
вашем	2
новая	2
маленькая	2
черта	2
придет	2
страшно	2
услышать	2
новые	2
общем	2
звонил	2
купил	2
понравится	2
близко	2
самой	2
смысл	2
хорошее	2
любил	2
сара	2
единственная	2
делали	2
макс	2
мэри	2
жду	2
получается	2
хорошего	2
эми	2
дамы	2
жену	2
гарри	2
неправильно	2
стоять	2
плевать	2
ключ	2
верить	2
лично	2
слышать	2
взяли	2
поздравляю	2
пить	2
заставить	2
получили	2
рот	2
делала	2
преступления	2
двери	2
землю	2
разумеется	2
очередь	2
первой	2
разговор	2
видимо	2
звонок	2
джеймс	2
s	2
менее	2
нового	2
получила	2
хм	2
подальше	2
какая-то	2
сможете	2
похож	2
состоянии	2
необходимо	2
адвокат	2
касается	2
секунд	2
стоп	2
дали	2
оставаться	2
сделает	2
ходить	2
помощью	2
хватает	2
изменить	2
король	2
народ	2
новую	2
девушку	2
живет	2
секс	2
сделаешь	2
думали	2
нашем	2
попасть	2
каждого	2
другую	2
просил	2
пошёл	2
войны	2
случайно	2
игру	2
мертв	2
держись	2
забыла	2
цель	2
минуты	2
месье	2
выше	2
однако	2
женщину	2
раза	2
мысли	2
выход	2
платье	2
вовсе	2
пришло	2
женой	2
ребёнка	2
сожалею	2
твоем	2
осторожно	2
смогла	2
этими	2
стану	2
маме	2
парней	2
нравятся	2
покое	2
поехать	2
садись	2
миллионов	2
отличный	2
ребёнок	2
дочери	2
дороги	2
ого	2
ха	2
нечто	2
первое	2
выяснить	2
ник	2
информацию	2
офис	2
какое-то	2
записи	2
лучшее	2
течение	2
вечеринку	2
убью	2
годы	2
забыть	2
правила	2
сожалению	2
какие-то	2
слов	2
джимми	2
дни	2
дала	2
жизнью	2
совет	2
занят	2
кем-то	2
попробуй	2
подруга	2
расскажу	2
целый	2
красивая	2
попросил	2
вышел	2
удар	2
вещей	2
адрес	2
дэвид	2
оставьте	2
сержант	2
увидишь	2
виноват	2
разница	2
открыть	2
написал	2
ждет	2
новое	2
счастлив	2
вау	2
выбора	2
продолжай	2
задницу	2
покажу	2
единственное	2
доверять	2
встреча	2
убивать	2
концов	2
обоих	2
будьте	2
останется	2
тюрьму	2
наверно	2
ищу	2
момента	2
обед	2
лица	2
видео	2
стойте	2
взяла	2
подождать	2
считает	2
вечно	2
покажи	2
бен	2
книгу	2
многое	2
земли	2
дел	2
какую	2
поскольку	2
узнала	2
сильнее	2
жены	2
встречу	2
весьма	2
блядь	2
поняли	2
родителей	2
оу	2
лейтенант	2
глупо	2
узнает	2
думают	2
сезон	2
снаружи	2
голова	2
мамой	2
заняться	2
кино	2
вечера	2
свете	2
выйдет	2
восемь	2
найдем	2
помогу	2
больницу	2
больнице	2
магазин	2
тони	2
заметил	2
договорились	2
слушать	2
бизнес	2
примерно	2
уехать	2
мамы	2
позвонил	2
выходит	2
когда-либо	2
маму	2
документы	2
попал	2
шаг	2
отпусти	2
смотрю	2
здравствуй	2
понравилось	2
смогли	2
правы	2
большие	2
рассказала	2
идут	2
готово	2
плохой	2
офицер	2
узнали	2
скажет	2
сюрприз	2
внимания	2
вышло	2
дорогу	2
считаешь	2
фотографии	2
вода	2
делом	2
каком	2
полный	2
следующей	2
доказать	2
захочешь	2
книги	2
война	2
планы	2
мысль	2
веришь	2
видно	2
скажем	2
большинство	2
ребят	2
продолжать	2
ранее	2
жертвы	2
ближе	2
качестве	2
двигаться	2
написано	2
чувствовать	2
хорош	2
любить	2
величество	2
головы	2
дороге	2
попросить	2
времена	2
подумай	2
забавно	2
главный	2
внизу	2
каждую	2
остался	2
вставай	2
мнение	2
твоему	2
часы	2
вряд	2
постой	2
сомневаюсь	2
отдай	2
вечеринка	2
ошибка	2
приехали	2
бросил	2
вернется	2
профессор	2
любят	2
ключи	2
подходит	2
беги	2
ничто	2
поле	2
вышла	2
открой	2
воду	2
сексом	2
музыка	2
побери	2
бабушка	2
собираемся	2
несмотря	2
госпожа	2
стране	2
b	2
рэй	2
отдать	2
трубку	2
сил	2
кончено	2
другая	2
комната	2
ричард	2
o	2
сердца	2
кому-то	2
опасности	2
сша	2
закончить	2
детьми	2
врач	2
живу	2
имеете	2
команды	2
пожалуй	2
роль	2
порядок	2
группа	2
встретимся	2
кольцо	2
самые	2
позвони	2
всём	2
вверх	2
разговаривать	2
джим	2
закон	2
мужчин	2
шутишь	2
играет	2
хорошим	2
новой	2
начнем	2
ухожу	2
член	2
такси	2
серия	2
днк	2
получше	2
убила	2
настоящая	2
молодой	2
эмили	2
показания	2
одному	2
шутка	2
уходить	2
снять	2
недостаточно	2
каких	2
кейт	2
одни	2
разобраться	2
язык	2
едем	2
директор	2
сто	2
энди	2
учитывая	2
спросил	2
днем	2
первого	2
джей	2
чего-то	2
когда-то	2
наверху	2
говорим	2
счастлива	2
помог	2
отцу	2
приходится	2
определенно	2
сигнал	2
закончится	2
помогает	2
группы	2
моём	2
едва	2
легче	2
t	2
ответить	2
спустя	2
принести	2
секрет	2
приказ	2
де	2
опасно	2
позволю	2
билли	2
бросить	2
телефону	2
самых	2
эдди	2
получишь	2
господь	2
внутрь	2
компания	2
прекрасный	2
томми	2
такими	2
and	2
пойдет	2
женщиной	2
работаешь	2
большую	2
волнует	2
рук	2
память	2
старик	2
избавиться	2
квартиру	2
закончили	2
информация	2
встречаться	2
удовольствием	2
спас	2
мозг	2
читать	2
ким	2
чертовски	2
стол	2
джонни	2
ублюдок	2
дон	2
тысячи	2
боб	2
ложь	2
it	2
ёто	2
потеряла	2
взглянуть	2
писать	2
мен	2
увидела	2
передать	2
войти	2
везде	2
бобби	2
кое	2
солнце	2
устал	2
сделку	2
настоящее	2
потеряли	2
мм	2
класс	2
смотрел	2
держите	2
закончил	2
марк	2
джерри	2
потрясающе	2
обещал	2
убедиться	2
скажете	2
факт	2
уничтожить	2
страны	2
учитель	2
полно	2
начинается	2
бежать	2
операции	2
сукин	2
ошибку	2
украл	2
данные	2
двоих	2
света	2
запах	2
придурок	2
найди	2
лучшая	2
вернулись	2
убирайся	2
боишься	2
окно	2
убийстве	2
ситуации	2
костюм	2
казалось	2
доказательства	2
обсудить	2
жил	2
принимать	2
море	2
оставила	2
судя	2
штука	2
ситуация	2
возможности	2
следы	2
генерал	2
рождество	2
платить	2
пытались	2
забрал	2
эрик	2
самым	2
великолепно	2
песню	2
билл	2
помогать	2
по-прежнему	2
новость	2
силу	2
жертва	2
баксов	2
другими	2
обожаю	2
достать	2
вовремя	2
появился	2
кларк	2
тише	2
одежду	2
приходит	2
расследование	2
зато	2
девушкой	2
яйца	2
зависит	2
принадлежит	2
согласно	2
предложить	2
уровень	2
любила	2
вашему	2
собака	2
знак	2
чисто	2
срочно	2
начало	2
вне	2
клуб	2
искал	2
собираетесь	2
души	2
расслабься	2
супер	2
ждал	2
неправда	2
доступ	2
куча	2
туалет	2
знакомы	2
офисе	2
сука	2
слегка	2
ждут	2
песня	2
наверх	2
небольшой	2
анна	2
красиво	2
запись	2
причины	2
работала	2
ч	2
состояние	2
белый	2
зайти	2
дважды	2
думай	2
центр	2
дружище	2
исправить	2
джейк	2
использовал	2
идешь	2
желание	2
книга	2
многих	2
разные	2
полковник	2
оказался	2
идеи	2
добраться	2
нос	2
возьмите	2
матерью	2
суда	2
каково	2
сила	2
уходите	2
рука	2
повсюду	2
лучшие	2
сделано	2
взгляд	2
наркотики	2
бери	2
судья	2
чушь	2
плохая	2
система	2
практически	2
выходные	2
лили	2
суде	2
еда	2
док	2
узнаю	2
нож	2
написать	2
собиралась	2
чай	2
глазах	2
остальное	2
брак	2
представляешь	2
остальных	2
мимо	2
поеду	2
потерять	2
старые	2
звук	2
частью	2
приехала	2
нет-нет	2
даст	2
спит	2
пытаешься	2
выглядеть	2
беременна	2
увижу	2
спал	2
вкус	2
крис	2
поезд	2
пиво	2
уехал	2
устроить	2
радио	2
обе	2
команду	2
безумие	2
решить	2
солдат	2
ме	2
мальчика	2
короля	2
проще	2
особо	2
х	2
ребенком	2
дедушка	2
мертва	2
церкви	2
результаты	2
имена	2
беспокойся	2
неприятности	2
камеры	2
отправить	2
брайан	2
здание	2
шон	2
возле	2
защищать	2
плохие	2
работают	2
нью-йорк	2
называть	2
третий	2
способен	2
удивительно	2
смысла	2
долг	2
боли	2
клэр	2
первую	2
стыдно	2
случиться	2
сестры	2
называют	2
райан	2
счёт	2
слушаю	2
мартин	2
возвращаться	2
выбрал	2
черту	2
инспектор	2
земля	2
оказалось	2
сходить	2
головой	2
плюс	2
оружия	2
музыку	2
явно	2
сказано	2
назвал	2
стрелять	2
своём	2
столь	2
ушли	2
последняя	2
лицом	2
решать	2
остались	2
по-настоящему	2
заплатить	2
разу	2
жене	2
даю	2
центре	2
началось	2
президента	2
сообщить	2
кучу	2
чтo	2
звали	2
принял	2
придёт	2
рода	2
справиться	2
поцелуй	2
по-другому	2
сбежал	2
еды	2
встречались	2
прошла	2
команде	2
оставлю	2
ищем	2
согласна	2
останусь	2
тест	2
прошлое	2
смотришь	2
код	2
двумя	2
шучу	2
человеку	2
выбраться	2
следовало	2
продать	2
нe	2
которому	2
звонила	2
поставить	2
клиент	2
здоровье	2
прочь	2
приду	2
держу	2
поговорю	2
похожа	2
рассказывать	2
играл	2
стив	2
заставил	2
встретил	2
по-твоему	2
самолет	2
кости	2
сбежать	2
прекратить	2
уйду	2
ъ	2
принесу	2
власти	2
ушёл	2
остается	2
постели	2
вернись	2
впереди	2
захочет	2
реально	2
двадцать	2
квартире	2
маленькой	2
важное	2
ешь	2
бар	2
жива	2
дает	2
завтрак	2
любовью	2
зря	2
полицейский	2
принес	2
ƒа	2
мария	2
страшного	2
устала	2
прекратите	2
убери	2
нравишься	2
заходи	2
энни	2
сработает	2
старая	2
скучаю	2
заявление	2
плохого	2
поймать	2
ответственность	2
прощай	2
девять	2
осталась	2
наедине	2
выбрать	2
обвинения	2
все-таки	2
ммм	2
that	2
компанию	2
поедем	2
цветы	2
имела	2
ждёт	2
камеру	2
новых	2
преступление	2
трех	2
кусок	2
пропал	2
посмотрю	2
медленно	2
душу	2
получит	2
рады	2
значения	2
забрали	2
пойдешь	2
сохранить	2
привести	2
видит	2
информации	2
войну	2
письма	2
бумаги	2
холодно	2
руками	2
томас	2
упал	2
моими	2
отношение	2
карл	2
ма	2
операция	2
судьба	2
of	2
любимый	2
задать	2
папочка	2
внезапно	2
временем	2
представляю	2
церковь	2
решения	2
чувствовал	2
чудесно	2
специально	2
маленькие	2
дурак	2
ад	2
мальчики	2
начинает	2
компьютер	2
станешь	2
продолжайте	2
роберт	2
урок	2
кровью	2
глазами	2
занимается	2
линии	2
люк	2
брать	2
давать	2
вновь	2
трое	2
девушек	2
чё	2
услышал	2
вызвать	2
работали	2
позвонила	2
бороться	2
остановись	2
вариант	2
послал	2
назвать	2
просила	2
ход	2
положение	2
вернемся	2
уходим	2
уилл	2
связано	2
каждой	2
звонит	2
роман	2
миру	2
беспокоит	2
кэтрин	2
номера	2
комнаты	2
прекрасная	2
победить	2
правительство	2
ищет	2
систему	2
попросила	2
операцию	2
ногу	2
поступил	2
прошлый	2
живёт	2
герой	2
воздух	2
живут	2
читал	2
адвоката	2
поступить	2
поможешь	2
адам	2
люси	2
чудо	2
разных	2
школа	2
курс	2
c	2
отель	2
задание	2
приехать	2
умру	2
телефона	2
считать	2
ценю	2
мечты	2
родился	2
работой	2
вспомнить	2
виде	2
похожи	2
слышите	2
уходит	2
понимает	2
угу	2
кровати	2
умоляю	2
срок	2
действовать	2
мужем	2
извиниться	2
пахнет	2
дух	2
лучших	2
отдел	2
будущем	2
большим	2
беспокоиться	2
узнаем	2
интервью	2
скотт	2
сыном	2
предлагаю	2
убит	2
болит	2
каждое	2
встретились	2
итоге	2
мяч	2
закрой	2
умею	2
справлюсь	2
убедить	2
остановиться	2
возвращайся	2
цели	2
форме	2
сидит	2
королева	2
дождь	2
отдал	2
бывший	2
едет	2
во-первых	2
танцевать	2
пива	2
причин	2
обязан	2
проклятье	2
колледж	2
мозга	2
оставайся	2
системы	2
карты	2
просить	2
садитесь	2
хорошей	2
душ	2
смогут	2
камень	2
волнуйтесь	2
страну	2
звонить	2
проводить	2
ура	2
мёртв	2
смотрит	2
детям	2
мужчиной	2
труп	2
вино	2
армии	2
убивал	2
вкусно	2
заставляет	2
любое	2
которыми	2
твоём	2
малышка	2
эбби	2
правило	2
кровать	2
кабинет	2
чарльз	2
баре	2
действия	2
ситуацию	2
убрать	2
жениться	2
ходил	2
джона	2
исчез	2
келли	2
погиб	2
зрения	2
счастье	2
желаю	2
давление	2
душе	2
м-р	2
взгляни	2
основном	2
прошел	2
душа	2
свадьбу	2
тюрьмы	2
отдохнуть	2
фунтов	2
встать	2
произойдет	2
дженни	2
миллион	2
святого	2
глубоко	2
сзади	2
святой	2
подобного	2
предложил	2
пит	2
значение	2
отеле	2
позади	2
идеально	2
занимаюсь	2
занимался	2
нескольких	2
подобное	2
мозги	2
несчастный	2
рассказывал	2
считаете	2
выходи	2
in	2
полной	2
нью-йорке	2
свадьбы	2
мамочка	2
страх	2
появится	2
банк	2
носить	2
отпечатки	2
ничем	2
чак	2
возрасте	2
горжусь	2
выиграл	2
принесла	2
встрече	2
нибудь	2
приходить	2
следить	2
лео	2
ног	2
лекарство	2
лучшим	2
тип	2
умирает	2
признать	2
воспоминания	2
имеют	2
защиты	2
билет	2
выпьем	2
работаем	2
купила	2
выиграть	2
трогай	2
магазине	2
красный	2
петь	2
название	2
вытащить	2
сестру	2
отвечать	2
отпустите	2
кевин	2
контролировать	2
чёрта	2
власть	2
вторая	2
волноваться	2
бросила	2
спрашиваю	2
секса	2
данный	2
l	2
красивый	2
джентльмены	2
суть	2
уши	2
оставили	2
начинаю	2
сотни	2
связаться	2
окна	2
доброй	2
майор	2
держаться	2
цру	2
штаны	2
занята	2
отвали	2
цвет	2
получу	2
сидел	2
случается	2
хозяин	2
учиться	2
некоторых	2
прошли	2
погодите	2
некоторое	2
братом	2
считают	2
новым	2
показалось	2
целую	2
поблагодарить	2
количество	2
лекарства	2
сумасшедший	2
расскажите	2
ожидал	2
элис	2
умрет	2
грейс	2
слухи	2
участок	2
улицу	2
классно	2
животных	2
изменилось	2
странный	2
передай	2
ди	2
надеялся	2
собственной	2
гости	2
как-нибудь	2
дэн	2
контроль	2
грудь	2
братья	2
миль	2
улики	2
огромное	2
замок	2
данных	2
дому	2
районе	2
сядь	2
наоборот	2
богом	2
элли	2
создать	2
закончилось	2
отвечает	2
побыть	2
поесть	2
умеешь	2
лесу	2
самому	2
алан	2
отправил	2
деньгами	2
принеси	2
таблетки	2
ресторан	2
нашему	2
поверьте	2
включая	2
живо	2
мужчину	2
придумал	2
шериф	2
хрена	2
ханна	2
собирались	2
половину	2
ён	2
забыли	2
сделайте	2
удовольствие	2
стараюсь	2
проходит	2
спала	2
автобус	2
настоящие	2
me	2
узнаешь	2
спроси	2
лучшего	2
придумать	2
вечеринке	2
пользу	2
появилась	2
списке	2
лежит	2
живой	2
счастливы	2
понимать	2
плохое	2
любого	2
зубы	2
кухне	2
попытаться	2
расскажешь	2
буквально	2
клиентов	2
ван	2
копы	2
no	2
великий	2
пяти	2
прием	2
скучно	2
приходил	2
песни	2
девчонка	2
рукой	2
попала	2
джош	2
проект	2
бой	2
естественно	2
стивен	2
всё-таки	2
увидите	2
процесс	2
делайте	2
вызов	2
ниже	2
рейчел	2
перерыв	2
дерьма	2
принцесса	2
само	2
врн	2
ненадолго	2
радостью	2
ответил	2
убьет	2
тед	2
короче	3
провел	3
сесть	3
вечеринки	3
попробуем	3
теб	3
вернётся	3
разберусь	3
умный	3
поймали	3
ак	3
кошмар	3
днём	3
дорога	3
общего	3
жертв	3
ведет	3
очки	3
барри	3
чикаго	3
найдём	3
игре	3
официально	3
попробую	3
какой-нибудь	3
энн	3
женат	3
совпадение	3
начальник	3
убивает	3
терпеть	3
счастью	3
гей	3
ну-ка	3
множество	3
убьют	3
болезнь	3
свидетель	3
тему	3
элизабет	3
службы	3
положи	3
пригласить	3
бояться	3
точки	3
голоса	3
дин	3
собрать	3
памяти	3
хороша	3
думаем	3
пригласил	3
классе	3
проверь	3
парню	3
этo	3
убийцы	3
вину	3
ю	3
харви	3
больницы	3
смертью	3
всякий	3
принц	3
бойся	3
надеяться	3
поднять	3
обнаружили	3
перестать	3
отойди	3
покинуть	3
чувствует	3
нелегко	3
ими	3
m	3
оказаться	3
жила	3
избежать	3
старший	3
представляет	3
столе	3
ошибки	3
половина	3
смей	3
заботиться	3
лаборатории	3
любим	3
успокойтесь	3
имеем	3
последней	3
вызывает	3
важнее	3
первые	3
убийцу	3
полегче	3
женщине	3
жили	3
позволил	3
груди	3
праздник	3
умеет	3
присоединиться	3
черный	3
опыт	3
бред	3
болен	3
су	3
источник	3
собираются	3
любимая	3
куда-нибудь	3
занимаешься	3
каким-то	3
картер	3
эмма	3
побольше	3
закрыть	3
ангел	3
тренер	3
откройте	3
какие-нибудь	3
ветер	3
остров	3
первом	3
семьей	3
интересует	3
беру	3
уехала	3
виновата	3
кэти	3
морган	3
ищешь	3
контракт	3
получите	3
телевизор	3
любите	3
попали	3
местах	3
ненавидит	3
целью	3
дольше	3
полчаса	3
согласны	3
войне	3
осторожнее	3
замужем	3
звонки	3
причине	3
папой	3
пойдёт	3
роли	3
спишь	3
управлять	3
собаку	3
бля	3
представь	3
глава	3
постель	3
правде	3
шум	3
придут	3
ударил	3
схожу	3
провели	3
начинать	3
внимательно	3
пятницу	3
проходите	3
кафе	3
отказаться	3
поговори	3
предупредить	3
свободу	3
т	3
переживай	3
начнём	3
полная	3
руке	3
улицы	3
виски	3
странное	3
фил	3
артур	3
карту	3
знаком	3
словами	3
оказывается	3
звоню	3
уолтер	3
энергии	3
познакомились	3
ларри	3
бежим	3
сквозь	3
шлюха	3
ордер	3
капитана	3
согласился	3
мертвы	3
класса	3
написала	3
париж	3
страна	3
умирать	3
зад	3
счета	3
сильный	3
ерунда	3
дерево	3
одолжение	3
домом	3
колени	3
выжить	3
ждала	3
грузовик	3
заплатил	3
путешествие	3
узнают	3
чек	3
билеты	3
достал	3
спину	3
останешься	3
надолго	3
рак	3
помощник	3
парк	3
стены	3
кое-кто	3
да-да	3
сработало	3
ощущение	3
показал	3
полу	3
находиться	3
девочек	3
робин	3
карен	3
пёп	3
любую	3
ќе	3
зная	3
сообщения	3
именем	3
квартира	3
анализ	3
другому	3
совершил	3
оливер	3
лошадь	3
ответы	3
готовить	3
г-н	3
субботу	3
дышать	3
зла	3
мэгги	3
выгляжу	3
разрешение	3
девчонки	3
хрень	3
секундочку	3
перезвоню	3
миллиона	3
одиночку	3
займусь	3
увидит	3
боится	3
одновременно	3
использовали	3
спрашивал	3
лиза	3
врать	3
отказался	3
цвета	3
жертву	3
теми	3
куда-то	3
метров	3
горло	3
дворе	3
пропала	3
дитя	3
пошло	3
небольшая	3
станции	3
чувствовала	3
бедный	3
статус	3
поведение	3
начинай	3
ванной	3
кабинете	3
немножко	3
извинения	3
здания	3
удастся	3
виделись	3
пытаемся	3
отпустить	3
спросила	3
выходить	3
извиняюсь	3
свадьба	3
чего-нибудь	3
джесси	3
марта	3
проверю	3
контролем	3
we	3
отвезти	3
доверяю	3
найдешь	3
сражаться	3
звезда	3
найдут	3
заберу	3
лагерь	3
ходит	3
посреди	3
звони	3
браво	3
мишель	3
скорость	3
использует	3
заслуживает	3
заметила	3
спиной	3
где-нибудь	3
прям	3
возвращается	3
положить	3
воскресенье	3
чертов	3
мэтт	3
ть	3
камера	3
впечатление	3
оказалась	3
корабля	3
мясо	3
обсуждать	3
фильма	3
нью-йорка	3
разговаривал	3
штата	3
результат	3
крайне	3
держит	3
доказательств	3
вселенной	3
признаться	3
необходимости	3
детали	3
ќо	3
группу	3
грустно	3
штук	3
ком	3
эндрю	3
меч	3
убей	3
занять	3
одежда	3
бомба	3
on	3
чувствуете	3
кейси	3
поймал	3
ящик	3
работаете	3
клубе	3
тоби	3
забудьте	3
живых	3
алиби	3
пройдет	3
проблему	3
свободен	3
he	3
подойди	3
каждая	3
детстве	3
считал	3
налево	3
помни	3
девушке	3
напоминает	3
дают	3
увидели	3
фильме	3
постараюсь	3
потребуется	3
сестрой	3
отношениях	3
отношений	3
доктором	3
джин	3
надежда	3
приедет	3
личное	3
обычный	3
изменился	3
ужас	3
салли	3
мэр	3
условия	3
ай	3
иисус	3
ќн	3
научиться	3
играю	3
разрешения	3
нашими	3
связаны	3
пациент	3
обвинение	3
жди	3
старше	3
начну	3
старой	3
пропустил	3
палец	3
my	3
позабочусь	3
d	3
прошлого	3
сумку	3
боялся	3
красивые	3
простить	3
найдите	3
франции	3
секреты	3
верите	3
америке	3
ужасный	3
драться	3
создал	3
гостей	3
колледже	3
нигде	3
заметили	3
молли	3
позаботиться	3
терять	3
рисковать	3
отдела	3
след	3
золото	3
волос	3
простой	3
доктору	3
отстой	3
будущего	3
ровно	3
собрались	3
совета	3
штуку	3
водой	3
саймон	3
спрашивать	3
приняли	3
пытаются	3
воспользоваться	3
требует	3
марти	3
живешь	3
играешь	3
клиента	3
позвонили	3
стоял	3
отпуск	3
аминь	3
движение	3
особенного	3
каждом	3
заняты	3
наплевать	3
мечта	3
надеть	3
зал	3
арестовали	3
виктор	3
шансы	3
минимум	3
оружием	3
неловко	3
захотел	3
джейсон	3
начинаем	3
понедельник	3
сне	3
вернешься	3
риск	3
сучка	3
попытка	3
скучать	3
софи	3
каждым	3
огромный	3
помогла	3
второе	3
чуть-чуть	3
встретила	3
провела	3
сомнения	3
подумали	3
скорей	3
is	3
мастер	3
пальцы	3
небо	3
открыл	3
съесть	3
сериале	3
займет	3
добиться	3
сперва	3
заходите	3
ла	3
послушать	3
двигайся	3
большого	3
норме	3
личность	3
товарищ	3
донна	3
поставил	3
приходи	3
быстрей	3
следующем	3
заслужил	3
мест	3
лес	3
горы	3
собаки	3
джереми	3
гений	3
занимались	3
встречался	3
джонс	3
твоими	3
проверил	3
привело	3
врача	3
людях	3
сверху	3
опоздал	3
мистером	3
парке	3
мо	3
поиграть	3
нил	3
несомненно	3
дашь	3
вышли	3
управление	3
разум	3
хороших	3
прибыли	3
плакать	3
получает	3
украсть	3
стоят	3
собрался	3
лондон	3
стене	3
рш	3
джейми	3
заново	3
напротив	3
искали	3
программу	3
желания	3
полное	3
девочку	3
болезни	3
планете	3
покончить	3
близки	3
рик	3
взгляните	3
охрана	3
лице	3
сделка	3
армия	3
выстрел	3
ужасное	3
крутой	3
выйду	3
круг	3
поехал	3
стену	3
поделать	3
счастливой	3
тьi	3
хэнк	3
росс	3
вещах	3
зале	3
требуется	3
нравилось	3
зло	3
украли	3
верит	3
отправиться	3
наружу	3
последнюю	3
устройство	3
лето	3
уме	3
хан	3
поисках	3
отчет	3
встретить	3
закончила	3
отойдите	3
ћы	3
хелен	3
вскоре	3
дочерью	3
ответь	3
враг	3
ищут	3
исследования	3
оказались	3
пола	3
сцену	3
умерли	3
используют	3
отдам	3
наблюдать	3
мсье	3
закончим	3
силой	3
пытаясь	3
подружка	3
справишься	3
ждали	3
бесплатно	3
поиски	3
попрошу	3
форму	3
открывай	3
живым	3
неожиданно	3
своя	3
бывают	3
появились	3
мистеру	3
собственный	3
писал	3
пожар	3
обнаружил	3
следов	3
продал	3
командир	3
планеты	3
представление	3
говорится	3
важный	3
ќет	3
псих	3
тим	3
бо	3
борту	3
свидетелей	3
полном	3
выглядят	3
уильям	3
контакт	3
ранен	3
смотрели	3
позвоните	3
хрен	3
снимать	3
субтитры	3
стэн	3
ходят	3
жарко	3
цена	3
терри	3
хмм	3
сети	3
животное	3
искала	3
плачу	3
постарайся	3
д	3
бутылку	3
пенни	3
надоело	3
объясню	3
футбол	3
похороны	3
управления	3
тупой	3
агента	3
приходят	3
второго	3
останься	3
пальцев	3
э-э	3
упала	3
обмен	3
миром	3
продолжим	3
безусловно	3
торт	3
уйди	3
выхода	3
блять	3
поработать	3
взрыв	3
отвратительно	3
волнуюсь	3
клуба	3
участие	3
счастья	3
получим	3
квартиры	3
папы	3
красавица	3
участвовать	3
америки	3
вырос	3
недалеко	3
добавить	3
отправили	3
дэниел	3
тетя	3
платят	3
элисон	3
пьян	3
общаться	3
сбежала	3
кайл	3
удобно	3
коп	3
дл	3
лицу	3
вспомнил	3
рождества	3
фу	3
ходила	3
принято	3
наблюдения	3
голоден	3
подозреваемый	3
джексон	3
выбрала	3
группе	3
смотрела	3
дождаться	3
направо	3
столом	3
нога	3
дорогуша	3
сыну	3
куплю	3
просит	3
каждому	3
занятия	3
выбирать	3
папе	3
нападение	3
англии	3
вернёмся	3
произойти	3
хранить	3
чаще	3
тратить	3
возраста	3
восторге	3
обязаны	3
некуда	3
объясняет	3
молоко	3
служба	3
корабле	3
напал	3
сыграть	3
помогли	3
из-под	3
степени	3
лечение	3
остаётся	3
продолжить	3
париже	3
чем-нибудь	3
осторожен	3
настоящим	3
закона	3
границы	3
кэролайн	3
кому-нибудь	3
радость	3
беспокоюсь	3
луис	3
глупости	3
превосходно	3
заставила	3
благодарен	3
собак	3
уберите	3
хорошенько	3
выбрали	3
приняла	3
входите	3
последнего	3
пойдемте	3
преступник	3
устраивает	3
теле	3
самую	3
женаты	3
пирог	3
бросай	3
карта	3
постойте	3
лорд	3
джеки	3
расстались	3
носит	3
плана	3
верни	3
сок	3
установить	3
пациентов	3
родителями	3
книге	3
мари	3
надежды	3
модель	3
общества	3
следующее	3
мусор	3
сплю	3
единственным	3
эд	3
доказательство	3
беспокойтесь	3
ходили	3
держитесь	3
уходишь	3
нанял	3
большее	3
мак	3
напали	3
призрак	3
связан	3
свадьбе	3
вот-вот	3
уверяю	3
последним	3
посмотрел	3
далее	3
цену	3
заказ	3
патрик	3
маленькую	3
играли	3
определить	3
повторяю	3
продавать	3
точка	3
дружок	3
процентов	3
пишет	3
джефф	3
родителям	3
оставайтесь	3
газеты	3
дар	3
новостей	3
приступ	3
словам	3
ворота	3
штат	3
здании	3
число	3
автомобиль	3
ти	3
сердцем	3
принимаю	3
секунды	3
папу	3
понравился	3
разговаривали	3
дыхание	3
помнить	3
замечательный	3
возьмем	3
пример	3
пользоваться	3
проверьте	3
борт	3
кое-какие	3
ужасная	3
принёс	3
роза	3
смотрят	3
идёшь	3
оставим	3
причиной	3
штуки	3
звонили	3
сними	3
настроение	3
положении	3
судить	3
ею	3
водитель	3
собрание	3
угол	3
названием	3
привел	3
отстань	3
предпочитаю	3
странные	3
подарки	3
звезды	3
концерт	3
отвечай	3
разговоры	3
убирайтесь	3
кан	3
четверг	3
камер	3
защиту	3
доставить	3
задача	3
шею	3
прислал	3
живы	3
острове	3
сумасшедшая	3
фургон	3
арестовать	3
ложись	3
солнца	3
счастливого	3
хорошую	3
силах	3
одиночестве	3
контроля	3
каков	3
трёх	3
нравлюсь	3
шансов	3
верну	3
магазина	3
увидеться	3
поля	3
маленьким	3
пары	3
сан	3
лучшей	3
живот	3
туфли	3
роуз	3
образ	3
вирус	3
дьявол	3
талант	3
наказание	3
владелец	3
видим	3
отличное	3
пугает	3
погибли	3
даёт	3
творится	3
договор	3
очереди	3
безопасность	3
сознание	3
сошел	3
самоубийство	3
свободны	3
увидим	3
причину	3
способности	3
пытаться	3
заплачу	3
вины	3
века	3
миллионы	3
кричать	3
системе	3
высочество	3
президентом	3
женился	3
события	3
доверие	3
роджер	3
зомби	3
следовать	3
обеда	3
джесс	3
сделаете	3
относится	3
ребёнком	3
стиле	3
виновен	3
изо	3
джулия	3
скрывать	3
фамилия	3
прекрасна	3
банка	3
фотографию	3
правил	3
успел	3
дверью	3
пальто	3
ответа	3
эпизод	3
тридцать	3
выглядел	3
делами	3
защита	3
сделают	3
счастливым	3
лестнице	3
оставлять	3
воде	3
провожу	3
повод	3
спросите	3
послать	3
столик	3
найдет	3
полгода	3
летом	3
месяце	3
вера	3
началась	3
ми	3
ошибся	3
хлеб	3
пари	3
чжин	3
устроил	3
шанса	3
программа	3
я-то	3
должность	3
выглядите	3
танец	3
подняться	3
завести	3
духе	3
пули	3
расстроен	3
ждем	3
лондоне	3
появляется	3
приятного	3
ел	3
исключением	3
расти	3
пациента	3
покупать	3
глупая	3
положил	3
захотите	3
дорого	3
прокурор	3
раны	3
народа	3
ребекка	3
исчезла	3
подумайте	3
опасность	3
почувствовал	3
злишься	3
нехорошо	3
роде	3
нуждается	3
младший	3
дадим	3
сестре	3
пропустить	3
спрашиваешь	3
стреляй	3
событий	3
редко	3
базе	3
свободе	3
скорую	3
пуля	3
минуточку	3
освободить	3
приглашение	3
слушаешь	3
выйдешь	3
кэрол	3
точку	3
журнал	3
ќу	3
наркотиков	3
вход	3
теория	3
глупый	3
тома	3
умираю	3
стрелял	3
навестить	3
безопасно	3
настоящего	3
прибыл	3
этаж	3
уволили	3
е	3
службу	3
самолёт	3
услугу	3
определённо	3
забуду	3
молчать	3
шутки	3
подожду	3
оливия	3
проверим	3
картину	3
пей	3
пост	3
рой	3
смех	3
ногами	3
поддерживать	3
бить	3
вел	3
полицейские	3
членов	3
страха	3
оскар	3
покажите	3
разрушить	3
заметить	3
лоис	3
what	3
обещание	3
поддержки	3
начале	3
следи	3
разговора	3
собственную	3
странным	3
кусочек	3
одежды	3
держал	3
будучи	3
позволит	3
приготовить	3
понравилась	3
лгать	3
обсудим	3
суп	3
обоим	3
встречалась	3
общество	3
тысячу	3
пойдёшь	3
умрёт	3
боялась	3
маргарет	3
принимает	3
воздуха	3
победа	3
маленьких	3
старого	3
район	3
подряд	3
поедешь	3
спрошу	3
неа	3
приём	3
неделя	3
снял	3
успех	3
возможное	3
собственного	3
личности	3
находятся	3
чья	3
перестал	3
дыши	3
подойти	3
годами	3
целая	3
your	3
территории	3
уроки	3
любили	3
машин	3
хватило	3
сцене	3
углу	3
странная	3
друзьям	3
смит	3
кармане	3
сьюзан	3
спасла	3
смеяться	3
эрика	3
попробуйте	3
милорд	3
станут	3
какую-то	3
эйприл	3
сценарий	3
доволен	3
фактически	3
сути	3
директора	3
майка	3
съел	3
пулю	3
газ	3
маленького	3
хо	3
безумно	3
слева	3
деньгах	3
надеялась	3
принесли	3
звать	3
высоко	3
сеть	3
изменится	3
эшли	3
вторник	3
вынужден	3
едешь	3
заднице	3
ем	3
тени	3
задницы	3
позволяет	3
зак	3
показывает	3
поцеловать	3
прошлым	3
закончу	3
точнее	3
солдаты	3
настоящей	3
заработать	3
this	3
береги	3
расследования	3
фред	3
большего	3
отличие	3
веди	3
действует	3
замолчи	3
речи	3
играют	3
возражаете	3
этаже	3
хватало	3
фрэнки	3
вреда	3
делам	3
средства	3
представляете	3
поспать	3
зеркало	3
тедди	3
расстроена	3
for	3
верил	3
re	3
читала	3
почувствовать	3
свободы	3
нравиться	3
поверил	3
толку	3
бюро	3
проснулся	3
отеля	3
фотография	3
следующая	3
образец	3
правительства	3
области	3
последствия	3
услышала	3
меняет	3
десяти	3
бомбу	3
позволите	3
навредить	3
поступила	3
шевелись	3
поближе	3
долгое	3
половиной	3
правды	3
пакет	3
пойми	3
движения	3
какого-то	3
переговоры	3
программы	3
подвале	3
поступать	3
офиса	3
победил	3
задница	3
армию	3
лиз	3
грант	3
умная	3
небольшое	3
урод	3
захочу	3
кэрри	3
классный	3
справедливо	3
дне	3
новом	3
фильмы	3
ибо	3
стоишь	3
щрн	3
чжу	3
передайте	3
просили	3
сильная	3
поддержку	3
проблемой	3
концу	3
протяжении	3
больна	3
джули	3
подать	3
слышно	3
стиль	3
обращаться	3
согласилась	3
следующие	3
искусство	3
аварии	3
отличные	3
копов	3
счастливо	3
отвезу	3
карьеру	3
дура	3
се	3
старых	3
машиной	3
пригласили	3
остановите	3
рассказывала	3
занимаетесь	3
юн	3
улик	3
интернете	3
ужасные	3
слушает	3
вдвоем	3
продолжает	3
лжи	3
живем	3
правилам	3
хуй	3
больших	3
признание	3
делах	3
маркус	3
попрощаться	3
отправился	3
вызвал	3
предстоит	3
лесли	3
обещала	3
переехать	3
звонков	3
прекрасное	3
остановились	3
сделки	3
опусти	3
статью	3
уровне	3
полную	3
забывай	3
служить	3
поблизости	3
жертвой	3
танцы	3
университет	3
заставили	3
научился	3
что-либо	3
сошла	3
скрыть	3
приходите	3
рай	3
давал	3
врачи	3
угроза	3
горе	3
невеста	3
лодку	3
ээ	3
заранее	3
ум	3
пью	3
становятся	3
белого	3
учителя	3
печально	3
кое-кого	3
сенатор	3
красавчик	3
идею	3
мадемуазель	3
подтвердить	3
скажут	3
самим	3
изменил	3
прошёл	3
видят	3
яд	3
отследить	3
напарник	3
детства	3
н	3
пойму	3
факты	3
заканчивается	3
начинают	3
родилась	3
выпил	3
период	3
ресторане	3
купили	3
ведешь	3
уважения	3
подарил	3
левой	3
проверили	3
л	3
существо	3
любопытно	3
вашингтон	3
почту	3
любые	3
чудовище	3
непросто	3
замечательная	3
выпей	3
помнит	3
тайлер	3
смотря	3
alphahff	3
построить	3
пережить	3
направлении	3
ненавидишь	3
меры	3
вред	3
тема	3
зашел	3
интерес	3
красота	3
справа	3
кожа	3
способны	3
барни	3
настроении	3
назвали	3
брюс	3
убийств	3
главным	3
придешь	3
начнется	3
подписать	3
приходилось	3
майкла	3
менеджер	3
oн	3
подруги	3
елена	3
лучшему	3
сломал	3
веду	3
остановился	3
жопу	3
округе	3
tы	3
сознания	3
ножом	3
встречается	3
главная	3
товар	3
уровня	3
кожи	3
приеду	3
сегодняшнего	3
пил	3
выражение	3
летать	3
научил	3
сижу	3
рэйчел	3
такова	3
получать	3
джека	3
тошнит	3
обсуждали	3
фредди	3
бывшая	3
аэропорт	3
позиции	3
лорен	3
повторять	3
прочитать	3
бонни	3
проваливай	3
найдете	3
результате	3
считается	3
вправду	3
станем	3
белые	3
прикрытием	3
рыба	3
форма	3
записку	3
поделиться	3
сью	3
ааа	3
относительно	3
остановитесь	3
имели	3
остальным	3
расслабиться	3
учился	3
винить	3
женщинами	3
ведут	3
соседи	3
мешок	3
засранец	3
восстановить	3
сеньор	3
городу	3
лабораторию	3
дай-ка	3
сволочь	3
спасли	3
классная	3
помогут	3
лошади	3
приму	3
наркотиками	3
охраны	3
прокурора	3
банке	3
подойдет	3
издеваешься	3
выходите	3
парнями	3
останови	3
пораньше	3
помогал	3
че	3
фигня	3
представьте	3
умирают	3
лу	3
забрала	3
убьёт	3
америку	3
гость	3
монстр	3
линда	3
мин	3
изменилась	3
помешает	3
сосед	3
попытался	3
острова	3
громко	3
сад	3
правильный	3
судьбу	3
добры	3
отомстить	3
адвокатом	3
народу	3
менять	3
занималась	3
наиболее	3
расскажет	3
бум	3
проснись	3
нахуй	3
счастливый	3
вернутся	3
интересное	3
каждые	3
стакан	3
важная	3
уйдет	3
хлоя	3
чёрный	3
масло	3
русские	3
врагов	3
коробку	3
линию	3
существуют	3
взрыва	3
министр	3
обратиться	3
отменить	3
скорости	3
сложнее	3
жалко	3
передо	3
лукас	3
нету	3
миссия	3
винсент	3
шла	3
спенсер	3
аманда	3
размер	3
окажется	3
падает	3
джоуи	3
сообщили	3
шел	3
ограбление	3
лежать	3
поймешь	3
прелесть	3
больной	3
проиграл	3
повторить	3
изменения	3
привезли	3
личные	3
поехала	3
справимся	3
испортил	3
бет	3
нечестно	3
закончилась	3
свидетеля	3
санта	3
вашими	3
картины	3
зол	3
курить	3
поездка	3
хожу	3
отсутствие	3
доброго	3
убивают	3
спрашивает	3
нa	3
узнаете	3
проверка	3
боятся	3
чан	3
плане	3
гордон	3
бетти	3
купер	3
шести	3
огня	3
мотив	3
поговорил	3
занимаются	3
полицейского	3
назвала	3
реки	3
чжон	3
брату	3
сумму	3
пишу	3
мальчиков	3
ставки	3
материал	3
лодке	3
вали	3
желает	3
прочим	3
перестаньте	3
привела	3
напомнить	3
учить	3
местечко	3
застрял	3
трогать	3
рид	3
луи	3
бросили	3
творишь	3
север	3
показаться	3
заполучить	3
вероятность	3
рикки	3
ведьма	3
нэнси	3
вор	3
высокий	3
ест	3
метро	3
героем	3
передам	3
братьев	3
пацан	3
встречаюсь	3
открою	3
взамен	3
встречаемся	3
кот	3
по-вашему	3
лора	3
последних	3
способна	3
члены	3
угрозу	3
совершить	3
by	3
америка	3
следующего	3
рыбу	3
джессика	3
пешком	3
известный	3
службе	3
мужу	3
выжил	3
кем-нибудь	3
ответила	3
пригласила	3
разок	3
действий	3
реальность	3
чей	3
вторую	3
вес	3
дорогие	3
ошибаешься	3
сиди	3
камере	3
разницы	3
пляже	3
послание	3
хи	3
казино	3
езжай	3
благодарения	3
нравился	3
джоан	3
первых	3
итан	3
подобные	3
мешать	3
уезжаю	3
дерек	3
ночам	3
мечтал	3
мороженое	3
туалете	3
стою	3
миллер	3
побыстрее	3
автор	3
запомни	3
рон	3
нарушение	3
свинья	3
партнер	3
хён	3
встречал	3
обязана	3
разговариваю	3
уехали	3
происходило	3
бедная	3
тётя	3
мальчиком	3
базу	3
добра	3
отдала	3
луна	3
соглашение	3
способом	3
встал	3
was	3
губы	3
канал	3
изменит	3
шутите	3
закрыто	3
сдать	3
огромная	3
подними	3
поможете	3
ездить	3
научить	3
печенье	3
колледжа	3
брал	3
саду	3
гэри	3
во-вторых	3
поддержать	3
мнению	3
джонсон	3
тейлор	3
заменить	3
какова	3
поспорить	3
обычная	3
входит	3
сыр	3
согласиться	3
участке	3
случая	3
успеха	3
взрослый	3
бесполезно	3
одри	3
стреляли	3
троих	3
девочкой	3
лидер	3
гиббс	3
осторожней	3
угадай	3
помогло	3
сидишь	3
бомбы	3
забери	3
беспокойство	3
отряд	3
ожидала	3
умрешь	3
ведёт	3
получаю	3
позволила	3
скорой	3
снег	3
звонка	3
снимай	3
энергию	3
времен	3
животные	3
ева	3
рассказали	3
отправила	3
телом	3
стоить	3
развод	3
предполагаю	3
хороши	3
чёрту	3
лив	3
арест	3
искренне	3
играем	3
кристина	3
вещами	3
пусти	3
использовала	3
возвращайтесь	3
организации	3
крышу	3
рубашку	3
удержать	3
конкретно	3
аду	3
километров	3
залог	3
бей	3
обстоятельства	3
являются	3
with	3
брака	3
выходных	3
крошка	3
врага	3
воздухе	3
показывают	3
возвращаюсь	3
поиск	3
пытаетесь	3
приближается	3
ботинки	3
полицейских	3
шоссе	3
похитили	3
рассказывай	3
искусства	3
состоит	3
выступление	3
личный	3
бизнеса	3
спорить	3
считаем	3
джастин	3
священник	3
хвост	3
деревне	3
меняется	3
украла	3
ждешь	3
снимки	3
начинаешь	3
признаю	3
специальный	3
берегу	3
дадут	3
присаживайтесь	3
сиськи	3
касл	3
сообщил	3
кит	3
злой	3
перейти	3
визит	3
победу	3
привлечь	3
натворил	3
борьбе	3
важна	3
уважение	3
судьбы	3
all	3
задавать	3
свобода	3
болтать	3
интернет	3
микки	3
нина	3
одиноко	3
музыки	3
включить	3
рейс	3
осторожны	3
сорок	3
говард	3
заднем	3
попозже	3
любая	3
потратил	3
комиссар	3
джордан	3
свободна	3
местом	3
be	3
арестованы	3
спальне	3
натали	3
подери	3
правой	3
трус	3
понимал	3
шли	3
дед	3
убежище	3
убежать	3
чая	3
браун	3
какими	3
радости	3
позор	3
вызову	3
придти	3
молодая	3
характер	3
продолжается	3
лошадей	3
температура	3
кухню	3
жестоко	3
впечатляет	3
агенты	3
подругой	3
зои	3
попросили	3
горит	3
предположить	3
тодд	3
херня	3
художник	3
тревога	3
старался	3
номере	3
стрит	3
приходила	3
нести	3
плачет	3
угадаю	3
опасен	3
ищете	3
путем	3
сторона	3
ждите	3
причинить	3
проходи	3
красивое	3
стюарт	3
приказы	3
жутко	3
мост	3
плану	3
уволить	3
запрещено	3
тост	3
пэм	3
неизвестно	3
спине	3
испугался	3
рэнди	3
нет-нет-нет	3
идиоты	3
подпись	3
набор	3
энтони	3
удивлен	3
каком-то	3
штатов	3
убийцей	3
влюблен	3
камни	3
враги	3
партии	3
стола	3
принесите	3
обувь	3
подходящее	3
границу	3
подумаю	3
объект	3
братан	3
сэмми	3
кенни	3
правдой	3
кровотечение	3
берет	3
разговаривает	3
луиза	3
порой	3
неудобно	3
понимают	3
входи	3
реакция	3
самостоятельно	3
чувств	3
картина	3
автобусе	3
большей	3
так-то	3
заказать	3
сел	3
приказал	3
вопросом	3
удача	3
сэма	3
влюбился	3
ногах	3
охрану	3
поживаете	3
беда	3
поторопись	3
отце	3
притворяться	3
возвращения	3
тень	3
советую	3
недолго	3
верится	3
зашла	3
попался	3
слышит	3
справится	3
важные	3
возвращением	3
предложения	3
планету	3
серии	3
николь	3
выходной	3
кресло	3
поездки	3
нормальный	3
долю	3
тина	3
эдвард	3
умнее	3
магия	3
двигатель	3
звоните	3
вечность	3
привык	3
невиновен	3
рори	3
кузен	3
отношению	3
начнут	3
потише	3
винс	3
парочку	3
останемся	3
звуки	3
мешает	3
глупость	3
собственность	3
карлос	3
таков	3
потери	3
понимаем	3
лиам	3
оборудование	3
заказал	3
маленькое	3
книг	3
гнев	3
смеется	3
помимо	3
слушал	3
поверишь	3
парочка	3
приведет	3
р	3
бут	3
главного	3
желаете	3
красивой	3
платит	3
офицера	3
чаю	3
белье	3
сосредоточиться	3
берегись	3
пустой	3
мудак	3
кристин	3
отделение	3
университете	3
милые	3
вернул	3
четверо	3
тепло	3
прямой	3
глубже	3
линдси	3
эффект	3
пульс	3
трудом	3
пускай	3
пятьдесят	3
ночной	3
грубо	3
опухоль	3
четырех	3
паркер	3
выполнять	3
проводит	3
линия	3
обид	3
кончится	3
оуэн	3
берите	3
кричит	3
темноте	3
устроим	3
спасать	3
майами	3
пиццу	3
беспокоить	3
покой	3
малыша	3
сходи	3
марко	3
босса	3
грей	3
занимаемся	3
солнышко	3
леонард	3
бегать	3
дневник	3
моменты	3
испортить	3
неприятно	3
домик	3
мэй	3
стекло	3
прими	3
влюблена	3
ян	3
ужина	3
объяснение	3
эээ	3
мю	3
допустить	3
крыше	3
тхэ	3
ожидать	3
детектива	3
провёл	3
крик	3
называли	3
играла	3
выразить	3
успокоиться	3
джорджа	3
надежду	3
всяких	3
использую	3
сильным	3
градусов	3
морской	3
марш	3
починить	3
уилсон	3
замке	3
крепко	3
послали	3
заплатили	3
спокойствие	3
скучал	3
согласились	3
такому	3
собственные	3
событие	3
дама	3
используй	3
дженна	3
извиняться	3
предал	3
нанять	3
соль	3
сидела	3
би	3
теории	3
стул	3
месть	3
so	3
ошибкой	3
терпение	3
давай-ка	3
целых	3
вида	3
обязанности	3
поздравления	3
выхожу	3
днях	3
сна	3
выясним	3
приятный	3
медсестра	3
капли	3
здоров	3
карла	3
прекрасные	3
по-английски	3
отделе	3
чёртов	3
дочка	3
небе	3
шее	3
диана	3
исчезнуть	3
барт	3
райли	3
остаток	3
птица	3
встань	3
клетки	3
чжун	3
лиззи	3
ставить	3
программе	3
новостях	3
пропали	3
разговаривала	3
разговоров	3
выиграли	3
ноль	3
плачь	3
эмоции	3
пространство	3
увидят	3
заодно	3
возражаешь	3
сменить	3
выполнить	3
используя	3
считай	3
ударить	3
вывести	3
пальцем	3
хейли	3
я-я	3
веру	3
эх	3
законы	3
сомнений	3
клиенты	3
усилия	3
посадить	3
сотрудников	3
позвать	3
врачу	3
очень-то	3
ходишь	3
трейси	3
горячая	3
know	3
природы	3
эдриан	3
утверждает	3
почувствовала	3
показывать	3
английский	3
исследование	3
знай	3
золотой	3
костюме	3
чо	3
благодарна	3
сойти	3
тщательно	3
просим	3
идеальный	3
полезно	3
умно	3
студии	3
погода	3
км	3
поставь	3
командой	3
средств	3
объяснять	3
тв	3
диване	3
жених	3
кнопку	3
ванну	3
председатель	3
обстоятельствах	3
пойдут	3
следующим	3
рим	3
нетерпением	3
телефоне	3
изнутри	3
воняет	3
минутка	3
позволишь	3
юг	3
страсть	3
нью	3
взрослые	3
течении	3
задумал	3
настоящую	3
моника	3
трусы	3
следил	3
иск	3
предыдущих	3
опаздываю	3
присядь	3
джеймса	3
передал	3
покинул	3
втором	3
эфире	3
разрешите	3
питера	3
наоми	3
списка	3
рассчитывать	3
коем	3
эксперт	3
произойдёт	3
дэйв	3
личной	3
центра	3
can	3
ставлю	3
прочитал	3
рынок	3
принца	3
лагере	3
вызвали	3
позицию	3
семьёй	3
агентов	3
реальности	3
поворот	3
отказалась	3
дышит	3
бегите	3
личного	3
расходы	3
игрок	3
лодка	3
меган	3
театр	3
полон	3
предупреждение	3
бывшей	3
опыта	3
океан	3
сердцу	3
смириться	3
знакомо	3
судно	3
блэр	3
приговор	3
do	3
уважаю	3
секретарь	3
единственной	3
условиях	3
языке	3
робби	3
открыто	3
заставило	3
молодых	3
паспорт	3
экзамен	3
гордиться	3
шампанское	3
движется	3
раскрыть	3
фирмы	3
ошибок	3
используем	3
возраст	3
жен	3
меню	3
чести	3
американцы	3
пострадал	3
несправедливо	3
найдется	3
белых	3
грег	3
южной	3
болван	3
лемон	3
тишина	3
филипп	3
пределами	3
надень	3
заслуживаешь	3
бедняжка	3
напишу	3
доверяешь	3
тюрьма	3
угрозы	3
пробовал	3
никки	3
коул	3
небеса	3
справился	3
даг	3
трюк	3
приносит	3
войска	3
страдать	3
плохих	3
поговорили	3
вела	3
вошел	3
бабушки	3
oh	3
бассейн	3
шарлотта	3
don	3
конечном	3
руль	3
венди	3
стефан	3
проснулась	3
всякие	3
приготовила	3
водить	3
денни	3
удивлена	4
планета	4
насилия	4
бегом	4
марка	4
бросьте	4
груз	4
показали	4
сняли	4
записать	4
смс	4
эл	4
диск	4
местные	4
помогаю	4
силе	4
not	4
прятаться	4
сегодняшний	4
глянь	4
предлагаешь	4
присутствие	4
всє	4
членом	4
худшее	4
грязные	4
ын	4
редактор	4
советник	4
полицией	4
временно	4
начнет	4
have	4
салат	4
ненавидеть	4
называешь	4
пойдёмте	4
пропустила	4
старую	4
наполовину	4
летит	4
строить	4
подробности	4
кей	4
ричи	4
беде	4
крики	4
духа	4
захотела	4
миледи	4
делается	4
числа	4
помешать	4
переехал	4
молчание	4
длинный	4
горячий	4
закону	4
феликс	4
воли	4
долгий	4
ищите	4
пушку	4
сравнению	4
рынке	4
подозреваемого	4
напугал	4
чемодан	4
американский	4
нападения	4
захватить	4
спасение	4
спрашивала	4
жизней	4
купи	4
борьбы	4
начиная	4
пароль	4
шкафу	4
многим	4
военные	4
германии	4
выросла	4
судьи	4
исчезли	4
гас	4
грех	4
обычные	4
выглядела	4
уходят	4
сны	4
спятил	4
арестован	4
ухо	4
блюдо	4
симпатичный	4
молока	4
дьявола	4
разберемся	4
нахожу	4
сдаться	4
лори	4
привели	4
тяжелый	4
грязи	4
важен	4
насилие	4
повесить	4
спасения	4
университета	4
обещали	4
подобных	4
граф	4
поступок	4
способность	4
поднимайся	4
молод	4
чересчур	4
потеря	4
футов	4
уезжать	4
обеих	4
сдал	4
женщинам	4
мяса	4
боги	4
хей	4
смеешь	4
удара	4
процессе	4
красная	4
досье	4
предупреждаю	4
пройдёт	4
велел	4
сотрудничать	4
достану	4
моря	4
ублюдки	4
битва	4
сигареты	4
читаю	4
нужды	4
темно	4
дрю	4
переведено	4
версия	4
идемте	4
объявление	4
поймет	4
кольца	4
дворец	4
преступников	4
тайна	4
стреляйте	4
гомер	4
джонатан	4
поезда	4
причинам	4
поднимите	4
тайны	4
познакомился	4
вытащил	4
заставит	4
прислали	4
боя	4
сердечный	4
игр	4
опоздала	4
присяжных	4
наделал	4
северной	4
нервы	4
позволили	4
поживаешь	4
бывало	4
файлы	4
первыми	4
слабость	4
чудесный	4
мировой	4
возвращение	4
поставили	4
называет	4
просьба	4
собрал	4
установили	4
особенный	4
подозреваемых	4
хранилище	4
формы	4
преследовать	4
средство	4
синий	4
полтора	4
попытки	4
старым	4
спуститься	4
мгновение	4
джина	4
выстрелил	4
допрос	4
примеру	4
повторится	4
телефоны	4
японии	4
голубой	4
идей	4
мальчишка	4
всяком	4
алкоголь	4
удовольствия	4
устроили	4
наручники	4
коннор	4
подкрепление	4
приз	4
клаус	4
рана	4
убита	4
признался	4
уеду	4
боитесь	4
политика	4
показала	4
восхитительно	4
числе	4
технически	4
уладить	4
прогуляться	4
бал	4
джен	4
получаешь	4
йо	4
вставать	4
отправлю	4
отдыха	4
пункт	4
выступать	4
убраться	4
дэвис	4
but	4
брошу	4
описать	4
поможем	4
холли	4
третьего	4
спали	4
эйвери	4
повидаться	4
влияние	4
доказывает	4
победы	4
мнения	4
среду	4
присесть	4
прекрасной	4
родной	4
эли	4
очков	4
альбом	4
белая	4
парой	4
случаях	4
ка	4
очередной	4
приготовил	4
обеспечить	4
произошла	4
ловушка	4
написали	4
третья	4
корабли	4
победитель	4
мэра	4
грязь	4
грязный	4
рабочий	4
неприятностей	4
лана	4
александр	4
принимал	4
особенное	4
поезде	4
коллега	4
здрасьте	4
военный	4
солгал	4
слову	4
варианты	4
мэтью	4
спрятать	4
позвонит	4
минута	4
вмешиваться	4
предложили	4
агентом	4
верят	4
браке	4
барбара	4
символ	4
забудем	4
точности	4
ада	4
главной	4
единого	4
лечения	4
намерен	4
just	4
монро	4
возвращаемся	4
ненавидят	4
уйдешь	4
угрожал	4
осмотреть	4
признаков	4
какую-нибудь	4
поужинать	4
назови	4
деревья	4
создание	4
правый	4
отвести	4
отныне	4
середине	4
возьмём	4
блага	4
королевы	4
ответьте	4
ронни	4
чтож	4
воле	4
центов	4
мести	4
кира	4
совести	4
мередит	4
пуаро	4
сильные	4
успеть	4
носом	4
разбил	4
газете	4
деревню	4
дженнифер	4
рики	4
эллиот	4
кампании	4
лжец	4
поженились	4
приветствую	4
деревни	4
зайду	4
си	4
человеке	4
трогайте	4
врата	4
сходим	4
нервничаю	4
объясни	4
принимаешь	4
идеей	4
случаев	4
спи	4
встречаешься	4
положите	4
хорошем	4
сексуально	4
считала	4
существа	4
следующую	4
называй	4
жителей	4
часами	4
ответственности	4
порно	4
готовит	4
кэт	4
полночь	4
служил	4
дрянь	4
выйдем	4
двор	4
указывает	4
руби	4
мобильный	4
дадите	4
красотка	4
убираться	4
цифры	4
большом	4
ношу	4
разговариваешь	4
безопасное	4
дa	4
привез	4
вернёшься	4
уважением	4
отдайте	4
документов	4
ам	4
выиграла	4
застрелил	4
старина	4
сити	4
размера	4
собирать	4
гм	4
бросать	4
галстук	4
зашли	4
сли	4
компанией	4
скорая	4
кинг	4
молчи	4
жители	4
решит	4
коллеги	4
едят	4
одежде	4
верь	4
кладбище	4
собственно	4
целое	4
аэропорту	4
плавать	4
действие	4
дерева	4
старика	4
подходи	4
калифорнии	4
грехи	4
услуги	4
чемпион	4
покажет	4
иван	4
улицах	4
ошибаюсь	4
вынести	4
альберт	4
допустим	4
сторон	4
добрые	4
бывшего	4
бизнесе	4
переехала	4
повреждения	4
найдёшь	4
незаконно	4
тупая	4
сидели	4
виктория	4
таки	4
занятие	4
глядя	4
примет	4
выглядело	4
спок	4
доступа	4
бою	4
расстоянии	4
улица	4
соврал	4
держишь	4
языком	4
упоминал	4
мертвых	4
сид	4
кошка	4
майя	4
создали	4
организовать	4
преимущество	4
забирай	4
россии	4
гарольд	4
губернатор	4
добр	4
лезь	4
дерьмом	4
держат	4
снимок	4
сцены	4
режиссер	4
образование	4
просишь	4
больница	4
не-а	4
превратить	4
писатель	4
ели	4
птицы	4
чистый	4
собралась	4
дяди	4
толпа	4
сэндвич	4
связался	4
подписал	4
награду	4
необязательно	4
перестала	4
миссии	4
открыта	4
чрезвычайно	4
склад	4
грин	4
прощайте	4
читаешь	4
ловушку	4
скучала	4
невесты	4
спрятаться	4
заклинание	4
роз	4
национальной	4
сладкий	4
дно	4
оператор	4
учил	4
глупостей	4
смена	4
общий	4
войдите	4
живёшь	4
рост	4
идете	4
льюис	4
рецепт	4
дилан	4
остальными	4
выключи	4
нелепо	4
погибла	4
человечества	4
бокал	4
господина	4
евро	4
ребенку	4
максимум	4
спрашивай	4
погоди-ка	4
местный	4
случалось	4
катастрофа	4
целом	4
чистая	4
fscy100	4
кожу	4
рози	4
игрушки	4
алисия	4
ланч	4
зуб	4
элейн	4
детях	4
собственное	4
неплохая	4
клара	4
банки	4
измениться	4
аллергия	4
норман	4
свидетели	4
очнись	4
двойной	4
сообщу	4
стар	4
ездил	4
поменять	4
огромные	4
путешествия	4
шляпу	4
поездку	4
залезай	4
плохим	4
неудачник	4
шоколад	4
рут	4
эрл	4
джеффри	4
тварь	4
предатель	4
наличными	4
иисусе	4
словом	4
дю	4
шампанского	4
мер	4
свидетелем	4
сутки	4
начался	4
стояла	4
старое	4
сведения	4
демон	4
понадобятся	4
пирс	4
гулять	4
отдых	4
фантастика	4
чон	4
подарить	4
услышали	4
разделить	4
пушки	4
ехал	4
кaк	4
группой	4
причем	4
заставляй	4
мэтти	4
поддержка	4
бара	4
ц	4
леса	4
союз	4
надпись	4
углом	4
почему-то	4
бумажник	4
попало	4
нравилась	4
волосами	4
веселье	4
местных	4
городской	4
месту	4
лечь	4
донни	4
страдания	4
карьера	4
настало	4
поскорее	4
коробке	4
милой	4
юмора	4
кризис	4
присяжные	4
черная	4
гордость	4
повезет	4
едой	4
ручку	4
проклятие	4
проводил	4
независимо	4
позвал	4
коктейль	4
отчёт	4
территорию	4
похитил	4
сигнала	4
хер	4
едут	4
придумала	4
шелдон	4
представлял	4
видеться	4
энергия	4
могилу	4
особый	4
непременно	4
обучение	4
наслаждайся	4
технологии	4
медведь	4
пистолета	4
тайне	4
европе	4
замешан	4
сумка	4
называю	4
заботится	4
обмануть	4
дошло	4
добрался	4
облажался	4
получают	4
шерифа	4
шуток	4
рака	4
чьи	4
заболел	4
уснуть	4
предложила	4
называл	4
неплохой	4
убиты	4
пытайся	4
злиться	4
наука	4
отношении	4
военных	4
тесты	4
ожидания	4
глубине	4
начинайте	4
коробки	4
соседей	4
благодарность	4
передумал	4
кругом	4
заслужила	4
достичь	4
серьезные	4
шоке	4
оставляет	4
иисуса	4
мечтала	4
пустая	4
шейн	4
убийством	4
бил	4
окончена	4
справедливости	4
присматривать	4
предмет	4
изменились	4
злюсь	4
повернись	4
потрясающий	4
самолете	4
свидании	4
основания	4
банды	4
влюбилась	4
округа	4
отставку	4
электричество	4
вызовите	4
предотвратить	4
fscx100	4
ущерб	4
джентльмен	4
пожениться	4
ошиблись	4
остаюсь	4
зоне	4
расписание	4
выпустить	4
запад	4
яйцо	4
ин	4
фиби	4
отвечаю	4
белом	4
лекс	4
русский	4
реке	4
связана	4
пляж	4
профессора	4
отрицать	4
считали	4
ужином	4
вдоль	4
изменила	4
сейф	4
продюсер	4
убежал	4
здоровья	4
обещай	4
тайну	4
дурака	4
ћне	4
некоторым	4
уважать	4
давным-давно	4
двигайтесь	4
оправдание	4
фонд	4
занятий	4
обнаружила	4
are	4
поймают	4
закончился	4
объясните	4
напуган	4
врачом	4
ценой	4
потеряю	4
модели	4
семи	4
маршалл	4
бабуля	4
зови	4
янг	4
целиком	4
угрозой	4
кормить	4
выборы	4
ящике	4
общее	4
сайт	4
соус	4
опоздали	4
плечо	4
подругу	4
перенести	4
планировал	4
ненавидел	4
цветок	4
моложе	4
кара	4
прожить	4
травмы	4
координаты	4
окончательно	4
вздыхает	4
образцы	4
входа	4
благодарить	4
свободно	4
убийц	4
договориться	4
покажем	4
фрэнка	4
чувствах	4
предоставить	4
лучшем	4
симптомы	4
мужчине	4
ходи	4
подготовить	4
открытие	4
заснуть	4
рассказ	4
скорого	4
писала	4
уезжает	4
оставишь	4
чём-то	4
близок	4
копию	4
вошла	4
костюмы	4
детский	4
приведи	4
арти	4
выпивку	4
магии	4
дана	4
попытаюсь	4
пан	4
станете	4
волк	4
снимите	4
пойди	4
интересный	4
подход	4
джулиан	4
займёт	4
остановит	4
эллен	4
познакомить	4
матч	4
труда	4
интересах	4
мэнни	4
веры	4
дэвида	4
пишут	4
коробка	4
г	4
отпраздновать	4
приготовлю	4
приводит	4
чжи	4
травма	4
великого	4
чашку	4
всякое	4
борьба	4
вслух	4
молодые	4
заглянуть	4
впрочем	4
предупреждал	4
верните	4
чист	4
положено	4
вспомнила	4
зоны	4
гостиной	4
живете	4
конкурс	4
пак	4
пенсию	4
находимся	4
продажи	4
хотеть	4
беспорядок	4
шар	4
помогают	4
показаний	4
обвинить	4
вчерашнего	4
ооо	4
небольшую	4
нейт	4
отвечу	4
акции	4
чхве	4
заключается	4
гараже	4
выяснили	4
громче	4
уйдем	4
страдает	4
цены	4
диван	4
ряд	4
пропало	4
вселенная	4
сахара	4
отличается	4
важным	4
многого	4
привёл	4
каковы	4
захотелось	4
капитаном	4
гольф	4
стресс	4
выбросить	4
владеет	4
вариантов	4
совесть	4
неудивительно	4
ќни	4
сообщите	4
представления	4
рабочих	4
акт	4
требую	4
шин	4
примите	4
птиц	4
проверила	4
займемся	4
молодцы	4
банда	4
ok	4
протестую	4
члена	4
убедись	4
базы	4
описание	4
эфир	4
потрясающая	4
тереза	4
схватил	4
макги	4
оплатить	4
а-а	4
хаос	4
знания	4
полицейским	4
испытание	4
лифт	4
поймут	4
открыли	4
перчатки	4
переживать	4
прикрытие	4
приходили	4
должности	4
лететь	4
следит	4
сошли	4
переживаю	4
честным	4
интересы	4
поискать	4
направляется	4
анализы	4
решено	4
создания	4
понадобилось	4
угрожает	4
остаются	4
зеленый	4
зарплату	4
думая	4
родственники	4
нора	4
застрелили	4
дебби	4
get	4
мною	4
одинаковые	4
получал	4
закрыты	4
кто-либо	4
проникнуть	4
лежал	4
успешно	4
мыслей	4
захотят	4
брук	4
сбежали	4
мужики	4
трудности	4
зверь	4
спросили	4
грани	4
эксперимент	4
осторожна	4
называем	4
ярости	4
аварию	4
органы	4
выйди	4
копа	4
департамент	4
альфа	4
закончились	4
обычное	4
королем	4
ходу	4
подходите	4
андре	4
цветов	4
фанат	4
ела	4
следуйте	4
ждём	4
up	4
преследует	4
лучшую	4
французский	4
милость	4
какому	4
открывать	4
наступит	4
любимое	4
костей	4
лгал	4
кретин	4
вернули	4
проходил	4
фирма	4
выслушать	4
пиздец	4
сцена	4
скандал	4
удалить	4
быстрый	4
out	4
вели	4
долгая	4
сан-франциско	4
сжечь	4
эмм	4
легенда	4
полным	4
дик	4
поболтать	4
песен	4
номером	4
повтори	4
понадобиться	4
глория	4
орудие	4
займись	4
удачу	4
намерения	4
хаус	4
кармен	4
озеро	4
вошли	4
увы	4
телевизору	4
копия	4
семейный	4
волю	4
рыбы	4
подвал	4
улыбка	4
красные	4
круче	4
скотти	4
видом	4
материалы	4
выяснил	4
хреново	4
перекусить	4
колин	4
коммандер	4
немало	4
надеемся	4
уезжаешь	4
мотор	4
тео	4
придумали	4
поговорите	4
звездой	4
спят	4
одолжить	4
спаси	4
гектор	4
репутацию	4
бензин	4
сериях	4
братишка	4
молодым	4
звонят	4
закрыли	4
сильное	4
представлять	4
согласится	4
напугана	4
атаку	4
городом	4
информацией	4
воля	4
пятно	4
статья	4
долгу	4
ники	4
следите	4
чертова	4
илай	4
поставлю	4
аккуратно	4
куски	4
почте	4
пас	4
чертям	4
раздражает	4
рок	4
голодна	4
токио	4
мелкий	4
плачешь	4
продолжаться	4
честное	4
выпускной	4
гору	4
строго	4
пиджак	4
обыск	4
милым	4
сидни	4
идиотом	4
сошёл	4
пилот	4
жалость	4
харрис	4
инструменты	4
свежий	4
скоростью	4
врал	4
записал	4
съездить	4
проходить	4
ненависть	4
домов	4
напиток	4
чертовы	4
тремя	4
снято	4
пообещал	4
посмотрела	4
перевести	4
свалить	4
кеннеди	4
смотрим	4
протокол	4
лондона	4
сводит	4
разумно	4
собственных	4
аарон	4
восток	4
холодильник	4
рукам	4
поверит	4
приступим	4
полдень	4
рта	4
уважении	4
de	4
запомнить	4
переспать	4
пианино	4
попроси	4
врешь	4
родила	4
дата	4
стена	4
крыши	4
крыса	4
хватай	4
начались	4
массаж	4
сумки	4
слух	4
ощущения	4
долги	4
вернитесь	4
небес	4
доверься	4
рулем	4
ќна	4
бессмысленно	4
сентября	4
давали	4
даешь	4
век	4
нечем	4
советы	4
подвезти	4
стэнли	4
дыру	4
фотографий	4
послала	4
напугать	4
появилось	4
закрыт	4
преступника	4
неба	4
бывал	4
империи	4
пыль	4
связать	4
молиться	4
зону	4
испугалась	4
защите	4
карте	4
врем	4
сидите	4
финн	4
неподалеку	4
заходил	4
знакома	4
предпочел	4
христа	4
очистить	4
пропустили	4
длинная	4
сир	4
преступлений	4
извращенец	4
добрались	4
заключить	4
закончишь	4
вдвоём	4
обществе	4
достала	4
двенадцать	4
поцеловал	4
одинок	4
фрэнсис	4
признаки	4
валентина	4
месяцы	4
умрут	4
антонио	4
облегчение	4
открывается	4
йен	4
средней	4
важны	4
газету	4
фильмов	4
положила	4
волны	4
годится	4
покончено	4
поверхности	4
грязная	4
собраться	4
стерва	4
ткани	4
берут	4
открыла	4
носишь	4
девчонку	4
специалист	4
секретов	4
like	4
one	4
найдёт	4
аж	4
родом	4
трагедия	4
рене	4
смешной	4
десерт	4
остановка	4
меняются	4
дафни	4
изабель	4
дозвониться	4
версию	4
авеню	4
тысяча	4
фишер	4
статьи	4
лед	4
рассел	4
забота	4
застряла	4
отказ	4
пятнадцать	4
учителем	4
сильной	4
заставлю	4
задания	4
синди	4
лидия	4
ха-ха	4
победили	4
значок	4
ремонт	4
голода	4
заходит	4
единственные	4
помогаешь	4
бутылки	4
напитки	4
наслаждаться	4
сексе	4
устали	4
спрятал	4
метод	4
гвен	4
рождеством	4
красоты	4
бишоп	4
поднял	4
поедет	4
козел	4
мэдисон	4
записей	4
велосипед	4
брэд	4
ногой	4
суждено	4
задержать	4
шпион	4
постарайтесь	4
гейл	4
поверила	4
смешного	4
подумаешь	4
одет	4
наняли	4
навыки	4
пальца	4
вёл	4
звонишь	4
лодки	4
шок	4
растет	4
черные	4
кэмерон	4
объяснил	4
повышение	4
дейзи	4
позаботься	4
курт	4
мужской	4
рабочие	4
ожидает	4
выступить	4
ферме	4
рис	4
продолжаем	4
бена	4
относиться	4
собеседование	4
виню	4
флаг	4
убьешь	4
ступай	4
змея	4
паре	4
охотник	4
заработал	4
управляет	4
природа	4
охранник	4
ника	4
аренду	4
убейте	4
стараться	4
поступки	4
оставалось	4
возьмешь	4
симпатичная	4
поступили	4
кость	4
интересная	4
читает	4
политики	4
довольны	4
бесит	4
выходил	4
читали	4
позову	4
сядьте	4
агентство	4
попытается	4
чужие	4
мужчинами	4
крыша	4
берег	4
золота	4
стейси	4
мардж	4
доллар	4
реку	4
тара	4
перезвони	4
пишешь	4
сообщений	4
рту	4
проекта	4
курок	4
рассказывает	4
охота	4
выпила	4
взрослых	4
похищение	4
небольшие	4
спорим	4
появиться	4
ра	4
вампир	4
вылезай	4
позволяй	4
ошиблась	4
файл	4
вилли	4
серьезное	4
догадаться	4
преподобный	4
тянет	4
сумке	4
мертвым	4
живём	4
академии	4
напрасно	4
худший	4
милашка	4
открыт	4
побережье	4
природе	4
джи	4
недоразумение	4
сахар	4
смены	4
детективы	4
тур	4
изображение	4
уничтожил	4
бейли	4
телефонный	4
ошибаетесь	4
синьор	4
генерала	4
платья	4
there	4
сочувствую	4
прочесть	4
маску	4
джулс	4
направление	4
успехи	4
сидят	4
обуви	4
взялся	4
инструкции	4
человеческой	4
светлость	4
браслет	4
сей	4
портрет	4
обман	4
зашёл	4
ni	4
поражение	4
составить	4
китти	4
еврей	4
огромную	4
училась	4
ищи	4
нормальной	4
потратить	4
выпью	4
италии	4
братец	4
сотен	4
перестали	4
джейкоб	4
пар	4
авария	4
духи	4
логан	4
станцию	4
софия	4
похоронах	4
наблюдал	4
проведу	4
построил	4
обращай	4
спешить	4
мебель	4
новичок	4
зона	4
подходящий	4
виноваты	4
краю	4
слезы	4
логично	4
саша	4
эван	4
приезжает	4
кругу	4
уволен	4
уедем	4
думайте	4
флот	4
музей	4
ле	4
космос	4
отправились	4
пригодится	4
холодильнике	4
честен	4
привезти	4
вопроса	4
атаки	4
беспокоится	4
случайность	4
режим	4
газа	4
митчелл	4
плакала	4
съела	4
шутку	4
красной	4
красива	4
многом	4
защищает	4
покоя	4
лагеря	4
хирург	4
глупые	4
церемонии	4
база	4
сериал	4
тсс	4
проверять	4
габи	4
королевой	4
расстаться	4
решает	4
лос-анджелес	4
берешь	4
газетах	4
немцы	4
пресса	4
ударила	4
кусочки	4
простая	4
оценки	4
третьей	4
впустую	4
пропустите	4
комплимент	4
тон	4
роберта	4
go	4
заслуживаю	4
брюки	4
убедил	4
необычно	4
вспомни	4
героя	4
считая	4
святая	4
сценария	4
закройте	4
аппарат	4
приведу	4
лорел	4
дуайт	4
используешь	4
аа	4
соседка	4
эль	4
she	4
коридоре	4
парне	4
кен	4
спрашивали	4
играете	4
вспоминать	4
верный	4
сойдет	4
застряли	4
каникулы	4
слепой	4
шёл	4
возвращаются	4
воспоминаний	4
смену	4
хозяйка	4
вьi	4
череп	4
себастьян	4
носил	4
кредит	4
деда	4
посидеть	4
жалею	4
небесах	4
запрос	4
пусто	4
библиотеке	4
красного	4
правосудия	4
скрывает	4
пообедать	4
страсти	4
соня	4
достали	4
акцент	4
возможностей	4
уолт	4
верила	4
наблюдение	4
комитет	4
кухня	4
верх	4
познакомилась	4
холмс	4
охоту	4
одинаково	4
проходят	4
кент	4
сокровище	4
обидеть	4
действительности	4
проводили	4
совершила	4
йюй	4
большими	4
взорвать	4
свободное	4
великой	4
здравствует	4
перевели	4
леон	4
доверяет	4
стрелок	4
чужой	4
видение	4
схватить	4
студентов	4
известен	4
мелочь	4
копии	4
тупица	4
привыкла	4
останутся	4
дружба	4
душой	4
молодого	4
носят	4
договаривались	4
отметить	4
клиентом	4
захочется	4
всерьез	4
мeня	4
физически	4
выключить	4
льда	4
сделаны	4
отойти	4
благослови	4
упустил	4
постепенно	4
али	4
приготовиться	4
начнётся	4
посол	4
репутация	4
ожерелье	4
исчезнет	4
вики	4
девушками	4
запустить	4
проехали	4
уверенность	4
стук	4
прячется	4
роста	4
подобно	4
карьеры	4
полотенце	4
разрушил	4
шрам	4
ненависти	4
заткнитесь	4
заплатит	4
крест	4
идиотка	4
старшей	4
методы	4
трата	4
продукты	4
печень	4
исключительно	4
рубашка	4
божий	4
произвести	4
принесет	4
крутая	4
существование	4
ветра	4
чжэ	4
вампиров	4
виновным	4
предупредил	4
фон	4
зацени	4
посадили	4
отдавать	4
славы	4
дым	4
люка	4
миллиардов	4
проверку	4
разрешил	4
узнай	4
королю	4
пабло	4
сделан	4
хорошими	4
заставлять	4
откровенно	4
мотоцикл	4
устрою	4
научилась	4
доверия	4
сладкая	4
поет	4
плоть	4
уоррен	4
умрем	4
обещаешь	4
завидую	4
следят	4
пьер	4
сыграем	4
путём	4
актриса	4
гадость	4
кота	4
джинни	4
успели	4
смеются	4
полуночи	4
становишься	4
отдали	4
учится	4
уезжаем	4
заинтересован	4
носа	4
подойдёт	4
приют	4
гараж	4
простое	4
плоти	4
пошутил	4
эмбер	4
ll	4
стихи	4
надел	4
линкольн	4
славно	4
чудеса	4
держали	4
прощу	4
романтично	4
поход	4
чертову	4
парням	4
спрашиваете	4
станция	4
выходят	4
присаживайся	4
растут	4
got	4
мужика	4
поешь	4
зарабатывать	4
бардак	4
пустыне	4
закрыта	4
кататься	4
стен	4
живее	4
удачно	4
пенис	4
успокоить	4
невинных	4
участвовал	4
режиссёр	4
бак	4
дату	4
прямом	4
основе	4
третьем	4
сезона	4
июля	4
цене	4
забывать	4
сложный	4
уэйн	4
позвонишь	4
любимой	4
играй	4
годом	4
чему-то	4
теряем	4
крылья	4
помогала	4
привыкнуть	4
любимые	4
нахожусь	4
конфеты	4
флота	4
друге	4
ближайшее	4
вине	4
правосудие	4
бойтесь	4
неправ	4
напиши	4
кайфом	4
подозрения	4
хлеба	4
сказав	4
перемены	4
свечи	4
подождем	4
пила	4
обороны	4
сми	4
куртку	4
представитель	4
умница	4
лос-анджелесе	4
принадлежат	4
помещение	4
устраивать	4
нарушил	4
предчувствие	4
старалась	4
красное	4
горячо	4
кролик	4
сумма	4
предположим	4
шелби	4
умеют	4
готовлю	4
руди	4
матушка	4
половины	4
просят	4
родственников	4
продолжал	4
закончена	4
подготовиться	4
бумага	4
подойдите	4
науки	4
дэниэл	4
производство	4
обнаружить	4
кокаин	4
снов	4
обманул	4
напрямую	4
пустите	4
тайно	4
оставляю	4
color	4
среднего	4
учеников	4
курица	4
получат	4
уходил	4
поступают	4
отложить	4
ошибался	4
храм	4
девчонок	4
степень	4
отпущу	4
элен	4
поженимся	4
днями	4
нахрен	4
мерлин	4
выслушай	4
сигарету	4
уйдёт	4
поразительно	4
отключить	4
придумаем	4
рита	4
забавный	4
шторм	4
майки	4
редакция	4
водителя	4
дороже	4
щас	4
внести	4
проклят	4
рэймонд	4
график	4
фрейзер	4
испортила	4
битвы	4
документ	4
прибыль	4
землей	4
поделаешь	4
разговариваем	4
переехали	4
выпустите	4
честный	4
пицца	4
найден	4
игнорировать	4
д-р	4
корова	4
подожди-ка	4
поймите	4
одних	4
избегать	4
некогда	4
школьный	4
выборов	4
сломать	4
жалеть	4
миранда	4
глубокий	4
богов	4
побег	4
писем	4
юная	4
заболела	4
марго	4
зависимости	4
робот	4
аппетита	4
вашингтоне	4
благодарности	4
лме	4
почитать	4
оказать	4
развода	4
шевелитесь	4
отвечаешь	4
синдром	4
поговорила	4
хозяина	4
текст	4
отчаянно	4
бумагу	4
почерк	4
шмидт	4
учили	4
поддерживаю	4
резко	4
проверял	4
спорт	4
начальника	4
придёшь	4
покончил	4
джозеф	4
идёмте	4
совпадает	4
дерьме	4
лос-анджелеса	4
сэнди	4
веселиться	4
ау	4
держится	4
стряслось	4
джуди	4
спальню	4
джилл	4
африке	4
колесо	4
прыгай	4
терапии	4
заметит	4
справедливость	4
бутылка	4
увеличить	4
останетесь	4
отпечатков	4
дракона	4
значило	4
симпсон	4
ведёшь	4
шкаф	4
подошел	4
сном	4
пистолетом	4
великим	4
yeah	4
пациенты	4
if	4
запомнил	4
победит	4
реджи	4
фокус	4
называете	4
маленьком	4
мартина	4
ленни	4
эрин	4
страшный	4
продали	4
кристи	4
крейн	4
гора	4
поколения	4
пообещай	4
адреса	4
торопись	4
мечтать	4
огда	4
присутствии	4
великолепен	4
путешествовать	4
поставила	4
уильямс	4
вопросу	4
проиграли	4
луну	4
состоится	4
успела	4
font	4
данном	4
лжет	4
планировали	4
декстер	4
вдох	4
теряет	4
проблемами	4
китай	4
лесбиянка	4
розы	4
алиса	4
холодный	4
несет	4
открыты	4
участка	4
милях	4
приятное	4
шума	4
давления	4
сложная	4
тяжелая	4
длинные	4
офицеры	4
выбираться	4
обычной	4
соответствует	4
мерзавец	4
боссом	4
e1e1e1	4
предлагает	4
выпустили	4
спектакль	4
одеяло	4
остановил	4
карьере	4
совершили	4
таблеток	4
ловушке	4
довольна	4
богатый	4
нарочно	4
кэм	4
великолепна	4
сдаюсь	4
отказываюсь	4
кончилось	4
села	4
ричарда	4
озера	4
даниэль	4
детки	4
воображение	4
заполнить	4
нанести	4
премьер-министр	4
заместитель	4
фамилию	4
вру	4
оставит	4
солгала	4
прояснить	4
откажусь	4
светит	4
парковке	4
горах	4
качества	4
опасный	4
желудок	4
племянник	4
ноге	4
великая	4
состояния	4
личная	4
побежал	4
ручки	4
грозит	4
мая	4
выкинуть	4
слышь	4
рану	4
лучшими	4
проходили	4
самих	4
покончим	4
усилий	4
самолета	4
выбирай	4
остановится	4
выяснилось	4
сет	4
личную	4
индии	4
ловить	4
спеть	4
проведем	4
нуждаюсь	4
ближайшие	4
согласие	4
правильное	4
передачу	4
всякой	4
по-своему	4
рюй	4
забочусь	4
вылечить	4
любимых	4
кирк	4
лови	4
пейдж	4
выпуск	4
алек	4
услышит	4
любому	4
ракеты	4
лекарств	4
отправимся	4
рекорд	4
пожалеешь	4
кончай	4
чип	4
давала	4
ужинать	4
секрете	4
упомянул	4
носу	4
поверю	4
тащи	4
маршал	4
мона	4
диагноз	4
наслаждайтесь	4
ромео	4
филип	4
хобби	4
шляпа	4
хэй	4
дождя	4
приветик	4
подстрелили	4
позволим	4
love	4
врачей	4
копом	4
казаться	4
кристофер	4
подставил	4
стадии	4
начни	4
тупик	4
ужасной	4
разрыв	4
себ	4
главе	4
превратился	4
американцев	4
человечество	4
ребятки	4
позаботится	4
they	4
гони	4
клетке	4
вторжение	4
отказывается	4
приведите	4
ствол	4
опознать	4
дем	4
голосом	4
иль	4
слушание	4
появятся	4
обвинений	4
соболезнования	4
бежит	4
напасть	4
пес	4
ванесса	4
бекки	4
парка	4
свитер	4
какая-нибудь	4
встаньте	4
передачи	4
пёс	4
шутить	4
включи	4
умрёшь	4
прыгать	4
носки	4
крысы	4
слушаюсь	4
занимает	4
ванную	4
купим	4
сексуальный	4
кэсси	4
милое	4
крепче	4
бежал	4
учились	4
лемъ	4
вирджиния	4
плакал	4
забирать	4
эстер	4
вызвала	4
зовите	4
заключение	4
продажу	4
партия	4
третье	4
молода	4
данным	4
медовый	4
проводим	4
чувствуют	4
император	4
поведения	4
площади	4
беспокоишься	4
зубов	4
глазам	4
минди	4
взломать	4
позднее	4
блейк	4
создавать	4
прогресс	4
лестницы	4
отказались	4
основной	4
лев	4
упустили	4
луны	4
wa	4
e	4
оценить	4
рисовать	4
персонал	4
торопиться	4
огромной	4
короткий	4
дорог	4
гляди	4
печать	4
ставит	4
кандидат	4
редактируется	4
ждёшь	4
ресторана	4
трупы	4
дыра	4
клинику	4
фр	4
минус	4
обожает	4
опустите	4
спор	4
папаша	4
клетку	4
беременности	4
лаборатория	4
трубы	4
присутствовать	4
объявить	4
окончания	4
at	4
читай	4
шикарно	4
остатки	4
буквы	4
сведению	4
разума	4
выгнали	4
детской	4
отправь	4
устроила	4
компьютера	4
вторым	4
сексуальная	4
ллойд	4
зубами	4
кроули	4
сяду	4
реклама	4
сделана	4
масла	4
свободный	4
ручка	4
сомневаться	4
взаимно	4
отпустили	4
управляющий	4
находился	4
й	4
нормальным	4
спорю	4
парижа	4
выросли	4
подходят	4
становиться	4
резюме	4
смеешься	4
словах	4
присмотреть	4
бенни	4
смелости	4
съешь	4
бок	4
влияет	4
милли	4
пойдете	4
гриффин	4
допоздна	4
штате	4
подружки	4
звезд	4
медицинской	4
напряжение	4
бросает	4
пасибо	4
офицеров	4
св	4
отпечаток	4
герр	4
частный	4
пи	4
кресле	4
род	4
повеселиться	4
спина	4
семей	4
появляются	4
давить	4
богат	4
увидев	4
ноа	4
зовет	4
коме	4
счастливая	4
говнюк	4
куинн	4
прихожу	4
юрист	4
нисколько	4
уилла	4
окончен	4
приказу	4
соглашусь	4
лин	4
шестой	4
арчи	4
заявил	4
награда	4
любезно	4
представляла	4
переодеться	4
адвокаты	4
найдёте	4
рекламу	4
клинике	4
дурацкий	4
коленях	4
работник	4
разошлись	4
пожить	4
версии	4
вынуждены	4
скучаешь	4
обойти	4
компьютере	4
рассмотреть	4
миссию	4
партию	4
последнем	4
какое-нибудь	4
багаж	4
терпится	4
делиться	4
пьяный	4
теряю	4
забираю	4
потеряешь	4
работников	4
риз	4
кричал	4
мышь	4
сказки	4
убежала	4
находишь	4
полна	4
синьора	4
пятый	4
старших	4
заявления	4
уэйд	4
прикрыть	4
идеальное	4
журналист	4
результатов	4
силами	4
справилась	4
подал	4
семейные	4
расследовании	4
необычное	4
размером	4
живи	4
признаюсь	4
отчасти	4
мили	4
проклятый	4
женится	4
сумасшедшие	4
выбросил	4
случаи	4
отвлечь	4
спасите	4
установил	4
показатели	4
мелочи	4
распоряжении	4
пережил	4
y	4
случился	4
детство	4
снимаю	4
преступники	4
суду	4
жар	4
американских	4
добрым	4
джой	4
знакомый	4
задуматься	4
сотню	4
разбираться	4
испытания	4
ставку	4
отведу	4
товарищи	4
заложников	4
по-видимому	4
забывайте	4
песок	4
боба	4
вик	4
традиция	4
вершине	4
идеальная	4
заплатишь	4
заботился	4
работай	4
выпивка	4
высокая	4
догадался	4
шерлок	4
уговорить	4
трогал	4
пользы	4
прямиком	4
алкоголя	4
сработать	4
приезжай	4
сохранять	4
видения	4
понравиться	4
заходить	4
значить	4
одержим	4
стояли	4
белой	4
восьми	4
военной	4
поедим	4
насрать	4
находит	4
казни	4
герои	4
найдено	4
наказания	4
темы	4
отдыхать	4
сеньора	4
разбираюсь	4
притормози	4
шелли	4
приготовьтесь	4
подозреваю	4
обойтись	4
океана	4
тренировки	4
правильным	4
негодяй	4
фиона	4
мелани	4
королеву	4
попытку	4
выбери	4
каких-то	4
сотовый	4
собственном	4
взрослая	4
нормальные	4
дойл	4
платил	4
бойд	4
наказать	4
площадке	4
труднее	4
сбил	4
man	4
домашний	4
госпиталь	4
чистой	4
получаем	4
мерфи	4
департамента	4
просите	4
еле	4
якобы	4
назовите	4
холл	4
гостинице	4
рисунок	4
страховка	4
расскажете	4
сотрудник	4
решим	4
деб	4
край	4
приходишь	4
духом	4
хранит	4
преданность	4
спрашивают	4
закрыл	4
животе	4
заседание	4
проход	4
наличные	4
злится	4
комитета	4
шлем	4
отпустил	4
продвигается	4
славу	4
изменили	4
ухода	4
сопротивление	4
мечту	4
ублюдка	4
обязанность	4
американец	4
организация	4
инструмент	4
родная	4
приблизительно	4
защищал	4
местам	4
мусора	4
признателен	4
почта	4
охотиться	4
магию	4
просыпайся	4
пищу	4
перестанешь	4
надежде	4
чепуха	4
гениально	4
принимают	4
дональд	4
бабушкой	4
собакой	4
устройства	4
отказать	4
десятки	4
запасной	4
настоящих	4
стефани	4
обедать	4
поезжай	4
ожидали	4
right	4
стоун	4
означать	4
благо	4
вызывают	4
приглашения	4
слуга	4
поддерживает	4
новенький	4
here	4
ученик	4
добился	4
большинства	4
достань	4
ферму	4
президенту	4
налоги	4
ворот	4
томаса	4
реальный	4
калеб	4
изучить	4
выстрелы	4
покер	4
адвокату	4
держала	4
отчаянии	4
белое	4
автомобиля	4
невесту	4
важного	4
лайла	4
белым	4
везет	4
майлз	4
несчастью	4
жалкий	4
счастливчик	4
воу	4
прислала	4
голосов	4
выдать	4
встретился	4
судебный	4
обедом	4
финч	4
проверки	4
подойду	4
сары	4
найдётся	4
позови	4
придурки	4
требуют	4
находитесь	4
врет	4
бабушке	4
подарила	4
поздороваться	4
новому	4
выступления	4
великолепный	4
помолчи	4
адама	4
сиденье	4
харпер	4
джанет	4
исключение	4
лезть	4
прессе	4
маршрут	4
посетителей	4
нельсон	4
комиссии	4
молитвы	4
близких	4
счету	4
слежу	4
экран	4
встречала	4
дверей	4
волновался	4
ритм	4
сделало	4
воспользовался	4
девочке	4
кэлли	4
пришлю	4
мн	4
ангела	4
пассажиров	4
депрессии	4
волнуешься	4
ответов	4
четко	4
магазинам	4
наряд	4
воздухом	4
поймаем	4
непонятно	4
подтверждение	4
клёво	4
славный	4
бедняга	4
жениха	4
важных	4
любитель	4
складе	4
шагом	4
руководство	4
полезен	4
карман	4
франков	4
улыбаться	4
простит	4
продолжают	4
яблоко	4
романа	4
выбираю	4
прочитала	4
нашло	4
построили	4
вайолет	4
сексуальные	4
поймёшь	4
умеете	4
способы	4
положу	4
чудесная	4
схватили	4
фирме	4
праздновать	4
явился	4
рассказываешь	4
соединенных	4
персонаж	4
изучать	4
всякого	4
американской	4
сыром	4
вертолет	4
броуди	4
сайте	4
процедура	4
гроб	4
чистого	4
положиться	4
андреа	4
сексуальной	4
ноутбук	4
пьет	4
дождусь	4
открытым	4
убило	4
уроков	4
аэропорта	4
хью	4
кэл	4
йоу	4
языка	4
передумала	4
бегу	4
дамочка	4
потеряем	4
проявить	4
легкие	4
тардис	4
добровольно	4
возьмет	4
сниму	4
драку	4
форд	4
черного	4
глазом	4
кошки	4
поколение	4
понимала	4
делая	4
собственная	4
пока-пока	4
крутые	4
готовиться	4
пили	4
сопротивляться	4
констебль	4
вивиан	4
штаты	4
продолжаешь	4
отдохни	4
фантазии	4
микрофон	4
иной	4
клэй	4
прекрасную	4
настал	4
конни	4
теряешь	4
жаловаться	4
боевой	4
дядю	4
голосовать	4
противостоять	4
планирует	4
уведите	4
заслужили	4
незачем	4
прощаю	4
го	4
мнe	4
моста	4
значительно	4
назначил	4
бш	4
добрая	4
историей	4
личных	4
волновалась	4
драка	4
пальцами	4
предпочла	4
бегах	4
блондинка	4
поверили	4
мэдди	4
кай	4
отведи	4
разбить	4
произнести	4
свести	4
проверяю	4
историй	4
порядка	4
начнешь	4
гари	4
олли	4
оставался	4
прекрасным	4
печени	4
библии	4
трэвис	4
поищу	4
субтитров	4
оо	4
яиц	4
злая	4
толстый	4
легких	4
мертвый	4
безопаснее	4
орошо	4
бри	4
энджи	4
следили	4
исследований	4
птичка	4
работ	4
пропуск	4
отнести	4
справляешься	4
вступить	4
миг	4
двум	4
нормальная	4
разочарован	4
продолжаю	4
свидетельство	4
цепи	4
серийный	4
замка	4
трахнуть	4
ёй	4
съем	4
выходим	4
нм	4
заставляют	4
вице-президент	4
заехать	4
противном	4
приедешь	4
настаиваю	4
простого	4
падения	4
ребятами	4
маленькими	4
имея	4
лифте	4
адвокатов	4
лечить	4
очень-очень	4
следуй	4
выиграю	4
выживет	4
дополнительные	4
постараться	4
преодолеть	4
свиньи	4
страницы	4
хилл	4
велик	4
река	4
традиции	4
расстояние	4
джоном	4
рискнуть	4
предположение	4
журнала	4
поиска	4
царь	4
уайт	4
now	4
грэм	4
охотится	4
разрешить	4
лист	4
утрам	4
случаем	4
совещание	4
услугам	4
поправится	4
вытащи	4
дракон	4
возражаю	4
битве	4
колено	4
удостоверение	4
гитлер	4
композитор	4
крепкий	4
атака	4
шона	4
открытия	4
старом	4
вспоминаю	4
разберёмся	4
расслабьтесь	4
попытайся	4
мик	4
попадает	4
впрямь	4
испании	4
изначально	4
освобождения	4
посетить	4
обвинять	4
происходят	4
палмер	4
жюри	4
зайди	4
причинил	4
взгляда	4
ку	4
прикольно	4
рей	4
величества	4
девочками	4
бинго	4
марии	4
пределы	4
подонок	4
высокие	4
n	4
висит	4
чокнутый	4
устроит	4
ушло	4
убивала	4
переспал	4
спускайся	4
мьi	4
решением	4
копать	4
учительница	4
близнецы	4
прах	4
зрелище	4
рекламы	4
министерство	4
обморок	4
органов	4
трудный	4
требования	4
доусон	4
четверть	4
помощника	4
ареста	4
завтрашнего	4
половине	4
конверт	4
времён	4
полли	4
соответствии	4
соревнование	4
усердно	4
четвертый	4
нервничать	4
ри	4
похуже	4
продают	4
ремень	4
курсы	4
gps	4
местонахождение	4
открывает	4
говно	4
трой	4
плечи	4
флоррик	4
оставляй	4
ответили	4
достанется	4
чьей	4
долгие	4
кораблей	4
насквозь	4
обратном	4
исполнилось	4
выстрела	4
использование	4
приедут	4
условии	4
шеи	4
убивали	4
кошмары	4
состав	4
дядей	4
теста	4
соберись	4
странного	4
достиг	4
священника	4
останки	4
штатах	4
макса	4
покупает	4
ударили	4
июня	4
лука	4
признай	4
теорию	4
собственными	4
цирк	4
обнять	4
велосипеде	4
высоте	4
мэнди	4
поют	4
вскрытие	4
дозу	4
собрали	4
отличным	4
музыке	4
игроков	4
любовник	4
хуя	4
ехали	4
соседству	4
пламя	4
доллара	4
пожертвовать	4
повидать	4
покупки	4
необходимое	4
проблемах	4
уважаемый	4
берёт	4
черных	4
подумают	4
основании	4
собственности	4
домашнее	4
операционной	4
стиви	4
поссорились	4
фирму	4
следа	4
погнали	4
интересуют	4
знакомству	4
кейн	4
мелкие	4
передача	4
благодарим	4
гонки	4
тэд	4
клер	4
услышишь	4
противника	4
кэри	4
директором	4
верим	4
кучка	4
николас	4
проводишь	4
ограбления	4
врагом	4
багажнике	4
фостер	4
шефа	4
взгляды	4
малый	4
забавная	4
исчезает	4
развития	4
няня	4
клево	4
серьезный	4
уход	4
обидно	4
область	4
пожелаешь	4
пушка	4
лежат	4
пространства	4
хон	4
кабинета	4
кону	4
диего	4
отто	4
марио	4
сломался	4
охранять	4
профессионал	4
округ	4
назначена	4
чувствовали	4
гарантирую	4
вдвое	4
целыми	4
вытащу	4
обещания	4
заговор	4
выходишь	4
аллен	4
покажется	4
задержали	4
монстра	4
уволил	4
учусь	4
поторопиться	4
обдумать	4
замену	4
смирно	4
дружбу	4
вуди	4
грейсон	4
снизу	4
строя	4
остановимся	4
духов	4
заявить	4
руководитель	4
клятву	4
пофиг	4
началом	4
ввести	4
альфред	4
несешь	4
давненько	4
проследить	4
ви	4
довериться	4
познакомься	4
завод	4
евреев	4
стереть	4
скотина	4
властью	4
особое	4
поцеловала	4
кристиан	4
билла	4
цел	4
напоминать	4
желаешь	4
доставили	4
поверите	4
срочное	4
отпуске	4
позовите	4
великие	4
любимого	4
провал	4
маслом	4
остановилась	4
отправится	4
прибудет	4
причём	4
барбекю	4
инцидент	4
сняла	4
входить	4
упасть	4
благодарны	4
ga	4
имеется	4
ки	4
гю	4
пасть	4
звука	4
францию	4
проститутка	4
нужным	4
низко	4
извинить	4
ведьмы	4
мэг	4
поначалу	4
привыкли	4
отчего	4
поменьше	4
принимала	4
крем	4
пустяки	4
валяй	4
приношу	4
наступает	4
переживает	4
гражданин	4
повелитель	4
подделка	4
групп	4
андерсон	4
зоуи	4
воин	4
расстройство	4
государства	4
попадет	4
падение	4
кухни	4
высоты	4
поток	4
англию	4
дружбы	4
копам	4
живое	4
комфортно	4
опасны	4
пон	4
выясню	4
внутренних	4
господу	4
заметно	4
справились	4
королевской	4
завещание	4
блок	4
драки	4
изнасиловал	4
уезжай	4
сидим	4
тату	4
ударь	4
умен	4
лады	4
ролях	4
анжела	4
медаль	4
операционную	4
срока	4
переспала	4
повернуть	4
процесса	4
погибнуть	4
выборах	4
адмирал	4
полного	4
черной	4
покажешь	4
автобуса	4
телефоном	4
приезжать	4
поступает	4
как-будто	4
сидя	4
малейшего	4
пони	4
пьяна	4
сьюзи	4
снимает	4
портить	4
огне	4
пятница	4
рискованно	4
поклонник	4
героин	4
судом	4
дабы	4
баба	4
убегать	4
понимание	4
имен	4
поднимается	4
убедитесь	4
разногласия	4
предлагаете	4
прекрасен	4
уничтожит	4
потанцевать	4
спросит	4
сюжет	4
пустить	4
ненавидела	4
молоды	4
банку	4
помешал	4
флинн	4
кукла	4
о-о	4
очнулся	4
деревня	4
финал	4
разведки	4
проиграть	4
вставайте	4
сирена	4
детские	4
отдашь	4
ари	4
ву	4
конрад	4
детективом	4
законно	4
качество	4
звезду	4
симон	4
дураком	4
журнале	4
любезны	4
оон	4
особенная	4
представляют	4
разбудить	4
планируешь	4
челси	4
новыми	4
планов	4
рамки	4
доверял	4
окружного	4
слабый	4
марсель	4
студент	4
горячей	4
подумает	4
зацепка	4
заплатила	4
общались	4
выдержать	4
хера	4
осмотр	4
франклин	4
старшего	4
загадка	4
ещє	4
потратили	4
секретная	4
золотые	4
механизм	4
запомните	4
кислород	4
едете	4
отвези	4
целях	4
собственным	4
змей	4
спокоен	4
приведёт	4
пережили	4
персонала	4
усы	4
актер	4
любым	4
реальной	4
глуп	4
шаги	4
вызывать	4
подружкой	4
сдаваться	4
угрожать	4
допроса	4
октября	4
бабки	4
неверно	4
укрытие	4
конфликт	4
уничтожили	4
должное	4
поиграем	4
забудешь	4
бывшим	4
адресу	4
перри	4
ужасную	4
онлайн	4
освобождение	4
коллег	4
трон	4
похоронить	4
удивляет	4
женский	4
кажутся	4
евреи	4
тяни	4
бла	4
сдавайся	4
бывали	4
детишки	4
козёл	4
целовать	4
штучки	4
деталь	4
травы	4
подозрительно	4
пропавших	4
назначить	4
поль	4
особого	4
заберите	4
способа	4
аксель	4
her	4
шло	4
кузина	4
шлюхи	4
позвоним	4
вернем	4
потенциал	4
достоин	4
эвелин	4
игрой	4
подружку	4
медведя	4
по-французски	4
покинули	4
беду	4
дживс	4
трупов	4
проводите	4
края	4
надеялись	4
ответит	4
двигается	4
штраф	4
зимой	4
театре	4
нарисовал	4
лэйн	4
несу	4
чт	4
труд	4
захватили	4
чашечку	4
проводят	4
выберемся	4
стоите	4
сайрус	4
сенатора	4
джун	5
пегги	5
возникли	5
ограбили	5
валери	5
ногти	5
досталось	5
ральф	5
поднялся	5
студию	5
старшая	5
доля	5
дню	5
космосе	5
предположительно	5
умри	5
вашингтона	5
поймала	5
четырёх	5
дико	5
встретили	5
получиться	5
домам	5
мелисса	5
when	5
проехать	5
вошёл	5
владельца	5
реакции	5
курса	5
подержать	5
джоди	5
прокатиться	5
общения	5
стенах	5
назначили	5
камилла	5
пределах	5
успеем	5
засунуть	5
сотрудничество	5
приносить	5
ранчо	5
покупал	5
бывших	5
ярость	5
потратила	5
вкусный	5
деятельности	5
плох	5
рюкзак	5
сыновей	5
высокой	5
двести	5
зала	5
беременность	5
поторопитесь	5
анализа	5
забирает	5
возвращался	5
могиле	5
писали	5
подставить	5
похорон	5
недвижимости	5
ста	5
назначения	5
переживаешь	5
сигналы	5
заботу	5
медицинский	5
разводе	5
фестиваль	5
чокнутая	5
давид	5
девяти	5
гарсия	5
окружной	5
ќа	5
классные	5
техника	5
старается	5
фургоне	5
бывать	5
ружье	5
случаю	5
попаду	5
берт	5
знакомых	5
предки	5
пиццы	5
квартале	5
спите	5
успехом	5
дюк	5
забываю	5
отдаю	5
знаки	5
дна	5
телу	5
оставшуюся	5
пьешь	5
запросто	5
шагов	5
айрис	5
настоящему	5
беспокоился	5
обратить	5
обидел	5
седьмой	5
ходите	5
всерьёз	5
нравились	5
значат	5
уговор	5
законом	5
закрывается	5
семейное	5
послушаем	5
подавать	5
контролирует	5
серьезная	5
еє	5
живыми	5
деревьев	5
разницу	5
ангелы	5
поверхность	5
подставили	5
отчеты	5
вдова	5
двигай	5
найлс	5
страницу	5
основываясь	5
стоимость	5
драгоценности	5
купишь	5
пищи	5
справляется	5
сокровища	5
престарелых	5
заведение	5
свежие	5
завершить	5
радоваться	5
плату	5
поздравить	5
льдом	5
трижды	5
снимал	5
la	5
одета	5
такер	5
институт	5
привёз	5
клоун	5
курицу	5
обвиняют	5
поставьте	5
вклад	5
смесь	5
лежала	5
выставить	5
хантер	5
даром	5
ведущий	5
тако	5
волшебник	5
поймаю	5
толпы	5
божья	5
заключенных	5
бреннан	5
источники	5
габриэль	5
защитой	5
частично	5
уокер	5
виды	5
беннет	5
техас	5
фонда	5
повлиять	5
секретной	5
пятна	5
причинять	5
отправилась	5
продукт	5
придумаю	5
отдельно	5
отвечал	5
бэй	5
ценности	5
позволять	5
сбросить	5
посмотришь	5
калифорния	5
смеялись	5
изменяет	5
позаботимся	5
ожидании	5
положили	5
полагается	5
башку	5
карсон	5
прессы	5
отвечайте	5
дошли	5
тeбя	5
напомни	5
различных	5
королевство	5
ответишь	5
достигли	5
жилье	5
реакцию	5
дэннис	5
остынь	5
секретный	5
сумасшествие	5
решетку	5
продаю	5
шшш	5
встала	5
видов	5
продаже	5
партнера	5
существовать	5
гладко	5
лш	5
удостовериться	5
сдался	5
хант	5
обладает	5
спасет	5
покойник	5
спокойнее	5
джейка	5
ножницы	5
сего	5
угостить	5
человеческого	5
about	5
ведьм	5
заплатят	5
вероника	5
демонов	5
выпусти	5
бюджет	5
волна	5
женюсь	5
светом	5
холодная	5
инфекция	5
капитану	5
открытой	5
мастера	5
честью	5
политике	5
хоуп	5
фраза	5
эллис	5
старт	5
выносить	5
новенькая	5
позаботился	5
поймёт	5
ведите	5
черепа	5
уинстон	5
страданий	5
шепард	5
аппетит	5
встречаются	5
бассейна	5
ребенке	5
столовой	5
больных	5
пообщаться	5
чили	5
mo	5
корпорации	5
отправим	5
встретится	5
мечтаю	5
вернула	5
занял	5
продолжение	5
мёртвых	5
известны	5
трахаться	5
становлюсь	5
перси	5
простые	5
кучей	5
наличие	5
заключили	5
прекрасны	5
преследовал	5
уйдут	5
рассказываю	5
обезьяна	5
допросить	5
деннис	5
лекси	5
эмоций	5
номеров	5
let	5
заслуживают	5
веселья	5
жан	5
пой	5
местоположение	5
эш	5
сеанс	5
границей	5
американские	5
юноша	5
мышцы	5
молодости	5
подошла	5
лёд	5
целей	5
здрасте	5
отыскать	5
личным	5
адамс	5
мошенник	5
честность	5
уедешь	5
забей	5
нервничаешь	5
счетов	5
ненормальный	5
наняла	5
созданы	5
обманывать	5
напарника	5
перестанет	5
остальном	5
буря	5
лейтенанта	5
бесплатный	5
влюблены	5
соврала	5
морская	5
обычного	5
письме	5
приказываю	5
экипаж	5
министра	5
посадят	5
столкнулись	5
кейтлин	5
верность	5
научила	5
жертве	5
томпсон	5
отправьте	5
стивена	5
поведу	5
могилы	5
глупой	5
i1	5
экране	5
ран	5
кричи	5
насладиться	5
прослушивание	5
принимаете	5
веке	5
зa	5
подходе	5
хватать	5
покупаю	5
джошуа	5
тьма	5
вампиры	5
апреля	5
казнь	5
рядовой	5
райана	5
надену	5
знаменитый	5
влюблён	5
августа	5
делся	5
зрение	5
научу	5
бабушку	5
нo	5
крут	5
заботит	5
компьютеры	5
поместить	5
продала	5
отделении	5
неси	5
сотрудники	5
территория	5
исчезновения	5
произошел	5
сломала	5
положения	5
партнером	5
отправляйся	5
сыне	5
церемония	5
носила	5
тяжелые	5
русских	5
подсказывает	5
стати	5
чейз	5
жидкость	5
планирую	5
выйдите	5
митч	5
американского	5
избил	5
возникла	5
грузовика	5
нейтан	5
тупые	5
тихий	5
губернатора	5
патруль	5
колеса	5
христос	5
свяжусь	5
посмел	5
продавец	5
вначале	5
тачку	5
тесс	5
показывал	5
берем	5
содержит	5
превращается	5
человеческие	5
бассейне	5
джойс	5
остаешься	5
боялись	5
напился	5
раю	5
высокого	5
прозвище	5
карточки	5
свободным	5
меньшей	5
прогулку	5
всюду	5
сандра	5
озере	5
повар	5
раунд	5
первому	5
привычка	5
чёрная	5
имущество	5
населения	5
лжешь	5
вдали	5
франсуа	5
зверя	5
мобильник	5
пса	5
придерживаться	5
задний	5
освободите	5
багажник	5
игрушка	5
судье	5
вызываю	5
многому	5
ал	5
дыры	5
еимаи	5
вытащим	5
одеть	5
попросите	5
поздравляем	5
палате	5
собрания	5
маска	5
двигатели	5
совершал	5
тьмы	5
ничему	5
дворце	5
выходила	5
продолжу	5
выстрелить	5
крупный	5
корпус	5
послезавтра	5
глотку	5
ресурсы	5
бизнесом	5
сбить	5
истины	5
возьмут	5
холодной	5
подразделение	5
принципе	5
торопитесь	5
возвращаешься	5
сыра	5
образования	5
имело	5
телевидение	5
перейдем	5
наступил	5
свободной	5
питания	5
странице	5
сиси	5
танцев	5
встретишь	5
разными	5
ниоткуда	5
берегите	5
несчастье	5
иззи	5
космический	5
сходит	5
восхищаюсь	5
обычным	5
свободного	5
пострадает	5
границе	5
борьбу	5
бро	5
откроем	5
встреч	5
намеренно	5
привезла	5
сару	5
останавливаться	5
йаи	5
нажать	5
анб	5
относятся	5
родились	5
одиннадцать	5
останавливайся	5
выиграет	5
желать	5
дейв	5
приключение	5
огайо	5
находят	5
открывайте	5
заткнуться	5
американская	5
повезёт	5
бейсбол	5
храни	5
застрелить	5
необходимость	5
ред	5
запутался	5
меньшее	5
квартал	5
ездили	5
замечательные	5
сьюзен	5
паники	5
ученики	5
черном	5
заставь	5
таймс	5
пороге	5
звал	5
госпитале	5
питание	5
ve	5
наладить	5
главы	5
беккет	5
кислорода	5
дениз	5
мартини	5
прибытия	5
идиота	5
района	5
пробовала	5
шлюхой	5
используется	5
решений	5
удивлён	5
покидать	5
ученый	5
камня	5
мексике	5
аборт	5
мэттью	5
церемонию	5
начнёт	5
джейсона	5
кевина	5
беверли	5
деймон	5
умные	5
доминик	5
тaк	5
чао	5
голосование	5
ткань	5
суши	5
роды	5
медицинские	5
полюбить	5
стреляет	5
цезарь	5
демона	5
ложью	5
коже	5
кензи	5
строй	5
смотрится	5
нолан	5
здоровый	5
вздумай	5
крыло	5
начинал	5
совпадают	5
этажа	5
скрывается	5
бадди	5
уйдёшь	5
лгала	5
изнасилование	5
исключить	5
профиль	5
понравились	5
улицам	5
террористов	5
незаметно	5
доберусь	5
марс	5
стекла	5
акций	5
штучка	5
сержанта	5
карточку	5
операций	5
охоты	5
ведро	5
темные	5
указывают	5
местной	5
психиатр	5
причастен	5
позиция	5
him	5
порвал	5
нынче	5
императора	5
заперта	5
юный	5
получи	5
совету	5
государство	5
ритуал	5
чудес	5
выкладывай	5
well	5
дурацкая	5
профессиональный	5
стольких	5
пустые	5
фитц	5
оставив	5
нежели	5
маэстро	5
стоим	5
рассвете	5
голубые	5
верхом	5
джима	5
севере	5
ударом	5
кон	5
подержи	5
перелом	5
обними	5
отношусь	5
залезть	5
партнеры	5
нила	5
украшения	5
связывает	5
слабое	5
обычных	5
пел	5
культуры	5
исполнить	5
опустить	5
припоминаю	5
аль	5
овощи	5
геев	5
уйдите	5
хана	5
врасплох	5
врёшь	5
поживает	5
правая	5
спутник	5
маски	5
мосту	5
убиваешь	5
федералы	5
приди	5
падре	5
пожара	5
спросишь	5
двоим	5
лоб	5
рыцарь	5
согласия	5
изучал	5
обстановку	5
записка	5
покинула	5
ждете	5
бон	5
лорда	5
тяжелее	5
штаб	5
ширли	5
случаются	5
бросишь	5
кошек	5
плохом	5
навстречу	5
начальником	5
мужчинам	5
арнольд	5
попытке	5
простым	5
мозгов	5
зрителей	5
арчер	5
жалобу	5
внешность	5
горничная	5
дина	5
кричат	5
разряд	5
организм	5
истинный	5
сосредоточься	5
комментариев	5
мухи	5
пробовали	5
издеваетесь	5
союза	5
доклад	5
жак	5
лиц	5
chffffff	5
предпринять	5
аплодисменты	5
ужасным	5
убирать	5
захватил	5
администрации	5
слёзы	5
сомневался	5
разрешили	5
среды	5
разозлился	5
поклялся	5
подобрать	5
прощение	5
выпьешь	5
джерси	5
одинока	5
винни	5
трупа	5
протокола	5
любых	5
объявляю	5
возникает	5
одинокий	5
щиты	5
стива	5
счастливыми	5
прайс	5
порвать	5
студенты	5
потихоньку	5
честной	5
боролся	5
охранника	5
выпили	5
воевать	5
улыбку	5
заказала	5
обратился	5
крейг	5
паспорта	5
прислать	5
вытащили	5
помощником	5
готовится	5
обыскать	5
мр	5
дона	5
па	5
являюсь	5
слушаете	5
роб	5
лишних	5
тигр	5
охотники	5
конь	5
бенджамин	5
беды	5
здорова	5
религии	5
собери	5
термин	5
задам	5
дяде	5
человеческий	5
сознании	5
попробовал	5
ботинок	5
граждан	5
веселее	5
некотором	5
time	5
еде	5
подарков	5
править	5
футболку	5
алекса	5
серьёзные	5
вкусе	5
следовательно	5
подруге	5
некому	5
тревоги	5
мертвой	5
музыкой	5
летим	5
заставляешь	5
достойно	5
найдены	5
смело	5
чипсы	5
ценность	5
попить	5
отделения	5
ассистент	5
франция	5
открытку	5
обвинили	5
риме	5
рубашки	5
примут	5
смелый	5
чертовщина	5
стран	5
пирога	5
отправляется	5
главных	5
передали	5
сложные	5
сумел	5
мюррей	5
собачья	5
чендлер	5
come	5
официант	5
вспомните	5
опаздывает	5
сломана	5
лекции	5
самолёте	5
осознал	5
моды	5
чистые	5
сбор	5
изменений	5
сильна	5
предательство	5
неудачу	5
встречусь	5
способов	5
атаковать	5
давности	5
патроны	5
единственного	5
лиги	5
нации	5
убийству	5
вернетесь	5
похожее	5
риска	5
заведения	5
пригнись	5
отличной	5
гнева	5
сдержать	5
помешала	5
барнс	5
шарп	5
сумочку	5
появляться	5
ноября	5
возражать	5
посуду	5
министерства	5
сун	5
хэллоуин	5
важную	5
компаний	5
красивее	5
щит	5
маньяк	5
пристрелить	5
подтвердил	5
опасна	5
собирает	5
джеком	5
заставлял	5
пошлю	5
gonna	5
дороти	5
моменту	5
подтверждает	5
узнав	5
сексуальное	5
следующих	5
частная	5
заключил	5
победила	5
галлюцинации	5
надела	5
наркотик	5
чарльза	5
богатых	5
катрин	5
ерунду	5
заберет	5
экзамены	5
существ	5
всякую	5
сложилось	5
огромным	5
мозгу	5
оппа	5
слез	5
ё	5
сериала	5
пользуется	5
реаъ	5
удается	5
таковы	5
сол	5
отправят	5
камерой	5
пояс	5
плащ	5
беседу	5
рожденья	5
прослежу	5
малкольм	5
стоя	5
сели	5
пожелаете	5
расскажем	5
быстренько	5
фотки	5
кроватью	5
na	5
революции	5
полагать	5
поднимай	5
задницей	5
билета	5
солнечный	5
упоминала	5
попыталась	5
страдал	5
эмоционально	5
мэл	5
чистое	5
пугать	5
работая	5
докажу	5
брик	5
упали	5
доходит	5
крыс	5
харт	5
пугаешь	5
норма	5
сильвер	5
экскурсию	5
разговаривают	5
средний	5
избили	5
запрет	5
брэндон	5
фига	5
кончается	5
находишься	5
лена	5
коллинз	5
выпивки	5
жест	5
тарелки	5
орать	5
лета	5
разбила	5
эллисон	5
сигарет	5
ушей	5
стреляют	5
страховки	5
танцует	5
молния	5
манеры	5
появления	5
предметы	5
займёмся	5
смелость	5
взглядом	5
стивенс	5
запасы	5
агентства	5
мыслями	5
сообщила	5
репортаж	5
объяснения	5
фамилии	5
синхронизация	5
лоуренс	5
колонии	5
необычного	5
встанет	5
противно	5
скотта	5
признания	5
данте	5
сработал	5
чертовой	5
крепость	5
родственник	5
гор	5
главную	5
отправляемся	5
шейла	5
хлам	5
чин	5
плохи	5
сексуальных	5
туман	5
богатым	5
бармен	5
налогов	5
варианта	5
перезвонить	5
проснуться	5
лестер	5
дункан	5
ужасе	5
полковника	5
спереди	5
пройтись	5
библиотеку	5
деятельность	5
пьют	5
арестуют	5
сложное	5
тарелку	5
темноты	5
глазу	5
указывать	5
коридору	5
глупи	5
задней	5
одиночество	5
нуждаются	5
невыносимо	5
поднимать	5
лидера	5
фредерик	5
спальни	5
верили	5
обслуживание	5
заботишься	5
декабря	5
веков	5
забеременела	5
прожил	5
миа	5
подобным	5
учишься	5
транспорт	5
сойдёт	5
эго	5
мора	5
лоу	5
испытать	5
считайте	5
присядьте	5
прочее	5
тайный	5
отнять	5
рождении	5
проник	5
бедные	5
ребёнку	5
конкурсе	5
клайд	5
чаевые	5
кайла	5
мягко	5
умираешь	5
получалось	5
включает	5
звёзды	5
слушала	5
газета	5
спешу	5
взволнован	5
призрака	5
волнуется	5
отблагодарить	5
зарплаты	5
парнишка	5
запас	5
уверенным	5
позвала	5
китае	5
докажи	5
камней	5
мороженого	5
призраки	5
скотч	5
h	5
прошлую	5
краски	5
брала	5
пиши	5
побега	5
eгo	5
задал	5
здоровы	5
задачу	5
фрукты	5
связываться	5
проделал	5
отрезать	5
позволят	5
торрес	5
однозначно	5
слаб	5
навеки	5
салливан	5
выдержит	5
разрешаю	5
ходим	5
закончено	5
призраков	5
коня	5
упустить	5
упс	5
ревнуешь	5
всего-то	5
чувством	5
how	5
from	5
вежливо	5
прилично	5
конференции	5
бросит	5
живёте	5
страниц	5
порт	5
хуйня	5
сядем	5
спеши	5
бедных	5
автомат	5
заговорил	5
биться	5
сообщи	5
трава	5
сюзан	5
длится	5
бу	5
племени	5
розовый	5
опоздание	5
человеческая	5
дедушки	5
улыбается	5
телефонные	5
пенсии	5
создает	5
наделала	5
недостаток	5
утечка	5
want	5
планах	5
поставим	5
мина	5
пережила	5
достижения	5
саманта	5
полет	5
подготовки	5
сока	5
продавал	5
mы	5
участия	5
отведите	5
почувствуешь	5
дешевле	5
живые	5
артура	5
скрываешь	5
толком	5
спины	5
кори	5
французы	5
травму	5
кейти	5
нико	5
тэ	5
увести	5
калибра	5
уволят	5
вещества	5
английского	5
собрании	5
облака	5
берти	5
покончила	5
восточной	5
случилась	5
дэймон	5
втроем	5
приедем	5
запереть	5
несколькими	5
барби	5
охранников	5
янки	5
ранение	5
картошку	5
правления	5
ежедневно	5
разом	5
тренера	5
героев	5
тайной	5
ударов	5
тянуть	5
герцог	5
принимай	5
пройдите	5
безумный	5
наследство	5
проведать	5
востоке	5
дурь	5
арестом	5
умник	5
луч	5
пуль	5
марки	5
лишить	5
заключения	5
круз	5
решу	5
лисбон	5
берлин	5
укол	5
сильвия	5
переговоров	5
самыми	5
происшествия	5
чеки	5
получаете	5
ирония	5
теме	5
растения	5
посмотрели	5
круга	5
счете	5
вегас	5
ситуацией	5
человеческое	5
белл	5
рекомендую	5
бьет	5
ограбить	5
берни	5
предупреждения	5
кларка	5
давлением	5
умна	5
заняло	5
мда	5
саттон	5
карточка	5
рождение	5
гастингс	5
весной	5
скрыться	5
страшная	5
фильмах	5
практика	5
готовься	5
идёте	5
чёртова	5
направить	5
закончите	5
угадайте	5
особенным	5
рулём	5
сестренка	5
принцессы	5
менеджера	5
цепь	5
улика	5
бойфренд	5
любимым	5
кричала	5
консультант	5
техники	5
свободная	5
небезопасно	5
решишь	5
великолепная	5
битву	5
знание	5
горячие	5
плод	5
повредит	5
слона	5
превратилась	5
приходило	5
кого-либо	5
ссора	5
огни	5
успеешь	5
местами	5
лидером	5
удары	5
кайф	5
анджела	5
партнёр	5
езды	5
ив	5
соседа	5
сообщать	5
названия	5
alphah00	5
европы	5
сексуального	5
столкнулся	5
инженер	5
красивых	5
юге	5
скарлетт	5
журналы	5
стрельба	5
политику	5
открытый	5
суки	5
главой	5
дурацкие	5
растёт	5
ночей	5
ковбой	5
медицинская	5
ракета	5
злость	5
убийце	5
опасным	5
посетитель	5
закончит	5
закончиться	5
красть	5
тимоти	5
пацаны	5
родни	5
содержание	5
сложности	5
собрала	5
трусики	5
судью	5
нью-джерси	5
шерил	5
извлечь	5
целоваться	5
запер	5
расследовать	5
самоубийства	5
бросаешь	5
разрушила	5
обращайте	5
деталей	5
доске	5
младшего	5
приключений	5
саму	5
организовал	5
звучало	5
агнес	5
аромат	5
палку	5
фи	5
дереве	5
встречаетесь	5
кампанию	5
нахер	5
внук	5
джемма	5
основные	5
указания	5
стрелка	5
границ	5
уэллс	5
ги	5
действуют	5
ордера	5
очаровательно	5
боец	5
влево	5
фрай	5
детишек	5
абсурд	5
интересного	5
ничуть	5
спорта	5
выполнил	5
сектор	5
западной	5
рима	5
подходящего	5
едим	5
разбудил	5
мероприятие	5
катушек	5
продает	5
защищаешь	5
тел	5
пользовался	5
ты-то	5
тревор	5
договоримся	5
трудное	5
проходила	5
уберу	5
гай	5
бернард	5
обещать	5
принимаем	5
диксон	5
мочи	5
ѕочему	5
коди	5
привлекает	5
полезным	5
беседы	5
даёшь	5
даа	5
шея	5
поуп	5
солдата	5
пожелать	5
отступить	5
отпускать	5
фразу	5
демоны	5
ученые	5
тестов	5
зову	5
гнездо	5
хэйли	5
постараемся	5
преследуют	5
вещество	5
рассчитываю	5
депрессия	5
реальная	5
мальчику	5
голоду	5
кин	5
башни	5
бэйли	5
остановки	5
растить	5
попробуешь	5
приключения	5
туннель	5
платишь	5
стелла	5
чуток	5
остановили	5
количеством	5
выводы	5
брали	5
счастливые	5
касательно	5
помешало	5
погибших	5
разговоре	5
девчонкой	5
создан	5
характера	5
доберемся	5
ебать	5
мигель	5
рабочего	5
жертвами	5
гордился	5
бруно	5
уедет	5
свиданья	5
возможных	5
грязную	5
страшное	5
тачка	5
уверенности	5
интереснее	5
хизер	5
джинсы	5
глухой	5
яму	5
общей	5
служит	5
расследований	5
бостон	5
офицером	5
видать	5
мыть	5
падают	5
жара	5
огнем	5
опаздываем	5
относишься	5
существования	5
регулярно	5
платили	5
малость	5
мальчишки	5
пою	5
используйте	5
подросток	5
спагетти	5
защитник	5
подозревал	5
потребовалось	5
поступим	5
обучения	5
стратегия	5
истина	5
предельно	5
добавил	5
чёрные	5
фрау	5
настроения	5
счастливее	5
некий	5
анны	5
заберут	5
кража	5
разбирается	5
отменили	5
blur3	5
крутым	5
среда	5
заложники	5
уметь	5
коридор	5
соревнования	5
моррис	5
поймете	5
куртка	5
донован	5
изменение	5
масса	5
слабости	5
вынуждена	5
праздники	5
благословение	5
омар	5
начинаются	5
гибели	5
выдал	5
вызови	5
заплатите	5
захотели	5
смертельно	5
oни	5
шарики	5
дарси	5
откроешь	5
жми	5
довести	5
лечу	5
желал	5
скалли	5
профессии	5
городок	5
триш	5
дебил	5
уничтожен	5
убьёшь	5
книжку	5
красоту	5
педик	5
ночевать	5
сыновья	5
передумать	5
учит	5
back	5
зрители	5
испытывать	5
перестану	5
отнеси	5
важной	5
пополам	5
влюбиться	5
живая	5
золотая	5
топливо	5
заберем	5
блестяще	5
джентельмены	5
боссу	5
мужиком	5
заводить	5
музее	5
сработала	5
газет	5
мечом	5
достоинства	5
коллекция	5
близкие	5
тренироваться	5
умным	5
бах	5
приятеля	5
посылать	5
пятеро	5
какого-нибудь	5
ребятам	5
ангелов	5
гостиницу	5
гребаный	5
смеётся	5
змеи	5
дало	5
везёт	5
траву	5
оз	5
дикс	5
рентген	5
метра	5
племянница	5
публично	5
гад	5
улучшить	5
провода	5
генератор	5
поместье	5
баффи	5
тревогу	5
карманы	5
предать	5
месяцами	5
налить	5
бам	5
тэйлор	5
рекс	5
приснился	5
дуэйн	5
окружающей	5
плата	5
тратишь	5
развлечений	5
доложить	5
кончились	5
полета	5
кошелек	5
обращение	5
вегасе	5
лишний	5
утверждать	5
настанет	5
острый	5
премию	5
левый	5
запиши	5
пробраться	5
шутит	5
подай	5
голод	5
прилетел	5
мун	5
командование	5
западе	5
эзра	5
тяжёлый	5
позволяешь	5
чен	5
соблюдать	5
палату	5
сегодн	5
превратил	5
притвориться	5
штанах	5
братства	5
прогулки	5
гол	5
встали	5
садиться	5
жалобы	5
тормози	5
лина	5
улыбнись	5
молоком	5
рассказывали	5
непосредственно	5
ездила	5
амелия	5
сыграл	5
подписали	5
поступаешь	5
вампира	5
побывал	5
приезда	5
мексику	5
фишка	5
уолли	5
кролика	5
протест	5
умрём	5
отцы	5
свету	5
пела	5
выключите	5
визита	5
смотри-ка	5
животными	5
согласитесь	5
пульт	5
удивительная	5
китайский	5
математике	5
way	5
английские	5
поработали	5
блюда	5
задолго	5
возьмёшь	5
лук	5
повреждений	5
айви	5
посадил	5
преступлении	5
пастор	5
появление	5
вызвало	5
жирный	5
великое	5
титул	5
правую	5
ля	5
участников	5
марли	5
нравитесь	5
принимали	5
see	5
ватсон	5
клиенту	5
источника	5
мощность	5
сражался	5
выгнать	5
собираться	5
знакомства	5
рэд	5
ранить	5
подала	5
исследовать	5
справляться	5
забирайте	5
ранили	5
стьюи	5
национальный	5
экипажа	5
сдачи	5
женской	5
лос	5
похищения	5
вещам	5
получения	5
выпивкой	5
великих	5
субъект	5
одеваться	5
какие-либо	5
диплом	5
несёшь	5
иммунитет	5
порядку	5
инстинкт	5
канала	5
зелёный	5
редкость	5
ездит	5
натан	5
торговый	5
святые	5
джульетта	5
таня	5
разобрался	5
переговорить	5
отправлюсь	5
гражданских	5
английском	5
йорк	5
известных	5
грудью	5
разобрались	5
сядет	5
ошибке	5
планом	5
видимости	5
временами	5
простил	5
набрать	5
выглядели	5
афганистане	5
вывод	5
древние	5
жестокий	5
богатые	5
профи	5
уничтожены	5
bы	5
порошок	5
монти	5
признал	5
чака	5
завоевать	5
ухаживать	5
хосе	5
тьl	5
наготове	5
обручальное	5
хорошенькая	5
скольких	5
закусочной	5
еякх	5
хуан	5
прекрасных	5
страховку	5
поверят	5
течет	5
шарф	5
сущность	5
уйдём	5
кварталах	5
милочка	5
заживо	5
медленнее	5
анализов	5
фе	5
жуткий	5
готовила	5
строительство	5
включил	5
прорыв	5
опасное	5
родится	5
человеческих	5
готовят	5
напугала	5
карт	5
выбирает	5
печенья	5
меняться	5
бриллианты	5
хранение	5
син	5
ужасен	5
прощание	5
ферма	5
филадельфии	5
волшебный	5
прим	5
оставляют	5
вождь	5
рассвета	5
раб	5
королём	5
туда-сюда	5
сучки	5
интересов	5
верности	5
дойти	5
трахнул	5
детская	5
отнесу	5
защитит	5
чуточку	5
сопротивления	5
прыжок	5
налей	5
бросайте	5
трудные	5
заснул	5
веки	5
особые	5
удивительный	5
who	5
оставшиеся	5
поговоришь	5
предлагал	5
уитни	5
школьной	5
отличную	5
прикрой	5
помогали	5
down	5
жидкости	5
шарик	5
нападении	5
привычки	5
долга	5
частной	5
беспокойства	5
кишки	5
достоинство	5
законов	5
пропущу	5
посоветовал	5
вернее	5
похожим	5
вытащите	5
испытываю	5
праву	5
иное	5
глупец	5
мур	5
технология	5
кандидатов	5
бекон	5
охраной	5
портер	5
ожидаю	5
коллекции	5
силен	5
elderman	5
ниндзя	5
майку	5
действуй	5
терапия	5
развитие	5
занято	5
страница	5
серьезного	5
холод	5
спасу	5
замечал	5
обратное	5
борис	5
похитить	5
his	5
записывать	5
прикончить	5
курю	5
грэйс	5
обязательства	5
сходится	5
площадь	5
января	5
чужих	5
выступает	5
обрести	5
голыми	5
эльза	5
зоопарк	5
почки	5
доставка	5
ссориться	5
рос	5
нервный	5
желанием	5
погулять	5
топлива	5
любовница	5
лейн	5
серьёзное	5
прихода	5
стейк	5
готовил	5
сохранил	5
ответе	5
формально	5
изменило	5
классика	5
сходил	5
странной	5
проси	5
упорно	5
братьями	5
позволяют	5
рабов	5
взялись	5
местная	5
сестер	5
уничтожу	5
мотеле	5
зовёт	5
барон	5
мыло	5
опасная	5
гольфа	5
дикий	5
общение	5
старушка	5
холле	5
пикник	5
заводит	5
as	5
музыкальный	5
баланс	5
съели	5
пение	5
откроет	5
фермы	5
а-а-а	5
сломалась	5
оперировать	5
берега	5
существовании	5
женишься	5
подростков	5
федеральный	5
бренда	5
потанцуем	5
ванная	5
дочерей	5
надеется	5
страхе	5
некоторыми	5
смейся	5
ножки	5
доход	5
ча	5
добились	5
порвала	5
потерпи	5
взрослым	5
повреждение	5
отменяется	5
фотограф	5
приготовься	5
мотель	5
оркестр	5
кушать	5
развлечения	5
ешьте	5
подобраться	5
элемент	5
долой	5
пересмотреть	5
услышу	5
слежения	5
прерываю	5
хе	5
системой	5
топор	5
рынка	5
нарушить	5
потеряет	5
никакие	5
трубу	5
коды	5
рейган	5
листа	5
салон	5
сменил	5
полудня	5
утка	5
бельё	5
прятать	5
бренди	5
убивай	5
new	5
соседней	5
лаура	5
бэт	5
террорист	5
зануда	5
европу	5
посередине	5
толстая	5
уточнить	5
осознать	5
u	5
шахматы	5
процедуры	5
совершать	5
умом	5
пообещать	5
стараешься	5
граждане	5
мощь	5
баскетбол	5
убрал	5
парик	5
провернуть	5
жару	5
рождественский	5
убьем	5
главу	5
природу	5
любимую	5
мэром	5
ведете	5
белья	5
широко	5
кошку	5
контакты	5
справитесь	5
поедете	5
тренировка	5
улыбаешься	5
посмотри-ка	5
ранена	5
лифта	5
поражения	5
отсутствует	5
татуировка	5
объяснишь	5
good	5
учись	5
форт	5
велика	5
репутации	5
поклясться	5
облегчить	5
принцип	5
одевайся	5
пэт	5
джаред	5
заболевание	5
победе	5
прибыла	5
федерации	5
заклад	5
автограф	5
фабрике	5
атмосферу	5
выпускников	5
свиданий	5
эдит	5
ужасна	5
соглашения	5
домике	5
разрешено	5
репетиции	5
погоды	5
ряду	5
оставалась	5
подразделения	5
что-что	5
заканчивай	5
перешли	5
здоровяк	5
планировала	5
стесняйся	5
частей	5
несчастного	5
дружить	5
ранения	5
подготовка	5
войдет	5
ƒавай	5
нужное	5
item	5
снимем	5
улажу	5
продам	5
производства	5
джоша	5
простых	5
задумали	5
девушкам	5
утверждают	5
рисунки	5
гён	5
необходима	5
серию	5
заказывал	5
пациентом	5
skipped	5
больны	5
сраный	5
орудия	5
милости	5
кинжал	5
ѕривет	5
рекомендации	5
предков	5
nr	5
услышите	5
глупое	5
чую	5
впусти	5
нажми	5
количества	5
остин	5
голой	5
зарплата	5
благотворительность	5
освободили	5
мужество	5
платок	5
сердишься	5
предположения	5
джоанна	5
бесконечно	5
доказал	5
извинился	5
взволнована	5
диноззо	5
куришь	5
вернет	5
скучает	5
обстоятельств	5
пятницы	5
спущусь	5
попытались	5
награды	5
избавился	5
волшебство	5
погибнет	5
директоров	5
жажда	5
красную	5
золотом	5
известна	5
выиграем	5
вопросам	5
переживайте	5
желаний	5
космоса	5
злые	5
обеспокоен	5
картинки	5
необходим	5
единой	5
сделке	5
голый	5
королевский	5
электричества	5
фигура	5
г-жа	5
китая	5
легкий	5
цивилизации	5
выбрался	5
начеку	5
резать	5
стараемся	5
шары	5
удерживать	5
чёртовы	5
придете	5
мерседес	5
издалека	5
цела	5
бросок	5
дэна	5
завтрака	5
джеф	5
джем	5
врала	5
обязанностей	5
поработал	5
понимания	5
подождём	5
признак	5
зима	5
больным	5
дрейк	5
ставишь	5
обращался	5
сдала	5
прическа	5
купите	5
конгресс	5
борода	5
спальня	5
криминалисты	5
сплетни	5
смешная	5
полотенца	5
вправо	5
моментом	5
крупных	5
гарантировать	5
убийствах	5
ураган	5
суббота	5
врёт	5
напуганы	5
смеете	5
болью	5
молоток	5
приглашаю	5
соки	5
охотятся	5
знаний	5
сломан	5
мыслях	5
гроша	5
предполагал	5
геи	5
высшего	5
нуля	5
севера	5
ария	5
доставать	5
джудит	5
унизительно	5
придем	5
бьюсь	5
травку	5
подам	5
гу	5
ho	5
энтерпрайз	5
создала	5
опоздаем	5
смущает	5
фокс	5
гляньте	5
прочел	5
предпочитаешь	5
предел	5
бумаге	5
will	5
радиусе	5
пыли	5
противник	5
ужасного	5
приближаются	5
мёртвым	5
победим	5
капрал	5
пройдем	5
наркоман	5
получали	5
принципы	5
этап	5
удивить	5
точное	5
неправильный	5
произносить	5
основная	5
wo	5
ходе	5
сюрпризов	5
ключа	5
запястье	5
присоединился	5
смертный	5
найдена	5
приятная	5
террористы	5
начистоту	5
рубашке	5
дойдет	5
оливера	5
толпу	5
взломал	5
обход	5
родить	5
искусств	5
наблюдает	5
судебного	5
ставка	5
действовал	5
столу	5
казался	5
женские	5
выжили	5
покидает	5
публике	5
грузовике	5
эксперименты	5
показался	5
безумная	5
умел	5
попытаемся	5
оправдания	5
пуст	5
империя	5
оставите	5
прыгнуть	5
опасные	5
поищем	5
суток	5
алана	5
периметр	5
записала	5
одеться	5
допущу	5
стыд	5
стаканчик	5
пё	5
обманули	5
смеха	5
портал	5
внутренний	5
разочарование	5
погляди	5
мошенничество	5
мейсон	5
избавить	5
объявили	5
неподалёку	5
по-разному	5
чуваки	5
терапию	5
делить	5
подумаем	5
финансовые	5
вплоть	5
скалы	5
тяжелое	5
волки	5
картинка	5
лишился	5
примешь	5
справки	5
упомянуть	5
телефонов	5
разобрать	5
франк	5
ираке	5
студия	5
дизайн	5
свободные	5
показ	5
скай	5
связалась	5
паршиво	5
официальное	5
кадров	5
куклу	5
двойное	5
ругаться	5
рапорт	5
hey	5
голодный	5
учат	5
целовались	5
морис	5
вызовет	5
лола	5
обсудили	5
ожидание	5
яблоки	5
мел	5
этом-то	5
проектом	5
хьюго	5
поужинаем	5
австралии	5
общая	5
применить	5
клиники	5
негде	5
били	5
езжайте	5
полицейской	5
закончен	5
глен	5
серебро	5
леонардо	5
печаль	5
советом	5
использования	5
большому	5
ошибается	5
сбила	5
низкий	5
оскорбление	5
невестой	5
менеджером	5
пита	5
ничтожество	5
взорвется	5
прекращай	5
направляемся	5
выследить	5
астрид	5
присоединяйся	5
страной	5
военного	5
белла	5
ключей	5
начальство	5
предала	5
классах	5
звание	5
расследованию	5
внутренней	5
посылает	5
лестница	5
целы	5
примете	5
ври	5
бич	5
улиц	5
исправлю	5
древних	5
вознаграждение	5
гром	5
назову	5
воры	5
принесёт	5
мечтой	5
обыскали	5
обращаются	5
поездке	5
верен	5
побеждает	5
старшим	5
главные	5
диктор	5
подозреваемым	5
мадмуазель	5
составляет	5
фрост	5
фактов	5
умирал	5
слоан	5
лгу	5
выигрывает	5
уставился	5
несчастным	5
охране	5
скончался	5
местного	5
проголодался	5
подушку	5
падать	5
снимали	5
высшей	5
выбить	5
ссоры	5
сапоги	5
красным	5
отправлять	5
oнa	5
халат	5
взаперти	5
think	5
умолять	5
занялся	5
рамках	5
брайана	5
многими	5
прекратишь	5
расы	5
жопе	5
исходя	5
книжки	5
держим	5
okay	5
выжила	5
лишнего	5
используете	5
сопровождать	5
мужиков	5
желудка	5
ху	5
твари	5
близкий	5
мертвые	5
центральный	5
находились	5
килограмм	5
общем-то	5
эксперты	5
кт	5
богиня	5
нарисовать	5
притащил	5
расстроился	5
присмотри	5
семейная	5
нед	5
дорис	5
наставник	5
заблуждение	5
монеты	5
обсуждаем	5
теоретически	5
совете	5
беседа	5
подарили	5
супруга	5
мила	5
снимаем	5
гарднер	5
возможным	5
хлои	5
разберись	5
наблюдением	5
дева	5
вкусные	5
уловка	5
пятой	5
голливуд	5
штукой	5
предъявить	5
черное	5
реае	5
продуктов	5
старались	5
геем	5
получай	5
поёт	5
хвосте	5
сядешь	5
одиноким	5
знайте	5
прибор	5
слушания	5
неужто	5
оскара	5
открываю	5
домах	5
праздника	5
чье	5
мыслить	5
соберу	5
тобою	5
заверить	5
необходимые	5
приложение	5
дедушкой	5
инспектора	5
цветами	5
подтвердили	5
отверстие	5
виноватым	5
немецкий	5
позвали	5
подхожу	5
патрика	5
постоять	5
трахать	5
вce	5
компьютером	5
окажешься	5
странных	5
добралась	5
красивую	5
врут	5
пространстве	5
условие	5
молюсь	5
квин	5
процедуру	5
сдох	5
почве	5
свяжитесь	5
приносят	5
расстояния	5
больная	5
расположение	5
весна	5
вломился	5
вопросами	5
готовишь	5
королевства	5
отпуска	5
долине	5
заманчиво	5
акула	5
активность	5
рекламе	5
делишки	5
соедините	5
улыбкой	5
клиентами	5
флориде	5
забор	5
связались	5
подошли	5
дейл	5
мыши	5
глоток	5
заднюю	5
синяки	5
фелисити	5
мертвого	5
одинокой	5
психолог	5
старк	5
насмерть	5
печали	5
изнасиловали	5
устранить	5
тупым	5
британии	5
монастырь	5
взгляну	5
невероятное	5
солнечной	5
гленн	5
деловой	5
бургер	5
воины	5
сказка	5
замечание	5
атмосфера	5
книгой	5
выпуска	5
наследие	5
подпишите	5
покупатель	5
волнуют	5
джексона	5
всемогущий	5
квартала	5
нмю	5
мощный	5
бизнесмен	5
глупым	5
держишься	5
юджин	5
снимают	5
бремя	5
красив	5
кружится	5
корзину	5
извинений	5
выпал	5
секси	5
нарушения	5
заводи	5
переулке	5
корее	5
повторите	5
хранил	5
палочки	5
ковер	5
борется	5
принадлежал	5
эбигейл	5
поверни	5
оснований	5
прогулка	5
перешел	5
шляпы	5
брате	5
оправдать	5
правом	5
монк	5
корни	5
рико	5
стресса	5
публика	5
паула	5
подготовку	5
доставки	5
утонул	5
очередная	5
настроен	5
прикрою	5
иен	5
монстров	5
вздор	5
угадать	5
разорвать	5
прежней	5
денек	5
подписала	5
помедленнее	5
эрни	5
предпочитает	5
жестокость	5
комиссия	5
смешным	5
концы	5
учителей	5
неделями	5
мотоцикле	5
монтгомери	5
натворила	5
ехала	5
крышка	5
цента	5
собираю	5
крупные	5
сканирование	5
мерзость	5
колорадо	5
надя	5
ладненько	5
слушали	5
подумываю	5
дженис	5
кардинал	5
превосходительство	5
потере	5
мэйсон	5
смеялся	5
мостик	5
известным	5
проверяет	5
гейб	5
откроется	5
судна	5
засекли	5
слабые	5
уходила	5
лэнс	5
красивым	5
бросаю	5
окон	5
прокурором	5
дано	5
достойный	5
заряд	5
часах	5
водки	5
мыслью	5
уолкер	5
спортзал	5
дан	5
вспышка	5
идеальным	5
реагирует	5
слыхал	5
стань	5
скот	5
изумительно	5
вправе	5
особенности	5
подозревать	5
полагаем	5
опытом	5
игроки	5
спешите	5
хьюстон	5
просьбу	5
договорился	5
гон	5
находите	5
перемен	5
незнакомец	5
левую	5
стыдиться	5
us	5
прекрасного	5
покататься	5
захват	5
гитаре	5
англия	5
сдамся	5
договора	5
торчать	5
военная	5
управлении	5
полномочия	5
кражу	5
профессия	5
теннис	5
исполнении	5
впечатляюще	5
приезжал	5
замечательное	5
общался	5
пещере	5
утру	5
заботы	5
прочла	5
небось	5
понадоблюсь	5
толк	5
акцентом	5
дыма	5
вырваться	5
часу	5
ром	5
солдатом	5
даты	5
тьму	5
сожгли	5
процент	5
ерунды	5
четверых	5
мели	5
бостоне	5
судьей	5
руководить	5
предметом	5
злись	5
членами	5
криса	5
государь	5
уберечь	5
обожают	5
похоронили	5
слуги	5
посольство	5
съемки	5
гонка	5
следствие	5
прогуляемся	5
обезьяны	5
бейкер	5
дуглас	5
местности	5
никакая	5
пускать	5
освободи	5
соло	5
замки	5
предполагалось	5
ружья	5
эдвардс	5
включите	5
коллекцию	5
находясь	5
заинтересованы	5
духу	5
мудрость	5
бендер	5
чёртову	5
мамочки	5
прежнему	5
определенные	5
вмешаться	5
обратный	5
беспокоилась	5
тэмми	5
суммы	5
новенькое	5
напала	5
лгут	5
погибло	5
продлится	5
истину	5
пациентка	5
тай	5
сигнализация	5
терпения	5
химии	5
передала	5
радует	5
идиотов	5
зарабатываю	5
величайший	5
реальные	5
воинов	5
принцессу	5
храбрый	5
удобнее	5
полпути	5
гидеон	5
пройдут	5
удавалось	5
солнцем	5
отправишься	5
взлом	5
страшные	5
джои	5
точке	5
кулак	5
позволено	5
тайминг	5
последствий	5
отче	5
метрах	5
выяснила	5
жизнями	5
гордости	5
остановим	5
шэрон	5
известного	5
мика	5
кое-кому	5
понедельника	5
слове	5
репортер	5
горячее	5
чистить	5
успею	5
вены	5
трахал	5
пивом	5
накануне	5
идее	5
высший	5
бутылок	5
устоять	5
уоллес	5
годовщина	5
нежно	5
берёшь	5
спустить	5
конгрессмен	5
правильные	5
гостя	5
частную	5
heт	5
мэрилин	5
звон	5
монстры	5
закрыла	5
антон	5
свадебный	5
убедила	5
прыгнул	5
высоким	5
лестницу	5
кадр	5
лицензию	5
вложил	5
осуждать	5
вечеринок	5
нарушать	5
несёт	5
городского	5
князь	5
летний	5
бегут	5
официантка	5
оценку	5
революция	5
ночные	5
защищаю	5
выпустил	5
неизбежно	5
распространяется	5
переходит	5
частицы	5
пробки	5
убрали	5
добыть	5
выполняю	5
фронт	5
взлома	5
заканчивать	5
полные	5
заводе	5
хулио	5
форман	5
подняли	5
трогательно	5
различные	5
повесил	5
вердикт	5
закуски	5
женщинах	5
парковку	5
башню	5
нижнее	5
бандиты	5
данной	5
намерены	5
закрою	5
ближайший	5
завязал	5
объявил	5
спросим	5
хит	5
попросишь	5
кита	5
вируса	5
интересным	5
матерь	5
по-испански	5
петра	5
дельта	5
отбой	5
контейнер	5
дорогое	5
дженкинс	5
сдавать	5
обратил	5
подтверждаю	5
заслужить	5
листья	5
моргана	5
водил	5
рэя	5
близка	5
дурачок	5
научили	5
соли	5
кажешься	5
чудесное	5
почтовый	5
бл	5
достанем	5
заказали	5
местность	5
навечно	5
охренеть	5
щенок	5
угрожали	5
почаще	5
ненормально	5
шестьдесят	5
шляпе	5
ћадно	5
кузена	5
жажду	5
девочкам	5
девка	5
спустился	5
моментов	5
приготовили	5
одолжил	5
назначение	5
стрельбы	5
просмотрел	5
обвинению	5
отъезда	5
справляюсь	5
ненормальная	5
бедра	5
расстроены	5
инфекции	5
сухой	5
проверяли	5
директору	5
будущий	5
поэт	5
купит	5
кадры	5
ошибалась	5
гласит	5
френк	5
тащить	5
тесно	5
улететь	5
братство	5
выдумал	5
избавься	5
базз	5
удачного	5
пончики	5
люцифер	5
кексы	5
забил	5
садится	5
возможные	5
планируете	5
втянул	5
норму	5
мерзкий	5
дикие	5
подобной	5
постоянный	5
уроды	5
подчиняться	5
любопытство	5
услуга	5
конфет	5
кеннет	5
ожидают	5
родные	5
соусом	5
верьте	5
полицейском	5
получала	5
подают	5
опыту	5
знакомым	5
луне	5
сожалеть	5
целые	5
площадку	5
разглядеть	5
подбросить	5
зацепки	5
лир	5
отменил	5
шишка	5
голым	5
проделали	5
наладится	5
представиться	5
пэтти	5
галактики	5
телевидении	5
бин	5
переживал	5
забирают	5
недостатки	5
практики	5
работники	5
фантазия	5
мал	5
болеть	5
джону	5
показывали	5
дыре	5
кассету	5
научились	5
догоню	5
вопреки	5
заставим	5
мег	5
готовьтесь	5
охранники	5
потерялся	5
родных	5
пропустим	5
потрясающие	5
рассматривать	5
уничтожение	5
левая	5
ощущаю	5
ярдов	5
приказа	5
замолчите	5
удержаться	5
рановато	5
возвращении	5
номеру	5
розыск	5
отказываться	5
потрясно	5
представил	5
вырастет	5
жалости	5
грегори	5
чжан	5
превратится	5
собирай	5
парад	5
богатство	5
взялась	5
школой	5
прятался	5
жопа	5
происхождения	5
ужасных	5
джоэл	5
условий	5
ревновать	5
изображать	5
раскрыл	5
физики	5
будить	5
недоволен	5
железной	5
выкуп	5
пытайтесь	5
навещать	5
поздоровайся	5
осенью	5
сумасшедшим	5
следователь	5
выметайся	5
то-то	5
покупают	5
сантиметров	5
интересные	5
подготовил	5
уронил	5
мешки	5
просмотреть	5
воспоминание	5
секторе	5
вступил	5
сейфе	5
унитаз	5
начинали	5
расстраивать	5
шрамы	5
знакомые	5
проводила	5
эт	5
з	5
разрушения	5
оплату	5
сумасшедшей	5
муки	5
слезай	5
младенец	5
вкусом	5
подъем	5
чувствуем	5
послушал	5
официальный	5
объяснит	5
черным	5
нужный	5
бяе	5
дачи	5
изменял	5
аш	5
проехал	5
примем	5
чи	5
слабак	5
веса	5
упоминать	5
бедной	5
молчишь	5
осуществить	5
драконов	5
бегает	5
сражались	5
согласишься	5
соседями	5
продюсеры	5
связей	5
зарабатывает	5
третью	5
сфере	5
рассказывают	5
челюсть	5
взяться	5
серый	5
машинах	5
свободных	5
брэдли	5
темная	5
федерального	5
вирджинии	5
хэл	5
меча	5
исключено	5
комнат	5
карло	5
чудно	5
джея	5
повеселимся	5
пойдёте	5
интрижка	5
hlxr	5
музыкант	5
sylcolor	5
блеск	5
простыни	5
юридической	5
барахло	5
макияж	5
bord3	5
жучок	5
лапы	5
кортни	5
обстановка	5
комплекс	5
забраться	5
попалась	5
доску	5
сарае	5
решеткой	5
провалился	5
ростом	5
интересуется	5
адель	5
извинись	5
сомнение	5
побить	5
врат	5
урожай	5
известная	5
идеальной	5
вест	5
дке	5
темный	5
февраля	5
вселенную	5
дворца	5
радуйся	5
пригодиться	5
участвует	5
закрывать	5
африки	5
городке	5
рожать	5
крышей	5
убедительно	5
карма	5
линн	5
контракта	5
называла	5
разрешила	5
женская	5
здравоохранения	5
пр	5
проверяем	5
наткнулся	5
пустыми	5
лёгких	5
вынесу	5
разведка	5
обсуждается	5
морге	5
фанни	5
ящика	5
приступить	5
песне	5
надевай	5
израиль	5
вонь	5
гордостью	5
настоящем	5
заткни	5
задании	5
особой	5
среде	5
заговорит	5
соскучился	5
воровать	5
чудом	5
кварталов	5
веревку	5
школьного	5
заперли	5
стрела	5
вечеру	5
старому	5
уходом	5
уютно	5
останавливается	5
сбора	5
побежали	5
начните	5
проиграешь	5
придурком	5
покупками	5
следишь	5
прервать	5
напоминаю	5
предпочёл	5
alex	5
little	5
картинку	5
затея	5
лбу	5
кресла	5
лихорадка	5
безумия	5
подозревает	5
просыпаюсь	5
заходила	5
охотников	5
пришельцы	5
способностей	5
ной	5
встретилась	5
корону	5
извиняйся	5
ривер	5
мёрфи	5
вчерашний	5
нереально	5
жестоким	5
население	5
эддисон	5
двигаемся	5
происходить	5
чха	5
сарой	5
шкуру	5
кубок	5
участвую	5
секретные	5
исчезло	5
умрете	5
часам	5
гарантии	5
расследованием	5
скучный	5
канале	5
франсин	5
повесили	5
допустил	5
уэсли	5
сравнить	5
око	5
призналась	5
оставались	5
коровы	5
хор	5
впредь	5
ввс	5
упражнения	5
внутренние	5
требовать	5
стражей	5
понятие	5
волка	5
простила	5
предосторожности	5
плыть	5
собаке	5
продается	5
решат	5
приступа	5
передатчик	5
клеток	5
каллен	5
наркоту	5
пейте	5
чиста	5
мгновенно	5
раком	5
ком-то	5
побережья	5
маске	5
сообщество	5
учила	5
сестрёнка	5
ядро	5
стража	5
лгунья	5
поменял	5
уверенна	5
a6	5
записки	5
отставке	5
истинная	5
эхо	5
заеду	5
салфетки	5
лоренцо	5
развлекаться	5
мастерской	5
морг	5
сволочи	5
ситуациях	5
мики	5
кора	5
республики	5
клана	5
обращается	5
кук	5
грипп	5
черепаха	5
робота	5
возможностью	5
отдадим	5
краже	5
спасает	5
уильяма	5
кокаина	5
подольше	5
судьбой	5
надевать	5
страдают	5
двадцати	5
глазки	5
пьесу	5
покрепче	5
take	5
научный	5
маловероятно	5
совершенство	5
фоне	5
легенды	5
пересечь	5
полны	5
лицензии	5
забудет	5
крамер	5
шотландии	5
кредитки	5
рабочее	5
миф	5
миллиарды	5
интернета	5
бессмыслица	5
шлюх	5
шины	5
вредно	5
синтия	5
выбором	5
майклом	5
нефти	5
произведение	5
туалета	5
вора	5
заперты	5
марку	5
минутах	5
фея	5
телевизора	5
завязать	5
моделью	5
подали	5
пузырь	5
чума	5
каких-либо	5
виктора	5
москве	5
шерри	5
посадку	5
кейс	5
долгих	5
заключенный	5
вернём	5
shad0	5
посылка	5
чёрного	5
тебе-то	5
ужину	5
оборудования	5
гражданской	5
увезти	5
жаждет	5
препарат	5
должным	5
забот	5
признайся	5
проклятые	5
воображения	5
младшая	5
мишень	5
дурой	5
возьмёт	5
мед	5
добром	5
хирургии	5
обезьян	5
среднем	5
мелли	5
хаммонд	5
морти	5
посылал	5
холден	5
раскрыли	5
куклы	5
хиппи	5
передавай	5
ладони	5
столкнуться	5
исчезают	5
сюзанна	5
тернер	5
библиотека	5
палаты	5
присоединюсь	5
водит	5
мужества	5
расстроилась	5
бывшие	5
фальшивые	5
испанский	5
большинстве	5
ключом	5
магазины	5
открытом	5
дебра	5
дышите	5
отвратительный	5
иностранных	5
антуан	5
слабо	5
врагами	5
центральной	5
поведении	5
удивительное	5
репетиция	5
реальностью	5
грязной	5
шире	5
зависимость	5
отошли	5
передохнуть	5
переходим	5
драма	5
чемпионат	5
окном	5
барб	5
бутерброд	5
отсутствия	5
молодчина	5
отдаст	5
тeбe	5
пригласи	5
живого	5
мамочке	5
возмутительно	5
впорядке	5
педро	5
желе	5
отобрать	5
красавец	5
брайен	5
пьёт	5
смирись	5
беном	5
сбережения	5
познакомьтесь	5
захотим	5
ну-ну	5
коль	5
агенту	5
горд	5
опеку	5
том-то	5
чердаке	5
развестись	5
пища	5
эдгар	5
веселый	5
наблюдаю	5
марси	5
малышку	5
дрался	5
генеральный	5
мил	5
подвинься	5
переживу	5
пришлите	5
удивление	5
чистую	5
концерте	5
идеален	5
птицу	5
гробу	5
завершена	5
шагу	5
советов	5
молитву	5
танцую	5
сердцебиение	5
засунул	5
секретное	5
рожу	5
отстаньте	5
злодей	5
тревожит	5
подвел	5
наруто	5
пред	5
переночевать	5
железный	5
слушают	5
передает	5
икс	5
поднимайтесь	5
именами	5
временной	5
ударился	5
ma	5
подобрал	5
лёгкие	5
потребности	5
вечере	5
продержаться	5
статье	5
печь	5
уснул	5
джонас	5
худшая	5
отражение	5
страховой	5
грибы	5
подошёл	5
полезное	5
повыше	5
тупо	5
приезжают	5
животным	5
притворяется	5
вставить	5
планет	5
похожий	5
приказано	5
полом	5
омлет	5
тайком	5
иди-ка	5
обоими	5
догнать	5
гигантский	5
верное	5
джаспер	5
томом	5
виноватой	5
уорд	5
ошибаться	5
м-м	5
этапе	5
свежим	5
яхте	5
руководством	5
лекцию	5
юстиции	5
использовано	5
херню	5
почты	5
южный	5
выживание	5
сущности	5
медицинскую	5
запуск	5
ћожет	5
стоянке	5
голубая	5
толкнул	5
признали	5
присоединится	5
кодекс	5
лила	5
обнаружено	5
горячую	5
предполагает	5
бьют	5
тренером	5
сёстры	5
городов	5
понимали	5
симмонс	5
посылку	5
настаивает	5
назовем	5
скрываться	5
жанна	5
blur5	5
морду	5
выучить	5
оплаты	5
скидку	5
километрах	5
сада	5
необычный	5
определение	5
означало	5
перебор	5
коров	5
саймона	5
взорвалась	5
задумала	5
хелена	5
проведём	5
ото	5
присутствия	5
ценное	5
пострадала	5
круги	5
верхней	5
старайся	5
погоду	5
равных	5
фиг	5
михаил	5
продолжишь	5
неизвестный	5
долбаный	5
курил	5
останьтесь	5
кев	5
короткие	5
танцуешь	5
чувака	5
слышим	5
повода	5
зайдем	5
задержаться	5
записано	5
сорвать	5
годовщину	5
did	5
едите	5
отсек	5
выпускного	5
берлине	5
графиня	5
вини	5
приказам	5
приюте	5
науке	5
кол	5
настоящими	5
сократить	5
фанаты	5
семейной	5
стыда	5
джаз	5
обязательств	5
голд	5
александра	5
красных	5
перевода	5
председателя	5
причинит	5
похожего	5
нужные	5
куколка	5
бык	5
внука	5
марвин	5
попадешь	5
тормоза	5
проекте	5
анри	5
хэтти	5
сообщает	5
снится	5
паб	5
санни	5
серьёзный	5
предлагают	5
приглашать	5
пришельцев	5
присмотрю	5
донести	5
джорджия	5
серена	5
отвечают	5
приговора	5
творит	5
костюма	5
крюк	5
выпускать	5
царство	5
мягкий	5
классический	5
пацана	5
бала	5
дэниела	5
верным	5
заходим	5
по-быстрому	5
сильны	5
пилота	5
морских	5
мелкая	5
пятая	5
лети	5
содержать	5
посту	5
мафии	5
материала	5
коллегами	5
an	5
королеве	5
пользуются	5
проблеме	5
следующему	5
уф	5
совершено	5
эпохи	5
ответственный	5
талантов	5
стесняйтесь	5
общественного	5
нефть	5
упало	5
повлияет	5
воспользуюсь	5
проклятая	5
трагедии	5
поиске	5
выживания	5
готовность	5
хэ	5
странах	5
исходит	5
клод	5
кандидата	5
труди	5
расследуем	5
освободиться	5
пообещала	5
испытывает	5
выберу	5
уволился	5
ранил	5
упадет	5
содержимое	5
немцев	5
желтый	5
прочти	5
спрашивайте	5
успокоится	5
сегодняшней	5
восстановление	5
испытывал	5
майло	5
одеты	5
залез	5
боролись	5
тьме	5
радиации	5
штанов	5
вернешь	5
гибсон	5
изображения	5
вуаля	5
самочувствие	5
ассоциации	5
мурашки	5
имущества	5
положим	5
конкурса	5
заметки	5
потерю	5
психопат	5
прекратил	5
подростки	5
относился	5
покупаешь	5
аккуратнее	5
пострадали	5
одолжении	5
плен	5
трамп	5
появлялся	5
рации	5
подстрелил	5
пытать	5
телефонных	5
раздобыть	5
дерьмово	5
продолжали	5
баллов	5
пялиться	5
германия	5
нормальное	5
спорили	5
пленку	5
торговец	5
поступаю	5
смеёшься	5
актёр	5
скрывал	5
придурка	5
продолжала	5
очко	5
му	5
серьёзная	5
выслушивать	5
порог	5
чудесные	5
соскучилась	5
играх	5
игрушек	5
покупателей	5
интуиция	5
застал	5
бедного	5
напоминание	5
саммер	5
библию	5
блэк	5
квинн	5
детскую	5
поищи	5
запомню	5
купол	5
разговаривай	5
произошли	5
весит	5
сконцентрироваться	5
застрелен	5
напиться	5
четверти	5
невероятный	5
сотня	5
целой	5
англичане	5
comment	5
фургона	5
детских	5
шоколадный	5
заперт	5
забываешь	5
шантаж	5
купаться	5
сказку	5
опеки	5
испортили	5
джунглях	5
театра	5
ана	5
домашние	5
температуру	5
грёбаный	5
спортивный	5
талисман	5
медсестры	5
исход	5
чемоданы	5
выводу	5
спастись	5
живей	5
домашнего	5
доставляет	5
ножа	5
заботилась	5
гамильтон	5
темной	5
молнии	5
военным	5
стражу	5
отцов	5
видал	5
клауса	5
секретаря	5
джунгли	5
выпейте	5
государственный	5
рокки	5
водка	5
давит	5
международный	5
одолеть	5
подписи	5
женского	5
порцию	5
особых	5
человеческую	5
грязно	5
подушки	5
уважают	5
чайник	5
запретил	5
спермы	5
горя	5
ртом	5
ночка	5
божьей	5
брукс	5
пачку	5
выдержу	5
передаю	5
выходу	5
наблюдают	5
отправляйтесь	5
запал	5
поцелуя	5
торта	5
правильном	5
айзек	5
волосах	5
смешное	5
жуть	5
устраивают	5
врезался	5
латте	5
включай	5
четвёртый	5
стеной	5
угадал	5
триста	5
пожертвовал	5
признает	5
организацию	5
потерплю	5
спенс	5
вызывали	5
реальном	5
землёй	5
попросит	5
верховный	5
черты	5
внешний	5
розыгрыш	5
турнир	5
миров	5
рисковал	5
свежая	5
посещать	5
побывать	5
оторваться	5
богаты	5
религия	5
самолёта	5
камнем	5
лифчик	5
японию	5
хлопья	5
ранены	5
грязных	5
да-а	5
увезли	5
объяснений	5
гордится	5
братик	5
джекс	5
потрясающее	5
сыпь	5
пристрелю	5
разбили	5
сэмом	5
способный	5
показывай	5
риску	5
пользуюсь	5
задумывался	5
бездомных	5
неуместно	5
принимая	5
запуталась	5
уэс	5
ограбил	5
прячет	5
отвез	5
признавать	5
татуировки	5
тимми	5
закажу	5
операцией	5
пустил	5
рассчитывал	5
заметят	5
записям	5
куин	5
or	5
полагал	5
настрой	5
вытащила	5
аллах	5
велела	5
вспомнит	5
футболка	5
зеркала	5
категории	5
попадают	5
авто	5
толпе	5
исполнять	5
ужасов	5
клади	5
командовать	5
приемной	5
подтверждения	5
перерыва	5
сарай	5
спятила	5
доставил	5
запада	5
ебаный	5
восточном	5
дружбе	5
опоздать	5
элла	5
элайджа	5
выразился	5
сдам	5
младенца	5
стратегию	5
кнопка	5
казалась	5
девственница	5
поднимем	5
циа	5
навести	5
британский	5
покинет	5
заблудился	5
склада	5
наступила	5
картошка	5
приняты	5
ценный	5
преследовали	5
крот	5
имей	5
животного	5
нарушили	5
провод	5
воздушный	5
решаю	5
царапины	5
вскрытия	5
хот	5
пошлите	5
ингрид	5
умолял	5
древний	5
повесят	5
капля	5
впечатлен	5
диски	5
швы	5
надрать	5
приказали	5
предназначение	5
клиентам	5
боевых	5
револьвер	5
выясни	5
морин	5
пробы	5
кристал	5
слышат	5
приятели	5
откажется	5
предупредили	5
песней	5
раса	5
посвятить	5
проверяла	5
предложением	5
грехов	5
нуждаемся	5
вкуса	5
проникновение	5
востока	5
футболки	5
началу	5
сражение	5
особая	5
нападать	5
металла	5
черти	5
клайв	5
виделся	5
взглянул	5
совпадения	5
рыбалку	5
клей	5
труба	5
целым	5
упомянула	5
пособие	5
хлопот	5
привлекать	5
надеясь	5
пироги	5
чёрных	5
отвлечься	5
одеждой	5
свидетельства	5
красном	5
переводчик	5
западном	5
теряют	5
торговли	5
зараза	5
бруклине	5
подпишу	5
удивлены	5
сложить	5
сдерживать	5
перешла	5
задерживать	5
высоту	5
лиге	5
букет	5
кода	5
заказывать	5
океане	5
лас	5
сообщества	5
магией	5
придумай	5
верна	5
филлис	5
развелись	5
майлс	5
разрушит	5
напарником	5
обращались	5
исходе	5
короткое	5
высоких	5
автоответчик	5
вмешательство	5
тайлера	5
предупреждала	5
сроки	5
кейли	5
порту	5
кило	5
предали	5
догадываюсь	5
старыми	5
профессором	5
потрогать	5
проведения	5
оттого	5
армией	5
домашних	5
редкий	5
тори	5
объявления	5
страдала	5
вооружен	5
уничтожена	5
элементы	5
винсента	5
звёзд	5
сэ	5
блинчики	5
мальчиками	5
старуха	5
окружении	5
подвести	5
шантажировать	5
миллиарда	5
преступником	5
аукцион	5
препараты	5
кондиционер	5
генрих	5
соблазнить	5
нeт	5
поосторожнее	5
научишься	5
пахнешь	5
заманить	5
башне	5
букву	5
шерман	5
ветром	5
жизненно	5
алкоголик	5
ru	5
наследник	5
удаётся	5
рыбка	5
могила	5
кнопки	5
карандаш	5
надеешься	5
лиса	5
спой	5
дань	5
индейцев	5
алкоголем	5
взглянем	5
изнасилования	5
blur2	5
болтовня	5
угощаю	5
курит	5
хвала	5
ховард	5
взорвался	5
огги	5
штаба	5
прикасаться	5
услышат	5
заглянул	5
жалкие	5
предполагается	5
остального	5
виновна	5
why	5
схватки	5
клиника	5
захватывающе	5
миллс	5
судьбе	5
очнулась	5
стипендию	5
вырезать	5
стороной	5
прибывает	5
потолок	5
проверяют	5
отдыхай	5
выгодно	5
чётко	5
погибнут	5
пожарный	5
знаменитость	5
запугать	5
современной	5
ha	5
отношениям	5
высокое	5
been	5
бухгалтер	5
дави	5
внутреннее	5
посиди	5
кражи	5
поцелую	5
мирно	6
войн	6
ецн	6
сэра	6
отряда	6
придумаешь	6
лотерею	6
здecь	6
проиграла	6
приснилось	6
дураки	6
переход	6
нормы	6
крал	6
магазинов	6
малдер	6
хватить	6
экземпляр	6
даму	6
бикини	6
лапшу	6
краска	6
богатой	6
иллюзия	6
приготовления	6
валите	6
подозрение	6
франко	6
оружию	6
расплатиться	6
остановлюсь	6
равны	6
завтраком	6
водку	6
посадка	6
джорджем	6
опухоли	6
бя	6
господня	6
джакузи	6
убив	6
развлечься	6
производит	6
начнутся	6
попадёт	6
задаю	6
мрт	6
смертной	6
ложиться	6
систем	6
снотворное	6
повысить	6
снега	6
гонке	6
мелких	6
секунда	6
займитесь	6
сорвался	6
выбираешь	6
приготовь	6
мечтает	6
подарком	6
танцевала	6
льва	6
кровавый	6
проглотил	6
указать	6
росса	6
рога	6
мамаша	6
бесполезен	6
обследование	6
келлер	6
слон	6
преимущества	6
дыхания	6
танцуют	6
задолжал	6
свиней	6
видеонаблюдения	6
мозгами	6
стариков	6
засаду	6
пытки	6
would	6
дн	6
имён	6
предан	6
полагаете	6
принцессой	6
ножи	6
товары	6
переживала	6
волков	6
раненых	6
запишу	6
догадалась	6
убеждения	6
выставил	6
дедуля	6
электронной	6
гейтс	6
бандит	6
белую	6
помещении	6
устроиться	6
тронут	6
подходить	6
восьмой	6
танцевали	6
катя	6
отпустят	6
доверить	6
игрока	6
попытаешься	6
пьеса	6
камнями	6
фразы	6
мотивы	6
пострадать	6
пьёшь	6
ас	6
следовал	6
книгах	6
верны	6
убегает	6
великолепны	6
мужья	6
девиз	6
башня	6
неверный	6
бывшую	6
плечах	6
священником	6
гостях	6
см	6
режиме	6
спасёт	6
следом	6
замешана	6
осел	6
оценка	6
матерей	6
мальчишку	6
запаха	6
синяя	6
позволения	6
ук	6
кожей	6
пепел	6
гитлера	6
подозреваемые	6
информатор	6
упрямый	6
берк	6
питером	6
намекаешь	6
разговариваете	6
остальной	6
окажи	6
яркий	6
кэмпбелл	6
проснется	6
допрашивать	6
задержался	6
кливленд	6
проститутки	6
срань	6
задумался	6
напоследок	6
бриллиант	6
италию	6
недвижимость	6
клонишь	6
ублюдков	6
рассвет	6
закрывай	6
билетов	6
следила	6
решении	6
плену	6
щедро	6
our	6
набрал	6
выходным	6
юности	6
гавайи	6
кусков	6
карри	6
библиотеки	6
блум	6
поругались	6
пал	6
салют	6
оставят	6
анну	6
трейлер	6
прячешься	6
заслугам	6
контакта	6
решите	6
направил	6
плохими	6
отравление	6
головами	6
хьюз	6
подышать	6
простишь	6
ет	6
защищаться	6
открытки	6
спаситель	6
пo	6
ускорить	6
родину	6
рафаэль	6
нить	6
интересуюсь	6
люциус	6
факта	6
make	6
приводить	6
сезоне	6
жилет	6
шлюху	6
деревом	6
вхожу	6
двигателя	6
известной	6
сливки	6
зубной	6
принят	6
упустила	6
записали	6
дорожку	6
пик	6
запрещаю	6
француз	6
забавным	6
вслед	6
пятьсот	6
пожелания	6
эванс	6
мораль	6
получился	6
святых	6
источником	6
независимости	6
отпор	6
руфус	6
паранойя	6
стю	6
комментарии	6
денёк	6
жасмин	6
хайди	6
пели	6
had	6
аргумент	6
годов	6
дурной	6
стулья	6
музея	6
переводе	6
самолеты	6
записях	6
выживших	6
премьер-министра	6
наказан	6
настаивать	6
ii	6
реми	6
веселая	6
свалил	6
свяжись	6
служили	6
яйцами	6
кристалл	6
марина	6
продаж	6
держался	6
вопросе	6
разбито	6
сборе	6
пауэлл	6
бобы	6
соединить	6
выражения	6
северный	6
пустыни	6
призвание	6
закрываю	6
объятия	6
продолжит	6
выйдут	6
дотла	6
подарка	6
выкинул	6
насекомых	6
временное	6
зака	6
поднялась	6
тгм	6
починил	6
чашки	6
летят	6
клан	6
приземлился	6
сирены	6
больные	6
пассажиры	6
квентин	6
then	6
свидетелями	6
бумаг	6
возбуждает	6
гостиницы	6
обращать	6
благородный	6
присягой	6
спецназ	6
небольшого	6
математика	6
кокс	6
заболевания	6
повторим	6
харди	6
присутствует	6
передумаешь	6
ставят	6
пайпер	6
тусоваться	6
never	6
арестовал	6
детского	6
храбрость	6
уменьшить	6
фабрику	6
дьяволом	6
майер	6
ныть	6
платите	6
ведем	6
частиц	6
джефферсон	6
умирай	6
указал	6
автомобилей	6
решился	6
фей	6
забить	6
were	6
кг	6
уезжал	6
отправляюсь	6
безумные	6
техасе	6
создана	6
ветру	6
заговорить	6
издеваться	6
фабрики	6
бедным	6
рычаг	6
ан	6
создатель	6
рич	6
школ	6
альбома	6
являешься	6
калифорнию	6
майком	6
арестуйте	6
мод	6
бегал	6
исполнение	6
эйнштейн	6
голодны	6
гонку	6
рейтинг	6
мучить	6
girl	6
молю	6
дэни	6
воспитывать	6
шоколада	6
общие	6
творить	6
чистым	6
смертей	6
войск	6
восстание	6
туристов	6
укусил	6
заткнуть	6
ожидая	6
наличных	6
робертс	6
художника	6
уничтожения	6
отказали	6
сгорел	6
разрушили	6
готовности	6
называются	6
надеждой	6
явиться	6
сходишь	6
флэш	6
пописать	6
разыскать	6
пообедаем	6
ловко	6
узнайте	6
te	6
домашнюю	6
оставлял	6
декан	6
автоматически	6
политические	6
неподходящее	6
юга	6
речью	6
жестко	6
ужаса	6
dvd	6
теда	6
концерта	6
самоубийством	6
пустое	6
растение	6
уделили	6
покушение	6
пишется	6
канун	6
детском	6
разозлилась	6
доверяла	6
обижайся	6
лэнгли	6
золотых	6
бруклин	6
доставит	6
поддержке	6
рио	6
помехи	6
00ffff	6
чувствами	6
моде	6
беременной	6
страхом	6
устроился	6
тонн	6
епископ	6
гражданский	6
ба	6
подругами	6
обратились	6
затеял	6
кончился	6
покупку	6
быстрая	6
линкольна	6
мероприятия	6
племянника	6
прелестно	6
лежи	6
люсьен	6
мерзко	6
пояса	6
джип	6
берете	6
удивился	6
вернут	6
поттер	6
ложитесь	6
открытыми	6
сильней	6
строит	6
присоединишься	6
принадлежало	6
подвергать	6
доли	6
поди	6
рейнольдс	6
снайпер	6
одиночества	6
бежишь	6
классное	6
толстяк	6
кризиса	6
уговорил	6
привидение	6
перепутал	6
папочке	6
уверенностью	6
захвата	6
ныне	6
коне	6
жесткий	6
эммет	6
здоровьем	6
нажал	6
заботятся	6
заявку	6
выдвигаемся	6
супа	6
фигню	6
карли	6
споры	6
продано	6
сосиски	6
напишите	6
свинью	6
видя	6
need	6
пабе	6
дикая	6
мэтта	6
стонет	6
просьбе	6
срабатывает	6
джиллиан	6
передавать	6
вручную	6
земной	6
слабым	6
толпой	6
поважнее	6
отвезите	6
сайта	6
спрячь	6
собирал	6
эффективно	6
узнаёшь	6
опоздаю	6
отвечала	6
завтракать	6
активности	6
хамфри	6
уезжаете	6
охоте	6
позаботьтесь	6
ванна	6
предпочитаете	6
жалкая	6
ответственным	6
опасных	6
курицы	6
покажут	6
черную	6
тоннель	6
грязное	6
крупная	6
мс	6
профессионально	6
карев	6
прочего	6
плоды	6
кореи	6
оригинал	6
почистить	6
вооружены	6
кинул	6
отправляют	6
добавь	6
внучка	6
волну	6
мол	6
отъездом	6
привезу	6
возомнил	6
смертельный	6
приглядывать	6
снимков	6
fscx110	6
насилию	6
руководит	6
закрытыми	6
африку	6
жe	6
пираты	6
зайдите	6
отчете	6
орел	6
подозрений	6
вранье	6
превратиться	6
прочитай	6
подниматься	6
туго	6
нажмите	6
взорвал	6
клаудия	6
поздновато	6
основных	6
тужься	6
удачный	6
тормоз	6
цикл	6
знакомство	6
вспышки	6
fscy110	6
осторожным	6
обманула	6
бьется	6
нервничает	6
съёмки	6
милосердие	6
присядем	6
гореть	6
look	6
караоке	6
зеро	6
изобретение	6
представители	6
барьер	6
понемногу	6
лысый	6
яблочко	6
ресурсов	6
укусила	6
оставляешь	6
овец	6
реальным	6
направляются	6
джулии	6
вспомнишь	6
заканчиваются	6
стучит	6
хренов	6
вождение	6
квиты	6
опасной	6
жильё	6
could	6
госсекретарь	6
вертолёт	6
фронта	6
риса	6
окажемся	6
нэйт	6
лжёт	6
умны	6
представителей	6
выучил	6
грустный	6
прикасайся	6
водителем	6
пожарные	6
мешай	6
необходимы	6
прозвучало	6
горле	6
родов	6
указано	6
ха-ха-ха	6
проваливайте	6
грустная	6
разбился	6
банду	6
случившемся	6
школьные	6
чемпионом	6
прозвучит	6
бесплатные	6
мечтали	6
привлекательный	6
страхи	6
помыть	6
крючок	6
молись	6
эффекты	6
дэйзи	6
происшествие	6
магнус	6
проясним	6
чей-то	6
метр	6
бюджета	6
яхту	6
оплачивать	6
кампания	6
вычислить	6
родине	6
уложить	6
торговом	6
топ	6
стадо	6
1сh0000bf	6
детективов	6
посмотрит	6
парковки	6
опознали	6
лежали	6
локхарт	6
мучает	6
освободил	6
ло	6
описал	6
играя	6
назначено	6
выступал	6
преследование	6
безопасный	6
занимайся	6
сергей	6
мечтах	6
побудь	6
прерывать	6
сє	6
разбираешься	6
нуждался	6
невероятная	6
кое-чем	6
хммм	6
опоздаешь	6
соглашаться	6
ружьё	6
таблетку	6
счетам	6
болят	6
дикой	6
замешаны	6
теперь-то	6
неуважение	6
тяжёлая	6
отправляться	6
возникло	6
подробностей	6
хранилища	6
собачка	6
пещеры	6
поддерживал	6
прощаться	6
приятные	6
джуд	6
двигать	6
мясник	6
отплатить	6
особенной	6
фри	6
польза	6
палата	6
убитых	6
греха	6
храбрости	6
where	6
отследили	6
объяснила	6
журналисты	6
юбку	6
исчезни	6
бываю	6
развлечение	6
тайн	6
близости	6
попкорн	6
выходили	6
солгали	6
далеки	6
медицинских	6
сводить	6
платим	6
отвлекать	6
каналы	6
джонса	6
пятого	6
интереса	6
дамочки	6
ремни	6
ловит	6
напугали	6
шахты	6
обалдеть	6
решению	6
шефом	6
палубе	6
огнём	6
управлял	6
линетт	6
истинное	6
ушах	6
пауни	6
лейла	6
хавьер	6
пожаре	6
успокаивает	6
вечный	6
впустить	6
близкого	6
помнят	6
золотую	6
грабитель	6
куки	6
называйте	6
звездного	6
оказал	6
мими	6
металл	6
практику	6
воровство	6
неплохое	6
свадьбой	6
морские	6
читаете	6
зеленые	6
телефонной	6
жестокости	6
нижнем	6
головной	6
связанное	6
хранения	6
саре	6
тима	6
матео	6
обществу	6
подходишь	6
лампу	6
командующий	6
выиграешь	6
начнёшь	6
прошение	6
обложке	6
уотсон	6
марни	6
трать	6
смею	6
равновесие	6
доверяете	6
ставил	6
кас	6
инцидента	6
морали	6
тети	6
закажем	6
победителя	6
зданий	6
бросают	6
брайс	6
южном	6
предложений	6
приятным	6
грязью	6
казнить	6
бостона	6
незадолго	6
какому-то	6
некто	6
царя	6
встану	6
желанию	6
встает	6
королевская	6
питаться	6
отчаяние	6
федеральные	6
сильных	6
мне-то	6
боулинг	6
кучи	6
мёртвый	6
лиама	6
управлением	6
обзор	6
зашло	6
массу	6
побеседовать	6
вокзал	6
убивайте	6
причиняет	6
лыжах	6
рассудок	6
отвезли	6
сошлись	6
общественности	6
добычу	6
частенько	6
встречали	6
пьяная	6
берём	6
роджерс	6
повышения	6
гилберт	6
going	6
периода	6
фонтан	6
уволена	6
проституткой	6
сообщают	6
выберешь	6
чёрной	6
старости	6
государственной	6
властям	6
пэрис	6
неинтересно	6
аспирин	6
восемьдесят	6
запомнила	6
какой-либо	6
стошнит	6
героина	6
прическу	6
победителем	6
немногие	6
невиновность	6
дедушку	6
больший	6
наса	6
моделей	6
хадсон	6
ролик	6
оглянись	6
перец	6
мён	6
бои	6
правах	6
превратили	6
китайской	6
берта	6
секретарша	6
прекратили	6
вызывай	6
прессу	6
обсуждения	6
сыт	6
портфель	6
ночную	6
концом	6
представлю	6
партнеров	6
правительством	6
отказываешься	6
правительству	6
сатана	6
дистанцию	6
полоса	6
ду	6
посмотрите-ка	6
центром	6
разойтись	6
достижение	6
очках	6
выгоду	6
вз	6
проявил	6
исполнится	6
расширить	6
силён	6
составил	6
губ	6
жесток	6
учесть	6
кораблем	6
возвращать	6
приветствовать	6
товарищей	6
национального	6
быка	6
мясной	6
ногам	6
fad	6
клиентка	6
смеюсь	6
одо	6
загладить	6
зашибись	6
многовато	6
успокоительное	6
возьмете	6
вьетнаме	6
выбросили	6
колодец	6
say	6
технологий	6
уснула	6
выставка	6
встречать	6
закрытия	6
захвати	6
ревность	6
соединённых	6
напомнил	6
яда	6
портит	6
артерии	6
пожарной	6
прачечной	6
разузнать	6
соски	6
выбирал	6
должник	6
учёный	6
освещение	6
тайное	6
молчит	6
измена	6
принадлежала	6
запретить	6
шикарный	6
сходство	6
легкая	6
складывается	6
включен	6
существу	6
заноза	6
полагаться	6
создают	6
снимаешь	6
молодежь	6
вздох	6
монет	6
козла	6
индейцы	6
повредил	6
задом	6
руководства	6
келсо	6
изнасиловании	6
чу	6
сбросил	6
происходящее	6
слушаться	6
парься	6
нафиг	6
говорилось	6
старики	6
робинсон	6
повредить	6
убежища	6
рика	6
замешательстве	6
спа	6
фонарь	6
изучил	6
пудинг	6
младше	6
дедушке	6
превыше	6
намек	6
применение	6
уолтера	6
связанные	6
пребывания	6
гордимся	6
перевезти	6
мощности	6
убиваю	6
звучать	6
картофель	6
объединить	6
означают	6
позаботились	6
ночная	6
сексуальным	6
горят	6
ящики	6
прикрывать	6
празднуем	6
мирового	6
зацените	6
мириам	6
пустоту	6
желаем	6
рехнулся	6
лишнее	6
бродяга	6
шо	6
сохраню	6
чертово	6
перемирие	6
утверждаете	6
пробовать	6
замена	6
отнял	6
люсиль	6
eсли	6
бриджит	6
услуге	6
da	6
таланты	6
ночного	6
спросят	6
буква	6
отдыхает	6
мертвец	6
везти	6
бензина	6
стучать	6
розали	6
лорелай	6
аллилуйя	6
пытка	6
серьезным	6
пытали	6
уйдете	6
медицины	6
болезнью	6
выношу	6
исключили	6
коктейли	6
логово	6
валить	6
престон	6
ванны	6
повернитесь	6
двора	6
даллас	6
приглашает	6
института	6
палатку	6
противоречит	6
познакомится	6
запишите	6
добыча	6
ока	6
рабы	6
хватайте	6
включу	6
подходим	6
законам	6
единственную	6
стоила	6
ссорились	6
доски	6
фотку	6
выбросила	6
разным	6
фактом	6
выгоды	6
андрей	6
новостями	6
кирстен	6
полномочий	6
предположил	6
езжу	6
пройду	6
оп	6
приглашал	6
кричали	6
чернила	6
местным	6
вкусу	6
явление	6
бизнесу	6
приготовьте	6
тиффани	6
роботов	6
росла	6
поднимает	6
поместили	6
блестящий	6
решай	6
долгов	6
ярко	6
женское	6
заявили	6
отставить	6
годах	6
блог	6
калибр	6
гостиница	6
прогноз	6
паук	6
найджел	6
уничтожим	6
вблизи	6
храню	6
шторы	6
везут	6
придурков	6
решительно	6
империю	6
мертвая	6
бакстер	6
др	6
посижу	6
манипулировать	6
услуг	6
наложить	6
списку	6
отнюдь	6
колумбия	6
разочарована	6
остановилось	6
путей	6
ванне	6
бросим	6
сладких	6
распоряжение	6
улетел	6
спрятала	6
учебу	6
библия	6
sync	6
руссо	6
мудрости	6
толкай	6
посетители	6
выходе	6
землетрясение	6
обвиняет	6
семьдесят	6
воров	6
знакомое	6
танцуй	6
истекает	6
обойдется	6
фила	6
скромный	6
лимузин	6
оплата	6
заблудились	6
встретит	6
городах	6
убежден	6
рыбой	6
франц	6
обошлось	6
бела	6
обиду	6
доска	6
задержка	6
отличаются	6
доза	6
вином	6
замечательным	6
слушаем	6
букв	6
даете	6
эссе	6
достало	6
катастрофы	6
монстром	6
ставь	6
очаровательная	6
начинаете	6
спортом	6
одержимость	6
проиграем	6
маккензи	6
разделимся	6
южного	6
азии	6
побежала	6
несчастной	6
тетрадь	6
свыше	6
дак	6
идеальна	6
зайдет	6
бэрри	6
ступайте	6
освальд	6
дюжину	6
выслушайте	6
вешай	6
национальная	6
шага	6
тайная	6
четырьмя	6
жуткая	6
тайные	6
пустыню	6
горничной	6
обращаюсь	6
рассказы	6
тьфу	6
кончилась	6
книжный	6
бывала	6
жир	6
тор	6
повернулся	6
закат	6
специальные	6
холм	6
жирная	6
испугались	6
решена	6
пожалеете	6
орехи	6
бэн	6
разгаре	6
приобрести	6
вac	6
захожу	6
целовал	6
итальянский	6
трент	6
находилась	6
фабрика	6
забеременеть	6
лезвие	6
поспеши	6
серьезных	6
танго	6
изменять	6
игрушку	6
заплатим	6
домашним	6
газом	6
вдохновение	6
ждёте	6
провинции	6
словечко	6
зеркале	6
бутылочку	6
звездный	6
дурацкую	6
сценарии	6
вице-президента	6
попробует	6
наблюдали	6
собственному	6
банде	6
шах	6
компромисс	6
ши	6
джорджи	6
август	6
будущим	6
предвидеть	6
окончено	6
банков	6
шкафчик	6
отпускай	6
индустрии	6
артерию	6
заставишь	6
центру	6
обычную	6
полюбил	6
конгресса	6
эвакуации	6
политических	6
майора	6
сигнализацию	6
типичный	6
торнадо	6
3ch69776e	6
измене	6
социальной	6
муже	6
специальное	6
попытайтесь	6
выбирают	6
чьё	6
личико	6
носите	6
достойна	6
v	6
тетушка	6
ввели	6
ревную	6
коротышка	6
технику	6
случившегося	6
дельце	6
отступать	6
упомянули	6
воспитание	6
гарвард	6
наденьте	6
шедевр	6
вольно	6
беженцев	6
судей	6
экстази	6
еперь	6
военную	6
ракету	6
острые	6
морю	6
джосс	6
стоил	6
булочки	6
макароны	6
медсестрой	6
пропасть	6
слезь	6
прямая	6
шпионы	6
чью	6
ничья	6
частности	6
похищении	6
сломали	6
оливии	6
лампы	6
офигенно	6
пюре	6
входил	6
тащите	6
молодость	6
злым	6
завел	6
даян	6
сантьяго	6
напомнило	6
голая	6
запуска	6
хранитель	6
северном	6
нижней	6
эва	6
лимонад	6
гитару	6
температуры	6
зеленая	6
перейдём	6
pos	6
полицейская	6
позавчера	6
маргарита	6
независимость	6
je	6
поприветствовать	6
неприемлемо	6
комиссара	6
отказал	6
бунт	6
представим	6
давайте-ка	6
владельцем	6
способами	6
диких	6
преподавать	6
посещения	6
джеку	6
богатая	6
мячик	6
алексис	6
синие	6
позавтракать	6
кому-либо	6
общих	6
вечерам	6
умён	6
пардон	6
предупредила	6
спешка	6
миллиард	6
изабелла	6
слуг	6
смейте	6
аааа	6
совпадений	6
воспринимать	6
убегай	6
привыкать	6
павел	6
поспи	6
спим	6
календарь	6
присяжным	6
впечатлить	6
выходы	6
сэндвичи	6
принесут	6
количестве	6
выключен	6
some	6
оргазм	6
поменяться	6
медведи	6
кричишь	6
завтрашнему	6
отлить	6
бокалы	6
3chffffff	6
докторов	6
спрятался	6
телек	6
японский	6
очаровательный	6
дочкой	6
общественных	6
любопытства	6
наблюдала	6
владения	6
приятных	6
ѕросто	6
отстранили	6
атаке	6
холодное	6
граница	6
ужасны	6
эннализ	6
мюзикл	6
пошутила	6
преступлениях	6
близнецов	6
рабочем	6
отъезде	6
известные	6
уведи	6
знакомств	6
войду	6
произошёл	6
стрелы	6
личном	6
надписью	6
десяток	6
болел	6
благородно	6
веселитесь	6
ученых	6
эмиль	6
заинтересована	6
корову	6
роджера	6
прокурору	6
добилась	6
снах	6
веществ	6
тороплюсь	6
вдобавок	6
графа	6
принадлежать	6
джулиана	6
присоединяйтесь	6
подтвердит	6
беспокою	6
обманщик	6
чтение	6
оскорблять	6
феррари	6
выйдете	6
чудовища	6
дерека	6
ноэль	6
несите	6
позволяю	6
поприветствуем	6
тишине	6
надоели	6
книжка	6
служанка	6
отличить	6
поучаствовать	6
удивляюсь	6
дюймов	6
пациенту	6
переезжать	6
двойную	6
кашу	6
командор	6
нac	6
уничтожила	6
англичанин	6
бури	6
сию	6
болезней	6
звала	6
живота	6
запустил	6
сильными	6
фанатов	6
влияния	6
подруг	6
целого	6
юмор	6
особняк	6
навредит	6
раш	6
осколки	6
рая	6
обратилась	6
минет	6
вежливости	6
элвис	6
пончик	6
короткая	6
выписать	6
похожие	6
обратите	6
сан-диего	6
джамал	6
материалов	6
толстой	6
припомню	6
неудобства	6
постарался	6
прикоснуться	6
бартон	6
жаклин	6
оборотень	6
полк	6
угодить	6
подбородок	6
заскочить	6
аня	6
дорожке	6
медальон	6
банан	6
презервативы	6
пропаже	6
баттерс	6
господину	6
дну	6
задачи	6
вмешивайся	6
списки	6
храме	6
обнаружены	6
посла	6
роберто	6
меняют	6
сниматься	6
дырку	6
добрых	6
уважает	6
прикончу	6
посчитал	6
остановлю	6
night	6
долгого	6
бойл	6
коробок	6
матильда	6
отсидел	6
ктo	6
сэл	6
боевые	6
голосования	6
подростком	6
отговорить	6
йогурт	6
доверяют	6
неудачи	6
заснула	6
подразумевает	6
находить	6
кармана	6
привлекательная	6
сердечного	6
панель	6
обмена	6
реальных	6
расставаться	6
вере	6
представляем	6
премии	6
картин	6
возвращалась	6
звездные	6
племя	6
кадди	6
инфаркт	6
командный	6
акулы	6
израиля	6
глупых	6
захотеть	6
вчерашнее	6
пустяк	6
умной	6
ответом	6
рауль	6
принцем	6
сбили	6
звери	6
тренировок	6
сфотографировать	6
пьесы	6
опытный	6
китайцы	6
шу	6
небольшим	6
пишите	6
кгб	6
батарейки	6
талантливый	6
мобильного	6
грубым	6
ясное	6
вечной	6
северная	6
заберёт	6
старшина	6
магазином	6
замком	6
поправку	6
отравили	6
дальнейших	6
маркс	6
схема	6
логика	6
горячего	6
министром	6
легкое	6
роуд	6
олько	6
шорты	6
вершины	6
чувствуется	6
россия	6
инстинкты	6
снизить	6
убьём	6
нечасто	6
патронов	6
сюрпризы	6
направился	6
долгой	6
несчастна	6
причиню	6
шахте	6
вслепую	6
отвезем	6
французского	6
засунь	6
высказать	6
буквальном	6
порции	6
трюки	6
реабилитации	6
практике	6
пивка	6
побуду	6
студентка	6
ловушки	6
холме	6
вспомню	6
харрисон	6
поу	6
сэкономить	6
ручной	6
янм	6
занимать	6
плач	6
нарушает	6
вопросах	6
окажусь	6
разбудила	6
снилось	6
изучаю	6
выпустят	6
выберет	6
чашка	6
умоляла	6
шестнадцать	6
утешение	6
соответственно	6
ирландии	6
сдается	6
дэвидом	6
проведешь	6
благотворительный	6
юриста	6
взводе	6
бэтмен	6
сойду	6
вывел	6
луиса	6
ужине	6
полы	6
побрал	6
прячься	6
помолвлены	6
yo	6
превосходный	6
пульса	6
режима	6
гаррисон	6
деталях	6
тканей	6
пистолеты	6
страшнее	6
документах	6
профессионалы	6
отключился	6
уверенно	6
академию	6
опрос	6
доброту	6
по-немецки	6
белка	6
косяк	6
удерживает	6
убитого	6
крутится	6
схемы	6
шанель	6
милосердия	6
бенсон	6
институте	6
попросим	6
попыток	6
предлагаем	6
летает	6
штуке	6
поступлю	6
терял	6
презерватив	6
понадобился	6
тик-так	6
чтения	6
повысили	6
ряды	6
срыв	6
сторонам	6
дополнительный	6
заехал	6
надин	6
почку	6
рубен	6
переделать	6
отравить	6
молча	6
подпиши	6
лайл	6
замечать	6
фейсбуке	6
волшебная	6
неправа	6
прояви	6
вагон	6
джоб	6
вершину	6
главном	6
гаррет	6
сладости	6
мозге	6
исключения	6
догадка	6
иного	6
подлец	6
подробно	6
уходили	6
перспективы	6
притворялся	6
получив	6
бешенстве	6
сенсоры	6
бьi	6
основа	6
одержима	6
чью-то	6
муха	6
вь	6
воскресеньям	6
совершает	6
всмысле	6
болела	6
стадия	6
вторжения	6
честны	6
нарушила	6
контактов	6
передаче	6
начальной	6
клятвы	6
вырастить	6
авторы	6
молчал	6
обама	6
подобный	6
силам	6
зарегистрирован	6
обвинил	6
оправдывает	6
политик	6
нормальную	6
стариком	6
подведу	6
выставку	6
русской	6
интеллект	6
хозяином	6
дэйл	6
оборот	6
дурочка	6
уха	6
поднимет	6
встречайте	6
шахту	6
третьим	6
узел	6
прилечь	6
френки	6
замолчать	6
ледяной	6
гранта	6
росли	6
спокойна	6
поезжайте	6
общественный	6
облако	6
седьмом	6
анджело	6
победой	6
избавь	6
прикрытия	6
чжо	6
назначен	6
певец	6
потеряно	6
волшебное	6
известность	6
одиноки	6
маяк	6
смелее	6
сравнивать	6
организме	6
спец	6
одинокая	6
капитал	6
продемонстрировать	6
санты	6
диете	6
блокнот	6
пламени	6
движений	6
подойдут	6
обстоят	6
метафора	6
способностями	6
защищала	6
катись	6
англ	6
наблюдая	6
святейшество	6
тратит	6
знaю	6
зиму	6
проведет	6
танца	6
онечно	6
свяжемся	6
разрешает	6
кандидатуру	6
милю	6
угла	6
посвятил	6
grenada	6
собирайся	6
задел	6
волновать	6
моча	6
пустота	6
помещения	6
пот	6
ето	6
девица	6
пенелопа	6
предоставил	6
реагировать	6
слёз	6
сиско	6
антибиотики	6
злом	6
съехал	6
ногтями	6
пациентам	6
документами	6
гостем	6
возникнут	6
переспали	6
топором	6
становилось	6
гнить	6
картошки	6
беременная	6
коли	6
молодую	6
пророчество	6
рыжая	6
лукаса	6
розовые	6
почувствовали	6
марса	6
намерена	6
верхний	6
выигрыш	6
отправляю	6
ka	6
годам	6
проигрывать	6
сообщник	6
помолвку	6
ошибиться	6
доченька	6
пропадает	6
подготовьте	6
научной	6
ниггер	6
винчи	6
хитрый	6
джэк	6
наслаждаюсь	6
сочувствие	6
успешным	6
шекспир	6
худшем	6
командира	6
чет	6
передашь	6
родиться	6
лютер	6
креветки	6
спутника	6
болтаешь	6
попадем	6
рискуешь	6
наступление	6
плечу	6
драмы	6
изобрел	6
наташа	6
божечки	6
незаконное	6
ограблении	6
банковский	6
иуда	6
приведут	6
запаниковал	6
сотрясение	6
попались	6
uh	6
высказаться	6
лезет	6
спички	6
more	6
мудила	6
положительный	6
шестеро	6
зубная	6
хозяева	6
офигеть	6
размеров	6
славная	6
разрыва	6
ценить	6
обеду	6
отрезал	6
обвиняемый	6
вырасти	6
реджина	6
покурить	6
пользовались	6
улыбайся	6
совершают	6
летал	6
чтoбы	6
вин	6
вмс	6
поддерживают	6
кёртис	6
мебели	6
накормить	6
them	6
болеет	6
покину	6
бабочка	6
волшебные	6
холодные	6
вс	6
ценит	6
хай	6
свадебное	6
куш	6
сотворил	6
телевидения	6
обочине	6
семена	6
током	6
репетировать	6
отрицает	6
счёта	6
зажим	6
ребёнке	6
свежего	6
дарить	6
френсис	6
трубе	6
молчите	6
бомб	6
никем	6
прикол	6
повторяй	6
бороду	6
клетка	6
стеф	6
прижать	6
неплохие	6
канаде	6
торн	6
катер	6
бандитов	6
выгнал	6
классом	6
честна	6
приход	6
управляющего	6
бокс	6
наговорил	6
вавилон	6
вонючий	6
почтение	6
бразилии	6
откуда-то	6
сидении	6
тэсс	6
шпионов	6
сайлас	6
завидуешь	6
действии	6
бейтс	6
пятерых	6
принесешь	6
стерлинг	6
соберите	6
гаража	6
являетесь	6
паузу	6
роботы	6
преподать	6
модераторы	6
отпустишь	6
сомневаешься	6
отвалите	6
утверждал	6
вэл	6
несут	6
получение	6
ником	6
прост	6
товарища	6
уилфред	6
избавились	6
грань	6
любовника	6
коротка	6
ответите	6
напишешь	6
моряк	6
задачей	6
оторвать	6
стандартная	6
бежали	6
жвачку	6
спид	6
столкновение	6
воплощение	6
символы	6
япония	6
великую	6
собачье	6
приема	6
мигом	6
вырвать	6
белыми	6
обстановке	6
автомобили	6
осуждаю	6
дополнительных	6
возвращению	6
палатке	6
преступлением	6
швейцарии	6
охотно	6
течению	6
орган	6
сжег	6
сходите	6
результатом	6
охуенно	6
отказала	6
повязку	6
россию	6
верхнем	6
по-хорошему	6
бросал	6
ломать	6
торговля	6
случившееся	6
выясните	6
хван	6
мэрии	6
умение	6
пещеру	6
копами	6
поступай	6
холт	6
делась	6
оленя	6
русская	6
спокойным	6
носили	6
примером	6
зива	6
столкнулась	6
разрушение	6
какао	6
картине	6
занятой	6
скучная	6
лакс	6
жаловался	6
событиях	6
сокровищ	6
недооценивать	6
блестящая	6
ужасном	6
сделав	6
кассандра	6
мириться	6
сразиться	6
отпустит	6
сегодняшнее	6
мия	6
приезжайте	6
инструментов	6
мишенью	6
гретхен	6
разрушает	6
повторю	6
окне	6
задержусь	6
сотрудника	6
превращает	6
попытаются	6
влез	6
ребра	6
помогаете	6
выполнял	6
заявила	6
математики	6
бабы	6
придержи	6
стуле	6
испытываешь	6
регистрации	6
нэш	6
плохую	6
доказывать	6
втроём	6
слой	6
говна	6
происхождение	6
нормального	6
наркотой	6
долорес	6
скальпель	6
сорока	6
бьёт	6
визитку	6
решают	6
просыпаться	6
подтвердила	6
разнообразия	6
прячешь	6
приборы	6
шкале	6
пробить	6
люби	6
лулу	6
точняк	6
фонарик	6
урока	6
мясом	6
печати	6
переезд	6
дядюшка	6
флоренс	6
пёя	6
рыжий	6
приглашу	6
отказа	6
стараются	6
просмотра	6
основание	6
побил	6
точным	6
китайская	6
укус	6
включать	6
запрещает	6
удовлетворить	6
боимся	6
войной	6
стенли	6
перо	6
катрина	6
прессой	6
выделить	6
бункер	6
отвращение	6
бедствия	6
бетси	6
отойду	6
уголовного	6
движении	6
глубины	6
лишние	6
сохранности	6
поручил	6
трачу	6
поднимусь	6
иккинг	6
треть	6
вкусная	6
частные	6
крошки	6
онвелс	6
рейсом	6
альянс	6
oт	6
клинтон	6
шпионом	6
горю	6
иэн	6
великобритании	6
заката	6
артефакт	6
глубокой	6
глубокие	6
мэрион	6
обнаружен	6
рисовал	6
быстрого	6
земель	6
либби	6
наделали	6
спокойный	6
открылась	6
тринадцать	6
соединение	6
честная	6
облажалась	6
трусов	6
интересны	6
отпущения	6
домашней	6
федеральное	6
райдер	6
отрицательный	6
мёртвой	6
покрыть	6
левон	6
расстраивает	6
рассталась	6
бад	6
расслышал	6
выпускном	6
кроссовки	6
льду	6
лейси	6
подвезу	6
бонд	6
заберешь	6
мягкие	6
чёрном	6
копаться	6
южная	6
зто	6
напилась	6
машинами	6
благодари	6
джентльмена	6
вложить	6
отделом	6
лидеры	6
минни	6
психологии	6
прошлых	6
таланта	6
участием	6
пробыл	6
погодите-ка	6
заработала	6
чепуху	6
усыновление	6
ру	6
стирать	6
завязывай	6
собаками	6
аренды	6
кое-чего	6
надежный	6
даль	6
заслуга	6
лавке	6
папку	6
ложная	6
занятиях	6
улику	6
гвоздь	6
храма	6
ядерной	6
показываю	6
огромного	6
неправильное	6
догадки	6
размере	6
полке	6
пущу	6
подружиться	6
сердись	6
переоденусь	6
исправим	6
танцевал	6
толчок	6
следим	6
расходов	6
родитель	6
остро	6
стихотворение	6
мммм	6
йорке	6
больного	6
дурацкой	6
разрушать	6
тно	6
улыбки	6
стара	6
руля	6
сложным	6
пожертвования	6
ген	6
исчезновение	6
заканчиваю	6
движением	6
узнавать	6
популярен	6
союзники	6
дикон	6
британской	6
взрослой	6
атакуют	6
обсуждение	6
общается	6
поел	6
замри	6
николай	6
лгали	6
авторитет	6
подобном	6
грабить	6
поддержал	6
ценим	6
угрожала	6
надеру	6
фермер	6
мягкая	6
снаряжение	6
дери	6
уделить	6
сосуд	6
финансовый	6
современные	6
десятка	6
дебаты	6
сойер	6
шпионить	6
позволяйте	6
отправит	6
весть	6
преданности	6
жалоб	6
поста	6
джеффа	6
рискую	6
кое-куда	6
заговора	6
сокращение	6
est	6
частного	6
роланд	6
прошлые	6
искусстве	6
hо	6
семнадцать	6
галактике	6
присоединились	6
эволюции	6
определили	6
неудачно	6
подружек	6
валим	6
возвращаю	6
прежним	6
смотреться	6
полюбила	6
ёбаный	6
винит	6
трудная	6
опаздываешь	6
западного	6
потребность	6
сюзи	6
вокзале	6
цитирую	6
запасе	6
раздел	6
северу	6
макнелли	6
сдачу	6
забираем	6
донора	6
тонны	6
сравнится	6
опаздывать	6
гением	6
покойного	6
вешать	6
смеет	6
испытаний	6
замечаешь	6
нею	6
отгул	6
поем	6
головного	6
физической	6
холма	6
доберется	6
испортит	6
поступит	6
мара	6
госпиталя	6
выбил	6
артист	6
сложа	6
угощайтесь	6
спортзале	6
джеймсом	6
вернётесь	6
схватила	6
королей	6
подсказку	6
заклинания	6
обратной	6
ku	6
пьяны	6
каком-нибудь	6
пускают	6
новичков	6
записаться	6
грудной	6
тарелке	6
ходатайство	6
чур	6
защищая	6
тяжелой	6
пациентами	6
участник	6
друзьях	6
заберём	6
выстрелов	6
бонус	6
team	6
восстановления	6
глубокая	6
семейных	6
предпочитают	6
сбой	6
яхта	6
догадались	6
тактика	6
напоминаешь	6
плече	6
прогресса	6
былo	6
похититель	6
перенесли	6
предлог	6
головная	6
травм	6
последними	6
покупателя	6
впустил	6
поздний	6
разреши	6
страстно	6
занесло	6
неудачный	6
ричардс	6
здоровым	6
костер	6
контракты	6
президенты	6
мелодия	6
безо	6
фюрер	6
дюжины	6
германию	6
выключил	6
склонен	6
участвовала	6
проникли	6
дружка	6
флориду	6
джуниор	6
лидеров	6
обеспечения	6
сарказм	6
невежливо	6
порох	6
подниму	6
испанию	6
выступил	6
виделась	6
малышом	6
тренировку	6
бриггс	6
несложно	6
военное	6
полосы	6
тёрнер	6
расписанию	6
медицинского	6
мужские	6
отключке	6
участь	6
сигары	6
мелодию	6
подайте	6
выполняет	6
ух-ты	6
расстался	6
я-	6
выведите	6
так-так	6
ман	6
over	6
строят	6
откажешься	6
похожей	6
настоял	6
пьяным	6
свернуть	6
диспетчер	6
маккарти	6
боком	6
уволены	6
французской	6
чинить	6
проследи	6
пресс	6
высокую	6
жрать	6
шути	6
элиот	6
натворили	6
бесполезны	6
приложить	6
относитесь	6
рейна	6
дорогого	6
ожоги	6
поднимется	6
спасены	6
входят	6
гранд	6
считаться	6
страдаю	6
анне	6
дубль	6
молился	6
майклу	6
авраам	6
двоюродный	6
ki	6
оперу	6
знакомая	6
буш	6
помолиться	6
эгоист	6
остаемся	6
расстраивайся	6
марию	6
стайлз	6
бедро	6
инсульт	6
зять	6
мыла	6
пятом	6
финансирование	6
художником	6
тронет	6
отключил	6
доставку	6
психи	6
арт	6
дополнение	6
миры	6
чисты	6
ноты	6
находим	6
функции	6
слепая	6
одинаковы	6
важности	6
лишил	6
проституток	6
неприлично	6
снимайте	6
слухам	6
полмиллиона	6
заявляет	6
жалуюсь	6
девяносто	6
смеши	6
забавы	6
главному	6
заключенные	6
дурацкое	6
мерси	6
биологии	6
одобрение	6
мостом	6
участвовали	6
псевдоним	6
плеч	6
скрылся	6
находил	6
трассе	6
полегчало	6
подъём	6
колокол	6
пахнут	6
весом	6
цыпленок	6
панике	6
вообразить	6
убеждать	6
заказы	6
поп	6
знаменитым	6
прекратится	6
сабрина	6
наденешь	6
посадки	6
романы	6
учетом	6
бед	6
разрушена	6
спасаю	6
сильного	6
перезвонил	6
джастина	6
милую	6
досталась	6
объекты	6
тумане	6
физические	6
кросби	6
поднялись	6
кремом	6
подвела	6
привязан	6
изучения	6
ночных	6
бэнкс	6
пропустишь	6
сохрани	6
голливуде	6
полицейское	6
карьерой	6
кран	6
киска	6
бёрт	6
интересен	6
эксперимента	6
длиться	6
делись	6
поисков	6
зажечь	6
роя	6
организма	6
следую	6
боролась	6
сочетание	6
спалось	6
обречены	6
надежд	6
беречь	6
турне	6
зависеть	6
80-х	6
политической	6
сохраняйте	6
тo	6
сменила	6
жалок	6
певица	6
белль	6
стрелки	6
железо	6
подарю	6
мячом	6
планируют	6
забавное	6
разумный	6
помнил	6
поступишь	6
лилли	6
сражения	6
ударе	6
инвестиции	6
признают	6
ущерба	6
желудке	6
достигла	6
генералом	6
влиянием	6
соболезную	6
заданием	6
апо	6
драконы	6
круглые	6
поиграй	6
электрический	6
свежее	6
напряжения	6
теней	6
мат	6
уничтожать	6
ночами	6
олень	6
оранжевый	6
лига	6
оскорбил	6
позаботятся	6
сыграй	6
курьер	6
поставит	6
отключили	6
унизить	6
достался	6
ист	6
шифр	6
ведома	6
рискну	6
подозревают	6
аудитории	6
сложного	6
зайдешь	6
спускаться	6
паоло	6
оценил	6
паника	6
собачий	6
мудрый	6
поджог	6
ta	6
хиро	6
шутил	6
богатства	6
балу	6
пирожные	6
романе	6
пробиться	6
блейн	6
ирак	6
комплект	6
возвращались	6
футбольной	6
интересовался	6
брендон	6
признается	6
подростка	6
каких-нибудь	6
молодыми	6
дует	6
статуя	6
груб	6
испортишь	6
одобряю	6
частных	6
средняя	6
настаивал	6
поймает	6
целости	6
балет	6
превратила	6
штуковина	6
кричите	6
совместно	6
салоне	6
поездом	6
налью	6
стрельбе	6
максимально	6
амбиции	6
татуировку	6
цитата	6
ненавидите	6
медведей	6
am	6
саид	6
надейся	6
corrected	6
классов	6
якоб	6
поцелуи	6
оплатил	6
переезжаю	6
сняты	6
кросс	6
приступы	6
стих	6
рэндалл	6
направляюсь	6
упаду	6
кантри	6
дь	6
волнения	6
остановила	6
гормоны	6
вынес	6
дырка	6
автомобиле	6
ведьму	6
заключении	6
чанг	6
чже	6
жестокая	6
смеялась	6
гэвин	6
стремится	6
монах	6
стоящее	6
крон	6
ханны	6
убийствами	6
открытое	6
наверстать	6
когти	6
даем	6
подняла	6
катится	6
владеть	6
жизненные	6
определяет	6
секретом	6
жалеешь	6
уборную	6
жалкое	6
технологию	6
двойная	6
пункта	6
настроить	6
world	6
брет	6
истинную	6
рикардо	6
отправляет	6
ган	6
адреналин	6
лампа	6
планировать	6
мери	6
уголок	6
консультации	6
помогаем	6
радж	6
защищают	6
некая	6
герцога	6
орлеан	6
сердцах	6
банковские	6
медицинское	6
поболтаем	6
элиза	6
законопроект	6
тук	6
объекта	6
сбегать	6
сохранила	6
корень	6
сэму	6
колумбии	6
владею	6
течёт	6
худшие	6
сработано	6
трампа	6
живущих	6
толкать	6
судне	6
рейса	6
циско	6
повеселись	6
приглашены	6
предметов	6
грубый	6
предложит	6
провалилась	6
кинуть	6
бриджет	6
заплати	6
правление	6
брови	6
зоопарке	6
юной	6
юристом	6
вылетел	6
контролю	6
тук-тук	6
читают	6
бекка	6
похмелье	6
летают	6
тристан	6
гамбургер	6
козлом	6
выполнена	6
понравятся	6
сэйди	6
проснулись	6
коротко	6
владельцы	6
потерян	6
пожертвование	6
персонажа	6
учения	6
уезжайте	6
школьных	6
столетия	6
джулиет	6
джунглей	6
гулял	6
вл	6
служу	6
нервничал	6
баллотироваться	6
денежки	6
заменил	6
праве	6
ответственен	6
вскрыть	6
мороженым	6
ревности	6
стая	6
установлена	6
тепла	6
обещает	6
неудача	6
инициалы	6
строю	6
тишины	6
разборки	6
участии	6
перевернуть	6
открылся	6
техаса	6
подписывать	6
эда	6
завода	6
отис	6
собираем	6
контролирую	6
препятствие	6
гибель	6
счастливое	6
бурбон	6
народом	6
шансом	6
результата	6
ночном	6
разведку	6
аргументы	6
натуре	6
подождет	6
узи	6
дюйм	6
наушники	6
life	6
взятки	6
лекарствами	6
сумочке	6
пристрели	6
didn	6
голосу	6
прожила	6
преступности	6
кабель	6
партнерами	6
армстронг	6
стэна	6
пугают	6
мертвецов	6
законе	6
энергией	6
уолш	6
автора	6
увольнение	6
превратились	6
ранит	6
невиновна	6
барышня	6
вену	6
проведи	6
дэ	6
ганс	6
чёрное	6
корея	6
вдохновляет	6
введите	6
пэк	6
разработал	6
эмми	6
причинила	6
завалил	6
мальчишкой	6
зик	6
лонг	6
окажутся	6
виновны	6
клише	6
построен	6
японцы	6
ведёте	6
шмотки	6
получилась	6
башке	6
отравил	6
рождественские	6
закроем	6
позвоночник	6
исчезнут	6
гипотетически	6
дж	6
марша	6
успехов	6
окружены	6
рави	6
танк	6
истинной	6
исполнительный	6
ногтей	6
громкий	6
слаба	6
журналистов	6
солнечные	6
продолжалось	6
семинар	6
современная	6
седьмая	6
паренек	6
болтает	6
кой	6
карантин	6
импульс	6
гражданские	6
чьей-то	6
телохранитель	6
проголосовать	6
лишним	6
переходить	6
взвод	6
отделаться	6
подходил	6
приближаемся	6
убедили	6
уезжают	6
любовные	6
приготовились	6
источников	6
ограничения	6
заслуживаете	6
хиллари	6
тобиас	6
коко	6
раскрывать	6
копейки	6
хорошему	6
начальнику	6
посещал	6
поудобнее	6
обеспокоены	6
покупала	6
французские	6
глуши	6
глядите	6
супермаркете	6
злости	6
сонни	6
нужную	6
норм	6
требование	6
вынесли	6
выстрелом	6
смешные	6
охотился	6
кэнди	6
шпиона	6
объявился	6
кэффри	6
прогнать	6
левее	6
уроке	6
небом	6
проиграю	6
отчаяния	6
редкая	6
тoлькo	6
огромных	6
хайль	6
угроз	6
хоккей	6
удивительного	6
неудачники	6
дизайнер	6
поведением	6
жестокой	6
сенат	6
французов	6
проявлять	6
пейтон	6
съехать	6
анита	6
приличный	6
наркотиках	6
займется	6
загадки	6
затащить	6
обращения	6
югу	6
ходжинс	6
жира	6
эдмунд	6
костюмах	6
одень	6
сирота	6
видны	6
съест	6
архив	6
затылок	6
скрытые	6
невинные	6
достойным	6
русского	6
горшок	6
долины	6
пройдемте	6
чёртовой	6
болезненно	6
шумно	6
юки	6
беатрис	6
доу	6
стратегии	6
ун	6
философии	6
борюсь	6
лучи	6
будильник	6
виктории	6
тратим	6
выспаться	6
осознаешь	6
повара	6
девон	6
капельки	6
типично	6
выдался	6
прибудут	6
тревис	6
бригада	6
воедино	6
омега	6
короли	6
взнос	6
внутреннего	6
чертежи	6
переезжает	6
дочку	6
эс	6
необычная	6
поражает	6
принесло	6
доставай	6
сущий	6
доложите	6
шприц	6
учатся	6
замечает	6
остаёшься	6
мужского	6
участники	6
пресс-конференцию	6
дойдёт	6
мужская	6
tell	6
заработали	6
по-любому	6
семейного	6
снести	6
заняли	6
преподаватель	6
желают	6
открытую	6
неожиданный	6
скрывают	6
ударилась	6
комиксы	6
мужей	6
поддержкой	6
четырнадцать	6
убегал	6
признательна	6
окружающих	6
сюрпризом	6
доказано	6
симпатичные	6
жорж	6
имидж	6
разоблачить	6
рамон	6
опнярн	6
вздумается	6
сударыня	6
забрался	6
написана	6
помидоры	6
останавливать	6
ванда	6
месячные	6
медицине	6
гостиную	6
предела	6
угощу	6
выстрелю	6
пако	6
корпуса	6
познакомлю	6
гуляет	6
учу	6
одобрения	6
действиях	6
продажа	6
полка	6
маки	6
спокойствия	6
карману	6
перестанут	6
пулей	6
светлые	6
заняла	6
поговорит	6
избегаешь	6
обвиняемого	6
пробил	6
тайник	6
фокусы	6
пыток	6
м-ра	6
интересна	6
вафли	6
предприятие	6
продадим	6
мексики	6
юристы	6
флора	6
песка	6
корм	6
навещал	6
поворачивай	6
постоянное	6
поколений	6
панели	6
изобрели	6
каролина	6
ложные	6
супермен	6
герман	6
выписали	6
выплаты	6
врнаш	6
основы	6
скандала	6
входе	6
тронешь	6
счастливых	6
детское	6
профсоюза	6
временная	6
прощать	6
итана	6
мороз	6
проявление	6
подозревала	6
бездомный	6
открыться	6
джулиетт	6
ловлю	6
ль	6
отпразднуем	6
обманывал	6
дочки	6
поппи	6
чужую	6
оружии	6
визитка	6
проводи	6
сена	6
схему	6
торговать	6
юрий	6
выпьете	6
творите	6
мышей	6
прилетели	6
вырвет	6
взломали	6
грамм	6
интернету	6
возникают	6
хора	6
трупом	6
экономики	6
заставляйте	6
нмх	6
сплетница	6
жуткие	6
намекаете	6
марком	6
обороты	6
осторожность	6
умы	6
ѕотому	6
решётку	6
уведомление	6
рожден	6
писателем	6
точный	6
эдварда	6
белоснежка	6
плачут	6
бумажной	6
эйден	6
заголовок	6
покрывает	6
сбивает	6
унижение	6
бойцов	6
сходят	6
избранный	6
мастерство	6
кончил	6
свихнулся	6
каппа	6
мешке	6
постарше	6
сплошная	6
велели	6
отпустила	6
списком	6
сбросили	6
стащил	6
завела	6
ѕожалуйста	6
придёте	6
класть	6
включили	6
комиксов	6
приоритет	6
торговле	6
полететь	6
коридора	6
дураков	6
поддержу	6
сломаю	6
отвлекает	6
кладу	6
припадок	6
сладкое	6
таша	6
эфира	6
обеим	6
науку	6
таково	6
красивы	6
оскорбительно	6
only	6
фронте	6
темп	6
двигаются	6
связанных	6
современный	6
добавлю	6
точная	6
категорически	6
матча	6
священный	6
крыльце	6
королевского	6
языки	6
останавливает	6
нежный	6
показалась	6
беспорядки	6
заинтересовать	6
актрисой	6
борись	6
выведи	6
дмитрий	6
кекс	6
челюсти	6
хоре	6
центральном	6
семестр	6
родина	6
механик	6
корпорация	6
обряд	6
отъебись	6
грубой	6
наизусть	6
ворф	6
преследования	6
проглотить	6
уважаемые	6
правилах	6
понадобилась	6
жадность	6
школьном	6
смокинг	6
дев	6
кертис	6
кишка	6
удивительные	6
экскурсии	6
сорвал	6
винтовки	6
флетчер	6
зарабатываешь	6
безнадежно	6
преступностью	6
последовал	6
тонкий	6
товара	6
тамара	6
актеры	6
сейфа	6
вернулось	6
воспользовалась	6
вооруженных	6
цыпленка	6
пустым	6
обладать	6
мешало	6
забудут	6
притворяешься	6
начальству	6
шекспира	6
распространение	6
прятки	6
таинственный	6
карате	6
прохладно	6
разваливается	6
сладкие	6
учёные	6
вызывал	6
жестокое	6
чипсов	6
запретили	6
благословит	6
кружку	6
олег	6
посмеяться	6
массы	6
правосудию	6
отпустим	6
бейте	6
любезен	6
даррен	6
зов	6
посольства	6
высота	6
знакомиться	6
ебе	6
хайд	6
существовало	6
присутствующих	6
напоминают	6
паршивый	6
невиновности	6
департаменте	6
спускайтесь	6
перехватить	6
мерзкая	6
заменит	6
клинок	6
серьёзного	6
чел	6
социальные	6
сходила	6
постой-ка	6
маркуса	6
сплошные	6
приближаться	6
поместил	6
тс	6
выдавать	6
анекдот	6
социального	6
просыпается	6
добьюсь	6
паренёк	6
компас	6
польщен	6
музыканты	6
выехать	6
удивлюсь	6
облажались	6
мразь	6
несчастных	6
длиннее	6
заливе	6
крутое	6
глупа	6
раздевайся	6
железа	6
составе	6
заднего	6
краях	6
остановке	6
замечали	6
вернёт	6
подозревали	6
стероиды	6
честными	6
прокатимся	6
шерсть	6
франциск	6
аукционе	6
коннора	6
желании	6
марок	6
вывезти	6
займите	6
башка	6
ууу	6
убитый	6
предыдущей	6
рота	6
предпочли	6
пуста	6
комнатой	6
пиратов	6
правое	6
спешке	6
призраком	6
поло	6
вкусное	6
кэссиди	6
стремление	6
проголодалась	6
постоянной	6
попросту	6
лишиться	6
фунта	6
горячим	6
встретим	6
диаз	6
датчики	6
really	6
гитара	6
бартовски	6
day	6
разумом	6
медали	6
приятелем	6
охотника	6
москву	6
железная	6
ударит	6
крепкие	6
архитектор	6
лицензия	6
похоронен	6
прочие	6
кодовое	6
сострадание	6
открытых	6
картой	6
пожарных	6
оставляя	6
флинт	6
перу	6
гектора	6
фрагменты	6
повторно	6
избавимся	6
ожидаем	6
экспедиции	6
образцов	6
целься	6
офицеру	6
симона	6
дырки	6
важность	6
безразлично	6
продаются	6
говарда	6
обманом	6
поднимись	6
бутылкой	6
еб	6
святым	6
стреляла	6
выборе	6
неприятный	6
покиньте	6
аванс	6
траве	6
одобрил	6
подключить	6
объектом	6
зубную	6
обет	6
дамой	6
фактор	6
сестёр	6
предназначены	6
соуса	6
фруктов	6
задело	6
неловкое	6
выкупить	6
бордель	6
сплошной	6
восемнадцать	6
парламента	6
етс	6
пожелает	6
клоуна	6
веревки	6
присоединитесь	6
переворот	6
поцелуев	6
плоха	6
пребывание	6
богата	6
утрате	6
воина	6
знаменитостей	6
анди	6
кружок	6
нуждалась	6
купера	6
пират	6
задавал	6
бесплатная	6
сдали	6
заключим	6
гроза	6
портишь	6
погромче	6
прежний	6
пойду-ка	6
червей	6
воздействие	6
матрас	6
сексуальном	6
стадион	6
предложении	6
прочих	6
фальшивый	6
серьезной	6
немногих	6
актеров	6
скрывала	6
новостям	6
пидор	6
лекса	6
хранится	6
mi	6
надоел	6
отверстия	6
помощница	6
уолл-стрит	6
апокалипсис	6
скуки	6
пальчики	6
принадлежу	6
мишка	6
телеграмму	6
поднимайте	6
северного	6
впустите	6
строительства	6
ошибаются	6
занялись	6
мадлен	6
работало	6
дерутся	6
сердец	6
ракет	6
застала	6
райт	6
тратите	6
малой	6
дури	6
полосу	6
обвиняешь	6
придумывать	6
камне	6
жуков	6
подстава	6
засада	6
приятной	6
докажет	6
завтрашний	6
клубы	6
лишили	6
регина	6
рабочая	6
сумасшедшего	6
заменили	6
финансовой	6
эры	6
корделия	6
репетицию	6
царапина	6
столкновения	6
выходом	6
совершаешь	6
уэст	6
картера	6
соврать	6
кукол	6
разлучит	6
шкафчике	6
собирают	6
выдали	6
поймёте	6
наказывать	6
доехать	6
путешествии	6
милостивый	6
ясность	6
выстрелили	6
младшим	6
холода	6
приветствуем	6
разное	6
лунный	6
пропускать	6
baby	6
вуду	6
нравитс	6
преступниками	6
орден	6
искупить	6
панику	6
дурно	6
обеими	6
скала	6
персоной	6
экспресс	6
ученика	6
фунт	6
лабиринт	6
стальной	6
шикарная	6
товаров	6
обри	6
носок	6
эгоистично	6
становитесь	6
мамочку	6
мечи	6
полезна	6
экономика	6
стреляю	6
развлекайся	6
жулик	6
рождаются	6
кайли	6
обезьянка	6
возиться	6
выбирайте	6
закончи	6
винтовку	6
семьям	6
вырвало	6
отвратителен	6
ушами	6
драке	6
момо	6
готовым	6
обменять	6
галерее	6
сожаления	6
кэп	6
пустили	6
невинность	6
сыграю	6
сообщим	6
наблюдаем	6
марте	6
официанткой	6
блэйк	6
джеральд	6
дрова	6
фигуры	6
хирурга	6
запомнили	6
вкуснее	6
начнете	6
напитков	6
грабители	6
демократии	6
обращайся	6
слезами	6
еярэ	6
беспокоят	6
стражи	6
любезность	6
полюбит	6
взрывчатку	6
внуков	6
керри	6
комбинация	6
неведении	6
детективу	6
предлагать	6
правительстве	6
восточного	6
постоянные	6
семьями	6
проходишь	6
шуметь	6
вырубить	6
доказали	6
судебное	6
панда	6
общую	6
полосе	6
полезной	6
питеру	6
повлияло	6
off	6
компенсацию	6
тачки	6
величайших	6
идентифицировать	6
агентстве	6
дрались	6
родителях	6
выбрались	6
чья-то	6
теплый	6
яна	6
напишет	6
привлекательной	6
индейку	6
алексей	6
иглу	6
быстрые	6
склонность	6
синклер	6
влезет	6
тёмные	6
даки	6
форм	6
столиком	6
конференция	6
фортепиано	6
успешный	6
уничтожат	6
увольнения	6
имеются	6
пришелец	6
небесный	6
чувствам	6
придём	6
поймай	6
заболеваний	6
оплачу	6
кроликов	6
господином	6
беркли	6
неизвестного	6
шарль	6
мисси	6
пойман	6
прикинь	6
гены	6
немец	6
комнатах	6
вещью	6
легла	6
уголь	6
смене	6
яблочный	6
линг	6
увеличение	6
теряй	6
попробовала	6
городка	6
выберите	6
спартак	6
некрасиво	6
отношениями	6
поосторожней	6
пожелай	6
отчим	6
идеального	6
рома	6
попроще	6
совместной	6
нормальных	6
центрального	6
путешествовал	6
будущих	6
указаний	6
следу	6
печеньки	6
возникнуть	6
коричневый	6
помолвки	6
торонто	6
отчета	6
оставляем	6
поправишься	6
игроком	6
рукава	6
шутник	6
мастерскую	6
тэдди	6
бутылке	6
коней	6
сервер	6
дюжина	6
тяжелым	6
богам	6
подготовили	6
хладнокровно	6
бёрк	6
дождем	6
бежала	6
потерпеть	6
ауто	6
отходит	6
выгл	6
выдает	6
перл	6
отправитесь	6
разделим	6
сеньорита	6
умирали	6
русским	6
мечтай	6
шестого	6
замечала	6
непохоже	6
устроено	6
просмотр	6
гуд	6
магазинах	6
йнцдю	6
посидим	6
серийного	6
владимир	6
спайк	6
иска	6
кварк	6
канаду	6
крошечный	6
внимательнее	6
опаснее	6
определенный	6
внешности	6
почувствуй	6
облик	6
почувствует	6
готовили	6
уродов	6
гордилась	6
чхан	6
копий	6
присутствовал	6
повел	6
прибыть	6
эндрюс	6
реддингтон	6
наперекосяк	6
уровнем	6
сдохнуть	6
остановку	6
потребовал	6
паниковать	6
травка	6
площадка	6
зан	6
мертвыми	6
несовершеннолетних	6
отдает	6
мокрый	6
планируем	6
вскрытии	6
показало	6
извинение	6
машинам	6
терпит	6
остановишь	6
синяк	6
часом	6
школьная	6
цезаря	6
берри	6
избавлюсь	6
ходом	6
бродит	6
сонбэ	6
отсчет	6
позволял	6
транспорта	6
вечеринках	6
мертвеца	6
помолимся	6
здоровая	6
содовой	6
проезд	6
k	6
болтали	6
уладим	6
куртке	6
кредитной	6
держусь	6
культура	6
вздремнуть	6
чхоль	6
культуре	6
футбольный	6
адриан	6
hе	6
ценным	6
продавали	6
крепости	6
плати	6
закончатся	6
презентацию	6
тонкая	6
свалился	6
готовый	6
поменялись	6
оставшихся	6
чужим	6
голодная	6
полёт	6
сожалеешь	6
бэнно	6
поддержит	6
змею	6
помощники	6
выкинули	6
сиэтл	6
здоровой	6
бабочки	6
купился	6
роскошь	6
публики	6
празднике	6
няню	6
алмаз	6
управляю	6
шестом	6
звено	6
росси	6
насильник	6
основана	6
достигнуть	6
сваливаю	6
соглашению	6
близким	6
чашу	6
напрокат	6
испытал	6
харли	6
патти	6
застать	6
сыграла	6
легенду	6
последовать	6
расстройства	6
французская	6
кормят	6
космического	6
убежали	6
привлекательным	6
чрезвычайная	6
спустись	6
дрожь	6
начаться	6
переубедить	6
инициативу	6
здравии	6
грузовики	6
боремся	6
наглость	6
дерьмовый	6
жаркое	6
установила	6
рн	6
соломон	6
скелет	6
краску	6
тигра	6
войдёт	6
запри	6
направляешься	6
бега	6
работайте	6
оперы	6
виной	6
обвиняете	6
обвинят	6
посредством	6
узнаёте	6
целовалась	6
спланировал	6
рона	6
сдалась	6
миссисипи	6
американское	6
трусом	6
тихая	6
болтают	6
чёрным	6
доставлю	6
команд	6
декс	6
политикой	6
папка	6
клэри	6
закажи	6
общаемся	6
хирургом	6
мировую	6
выезжаем	6
отслеживать	6
подробнее	6
готовлюсь	6
иви	6
спрятали	6
ларс	6
сосредоточимся	6
леонарда	6
измену	6
плавание	6
сердиться	6
опасения	6
неправильным	6
победишь	6
принятия	6
отвезет	6
покормить	6
ручкой	6
политиков	6
холодильника	6
повреждена	6
сперма	6
сталь	6
ненавидели	6
прячутся	6
честности	6
пятью	6
взорвали	6
помощников	6
сибил	6
вытаскивать	6
отняли	6
собираешь	6
разрешают	6
доставим	6
легкой	6
показывала	6
снятся	6
тьı	6
предоставили	6
усложнять	6
чувствительный	6
кошелёк	6
столицу	6
полезны	6
нэйтан	6
влиять	6
наставником	6
данными	6
скука	6
материи	6
младшей	6
семя	6
общественное	6
оти	6
абсолютная	6
апельсиновый	6
полёта	6
безопасном	6
фотографиях	6
глупы	6
диди	6
отдавай	6
ожидаешь	6
голые	6
удостоверения	6
зубах	6
крупной	6
дарю	6
броди	6
смыть	6
уволила	6
присмотра	6
маневр	6
множества	6
брюса	6
соглашайся	6
имейте	6
ейчас	6
милых	6
удо	6
напролет	6
свидетельствовать	6
сер	6
нарисовала	6
верховного	6
господом	6
ольга	6
удалили	6
параноик	6
почтить	6
почву	6
идеями	6
проделать	6
скучали	6
смертельной	6
присматривает	6
жестокие	6
направляетесь	6
сознался	6
долину	6
следствием	6
корона	6
праздничный	6
отобрали	6
перепутали	6
уст	6
дворецкий	6
вудс	6
прохожу	6
сай	6
федеральной	6
увлекательно	6
фейри	6
подрался	6
big	6
into	6
people	6
опознал	6
противоядие	6
паразит	6
лягу	6
спустил	6
обманывает	6
прочёл	6
объясниться	6
пожизненное	6
дневной	6
джинджер	6
задеть	6
гармонии	6
нилл	6
сержусь	6
замечания	6
союзников	6
болтовни	6
калинда	6
фильмом	6
грусти	6
приюта	6
ответный	6
следам	6
допросов	6
создании	6
поддельные	6
надавить	6
публику	6
эко	6
закроют	6
замечательной	6
создаёт	6
тяжко	6
недопустимо	6
достигнет	6
вулкан	6
изоляции	6
доходы	6
перкинс	6
малышки	6
сноу	6
нужного	6
прятал	6
r	6
становимся	6
пальце	6
кыш	6
малышей	6
шаттл	6
рабство	6
нижнего	6
налог	6
ворон	6
неправы	6
госпожи	6
зацепок	6
политический	6
множественные	6
подгузники	6
перерезать	6
сумочка	6
крупным	6
продаёт	6
куска	6
рыцари	6
окрестности	6
соответствуют	6
пропадал	6
hет	6
семейным	6
лжёшь	6
позвонят	6
флориды	6
пользуешься	6
признаешь	6
просьбой	6
изучение	6
общественном	6
проклята	6
феи	6
возвращает	6
сфе	6
скота	6
нация	6
синей	6
повторяется	6
уволиться	6
бастер	6
бойцы	6
ѕо	6
лиа	6
седьмого	6
лечении	6
разместить	6
молчания	6
выехал	6
расчет	6
взорваться	6
неоднократно	6
невозможным	6
энрике	6
мьl	6
зонд	6
измерения	6
футбола	6
революцию	6
костюмов	6
полку	6
четвертая	6
слабая	6
фриц	6
трогает	6
токко	6
аптеку	6
басс	6
трек	6
крупное	6
чемпиона	6
предсказать	6
рассказывайте	6
колокола	6
посылаю	6
эйб	6
пилотом	6
выписал	6
франциско	6
нацисты	6
фейерверк	6
данное	6
придать	6
рабочей	6
выгнала	6
акта	6
исправит	6
поистине	6
загадку	6
невинного	6
здравый	6
размеры	6
руководителя	6
столы	6
лежу	6
тяжёлые	6
сопляк	6
поднимаю	6
языках	6
нокс	6
лавку	6
популярный	6
особенные	6
таймер	6
марафон	6
помешали	6
законные	6
курсу	6
секции	6
стремиться	6
заправке	6
обнаружена	6
благополучно	6
учеником	6
став	6
досадно	6
рабочим	6
мудро	6
куп	6
пунктов	6
заставят	6
ори	6
ь	6
приносил	6
временный	6
репортёр	6
яркие	6
приступайте	6
голодные	6
анонимных	6
навредил	6
монастыре	6
вручить	6
садовник	6
подушка	6
фестивале	6
мускулы	6
святое	6
бентли	6
компьютеров	6
файлов	6
праздников	6
требовалось	6
сдавайтесь	6
устраиваю	6
специального	6
стиля	6
услышав	6
просмотрела	6
унпньн	6
презентации	6
скажи-ка	6
порезал	6
чистоту	6
катерина	6
ценные	6
симптомов	6
твиттере	6
джорджу	6
волновало	6
маккой	6
торгового	6
дошла	6
меняю	6
встретишься	6
почтальон	6
шлюшка	6
увлечение	6
спасал	6
токсины	6
подцепить	6
иx	6
социальный	6
заходят	6
торговлю	6
начинала	6
безумен	6
зелье	6
площадки	6
открытая	6
вой	6
сложной	6
корки	6
почитай	6
девственность	6
ребекки	6
настроены	6
мальчикам	6
займешься	6
эммы	6
неудачников	6
голов	6
отменила	6
забывают	6
волновались	6
хранят	6
прошлая	6
заставляла	6
допрашивали	6
службой	6
опубликовать	6
неприятность	6
платформе	6
разойдитесь	6
стрижка	6
умираем	6
тито	6
мини	6
дарит	6
процента	6
работника	6
пластинку	6
няней	6
кашель	6
стенами	6
находили	6
ценят	6
злился	6
отступаем	6
раздавать	6
реанимации	6
образы	6
орешек	6
мёртвые	6
основано	6
малибу	6
обратного	6
взрослого	6
структура	6
роману	6
говор	6
зверей	6
карлтон	6
медсестру	6
пристрелил	6
посмешище	6
злых	6
преданный	6
балл	6
осознала	6
французском	6
жалуется	6
заряжен	6
искра	6
рисует	6
спасем	6
применять	6
поставки	6
денется	6
конференцию	6
зи	6
трей	6
навыков	6
потеряете	6
сбит	6
выдумала	6
камерами	6
тяжести	6
хранила	6
уникальный	6
сувенир	6
восточный	6
женскую	6
проиграет	6
дорогах	6
тёти	6
взорвётся	6
засадить	6
рекомендовал	6
изучает	6
бланк	6
ковёр	6
упор	6
избавилась	6
сделок	6
забывает	6
ва	6
морского	6
движемся	6
таскать	6
мафия	6
засранцы	6
представляли	6
мешают	6
ф	6
фальшивка	6
хг	6
нанимать	6
погибнем	6
скрываете	6
афганистан	6
удалил	6
маловато	6
рискует	6
джонсона	6
утренний	6
вырубил	6
чём-нибудь	6
наручниках	6
спортивные	6
водишь	6
хаоса	6
искусством	6
десятку	6
сваливать	6
хорхе	6
пролить	6
эксперта	6
возглавить	6
вампиром	6
девчонками	6
иерусалим	6
сбежит	6
орбите	6
передач	6
богатого	6
хэнка	6
полагает	6
попусту	6
джейком	6
евы	6
вызовем	6
знакомьтесь	6
интересных	6
маленькому	6
находка	6
персонажей	6
молилась	6
второму	6
пороха	6
выдумка	6
ханс	6
привидениями	6
слабых	6
люкс	6
тренировался	6
опа	6
мэтр	6
отвратительная	6
червь	6
аманды	6
соответствовать	6
бургеры	6
чтобьi	6
гримм	6
наследника	6
вега	6
лесбиянки	6
часовой	6
статуи	6
хижине	6
реб	6
клевая	6
покупатели	6
чед	6
совать	6
кофеина	6
играйте	6
наложил	6
миллера	6
действуйте	6
альберта	6
врагу	6
полки	6
гордо	6
сдохни	6
образа	6
покупали	6
дозы	6
девятый	6
рональд	6
выводит	6
наслаждение	6
городские	6
поднимемся	6
едь	6
эпидемия	6
волокна	6
грир	6
совпадением	6
свяжется	6
убьете	6
обращайтесь	6
строили	6
банкет	6
финансов	6
обмана	6
уборку	6
медицинском	6
поли	6
грета	6
пассажир	6
произнес	6
плакат	6
волшебной	6
джози	6
протоколы	6
коулсон	6
наук	6
дайте-ка	6
социальных	6
снимет	6
подтверждают	6
жизненный	6
организовали	6
рокко	6
влезть	6
умирала	6
родео	6
одиноких	6
круиз	6
семейка	6
плаву	6
газы	6
гимн	6
нетрудно	6
ecть	6
дохода	6
дневнике	6
побочные	6
заключенного	6
куском	6
мэ	6
отходов	6
бомбой	6
подражания	6
злитесь	6
устраиваем	6
отвечаете	6
четвертого	6
раздевалке	6
представителя	6
работах	6
уборной	6
персонажи	6
замечаю	6
добру	6
соперник	6
гениальный	6
карманах	6
объединиться	6
притворялась	6
дешево	6
намечается	6
потребует	6
экспертизы	6
верой	6
должок	6
полетит	6
прожили	6
ra	6
something	6
подачи	6
общежитии	6
солгать	6
старшие	6
гетто	6
психиатра	6
тонка	6
тесса	6
зайка	6
сияние	6
un	6
оставляйте	6
возражений	6
беннетт	6
упражнение	6
крушение	6
снимешь	6
поврежден	6
пишете	6
поклонница	6
розыске	6
сандерс	6
подкупить	6
напомнила	6
сравнении	6
аресте	6
больнее	6
спустимся	6
администрация	6
моз	6
предоставь	6
пощады	6
владельцев	6
многочисленные	6
жопы	6
помириться	6
направили	6
развивается	6
колец	6
смеетесь	6
доставят	6
частоту	6
латыни	6
чувствуй	6
коллегой	6
слухов	6
хода	6
лайонел	6
неудачником	6
притворяйся	6
покупайте	6
звучат	6
реагируют	6
заражение	6
леви	6
зимы	6
нужном	6
сожалеет	6
приятнее	6
эбед	6
девчонке	6
жертвовать	6
простуда	6
золотое	6
жюли	6
берегитесь	6
любовником	6
рабом	6
ланча	6
облом	6
поделился	6
запрещены	6
гневом	6
крысу	6
смелая	6
вернёшь	6
тоска	6
сам-то	6
грейси	6
продаешь	6
этель	6
розу	6
отсос	6
перенес	6
дном	6
шей	6
пещера	6
лечит	6
любителей	6
каникулах	6
клевый	6
фотографировать	6
обманываешь	6
кинга	6
вaм	6
отреагировал	6
глубокое	6
пропусти	6
считаются	6
урожая	6
стенке	6
будущей	6
финансовых	6
бридж	6
встречает	6
изучала	6
воспринял	6
допросе	6
бываешь	6
вытянуть	6
треугольник	6
готовим	6
заказывали	6
роду	6
готовился	6
италия	6
властей	6
приеме	6
шефу	6
дугал	6
шерифом	6
тао	6
вожу	6
печатать	6
яйцам	6
прекрасном	6
каникул	6
мозгом	6
заговорили	6
обернулось	6
отдохните	6
называемый	6
вечная	6
почувствуете	6
поглядите	6
женятся	6
производить	6
раввин	6
поплавать	6
нападают	6
экзамена	6
fscy102	6
фэй	6
тура	6
thing	6
трофей	6
сегодняшняя	6
заслуги	6
пани	6
секретно	6
кредитку	6
предлагали	6
азартные	6
жалкой	6
серьги	6
прикасался	6
потерпел	6
тосты	6
отметки	6
пакеты	6
травки	6
ощущать	6
отстойно	6
подставила	6
витамины	6
юристов	6
выберусь	6
улажено	6
кoгдa	6
прикалываешься	6
депрессию	6
лизы	6
пластинки	6
медицина	6
нуждаешься	6
повеселились	6
одеяла	6
невероятные	6
гриппа	6
произошедшее	6
заговорила	6
угрозами	6
паскаль	6
гостям	6
потому-что	6
чудесным	6
приглашали	6
отбор	6
премьера	6
зонтик	6
слушая	6
флорида	6
изнасиловать	6
демократия	6
несчастная	6
лги	6
зависть	6
индия	6
выставили	6
выпала	6
взрывчатка	6
солдатами	6
средствами	6
мечтаешь	6
правит	6
индию	6
выберем	6
воспользовались	6
пэдди	6
яснее	6
продолжаете	6
некого	6
величеству	6
приезжали	6
сперму	6
волнение	6
стукач	6
проделала	6
тряпка	6
злилась	6
шторма	6
крутить	6
прибраться	6
гил	6
мстить	6
несчастные	6
унести	6
рукаве	6
пьяница	6
завладеть	6
вечные	6
сценарист	6
филиппа	6
женихом	6
разочаровал	6
очарование	6
арестовывать	6
ученица	6
безумец	6
попрощайся	6
салата	6
май	6
м-м-м	6
гавани	6
дешевый	6
основан	6
туристы	6
аппарата	6
упаси	6
задерживается	6
нелли	6
мины	6
проста	6
отчёты	6
сексуальную	6
обвиняю	6
энтузиазм	6
дэмиен	6
психически	6
учебы	6
запала	6
обращаешься	6
готовь	6
э-э-э	6
разумное	6
асдер	6
гравитация	6
испанском	6
выдающийся	6
злобный	6
забавные	6
too	6
встаю	6
готовьте	6
привычку	6
грега	6
подвёл	6
супруги	6
тоу	6
ездят	6
осень	6
расстанемся	6
войдем	6
лип	6
рокси	6
холодным	6
эрнесто	6
шивон	6
канады	6
дель	6
финансы	6
прототип	6
намерений	6
рыб	6
типом	6
гордишься	6
держатся	6
сладко	6
элементов	6
хозяйство	6
секретных	6
разработки	6
пустую	6
ander	6
ряда	6
софии	6
ревнует	6
датчик	6
кён	6
путешествий	6
сигнализации	6
греции	6
достанет	6
постоянная	6
уау	6
помолвлена	6
агата	6
орландо	6
мэт	6
настроена	6
клапан	6
порта	6
читайте	6
утки	6
законный	6
брэди	6
побегушках	6
скамейке	6
правильного	6
теплее	6
игорь	6
куче	6
спровоцировать	6
поглубже	6
швеции	6
прокляты	6
сигарета	6
ладили	6
хендерсон	6
последует	6
успокоимся	6
биг	6
активировать	6
сестричка	6
le	6
позволяете	6
касаются	6
ящиков	6
безупречно	6
сдаст	6
прогуляюсь	6
выкупа	6
матки	6
посольстве	6
фез	6
профессиональные	6
вероятнее	6
комендантский	6
лжете	6
направления	6
воистину	6
реалити-шоу	6
тан	6
справляетесь	6
изучали	6
офисом	6
счёте	6
притворяюсь	6
толстые	6
проценты	6
необходимым	6
вмешательства	6
кассеты	6
домашняя	6
кличка	6
кораблю	6
обслуживания	6
коэн	6
пикап	6
тоном	6
прощении	6
съехала	6
происходящего	6
киллер	6
объяснили	6
глубину	6
искусству	6
партнёра	6
добавила	6
пруд	6
red	6
снился	6
посторонних	6
похоронил	6
юридический	6
даме	6
лимон	6
уезжала	6
дани	6
знаков	6
проследил	6
участки	6
изобразить	6
комы	6
бегают	6
добавим	6
компенсации	6
одурачить	6
желающих	6
черри	6
спускается	6
угнали	6
заинтересует	6
палкой	6
необычные	6
шеф-повар	6
экспертов	6
химия	6
зубам	6
журналов	6
кругами	6
деньки	6
найму	6
грязным	6
лен	6
сотрудничества	6
длинной	6
полторы	6
возражения	6
романтический	6
причёска	6
егo	6
yes	6
киры	6
мировая	6
заявляю	6
предложу	6
общалась	6
sa	6
стула	6
наркоты	6
нянька	6
дкъ	6
полях	6
кроуфорд	6
выманить	6
никола	6
доберёмся	6
неофициально	6
ругались	6
платы	6
поэзия	6
оборону	6
сть	6
лживый	6
вильям	6
палки	6
валерия	6
сконцентрируйся	6
фернандо	6
южную	6
сыграли	6
подавлен	6
потерялась	6
июне	6
поглядим	6
продолжил	6
опекун	6
вульф	6
приветствие	6
повернуться	6
полнолуние	6
обещаний	6
желая	6
избирателей	6
упаковку	6
осёл	6
европа	6
дошел	6
полечу	6
телеку	6
шуточки	6
заходили	6
управляют	6
облаках	6
показываешь	6
подразумеваешь	6
доверяй	6
основное	6
посадим	6
дот	6
away	6
существовал	6
дюйма	6
милого	6
эффекта	6
мёрдок	6
тейт	6
математику	6
вкуснятина	6
отличии	6
создадим	6
долли	6
пожарная	6
помилуй	6
подобную	6
смита	6
покончу	6
ковчег	6
сожалеем	6
поправка	6
называться	6
mнe	6
дакс	6
польщена	6
уволилась	6
рок-н-ролл	6
шланг	6
музыкантов	6
тридцати	6
машинка	6
свисток	6
внутренности	6
воссоздать	6
страстью	6
общаюсь	6
реальное	6
горячих	6
съедим	6
грузовиков	6
лю	6
сук	6
владыка	6
займу	6
сеул	6
пакете	6
бьётся	6
чары	6
заметишь	6
папочки	6
дааа	6
близость	6
конфликта	6
стефана	6
виноград	6
задыхается	6
угрожаешь	6
уголовное	6
закрывает	6
водительские	6
генерального	6
мала	6
сударь	6
мамуля	6
аккуратней	6
ошибались	6
сучку	6
поручение	6
правитель	6
глупую	6
перья	6
застали	6
деловые	6
ямы	6
утонула	6
сфокусироваться	6
страдаешь	6
изменишь	6
претензии	6
нескольким	6
отложим	6
оскорбить	6
малик	6
сегодняшнем	6
мух	6
классическая	6
философия	6
пустыня	6
арестую	6
лапша	6
деловая	6
прикажешь	6
стрельбу	6
провалил	6
неожиданность	6
подцепил	6
тилк	6
прикончил	6
специалиста	6
поверните	6
американским	6
данэм	6
перешёл	6
поправить	6
естественный	6
бь	6
избить	6
флоте	6
назовешь	6
полицейскую	6
относились	6
тьс	6
незнакомцев	6
переулок	6
битой	6
важном	6
согласятся	6
желательно	6
учитесь	6
поступал	6
утверждение	6
выступит	6
нору	6
уго	6
рэйлан	6
раз-два	6
мамин	6
мэн	6
вчерашней	6
кинотеатр	6
губам	6
приблизиться	6
сдались	6
любовницей	6
трэйси	6
петлю	6
униформу	6
скором	6
кричу	6
руководителем	6
пользовалась	6
ѕоже	6
разбуди	6
рушится	6
анонимный	6
пресс-конференции	6
голубей	6
изменю	6
таннер	6
перевела	6
элеонор	6
взрывом	6
экстренный	6
сражаются	6
милтон	6
видимся	6
уместно	6
ханну	6
побегу	6
мор	6
вернон	6
официального	6
хара	6
надвигается	6
обойдусь	6
завалить	6
профессиональной	6
взглядов	6
крыле	6
закрытым	6
вызова	6
назывался	6
сомневайся	6
рассела	6
завершения	6
позволило	6
формальность	6
кью	6
лесах	6
согласию	6
субботы	6
слияние	6
молитва	6
профсоюз	6
посылают	6
скончалась	6
бананы	6
боевая	6
винса	6
составит	6
сорт	6
усилить	6
дружили	6
развиваться	6
компьютерный	6
поединок	6
мистере	6
худой	6
eщe	6
смейтесь	6
коула	6
долгом	6
потерей	6
хоббс	6
кажетс	6
грусть	6
голубое	6
бернс	6
зацепку	6
вспомнили	6
ошибках	6
занялась	6
описали	6
некоторую	6
конверте	6
задают	6
столице	6
сравнение	6
строил	6
обиды	6
мастером	6
сомневалась	6
podruga	6
программой	6
передвижения	6
made	6
кристен	6
молодцом	6
фрида	6
хвастаться	6
приоритеты	6
красивыми	6
ловите	6
множеством	6
конторе	6
палубу	6
грэг	6
предателем	6
проекты	6
цкз	6
мальчишник	6
соревнованиях	6
алтарю	6
полетим	6
терапевт	6
спасению	6
наполеон	6
советовал	6
гостеприимство	6
осмотреться	6
вырастил	6
покупке	6
компьютеру	6
джером	6
разочаровывать	6
мысленно	6
призываю	6
монету	6
героями	6
give	6
общины	6
поддерживали	6
вырастила	6
зачастую	6
дэрил	6
невинный	6
возник	6
паром	6
сломано	6
ложки	6
отрезали	6
разрешу	6
канцлер	6
уилсона	6
герцогиня	6
пляжа	6
прекратим	6
касаться	6
поменяли	6
килограммов	6
формула	6
предыдущий	6
разрезать	6
хозяину	6
гостями	6
постоянным	6
перейду	6
головокружение	6
сообщаю	6
ветеранов	6
серж	6
лэнг	6
поприветствуйте	6
всякая	6
подходящая	6
задела	6
никита	6
риггс	6
поменяла	6
данн	6
мака	6
трубки	6
общественной	6
приедете	6
прилетела	6
бакли	6
точные	6
космической	6
выбрасывать	6
известное	6
соседом	6
побочный	6
дер	6
запланировано	6
убегаешь	6
снимут	6
пророк	6
крошечные	6
колокольчик	6
возникнет	6
втягивать	6
прямое	6
минутой	6
оуэна	6
кольцом	6
расчёт	6
ko	6
докажем	6
изменяла	6
уронила	6
продержится	6
попка	6
фин	6
научи	6
волне	6
уходе	6
желала	6
смотрите-ка	6
горла	6
губернатором	6
морде	6
орбиту	6
литров	6
образе	6
древняя	6
критики	6
танцах	6
нападает	6
темных	6
тётушка	6
левом	6
решиться	6
обожал	6
вилла	6
мосс	6
ньютон	6
трейлере	6
промах	6
полости	6
динамит	6
бумажки	6
разгадать	6
заложниках	6
оказывает	6
индейка	6
парковка	6
растений	6
супермаркет	6
скачки	6
распишитесь	6
джейд	6
крайний	6
малькольм	6
шкафа	6
реального	6
переезда	6
эвакуация	6
звездами	6
хокинс	6
прочитали	6
ќам	6
воздушные	6
дьяволу	6
популярность	6
дорогих	6
трусах	6
свитс	6
спокойней	6
здравом	6
брендан	6
аха	6
ленту	6
ричардом	6
круглый	6
дилер	6
алё	6
заложника	6
позаботилась	6
приманка	6
родного	6
становись	6
пирса	6
освободился	6
клифф	6
мешаешь	6
обижать	6
воздействия	6
тьы	6
конор	6
скорпион	6
бнр	6
сана	6
восхитительный	6
алгоритм	6
барлоу	6
ярмарке	6
пройдемся	6
пушкой	6
уборка	6
заперто	6
экспериментов	6
лодыжку	6
мануэль	6
сиденья	6
чуда	6
батареи	6
теряете	6
горем	6
активы	6
абу	6
трахает	6
становился	6
бабино	6
природой	6
бандой	6
странными	6
орёл	6
формулу	6
демонстрации	6
рискуем	6
сесиль	6
верху	6
сменим	6
физическое	6
напомню	6
секретную	6
брауна	6
невозможное	6
рог	6
притворись	6
достучаться	6
объ	6
ашер	6
мешаю	6
семейную	6
нашлось	6
бродить	6
lady	6
приводят	6
katakimiku	6
новичка	6
задала	6
встаёт	6
поклонников	6
атакует	6
карвер	6
захватывает	6
said	6
заполучил	6
вич	6
достаньте	6
занести	6
патрон	6
поработаем	6
короны	6
утешить	6
табак	6
удивляться	6
развлекайтесь	6
птички	6
тренировать	6
световых	6
волн	6
ангелом	6
пинки	6
научных	6
проработал	6
удачной	6
приложу	6
состоянием	6
каким-нибудь	6
медвежонок	6
посещений	6
подразумеваю	6
поверх	6
конкретного	6
отказываетесь	6
обеспечение	6
загляну	6
веселого	6
акул	6
чердак	6
крутых	6
сканер	6
скрытый	6
образца	6
пройдусь	6
следуют	6
сумасшедших	6
бабла	6
незамедлительно	6
куплюсь	6
кислота	6
арни	6
сим	6
повидал	6
продолжите	6
фрэнком	6
сертификат	6
женимся	6
монетку	6
ячейки	6
рассмотрим	6
эвакуировать	6
сироп	6
помада	6
обезвредить	6
недовольны	6
внешней	6
следуя	6
сцен	6
наркотикам	6
взрывы	6
ненавидим	6
марианна	6
пригнитесь	6
дирк	6
стоимости	6
показаниях	6
преследуешь	6
карлик	6
хакер	6
торопишься	6
лилит	6
рождается	6
учреждение	6
статую	6
порез	6
произведения	6
лишилась	6
b1	6
контролируют	6
хот-дог	6
объявится	6
конфиденциально	6
специальная	6
активно	6
игровой	6
гранаты	6
определил	6
перееду	6
центральная	6
страшной	6
перевел	6
выдвинуть	6
люком	6
вестей	6
возможный	6
переместить	6
взломом	6
вернувшись	6
научится	6
покажись	6
вэнс	6
открывал	6
улыбнулась	6
жуткое	6
путешествует	6
прикажете	6
поспешить	6
ee	6
камин	6
естественным	6
дэррил	6
поставщик	6
достает	6
заботились	6
болото	6
гилмор	6
роско	6
бац	6
заключённых	6
заставляю	6
пир	6
десь	6
партнёры	6
начатое	6
риццоли	6
колу	6
ринг	6
обществом	6
задержите	6
дуэль	6
ожидается	6
миленькая	6
вуд	6
тыс	6
девки	6
соу	6
факс	6
вылез	6
песенку	6
заинтересовался	6
инструктор	6
выпускают	6
доберутся	6
баром	6
подача	6
характером	6
two	6
ударю	6
приманку	6
учитывать	6
явится	6
опыте	6
вылет	6
прозвали	6
телами	6
бурю	6
житель	6
дики	6
пролил	6
пирсон	6
длиной	6
гардероб	6
бутерброды	6
круглосуточно	6
обманываю	6
заключению	6
поцеловались	6
уборщик	6
бедности	6
городских	6
представителем	6
бай	6
аватар	6
эпоху	6
ощутить	6
фотоаппарат	6
рыбку	6
голосе	6
гдe	6
ч-что	6
предполагать	6
полетели	6
средних	6
лил	6
свечу	6
коляске	6
дьюи	6
восторг	6
текилы	6
wi-fi	6
маршалла	6
ведьмой	6
спустилась	6
феникс	6
попадут	6
мадонна	6
тарелка	6
богаче	6
крутого	6
сорта	6
передумали	6
последовательность	6
занавес	6
оформление	6
запустили	6
проблемка	6
продаётся	6
государственного	6
пьесе	6
сундук	6
несчастья	6
присоединилась	6
трахалась	6
жёны	6
запястья	6
подло	6
волоске	6
объятиях	6
нло	6
батальон	6
любовники	6
встанешь	6
крышку	6
дo	6
выставлять	6
преосвященство	6
специальность	6
приятелей	6
x	6
эмму	6
баки	6
привезут	6
ои	6
помешан	6
памятью	6
проспал	6
bord1	6
выстрелила	6
положением	6
жеребец	6
лай	6
маркос	6
зерно	6
колесах	6
впечатления	6
угнал	6
сводится	6
комментарий	6
подсказка	6
полдня	6
явилась	6
тянется	6
рацию	6
трубка	6
подозрению	6
упрямая	6
литературы	6
выведет	6
пройдём	6
набирает	6
пробка	6
научит	6
дереву	6
побеждать	6
выдох	6
привилегии	6
продаем	6
малого	6
стюарта	6
влечение	6
содержания	6
рнкэйн	6
кормит	6
общественные	6
построим	6
готовятся	6
кроу	6
марсе	6
умрёте	6
войско	6
половой	6
стаи	6
хищник	6
мокрая	6
заложник	6
осознаю	6
прелестная	6
отдельные	6
улучшения	6
деньгам	6
въехал	6
временные	6
печальная	6
щенка	6
венеции	6
полегчает	6
привыкнешь	6
охранником	6
усыновить	6
очередное	6
ћистер	6
взрыве	6
соберем	6
закрываются	6
приставал	6
жертвам	6
джони	6
разозлить	6
конкурентов	6
демонстрация	6
чжа	6
каюту	6
подвох	6
разрешит	6
обыщите	6
долгую	6
успокоился	6
губами	6
выезжаю	6
беспокоило	6
празднование	6
паста	6
магнит	6
пьем	6
нанес	6
дав	6
балкон	6
отсутствии	6
укрыться	6
отцепись	6
гадости	6
стоимостью	6
младенцев	6
подождите-ка	6
стошнило	6
расизм	6
мужское	6
срочный	6
выставки	6
подружке	6
андервуд	6
рено	6
папочку	6
диалог	6
очка	6
гдеяэ	6
заложил	6
клёвый	6
лизу	6
гравитации	6
задержан	6
предоставьте	6
лара	6
джени	6
заканчиваем	6
откладывать	6
принадлежишь	6
сержантом	6
неверное	6
кулаком	6
телик	6
нанесли	6
сорвалась	6
has	6
дотянуться	6
протеста	6
террористами	6
задавай	6
отказываются	6
поличным	6
командиром	6
эрнест	6
противоположность	6
установим	6
редкое	6
родня	6
веские	6
принцессе	6
тварей	6
et	6
недавних	6
наизнанку	6
супруг	6
футболе	6
легким	6
вступать	6
поэзии	6
хвоста	6
входим	6
коррупции	6
отрежу	6
хах	6
замысел	6
мера	6
занимаясь	6
покажете	6
краской	6
дурного	6
охотились	6
хитрость	6
признаете	6
ввязался	6
весёлый	6
жилья	6
салфетку	6
сосать	6
деревьях	6
разгар	6
картель	6
угрожают	6
вращается	6
прощальный	6
заприте	6
залезайте	6
валентин	6
спятили	6
приставать	6
пригодятся	6
соберитесь	6
женских	6
странную	6
вирусом	6
селина	6
психа	6
обратили	6
расстроило	6
целует	6
собирайтесь	6
студентом	6
близкими	6
млн	6
фаза	6
научные	6
привязанность	6
бун	6
проходим	6
слабее	6
сломается	6
плотно	6
грабителей	6
жилище	6
сочинение	6
заднее	6
падаю	6
пожелал	6
движутся	6
эгоистичный	6
атмосферы	6
торчит	6
занавески	6
довелось	6
покидал	6
поджечь	6
поднос	6
бесполезный	6
короткой	6
3-х	6
отозвать	6
обеспечит	6
наводку	6
соседям	6
расист	6
давая	6
танцор	6
николя	6
кровотечения	6
чаем	6
маг	6
генералу	6
комедии	6
ордена	6
улыбочку	6
великолепное	6
прочту	6
определенного	6
изменим	6
притормозить	6
героиня	6
шеннон	6
пушек	6
безумной	6
выдвигаться	6
гомик	6
интересуешься	6
интенсивной	6
заходишь	6
римляне	6
печальный	6
открываешь	6
международной	6
молитесь	6
подмогу	6
величие	6
темнота	6
iii	6
псы	6
кустах	6
бип	6
здоровые	6
тонкие	6
мяу	6
youtube	6
гоняться	6
повреждены	6
африка	6
правильная	6
распродажа	6
пити	6
слежку	6
наслаждался	6
включена	6
котора	6
жителям	6
извинилась	6
велит	6
реактор	6
молчу	6
подрались	6
подиум	6
решёткой	6
стойки	6
ядом	6
школах	6
прежние	6
поражен	6
70-х	6
пустых	6
найдутся	6
тюремный	6
прячусь	6
сломаны	6
арестуем	6
достойны	6
максим	6
повести	6
пьете	6
волнующе	6
повешу	6
осложнения	6
испытывают	6
алмазы	6
религию	6
повторял	6
слезах	6
воровка	6
молотком	6
убедимся	6
повесь	6
поры	6
человечеству	6
связям	6
знаменит	6
неплох	6
поручили	6
выпишу	6
расскажут	6
одевать	6
протоколу	6
гордона	6
задушить	6
беспокоились	6
тоус	6
ожидаете	6
напомните	6
противозаконно	6
среднюю	6
брайн	6
освобожу	6
дорожка	6
двигаюсь	6
елены	6
знакомого	6
невесте	6
твердо	6
дурдом	6
ночное	6
болтовню	6
заставляли	6
даффи	6
биллом	6
помогая	6
комедия	6
обычном	6
что-ли	6
паренька	6
палатки	6
профессиональная	6
попадёшь	6
переводить	6
мелким	6
галереи	6
банок	6
кровавая	6
исчезновении	6
карлоса	6
тесте	6
пирамиды	6
вагина	6
лоры	6
бег	6
достанешь	6
послания	6
лезешь	6
мечтают	6
опасного	6
кентукки	6
пизда	6
ремонта	6
сбежим	6
эй-эй	6
звездная	6
подстроил	6
атаковали	6
креветок	6
перестрелка	6
пригласите	6
пайк	6
джейкоба	6
байрон	6
судебные	6
уикенд	6
проникновения	6
e-mail	6
фанатка	6
перекрыть	6
знака	6
корею	6
марихуаны	6
удалась	6
умерло	6
дары	6
мочу	6
ток	6
ложку	6
банни	6
похитители	6
расшифровать	6
деревенщина	6
партнёром	6
пришлют	6
идеальную	6
местную	6
кетчуп	6
переписать	6
местном	6
вызывайте	6
спится	6
кругах	6
бетани	6
солнцу	6
давай-давай	6
лазарет	6
пенсов	6
серьезнее	6
пожилой	6
рестораны	6
выплатить	6
эдуард	6
стандартный	6
хвостом	6
мосты	6
возрастом	6
бойфренда	6
самолетом	6
сексу	6
развернуться	6
пропавший	6
соревноваться	6
крупную	6
новички	6
мусорный	6
насиловал	6
спасении	6
индастриз	6
градуса	6
комик	6
спешит	6
лампочки	6
максом	6
позора	6
мёртвого	6
перевозки	6
девичник	6
осознавать	6
хейл	6
точек	6
грузовой	6
учёбу	6
курите	6
хранишь	6
внедорожник	6
лёгкий	6
мае	6
какашки	6
возобновить	6
анни	6
слил	6
головные	6
якорь	6
взрывчатки	6
весе	6
подготовке	6
автомата	6
брачный	6
прорваться	6
смертельная	6
аптеке	6
идиотизм	6
кружка	6
батлер	6
бросился	6
гарантия	6
мышц	6
настоятельно	6
покупаем	6
наступления	6
особым	6
итог	6
сумме	6
крепкая	6
взятку	6
god	6
юридическую	6
тэнди	6
ветеринар	6
чьи-то	6
миллионами	6
патрульные	6
родины	6
дональда	6
разделиться	6
сахаром	6
летел	6
наследства	6
сожгла	6
козырь	6
кубе	6
графика	6
потер	6
ѕока	6
кусты	6
г-на	6
лейтенантом	6
мода	6
пригороде	6
залога	6
плёнку	6
космические	6
фрукт	6
подготовлю	6
бесполезна	6
исторический	6
заработает	6
заседания	6
искусственное	6
сговоре	6
арахис	6
сулу	6
утешит	6
поддерживала	6
окружает	6
дайсон	6
строишь	6
завтрашней	6
воссоединение	6
самолёты	6
не-не-не	6
сделанные	6
покойный	6
загрузить	6
походу	6
маской	6
мальчишек	6
обнаружат	6
курение	6
женском	6
ашкн	6
загляни	6
судьёй	6
беспокоитесь	6
приглашают	6
подает	6
решаешь	6
звенит	6
покупка	6
семейства	6
установлен	6
отнесите	6
цифр	6
рагу	6
бенедикт	6
предателя	6
веками	6
подружились	6
ивонн	6
объединяет	6
бородой	6
пасту	6
анной	6
страдали	6
туалетной	6
адриана	6
низкая	6
бауэр	6
окажетесь	6
федералов	6
hy	6
умственно	6
выглядим	6
истинного	6
call	6
похода	6
одолжила	6
миленький	6
еврейка	6
спортсмен	6
хаким	6
счастливую	6
действовали	6
окружают	6
ганди	6
мальчике	6
сбегаю	6
стояк	6
эр	6
гарантий	6
основал	6
подводит	6
немецкие	6
победителей	6
свободой	6
полетел	6
сражается	6
по-русски	6
завязывать	6
владение	6
каталог	6
москва	6
надоедать	6
основатель	6
раздеться	6
ярче	6
дальнейшем	6
услышим	6
сыграет	6
международного	6
вылезти	6
сливками	6
действуем	6
мес	6
xopoшo	6
нвемэ	6
помягче	6
гневе	6
испекла	6
нечаянно	6
средь	6
ньюман	6
инфекцию	6
релиз	6
усмехается	6
разрез	6
отправлено	6
рэйган	6
популярным	6
слеп	6
неясно	6
записываю	6
случайный	6
наносит	6
йорка	6
королевстве	6
арестовывали	6
ворвался	6
успокоит	6
винтовка	6
электронные	6
землетрясения	6
улов	6
ядра	6
связывался	6
стадионе	6
спешишь	6
возвращаясь	6
буррито	6
зайдём	6
представили	6
надоела	6
крупного	6
гонорар	6
засуну	6
джорджии	6
чему-нибудь	6
отдельности	6
дантист	6
береговой	6
сложных	6
холодного	6
проповедь	6
осмотрел	6
долгах	6
связали	6
установлено	6
писателя	6
рукопись	6
внутренняя	6
пострадавших	6
звездных	6
стандарты	6
кандидатом	6
психотерапевт	6
застрелила	6
сладкой	6
выложил	6
академия	6
семейство	6
default	6
голышом	6
погоде	6
кбр	6
аппетитно	6
синьорина	6
древней	6
летишь	6
мечте	6
2-х	6
захвачу	6
разделяет	6
сострадания	6
баз	6
угощение	6
отвёз	6
открываются	6
шиллингов	6
выигрыше	6
устроен	6
жалким	6
бумагами	6
уилли	6
прекратила	6
насто	6
посажу	6
танцуем	6
ясности	6
посты	6
знаменитости	6
любители	6
длинными	6
пробрался	6
трудным	6
машинку	6
сочувствия	6
разрушен	6
наживку	6
решилась	6
расплата	6
невестка	6
двойник	6
концами	6
легально	6
овцы	6
окончательное	6
упущенное	6
управляющим	6
данного	6
столица	6
уставились	6
пикассо	6
квартирой	6
black	6
ерундой	6
доставлять	6
папочкой	6
стиг	6
ослеп	6
помнится	6
местными	6
задняя	6
привидения	6
конкретное	6
уверенной	6
рузвельт	6
явились	6
серебряный	6
добавили	6
успешной	6
родителя	6
нездоровится	6
понаблюдать	6
львы	6
ставим	6
рухнет	6
завещания	6
сказке	6
потрогай	6
экспертом	6
столовую	6
потребовать	6
осмелюсь	6
нежная	6
танки	6
марджори	6
коллегу	6
выдают	6
выставке	6
филлип	6
карнавал	6
стемнеет	6
кролики	6
таблетками	6
удивилась	6
съемок	6
совместное	6
держалась	6
хижину	6
оправдываться	6
альфи	6
feel	6
оказали	6
скучные	6
фрагмент	6
грохот	6
свон	6
крути	6
недавнего	6
выслушал	6
поинтересоваться	6
голодать	6
прервал	6
ядерного	6
работающий	6
типо	6
побывали	6
очаровательна	6
кореш	6
тил	6
стойкой	6
похищен	6
гуляли	6
убытки	6
крисси	6
крючке	6
козлы	6
прослушивания	6
выпадает	6
бритни	6
храбрым	6
указ	6
продаст	6
древнего	6
триша	6
аннабель	6
подошло	6
яма	6
остальная	6
выставила	6
подлый	6
недоступен	6
специалисты	6
глухая	6
свернул	6
катетер	6
дышу	6
этoгo	6
расклад	6
доспехи	6
направились	6
дождись	6
прекращать	6
выполнения	6
эриком	6
свадебные	6
нападут	6
действием	6
общаешься	6
щедрый	6
ен	6
давным	6
обойдётся	6
протянет	6
стакана	6
справятся	6
эрику	6
дверях	6
мотива	6
зрачки	6
сверх	6
точностью	6
балконе	6
туалетом	6
сходили	6
продумал	6
кампусе	6
спутники	6
осмотра	6
вустер	6
угощайся	6
вoт	6
династии	6
сильную	6
вредит	6
рыбки	6
шампунь	6
сиськами	6
правильной	6
оформить	6
обвинила	6
шестерых	6
гадать	6
сплетен	6
стопам	6
унаследовал	6
наговорила	6
породы	6
возглавляет	6
hvblack	6
десятилетия	6
поскорей	6
вломились	6
привези	6
умудрился	6
мексика	6
наблюдатель	6
фреда	6
подарками	6
разыскивает	6
упадёт	6
лузер	6
бабло	6
далтон	6
разговору	6
нервов	6
тяните	6
принадлежали	6
локоть	6
штуковину	6
оказывать	6
принципов	6
стельку	6
фары	6
вычеркнуть	6
психолога	6
различия	6
тюремной	6
старику	6
винишь	6
голубь	6
варгас	6
