# French CEFR Vocabulary Database (A1=1, A2=2, B1=3, B2=4, C1=5, C2=6)
# Word	Level
de	1
je	1
est	1
pas	1
le	1
que	1
la	1
vous	1
tu	1
un	1
c'	1
à	1
et	1
il	1
a	1
l'	1
ne	1
les	1
j'	1
en	1
on	1
ça	1
une	1
d'	1
ce	1
qu'	1
pour	1
ai	1
n'	1
des	1
qui	1
mais	1
dans	1
nous	1
elle	1
me	1
bien	1
si	1
du	1
y	1
suis	1
non	1
t'	1
avec	1
tout	1
plus	1
mon	1
m'	1
te	1
au	1
fait	1
moi	1
s'	1
oui	1
va	1
était	1
as	1
faire	1
ils	1
sur	1
quoi	1
se	1
comme	1
sais	1
être	1
veux	1
ici	1
ma	1
toi	1
est-ce	1
dit	1
lui	1
votre	1
es	1
pourquoi	1
où	1
là	1
rien	1
cette	1
sont	1
quand	1
peux	1
dire	1
son	1
avez	1
vais	1
alors	1
ton	1
comment	1
par	1
ou	1
chose	1
bon	1
ont	1
merci	1
juste	1
très	1
jamais	1
été	1
aussi	1
avoir	1
vraiment	1
voir	1
même	1
sa	1
oh	1
maintenant	1
tous	1
peut	1
deux	1
ces	1
êtes	1
allez	1
ta	1
autre	1
peu	1
temps	1
quelque	1
fais	1
toujours	1
encore	1
notre	1
mes	1
besoin	1
avait	1
accord	1
faut	1
dois	1
vie	1
peut-être	1
aller	1
fois	1
vu	1
donc	1
sans	1
monde	1
étais	1
parce	1
avant	1
sûr	1
trop	1
quelqu'	1
parler	1
personne	1
avais	1
père	1
crois	1
après	1
aux	1
dieu	1
ouais	1
ses	1
pense	1
eu	1
aime	1
leur	1
homme	1
viens	1
vrai	1
femme	1
ok	1
doit	1
veut	1
ans	1
mal	1
chez	1
déjà	1
depuis	1
beaucoup	1
vos	1
bonne	1
mort	1
mieux	1
vas	1
mère	1
sera	1
dis	1
fille	1
tes	1
gens	1
quel	1
vois	1
désolé	1
ca	1
voilà	1
avons	1
petit	1
maison	1
soit	1
cela	1
autres	1
toute	1
soir	1
passé	1
prendre	1
jour	1
monsieur	1
nos	1
savoir	1
choses	1
salut	1
cet	1
nom	1
argent	1
bonjour	1
nuit	1
raison	1
moins	1
arrive	1
maman	1
reste	1
moment	1
voulais	1
seul	1
aider	1
air	1
entre	1
papa	1
passe	1
aurais	1
problème	1
ah	1
peur	1
regarde	1
voulez	1
gars	1
trouvé	1
fils	1
attends	1
savez	1
jusqu'	1
trouver	1
trois	1
assez	1
famille	1
dû	1
eh	1
toutes	1
plaît	1
pourrait	1
travail	1
pris	1
pu	1
tête	1
quelle	1
sait	1
sommes	1
appelle	1
quelques	1
faites	1
partir	1
vite	1
arrête	1
seule	1
serait	1
voiture	1
enfants	1
tuer	1
merde	1
hé	1
pendant	1
idée	1
chance	1
parle	1
aurait	1
part	1
elles	1
jours	1
grand	1
aujourd'hui	1
venir	1
ami	1
demain	1
hein	1
tard	1
puis	1
truc	1
passer	1
petite	1
tant	1
connais	1
combien	1
mec	1
sens	1
pouvez	1
porte	1
sortir	1
super	1
heure	1
contre	1
coup	1
comprends	1
entendu	1
vient	1
allons	1
ensemble	1
nouveau	1
amour	1
importe	1
sang	1
désolée	1
cas	1
sous	1
rester	1
amis	1
prends	1
fini	1
hommes	1
tué	1
question	1
partie	1
histoire	1
devrais	1
aide	1
dernière	1
demande	1
chercher	1
pensais	1
genre	1
seulement	1
police	1
car	1
mois	1
frère	1
laisser	1
aucun	1
mettre	1
eux	1
laisse	1
chaque	1
ville	1
arrivé	1
devrait	1
parlé	1
avez-vous	1
vont	1
longtemps	1
aucune	1
heures	1
bébé	1
place	1
revoir	1
putain	1
compris	1
ni	1
savais	1
leurs	1
étaient	1
attention	1
donner	1
affaire	1
endroit	1
pourrais	1
corps	1
façon	1
donné	1
est-il	1
voici	1
train	1
dont	1
écoute	1
yeux	1
trouve	1
pouvoir	1
type	1
perdu	1
premier	1
première	1
côté	1
point	1
tellement	1
main	1
tiens	1
sois	1
enfant	1
vieux	1
matin	1
venu	1
pardon	1
là-bas	1
suite	1
vers	1
minutes	1
demandé	1
venez	1
devant	1
dr	1
enfin	1
arrêter	1
cause	1
nouvelle	1
attendez	1
chambre	1
droit	1
parti	1
mis	1
eau	1
compte	1
dirait	1
terre	1
belle	1
espère	1
aimerais	1
loin	1
as-tu	1
mari	1
donne	1
fin	1
croire	1
mme	1
aura	1
gros	1
boulot	1
plutôt	1
chérie	1
prêt	1
filles	1
bureau	1
mourir	1
hier	1
possible	1
jouer	1
demander	1
celui	1
voulait	1
beau	1
jeune	1
euh	1
dehors	1
docteur	1
a-t-il	1
confiance	1
appeler	1
années	1
vérité	1
école	1
chef	1
femmes	1
propos	1
semaine	1
vivre	1
regardez	1
feu	1
journée	1
madame	1
hey	1
téléphone	1
près	1
affaires	1
meilleur	1
devez	1
dessus	1
mains	1
penses	1
prie	1
équipe	1
vas-y	1
grande	1
manger	1
arriver	1
dur	1
guerre	1
ait	1
appelé	1
marche	1
sécurité	1
garçon	1
essaie	1
important	1
dites	1
exactement	1
font	1
fort	1
presque	1
plein	1
derrière	1
ben	1
mariage	1
parents	1
capitaine	1
dernier	1
fou	1
ceux	1
tomber	1
attendre	1
vue	1
pensé	1
souviens	1
envie	1
fête	1
jeu	1
génial	1
pays	1
garde	1
cours	1
bientôt	1
ii	1
numéro	1
personnes	1
cinq	1
parfait	1
excusez-moi	1
laissé	1
ainsi	1
retour	1
semble	1
autant	1
peine	1
minute	1
essayé	1
plan	1
instant	1
serai	1
prison	1
penser	1
essayer	1
prend	1
arme	1
mauvais	1
mot	1
travailler	1
quatre	1
rentrer	1
regarder	1
choix	1
êtes-vous	1
parfois	1
film	1
abord	1
voyez	1
faute	1
facile	1
croyais	1
bas	1
changer	1
entendre	1
plaisir	1
heureux	1
entrer	1
voudrais	1
es-tu	1
propre	1
étiez	1
tour	1
fera	1
ensuite	1
garder	1
agent	1
allait	1
lit	1
travaille	1
adore	1
amie	1
rendre	1
allons-y	1
route	1
lieu	1
année	1
voit	1
commence	1
service	1
devoir	1
attend	1
drôle	1
difficile	1
sûre	1
pire	1
pos	1
peuvent	1
sujet	1
état	1
ceci	1
impossible	1
sorte	1
perdre	1
dollars	1
voulu	1
morte	1
ira	1
faisait	1
bizarre	1
oublié	1
arrêtez	1
ferai	1
serais	1
tôt	1
inquiète	1
payer	1
coeur	1
dès	1
pouvais	1
reviens	1
chien	1
suffit	1
prenez	1
pensez	1
café	1
calme	1
cherche	1
montrer	1
parles	1
photo	1
ferme	1
problèmes	1
the	1
cœur	1
sûrement	1
verre	1
aimes	1
devons	1
veulent	1
doute	1
musique	1
courant	1
sauf	1
moyen	1
nouvelles	1
puis-je	1
avis	1
sauver	1
hôpital	1
questions	1
meurtre	1
sérieux	1
seconde	1
trucs	1
comprendre	1
allais	1
esprit	1
cool	1
mlle	1
marché	1
fous	1
laisse-moi	1
haut	1
salle	1
malade	1
changé	1
gentil	1
allé	1
six	1
simple	1
john	1
semaines	1
celle	1
jack	1
appris	1
seigneur	1
dîner	1
sors	1
commencé	1
suppose	1
chemin	1
partout	1
bras	1
cul	1
prochaine	1
visage	1
h	1
meilleure	1
face	1
soirée	1
roi	1
surtout	1
retard	1
écrit	1
livre	1
rapport	1
chéri	1
message	1
voulez-vous	1
vaut	1
ferais	1
morts	1
boire	1
soyez	1
président	1
plait	1
bois	1
sinon	1
erreur	1
new	1
ecoute	1
mr	1
rentre	1
rendez-vous	1
devait	1
revenir	1
joue	1
pauvre	1
devenir	1
s	1
rencontrer	1
sort	1
commencer	1
pouvait	1
occupe	1
entends	1
souvent	1
pièce	1
reçu	1
grave	1
mets	1
intérieur	1
honneur	1
dormir	1
an	1
faux	1
messieurs	1
groupe	1
rêve	1
carte	1
aviez	1
appel	1
manque	1
envoyé	1
début	1
sam	1
puisse	1
écoutez	1
laissez-moi	1
bonsoir	1
content	1
secret	1
venue	1
cher	1
dis-moi	1
effet	1
voyons	1
sac	1
continue	1
acheter	1
voix	1
certains	1
occuper	1
noël	1
gagner	1
grâce	1
maître	1
prix	1
mauvaise	1
général	1
âge	1
long	1
rue	1
tirer	1
apprendre	1
cheveux	1
noir	1
promis	1
avaient	1
patron	1
avocat	1
force	1
accident	1
dix	1
probablement	1
laissez	1
bout	1
ordre	1
armes	1
cru	1
déteste	1
retrouver	1
millions	1
incroyable	1
voyage	1
ailleurs	1
oublie	1
ressemble	1
bienvenue	1
disparu	1
protéger	1
utiliser	1
situation	1
petits	1
aurai	1
veux-tu	1
connaissez	1
simplement	1
scène	1
sœur	1
prête	1
oncle	1
devriez	1
liste	1
soeur	1
complètement	1
dos	1
armée	1
paix	1
battre	1
york	1
crime	1
anniversaire	1
finir	1
réussi	1
agit	1
i	1
retourner	1
sale	1
libre	1
bouge	1
contrôle	1
rappelle	1
arrêté	1
hôtel	1
idiot	1
okay	1
rencontré	1
restez	1
absolument	1
mots	1
victime	1
impression	1
décidé	1
sympa	1
pars	1
fasse	1
avion	1
bordel	1
habitude	1
table	1
rouge	1
système	1
photos	1
médecin	1
seras	1
bateau	1
stupide	1
faim	1
autour	1
fond	1
surprise	1
croyez	1
devais	1
ligne	1
porter	1
imagine	1
colère	1
clair	1
seront	1
savait	1
balle	1
gagné	1
or	1
hors	1
magnifique	1
risque	1
terminé	1
su	1
heureuse	1
mission	1
jolie	1
parlez	1
présent	1
sorti	1
cadeau	1
expliquer	1
volé	1
plusieurs	1
gauche	1
ferait	1
neuf	1
passe-t-il	1
ouvre	1
disais	1
dedans	1
disent	1
pouvons	1
allez-y	1
suivre	1
pourra	1
inspecteur	1
réponse	1
lumière	1
pieds	1
pote	1
montre	1
pied	1
marcher	1
charlie	1
auras	1
envoyer	1
vraie	1
espèce	1
doivent	1
allô	1
pareil	1
vas-tu	1
soleil	1
camp	1
fallait	1
coin	1
ignore	1
moitié	1
you	1
selon	1
tenir	1
grosse	1
vouloir	1
michael	1
vieille	1
devenu	1
continuer	1
rend	1
sortie	1
recherche	1
arrière	1
lire	1
doucement	1
joli	1
avance	1
exact	1
disait	1
club	1
arrivée	1
tue	1
laquelle	1
poser	1
chaud	1
aimé	1
david	1
fais-tu	1
tom	1
professeur	1
quitter	1
loi	1
tueur	1
donne-moi	1
flics	1
connaître	1
lettre	1
forme	1
connaît	1
conseil	1
bar	1
normal	1
danger	1
dangereux	1
folle	1
jure	1
tiré	1
essaye	1
bonnes	1
offre	1
but	1
froid	1
allez-vous	1
prêts	1
tranquille	1
gamin	1
joe	1
classe	1
joué	1
poste	1
con	1
mike	1
attaque	1
boîte	1
enquête	1
visite	1
juge	1
moi-même	1
bord	1
debout	1
envoie	1
preuve	1
oublier	1
bons	1
vivant	1
ciel	1
lu	1
touche	1
aimer	1
faites-vous	1
télé	1
met	1
écouter	1
serez	1
ll	1
pourtant	1
change	1
triste	1
droite	1
gueule	1
tombe	1
sentir	1
ouvrir	1
travers	1
santé	1
dossier	1
ie	1
jeunes	1
frank	1
coucher	1
cuisine	1
monte	1
pouvez-vous	1
signifie	1
entrez	2
relation	2
centre	2
dame	2
chacun	2
chanson	2
foutre	2
voler	2
blanc	2
george	2
certain	2
don	2
âme	2
manière	2
flic	2
décision	2
mange	2
vit	2
compagnie	2
déjeuner	2
différent	2
tire	2
ordres	2
clé	2
vaisseau	2
secondes	2
enfer	2
sortez	2
vendre	2
faisais	2
responsable	2
mecs	2
nulle	2
signe	2
lieutenant	2
aille	2
acheté	2
étrange	2
diable	2
viennent	2
monter	2
là-dedans	2
l	2
capable	2
emmener	2
écrire	2
honte	2
bouche	2
préfère	2
coupable	2
rire	2
payé	2
soin	2
milieu	2
appartement	2
prochain	2
cerveau	2
paris	2
m	2
blague	2
choisi	2
époque	2
aurez	2
voie	2
réunion	2
connu	2
allée	2
intérêt	2
cheval	2
combat	2
silence	2
coups	2
existe	2
ia	2
retourne	2
tel	2
trou	2
public	2
peter	2
oeil	2
pleine	2
cacher	2
amoureux	2
drogue	2
commandant	2
garçons	2
faisons	2
paul	2
n	2
tient	2
est-elle	2
prise	2
gouvernement	2
dirai	2
client	2
adresse	2
journal	2
contact	2
dingue	2
sent	2
récupérer	2
base	2
preuves	2
présente	2
peau	2
servir	2
peuple	2
exemple	2
fiche	2
max	2
promets	2
lequel	2
blessé	2
c	2
société	2
tort	2
sept	2
pourriez	2
savent	2
ouvert	2
héros	2
menti	2
mer	2
contente	2
quitté	2
jeter	2
sauvé	2
bière	2
assis	2
robe	2
ecoutez	2
devient	2
félicitations	2
opération	2
prévu	2
fut	2
tenez	2
livres	2
répondre	2
seuls	2
pute	2
entrée	2
vol	2
horrible	2
vin	2
dommage	2
dites-moi	2
auriez	2
colonel	2
ramener	2
règles	2
nez	2
justice	2
fbi	2
découvert	2
départ	2
bruit	2
secours	2
vérifier	2
enceinte	2
mise	2
témoin	2
dirais	2
directeur	2
intéressant	2
excuse	2
environ	2
t	2
inutile	2
terrible	2
danse	2
position	2
humain	2
apparemment	2
avenir	2
rêves	2
œil	2
bête	2
sérieusement	2
bravo	2
approche	2
nourriture	2
fric	2
plupart	2
lycée	2
tas	2
empêcher	2
longue	2
sexe	2
niveau	2
banque	2
éviter	2
étions	2
lune	2
pitié	2
liberté	2
expérience	2
procès	2
radio	2
hum	2
verra	2
thé	2
partez	2
utilisé	2
mur	2
pose	2
revenu	2
deuxième	2
bande	2
asseyez-vous	2
certaines	2
ridicule	2
nord	2
appelez	2
copine	2
baiser	2
anglais	2
henry	2
toilettes	2
portes	2
faudra	2
occupé	2
grands	2
and	2
dérange	2
rôle	2
censé	2
savez-vous	2
james	2
reine	2
croit	2
cour	2
église	2
vide	2
obtenir	2
conneries	2
ennuis	2
personnel	2
conduire	2
tombé	2
sol	2
code	2
huit	2
avions	2
espoir	2
comprenez	2
spécial	2
vidéo	2
vêtements	2
défense	2
alex	2
sud	2
grand-mère	2
match	2
bombe	2
intéresse	2
zone	2
tante	2
paraît	2
excuser	2
magasin	2
marier	2
chère	2
aie	2
souvenir	2
proche	2
revient	2
danny	2
douleur	2
arrivera	2
presse	2
merveilleux	2
asseoir	2
ravi	2
aimais	2
amérique	2
fenêtre	2
mien	2
terrain	2
sergent	2
peux-tu	2
projet	2
quartier	2
planète	2
certainement	2
rapide	2
lorsque	2
assurer	2
rendu	2
mignon	2
tourne	2
danser	2
bob	2
clients	2
petites	2
aimez	2
présenter	2
importance	2
venus	2
jimmy	2
sache	2
mérite	2
machine	2
derniers	2
programme	2
mesdames	2
meilleurs	2
honnête	2
essayez	2
irai	2
connard	2
occasion	2
prouver	2
travaillé	2
glace	2
ayez	2
parie	2
camion	2
fier	2
discuter	2
village	2
spectacle	2
d	2
nul	2
rose	2
touché	2
mangé	2
vis	2
parole	2
rencontre	2
apprécie	2
jane	2
réalité	2
savons	2
respect	2
remettre	2
vacances	2
détruire	2
choisir	2
ha	2
découvrir	2
idées	2
officier	2
frères	2
sert	2
bill	2
solution	2
informations	2
attendais	2
monstre	2
sexy	2
ordinateur	2
retrouvé	2
nature	2
rappeler	2
énergie	2
pierre	2
utilise	2
pression	2
chaussures	2
faite	2
histoires	2
sarah	2
marié	2
espace	2
soient	2
nick	2
portable	2
préparer	2
nécessaire	2
court	2
offrir	2
will	2
ai-je	2
tony	2
envers	2
bain	2
charge	2
mary	2
harry	2
jim	2
ennemi	2
arrivent	2
immédiatement	2
finalement	2
énorme	2
grand-père	2
test	2
gagne	2
réfléchir	2
victimes	2
chanter	2
futur	2
lâche	2
mademoiselle	2
copain	2
enlever	2
pensez-vous	2
retrouve	2
épouser	2
fleurs	2
salope	2
aies	2
gosse	2
arranger	2
riche	2
faits	2
ancien	2
stop	2
accepter	2
restes	2
nouveaux	2
sauter	2
suspect	2
vies	2
durant	2
invité	2
politique	2
dents	2
patient	2
repas	2
urgence	2
cartes	2
jambes	2
conversation	2
telle	2
bus	2
to	2
tourner	2
toucher	2
mémoire	2
série	2
mariée	2
contraire	2
vent	2
taille	2
donnez-moi	2
trouves	2
celui-là	2
chat	2
continuez	2
contrat	2
couteau	2
double	2
dure	2
carrière	2
excuse-moi	2
ray	2
regardé	2
descendre	2
université	2
sentiments	2
papier	2
remarqué	2
noms	2
vécu	2
courage	2
beauté	2
bu	2
tais-toi	2
après-midi	2
excellent	2
assieds-toi	2
richard	2
propres	2
parmi	2
forte	2
étant	2
couple	2
aiment	2
permis	2
différence	2
faudrait	2
course	2
humains	2
dégage	2
mille	2
accès	2
cible	2
joyeux	2
bonheur	2
aimait	2
manqué	2
action	2
steve	2
aidé	2
vouliez	2
trouvez	2
films	2
emmène	2
marie	2
taxi	2
restaurant	2
crise	2
piste	2
dernières	2
puisque	2
blanche	2
coupe	2
secrets	2
prince	2
marrant	2
raisons	2
refuse	2
apporté	2
cassé	2
lors	2
mettez	2
dis-lui	2
tuée	2
maladie	2
mienne	2
rentré	2
week-end	2
excuses	2
km	2
alcool	2
voudrait	2
fil	2
rends	2
quitte	2
couché	2
disons	2
totalement	2
claire	2
it	2
londres	2
remercier	2
mêmes	2
partis	2
pensait	2
île	2
tommy	2
remercie	2
caméra	2
pensent	2
suis-je	2
pleurer	2
régler	2
ouvrez	2
entier	2
foutu	2
types	2
fermer	2
animaux	2
dise	2
image	2
étage	2
rejoindre	2
soldats	2
amuser	2
points	2
suivi	2
oubliez	2
langue	2
direction	2
frais	2
veuillez	2
miss	2
soldat	2
couleur	2
bouger	2
frappé	2
frapper	2
venait	2
raté	2
évidemment	2
sacré	2
clés	2
mentir	2
épouse	2
troisième	2
johnny	2
amy	2
jésus	2
faible	2
ryan	2
afin	2
bleu	2
failli	2
courir	2
américain	2
détails	2
pont	2
gay	2
regarde-moi	2
jake	2
billy	2
attraper	2
papiers	2
poisson	2
lui-même	2
wow	2
chiens	2
date	2
intention	2
procureur	2
goût	2
pourras	2
shérif	2
sais-tu	2
arrêt	2
sourire	2
lait	2
chasse	2
signal	2
parlait	2
destin	2
marre	2
français	2
princesse	2
paie	2
foi	2
chier	2
dois-je	2
présence	2
doigts	2
partenaire	2
quelles	2
daniel	2
préféré	2
adieu	2
costume	2
entreprise	2
utile	2
calme-toi	2
lien	2
unique	2
appartient	2
attendant	2
amené	2
moindre	2
quels	2
amener	2
amène	2
enfoiré	2
recherches	2
discours	2
données	2
robert	2
art	2
appelles	2
salaud	2
penses-tu	2
magie	2
bouteille	2
justement	2
raconter	2
rapidement	2
bref	2
tribunal	2
viendra	2
passée	2
superbe	2
pourrai	2
pièces	2
certaine	2
obligé	2
formidable	2
pause	2
identité	2
campagne	2
lee	2
auraient	2
couper	2
mark	2
morceau	2
os	2
lettres	2
nombre	2
intelligent	2
gâteau	2
dépend	2
job	2
jeux	2
compter	2
cou	2
of	2
reprendre	2
joie	2
agents	2
gardes	2
star	2
regard	2
demandez	2
balles	2
vendu	2
majesté	2
menace	2
malgré	2
appareil	2
demandais	2
là-haut	2
privé	2
adam	2
forces	2
fonctionne	2
méchant	2
jambe	2
empreintes	2
ange	2
agir	2
noire	2
imbécile	2
gentille	2
labo	2
résultats	2
toi-même	2
cinéma	2
nouvel	2
malheureusement	2
décider	2
né	2
importante	2
voulons	2
détruit	2
parfaitement	2
martin	2
produit	2
réparer	2
chapeau	2
gérer	2
écoute-moi	2
adn	2
échange	2
mince	2
bougez	2
parfaite	2
meurt	2
fout	2
vitesse	2
fermé	2
succès	2
au-dessus	2
etre	2
souvenirs	2
comprend	2
odeur	2
pain	2
falloir	2
aise	2
caché	2
règle	2
imaginer	2
raconte	2
vus	2
accepté	2
trouvée	2
dors	2
celui-ci	2
ministre	2
infos	2
vendredi	2
voitures	2
lever	2
arbre	2
maire	2
faveur	2
pourraient	2
prendra	2
surpris	2
jeté	2
également	2
fac	2
apporter	2
washington	2
champ	2
peut-on	2
comptes	2
échapper	2
valeur	2
in	2
réel	2
couverture	2
million	2
article	2
doux	2
parc	2
toit	2
unité	2
resté	2
plage	2
partager	2
malin	2
recevoir	2
inquiétez	2
attendu	2
charles	2
coffre	2
uh	2
eddie	2
chris	2
celle-là	2
ramène	2
mode	2
folie	2
extérieur	2
van	2
membre	2
prévenir	2
cache	2
inquiéter	2
hasard	2
concerne	2
réponds	2
génie	2
j	2
parlais	2
parlons	2
jardin	2
saison	2
montré	2
frappe	2
enchanté	2
gosses	2
abandonner	2
assure	2
apporte	2
prépare	2
mètres	2
suivant	2
souhaite	2
services	2
ouest	2
va-t'	2
poids	2
poche	2
faisant	2
répondu	2
directement	2
source	2
france	2
créer	2
samedi	2
aidez-moi	2
univers	2
saura	2
réalisé	2
américains	2
perds	2
membres	2
viande	2
o'	2
bobby	2
sont-ils	2
crois-moi	2
amoureuse	2
grandes	2
changement	2
compliqué	2
bal	2
page	2
conduit	2
passage	2
piège	2
kevin	2
ressens	2
accepte	2
grace	2
fais-le	2
amusant	2
dan	2
donnez	2
traces	2
trésor	2
explique	2
fesses	2
perte	2
fantôme	2
naissance	2
retraite	2
regardes	2
franchement	2
côtés	2
larry	2
étranger	2
poulet	2
vienne	2
débarrasser	2
enlève	2
marque	2
mens	2
fantastique	2
cent	2
beaux	2
entendez	2
ouverte	2
bâtiment	2
a-t-elle	2
devrions	2
embrasser	2
tombée	2
manquer	2
entré	2
san	2
chevaux	2
habite	2
animal	2
fatigué	2
heureusement	2
billets	2
convaincre	2
appelait	2
rachel	2
paradis	2
émission	2
lance	2
nettoyer	2
file	2
dimanche	2
agréable	2
plans	2
conscience	2
ennemis	2
disant	2
connaissance	2
douce	2
belles	2
sentiment	2
bataille	2
perd	2
pourrez	2
relations	2
espérais	2
fais-moi	2
vôtre	2
servi	2
souci	2
note	2
doigt	2
mensonge	2
volonté	2
walter	2
victoire	2
direct	2
abandonné	2
information	2
joindre	2
proches	2
brian	2
droits	2
eric	2
nerveux	2
coupé	2
patients	2
invités	2
arrivés	2
descends	2
pleure	2
traitement	2
jerry	2
senti	2
cancer	2
répète	2
reposer	2
regrette	2
aide-moi	2
flingue	2
cousin	2
désormais	2
vérifié	2
crains	2
douche	2
gaz	2
interdit	2
théorie	2
scott	2
trace	2
contrôler	2
signer	2
no	2
demandes	2
internet	2
andy	2
cherchez	2
salon	2
pete	2
serons	2
appels	2
lancer	2
protection	2
pantalon	2
rappelles	2
dossiers	2
style	2
ravie	2
semblant	2
yeah	2
kim	2
offert	2
vieil	2
humaine	2
grandi	2
médicaments	2
acte	2
moyens	2
lois	2
kate	2
meurs	2
laisserai	2
aéroport	2
mauvaises	2
détective	2
autrement	2
témoins	2
queue	2
coincé	2
mariés	2
sonne	2
innocent	2
dira	2
créé	2
jason	2
supporter	2
milliers	2
heu	2
infirmière	2
métier	2
crétin	2
retirer	2
surveillance	2
chances	2
oreilles	2
trouvera	2
suicide	2
militaire	2
atteindre	2
fuir	2
casse	2
dormi	2
pilote	2
rires	2
appelée	2
risques	2
leçon	2
paquet	2
man	2
défendre	2
immeuble	2
récemment	2
chinois	2
battu	2
aveugle	2
oiseau	2
qu	2
propriétaire	2
ancienne	2
veste	2
anna	2
simon	2
saviez	2
amies	2
cherché	2
tirez	2
al	2
différents	2
gardez	2
feras	2
lisa	2
lis	2
station	2
mandat	2
assassin	2
thomas	2
célèbre	2
dort	2
bague	2
dépêche-toi	2
tente	2
devenue	2
ventre	2
carter	2
respire	2
haute	2
connaissais	2
genoux	2
terme	2
vert	2
emily	2
refusé	2
hâte	2
réveiller	2
commande	2
commun	2
souris	2
partons	2
perdue	2
dirige	2
verras	2
charmant	2
chante	2
sport	2
celle-ci	2
viré	2
ies	2
fiston	2
étoiles	2
laisses	2
parlant	2
là-dessus	2
signé	2
virer	2
permettre	2
pouvoirs	2
luke	2
pluie	2
passez	2
vrais	2
enlevé	2
moments	2
blesser	2
ombre	2
rome	2
épisode	2
talent	2
chocolat	2
assurance	2
angleterre	2
couche	2
site	2
neige	2
gardé	2
chemise	2
ted	2
voulaient	2
emploi	2
précédemment	2
surveiller	2
privée	2
entière	2
saint	2
parlent	2
réfléchi	2
my	2
attendent	2
jette	2
facilement	2
joues	2
jury	2
passera	2
voleur	2
véritable	2
entend	2
chaise	2
accusé	2
zéro	2
clairement	2
mouvement	2
celles	2
sommeil	2
blancs	2
survivre	2
semblait	2
o	2
craint	2
traduction	2
notes	2
repos	2
siège	2
policier	2
allés	2
puissance	2
familles	2
second	2
cellule	2
engagé	2
adorable	2
matt	2
spéciale	2
violence	2
ours	2
gorge	2
examen	2
dieux	2
major	2
obtenu	2
évident	2
distance	2
titre	2
lundi	2
choc	2
différentes	2
théâtre	2
exploser	2
â	2
rivière	2
paye	2
allo	2
revenez	2
écoutes	2
logique	2
alice	2
miracle	2
lève	2
montagne	2
essayais	2
pauvres	2
tenu	2
chicago	2
auprès	2
lèvres	2
plat	2
lunettes	2
journaux	2
attaquer	2
mine	2
pistolet	2
divorce	2
noirs	2
meurtres	2
premiers	2
forêt	2
respirer	2
fortune	2
réponses	2
devraient	2
explosion	2
reviendra	2
mène	2
doc	2
maria	2
responsabilité	2
annie	2
erreurs	2
principal	2
épée	2
tienne	2
travaillait	2
tableau	2
cabinet	2
normale	2
alerte	2
meurtrier	2
whoa	2
libérer	2
commis	2
sérieuse	2
carl	2
sous-titrage	2
rock	2
vision	2
réveillé	2
auront	2
mesure	2
arthur	2
kyle	2
ed	2
louis	2
1er	2
secrétaire	2
dave	2
images	2
fuite	2
amitié	2
annonce	2
pousser	2
william	2
idiote	2
nombreux	2
brisé	2
raconté	2
cardiaque	2
minuit	2
humeur	2
physique	2
prof	2
lieux	2
los	2
seins	2
crier	2
top	2
go	2
permission	2
romantique	2
lac	2
vente	2
vache	2
suit	2
clark	2
courses	2
casser	2
études	2
modèle	2
susan	2
version	2
jeff	2
pensées	2
prudent	2
plaisante	2
emmené	2
réfléchis	2
concert	2
blessure	2
tir	2
chauffeur	2
midi	2
souvenez	2
puissant	2
moteur	2
répond	2
hmm	2
city	2
coûte	2
reculez	2
dessous	2
souffle	2
construire	2
démon	2
achète	2
smith	2
caméras	2
pousse	2
cesse	2
gare	2
rentrée	2
finit	2
bosse	2
kelly	2
fer	2
couilles	2
quiconque	2
vole	2
ignorais	2
soutien	2
usine	2
château	2
lâche-moi	2
ont-ils	2
garage	2
délicieux	2
oreille	2
virus	2
réellement	2
posé	2
avancer	2
maisons	2
voisins	2
dites-lui	2
deviens	2
sage	2
crédit	2
ambulance	2
gamins	2
fière	2
tourné	2
puce	2
finie	2
canon	2
liquide	2
devine	2
particulier	2
prennent	2
traverser	2
rues	2
park	2
criminel	2
cependant	2
sombre	2
agence	2
comportement	2
artiste	2
bosser	2
gouverneur	2
paroles	2
résoudre	2
chut	2
période	2
bat	2
seraient	2
bébés	2
cherches	2
e	2
croyez-moi	2
donnes	2
préparé	2
soucis	2
traiter	2
street	2
différente	2
reconnais	2
bye	2
pourriez-vous	2
fromage	2
essence	2
ayant	2
côte	2
tenté	2
chaleur	2
tests	2
champagne	2
objet	2
ouai	2
disparaître	2
oiseaux	2
re	2
europe	2
supposé	2
supplie	2
tournée	2
résultat	2
roger	2
concernant	2
vérifie	2
souffrir	2
occupée	2
fusil	2
gardien	2
déranger	2
verrai	2
fatiguée	2
vote	2
dégagez	2
anciens	2
voila	2
tués	2
forcément	2
cadeaux	2
herbe	2
b	2
menteur	2
vivante	2
riches	2
vive	2
sacrée	2
taylor	2
adulte	2
siècle	2
attente	2
endroits	2
écris	2
rapports	2
piscine	2
rentrez	2
lendemain	2
fumer	2
concours	2
ment	2
monté	2
passait	2
vous-même	2
inviter	2
coach	2
fausse	2
élevé	2
chair	2
magique	2
chaîne	2
chèque	2
réseau	2
enfance	2
mensonges	2
pourrions	2
choisis	2
taire	2
inquiet	2
enfuir	2
bel	2
profiter	2
science	2
revenue	2
billet	2
crâne	2
jaloux	2
tien	2
arrestation	2
laver	2
nuits	2
caisse	2
scientifique	2
russe	2
cris	2
traité	2
attaqué	2
écoutez-moi	2
montez	2
sean	2
promesse	2
sénateur	2
blessures	2
sucre	2
murs	2
attrape	2
représente	2
emma	2
esprits	2
cloche	2
phil	2
cia	2
réputation	2
étudier	2
trompe	2
chute	2
jackson	2
demi	2
devra	2
plainte	2
grand-chose	2
tim	2
joey	2
sorcière	2
venant	3
alan	3
californie	3
tenue	3
journaliste	3
soyons	3
chouette	3
karen	3
aurons	3
avocats	3
cherchais	3
angeles	3
surveille	3
département	3
abandonne	3
prendrai	3
peinture	3
refaire	3
honnêtement	3
opinion	3
geste	3
étais-tu	3
gaffe	3
empire	3
aient	3
pizza	3
seriez	3
fan	3
poitrine	3
y'	3
jenny	3
lorsqu'	3
médecins	3
remonte	3
aventure	3
réglé	3
mac	3
abby	3
barre	3
foyer	3
jean	3
amuse	3
mener	3
uniforme	3
cauchemar	3
soupe	3
intelligente	3
jus	3
prêtre	3
lily	3
trompé	3
chuck	3
corde	3
champion	3
somme	3
conférence	3
commissaire	3
répondez	3
attrapé	3
red	3
racontes	3
deviner	3
recommencer	3
dis-tu	3
complet	3
crimes	3
maggie	3
crème	3
construit	3
excusez	3
entraînement	3
centaines	3
calmer	3
joueur	3
couloir	3
horreur	3
propriété	3
admettre	3
matériel	3
verrez	3
foule	3
st	3
réaction	3
ennuie	3
laura	3
pub	3
hiver	3
manteau	3
pis	3
débile	3
trouverai	3
conseiller	3
humanité	3
studio	3
josh	3
lapin	3
désert	3
combattre	3
big	3
julie	3
boutique	3
fonds	3
voient	3
états-unis	3
reviendrai	3
ramené	3
discussion	3
connaissait	3
vegas	3
sir	3
fiancée	3
remonter	3
incendie	3
arbres	3
conseils	3
géniale	3
messages	3
ex	3
surface	3
appellent	3
atteint	3
recommence	3
curieux	3
lucy	3
ascenseur	3
mars	3
apprend	3
abri	3
larmes	3
dites-vous	3
impliqué	3
répéter	3
pardonner	3
donnerai	3
soi	3
marine	3
cadavre	3
front	3
uniquement	3
traîner	3
rare	3
permet	3
stan	3
parking	3
morceaux	3
réussir	3
morgan	3
empêche	3
traversé	3
américaine	3
hank	3
décide	3
doué	3
gloire	3
gang	3
communauté	3
plaisantes	3
déclaration	3
jones	3
portait	3
croient	3
projets	3
frontière	3
saute	3
hais	3
laissée	3
suivez-moi	3
prénom	3
tenter	3
liaison	3
cérémonie	3
fasses	3
vivent	3
ho	3
océan	3
vélo	3
aimerait	3
réaliser	3
poupée	3
navire	3
saches	3
parties	3
patrick	3
remplacer	3
prisonnier	3
ménage	3
porté	3
employés	3
dépêchez-vous	3
bouton	3
acteur	3
show	3
julia	3
mardi	3
juré	3
barry	3
médecine	3
restera	3
lourd	3
chargé	3
au-delà	3
survécu	3
bite	3
soudain	3
voyais	3
travailles	3
prévenu	3
regardez-moi	3
baisse	3
filer	3
rompu	3
véhicule	3
sauve	3
rencontrés	3
emmerde	3
estomac	3
donna	3
couvrir	3
meilleures	3
rater	3
terminée	3
fred	3
tâche	3
réserve	3
brûler	3
chou	3
réveille	3
sentez	3
ferme-la	3
réveille-toi	3
etait	3
origine	3
rêvé	3
gary	3
pouviez	3
poursuivre	3
actions	3
tapis	3
absence	3
lâcher	3
tempête	3
um	3
souffre	3
touchez	3
cents	3
rempli	3
écran	3
dis-le	3
victor	3
affreux	3
enterrement	3
inconnu	3
venger	3
team	3
feriez	3
sara	3
inventé	3
installer	3
ya	3
va-t-il	3
rythme	3
étudiants	3
pratique	3
whisky	3
calmez-vous	3
travaillez	3
ballon	3
équipage	3
signes	3
élèves	3
faites-le	3
parlera	3
attirer	3
récompense	3
reconnu	3
irait	3
loup	3
traite	3
lâchez-moi	3
vengeance	3
imaginez	3
navré	3
feront	3
finis	3
propose	3
forcé	3
lutte	3
opportunité	3
personnage	3
2e	3
boss	3
arrêtes	3
convaincu	3
allons-nous	3
accompagner	3
essayons	3
limite	3
panique	3
technologie	3
brillant	3
king	3
afrique	3
nourrir	3
région	3
nathan	3
passent	3
salaire	3
veille	3
appelle-moi	3
ceinture	3
explication	3
chansons	3
profond	3
professionnel	3
possède	3
étonnant	3
venais	3
casier	3
jouez	3
roman	3
sandwich	3
arrives	3
nana	3
nommé	3
incident	3
retournez	3
sophie	3
potes	3
comité	3
chine	3
technique	3
haine	3
identifier	3
célibataire	3
jackie	3
annoncer	3
portée	3
fleur	3
roule	3
palais	3
tromper	3
lady	3
attendait	3
jeudi	3
abruti	3
disiez	3
normalement	3
circonstances	3
appelez-moi	3
canapé	3
sommes-nous	3
protège	3
est-à-dire	3
affronter	3
connait	3
élève	3
pêche	3
masque	3
couvert	3
extraordinaire	3
malheur	3
sentais	3
royaume	3
porc	3
envoyez	3
brûle	3
entretien	3
vingt	3
objets	3
gêne	3
bloc	3
aidera	3
final	3
conduis	3
excellente	3
brûlé	3
amanda	3
business	3
sauté	3
trouvent	3
ferez	3
alarme	3
laisse-le	3
rencard	3
concentrer	3
étoile	3
engager	3
singe	3
colle	3
ooh	3
assistant	3
fallu	3
mm	3
central	3
prisonniers	3
naturel	3
essayait	3
pardonnez-moi	3
étape	3
cage	3
davantage	3
alliance	3
collègues	3
collier	3
rayon	3
correct	3
jesse	3
gâcher	3
quant	3
assassiné	3
placard	3
soif	3
conditions	3
min	3
remis	3
russes	3
miel	3
personnellement	3
entièrement	3
howard	3
impressionnant	3
passes	3
créature	3
black	3
lancé	3
kilomètres	3
sers	3
échappé	3
parte	3
prouve	3
associé	3
monnaie	3
dean	3
moque	3
voisin	3
clinique	3
tape	3
têtes	3
lentement	3
classique	3
temple	3
steven	3
produits	3
passion	3
prenne	3
échoué	3
écouté	3
existence	3
correspond	3
analyse	3
retire	3
mystère	3
maîtresse	3
port	3
tension	3
qualité	3
nationale	3
respecte	3
vierge	3
piano	3
secteur	3
espérons	3
devoirs	3
pot	3
contacter	3
secrète	3
dispute	3
cigarette	3
manques	3
bouffe	3
jugement	3
idiots	3
courageux	3
limites	3
bibliothèque	3
désir	3
condition	3
sales	3
courrier	3
volant	3
merveilleuse	3
fumée	3
chanceux	3
expert	3
anne	3
rick	3
lève-toi	3
tasse	3
poussé	3
étrangers	3
censée	3
permettez	3
hall	3
approcher	3
that	3
greg	3
pile	3
japonais	3
soigner	3
urgences	3
effets	3
essai	3
fruits	3
yo	3
remplir	3
commençons	3
miles	3
donnera	3
soins	3
charlotte	3
risqué	3
avouer	3
passés	3
épreuve	3
vivants	3
conduite	3
p	3
robin	3
chffffff	3
découvre	3
avantage	3
retenir	3
love	3
miroir	3
etat	3
procédure	3
verres	3
copie	3
jaune	3
dames	3
betty	3
efforts	3
proposé	3
blessée	3
crie	3
voyager	3
disque	3
golf	3
annuler	3
section	3
catherine	3
aube	3
précis	3
appellerai	3
doug	3
etes-vous	3
lumières	3
helen	3
briser	3
fait-il	3
vampire	3
échec	3
mexique	3
figure	3
repose	3
urgent	3
profil	3
médical	3
chiffres	3
carrément	3
pointe	3
is	3
interroger	3
sauce	3
séance	3
fiancé	3
chaude	3
sacs	3
vivait	3
aimerai	3
alliez	3
partage	3
johnson	3
assise	3
foot	3
accusation	3
bagages	3
boule	3
copains	3
nu	3
patience	3
suivez	3
criminels	3
poissons	3
fermez	3
bleue	3
tyler	3
égal	3
organiser	3
œuvre	3
organisation	3
moto	3
parlerai	3
texas	3
attitude	3
documents	3
étiez-vous	3
effort	3
enchantée	3
restent	3
diriger	3
apprends	3
proposition	3
pareille	3
terres	3
serpent	3
all	3
audience	3
info	3
voyait	3
télévision	3
intéressé	3
pattes	3
possibilité	3
football	3
poison	3
maudit	3
cochon	3
reconnaître	3
paire	3
your	3
condamné	3
croyait	3
sauvage	3
maximum	3
domaine	3
drogues	3
poussière	3
visiter	3
nôtres	3
policiers	3
rat	3
ajouter	3
chambres	3
séparer	3
valise	3
idéal	3
exprès	3
cooper	3
empereur	3
forcer	3
vincent	3
juger	3
montagnes	3
t-il	3
printemps	3
rebecca	3
avoue	3
oliver	3
faisaient	3
allaient	3
profondément	3
aides	3
collègue	3
bonbons	3
fantômes	3
légende	3
embrasse	3
suffisamment	3
disparition	3
suivante	3
commencez	3
poule	3
semblez	3
éducation	3
restée	3
dragon	3
plaque	3
prenons	3
auparavant	3
mobile	3
peut-il	3
jamie	3
elizabeth	3
malades	3
molly	3
invite	3
musée	3
connaissent	3
elle-même	3
bijoux	3
refuser	3
chers	3
pensée	3
andrew	3
psy	3
saurais	3
adultes	3
préviens	3
appart	3
chasser	3
sable	3
balance	3
critique	3
fièvre	3
irais	3
terminer	3
brown	3
monstres	3
angela	3
leo	3
essaies	3
coïncidence	3
charmante	3
née	3
suggère	3
raisonnable	3
conséquences	3
jouait	3
décisions	3
lucas	3
sensible	3
déposer	3
imagination	3
objection	3
autorisation	3
faites-moi	3
chirurgie	3
ordinaire	3
rouges	3
voyez-vous	3
voudra	3
vieilles	3
hollywood	3
magazine	3
matière	3
rentres	3
vend	3
pourrais-je	3
libéré	3
sexuelle	3
posez	3
bagarre	3
ross	3
solide	3
lié	3
marques	3
cercle	3
caroline	3
sûrs	3
sortira	3
étudiant	3
extrêmement	3
digne	3
cirque	3
amen	3
carlos	3
congé	3
roy	3
prenait	3
boston	3
meurent	3
beurre	3
émotions	3
causé	3
sortes	3
el	3
stade	3
entraîner	3
préférée	3
allemand	3
blonde	3
japon	3
sortis	3
malheureux	3
personnelle	3
barbara	3
épaule	3
était-ce	3
we	3
pigé	3
lls	3
menacé	3
arrivait	3
taux	3
tireur	3
mamie	3
3e	3
supporte	3
lignes	3
voyant	3
examiner	3
terry	3
orange	3
nerveuse	3
ouverture	3
patiente	3
huile	3
trouverez	3
sire	3
mignonne	3
parfum	3
retourné	3
fêter	3
publique	3
invitée	3
incapable	3
cap	3
couleurs	3
sainte	3
accompagne	3
demi-heure	3
camarade	3
éliminer	3
croix	3
large	3
moral	3
détail	3
wilson	3
thérapie	3
troupes	3
froide	3
signature	3
pensons	3
parker	3
donnée	3
assistante	3
éloigner	3
trahi	3
jo	3
enterré	3
adaptation	3
brave	3
jeunesse	3
guérir	3
officiers	3
recule	3
toby	3
machines	3
justin	3
sommet	3
géant	3
démons	3
taper	3
linda	3
territoire	3
organisé	3
portefeuille	3
sally	3
adorer	3
scénario	3
emprunter	3
tours	3
etes	3
nate	3
alibi	3
respecter	3
marchera	3
tentative	3
décès	3
rappelez	3
lord	3
livrer	3
blessés	3
donnent	3
fêtes	3
pressé	3
frankie	3
davis	3
supérieur	3
précieux	3
poil	3
rats	3
cave	3
progrès	3
objectif	3
grosses	3
cole	3
bruce	3
armé	3
panne	3
iras	3
bains	3
officiellement	3
enculé	3
difficiles	3
renvoyer	3
miller	3
invitation	3
allemagne	3
loyer	3
plateau	3
trés	3
mai	3
humour	3
marcus	3
olivia	3
actes	3
êtres	3
cinglé	3
moche	3
suffisant	3
douée	3
obligée	3
junior	3
boit	3
juifs	3
enfermé	3
joseph	3
travaux	3
approchez	3
jolies	3
expression	3
cherchait	3
libres	3
jordan	3
race	3
injuste	3
gordon	3
plu	3
trafic	3
eue	3
déplacer	3
exercice	3
travaillent	3
forts	3
épousé	3
do	3
cabine	3
miami	3
baise	3
tenait	3
changera	3
populaire	3
descend	3
nager	3
ferons	3
énervé	3
nôtre	3
électrique	3
devrais-je	3
furieux	3
jessica	3
nation	3
for	3
placé	3
traître	3
juif	3
ouah	3
cassette	3
péché	3
instinct	3
katie	3
derek	3
remise	3
allemands	3
sexuel	3
excitant	3
enregistrement	3
foutez	3
arrangé	3
original	3
agression	3
rendez	3
commandé	3
ailes	3
employé	3
ricky	3
boite	3
petit-déjeuner	3
coupez	3
avons-nous	3
angle	3
participer	3
neveu	3
activité	3
coucou	3
température	3
bleus	3
cherchent	3
bourse	3
reçois	3
éternité	3
poubelle	3
harvey	3
milliards	3
compétition	3
viol	3
marty	3
coté	3
pouls	3
laissez-le	3
jay	3
illégal	3
termine	3
ranger	3
élever	3
places	3
autorité	3
échelle	3
commission	3
tribu	3
voleurs	3
comédie	3
seules	3
accueil	3
pommes	3
premières	3
autorisé	3
taule	3
absurde	3
souffrance	3
rattraper	3
demi-tour	3
indiens	3
transformer	3
parle-moi	3
mérites	3
dégâts	3
fermée	3
réception	3
french	3
réservé	3
annulé	3
wayne	3
mercredi	3
meme	3
négatif	3
union	3
deviennent	3
durer	3
semblent	3
bombes	3
ivre	3
avancez	3
témoigner	3
bah	3
langage	3
tunnel	3
chats	3
pur	3
poudre	3
oeuvre	3
jour-là	3
influence	3
todd	3
méchants	3
by	3
numéros	3
récupéré	3
pure	3
biens	3
garce	3
tarte	3
tres	3
hauteur	3
carol	3
finale	3
culture	3
revienne	3
pensiez	3
pénis	3
crois-tu	3
déçu	3
production	3
bible	3
pierres	3
gants	3
sous-sol	3
beth	3
oeufs	3
nina	3
pouvons-nous	3
rumeurs	3
intérêts	3
regardais	3
indice	3
ministère	3
brad	3
témoignage	3
œufs	3
effrayant	3
fouiller	3
prier	3
diane	3
actrice	3
suspects	3
soirs	3
pisser	3
causer	3
finira	3
entrepôt	3
oxygène	3
marshall	3
west	3
inquiètes	3
conclu	3
souviens-toi	3
devras	3
francisco	3
salade	3
indique	3
matinée	3
flotte	3
uns	3
rage	3
amiral	3
perdus	3
gagnant	3
mettent	3
national	3
frigo	3
christ	3
vince	3
sachant	3
opérations	3
stress	3
tuera	3
grant	3
lâchez	3
commander	3
guide	3
blagues	3
chic	3
comte	3
fauteuil	3
prises	3
vampires	3
noble	3
apprécier	3
auteur	3
kilos	3
tuerai	3
séparés	3
pouvaient	3
principale	3
bottes	3
semblerait	3
miens	3
foutue	3
espion	3
album	3
sortent	3
lou	3
violent	3
terroristes	3
énerve	3
voudras	3
repartir	3
spencer	3
teddy	3
serment	3
unités	3
restait	3
promotion	3
sure	3
division	3
ron	3
viendrai	3
foie	3
puisses	3
pardonne	3
robot	3
relax	3
jess	3
mères	3
ethan	3
joueurs	3
rejoint	3
taisez-vous	3
collection	3
stupides	3
option	3
communication	3
bizarres	3
rigole	3
anges	3
vague	3
innocents	3
lewis	3
nombreuses	3
laboratoire	3
soutenir	3
naturellement	3
vends	3
floride	3
charme	3
ian	3
adjoint	3
trouvait	3
terroriste	3
paraître	3
clan	3
livraison	3
jalouse	3
retiré	3
efficace	3
revenus	3
diplôme	3
piégé	3
interne	3
ennuyeux	3
électricité	3
ignorer	3
buvez	3
pervers	3
baby	3
gâché	3
phase	3
trouvés	3
repris	3
enregistré	3
besoins	3
révolution	3
passons	3
sein	3
valait	3
barbe	3
pari	3
fans	3
dylan	3
connue	3
commerce	3
formation	3
habiller	3
fichu	3
renseignements	3
bêtises	3
michelle	3
parent	3
tina	3
commissariat	3
gratuit	3
tuyau	3
couvre	3
convient	3
adoré	3
total	3
oû	3
nancy	3
autrefois	3
éteint	3
étude	3
fenêtres	3
actuellement	3
écart	3
charger	3
habitants	3
comté	3
étudié	3
bol	3
dette	3
diner	3
rêver	3
interrompre	3
micro	3
liens	3
plastique	3
rompre	3
éteindre	3
dégoûtant	3
deviez	3
minable	3
égoïste	3
casey	3
léger	3
cigarettes	3
sœurs	3
edward	3
réveillée	3
one	3
cité	3
be	3
culpabilité	3
las	3
adorerais	3
pourrons	3
produire	3
nucléaire	3
russie	3
rejoins	3
tandis	3
descendez	3
espagnol	3
volée	3
vaisseaux	3
régime	3
pilules	3
aïe	3
empreinte	3
russell	3
sain	3
identifié	3
évidence	3
fidèle	3
trouveras	3
diras	3
remède	3
cimetière	3
couler	3
1re	3
emporter	3
fâché	3
exécution	3
evidemment	3
porno	3
devrez	3
cellules	3
éléments	3
rang	3
autorités	3
laissera	3
hannah	3
fierté	3
vérifiez	3
travaillais	3
congrès	3
détends-toi	3
pratiquement	3
enfui	3
métro	3
diamants	3
raymond	3
façons	3
processus	3
âmes	3
caution	3
lecture	3
rond	3
camarades	3
ressemblait	3
écraser	3
caractère	3
trous	3
intelligence	3
renforts	3
résister	3
sous-titres	3
roses	3
ressenti	3
douze	3
gus	3
instructions	3
gibbs	3
plaindre	3
voudrez	3
so	3
ali	3
exprimer	3
religion	3
survie	3
couches	3
pourri	3
esclave	3
septembre	3
particulièrement	3
tradition	3
dennis	3
aidez	3
jusque	3
commencent	3
stratégie	3
chasseur	3
intéressante	3
walker	3
quinn	3
guitare	3
loué	3
attaché	3
nue	3
améliorer	3
termes	3
soeurs	3
randy	3
vidéos	3
amant	3
courte	3
escalier	3
owen	3
bêtes	3
défi	3
gentils	3
rentrons	3
créatures	3
chirurgien	3
montre-moi	3
dollar	3
quatrième	3
changent	3
souvenez-vous	3
accent	3
parlez-vous	3
personnalité	3
durs	3
commandement	3
lampe	3
kenny	3
crever	3
ken	3
centrale	3
oscar	3
espérer	3
goûter	3
nerfs	3
grandir	3
préférerais	3
feux	3
dépassé	3
tuez	3
faut-il	3
passant	3
totale	3
rencontrée	3
pro	3
carrie	3
méchante	3
ressentir	3
déclaré	3
dessin	3
généreux	3
attendons	3
bourré	3
mn	3
manuel	3
officiel	3
reconnaissance	3
boisson	3
embrassé	3
savaient	3
appétit	3
commandes	3
découverte	3
risquer	3
entendue	3
excité	3
rouler	3
câble	3
fume	3
phrase	3
réveil	3
avère	3
champs	3
disponible	3
levé	3
julian	3
dose	3
coma	3
cuisiner	3
groupes	3
envoyée	3
dépêche	3
sociale	3
assister	3
comptez	3
manières	3
mangez	3
équipes	3
gère	3
mortel	3
voies	3
dick	3
événements	3
indien	3
enterrer	3
stylo	3
gamine	3
homicide	3
vais-je	3
laissons	3
sue	3
détendre	3
dis-leur	3
blake	3
martha	3
regardant	3
riz	3
aurions	3
correctement	3
ailles	3
crée	3
imagines	3
transfert	3
complexe	3
zut	3
accueillir	3
ongles	3
portrait	3
criminelle	3
définitivement	3
présenté	3
remarque	3
désastre	3
vraies	3
métal	3
jennifer	3
traverse	3
italie	3
laissez-nous	3
degrés	3
connaissez-vous	3
up	3
coincée	3
masse	3
etats-unis	3
pardonne-moi	3
drapeau	3
traîne	3
croyez-vous	3
plaire	3
baisé	3
rappelez-vous	3
reçoit	3
liz	3
devenus	3
noix	3
cabane	3
lion	3
jonathan	3
budget	3
inde	3
malédiction	3
souffert	3
villes	3
keith	3
lot	3
militaires	3
escaliers	3
rumeur	3
serviette	3
commercial	3
méthode	3
eli	3
avenue	3
autopsie	3
pue	3
cliente	3
arrange	3
venons	3
descendu	3
intervention	3
arrêtée	3
chefs	3
priorité	3
serré	3
italien	3
quoique	3
casino	3
acteurs	3
passeport	3
pomme	3
sincèrement	3
ressources	3
environnement	3
can	3
elena	3
connor	3
louise	3
rigoles	3
ellen	3
menaces	3
regarde-toi	3
toast	3
bâton	3
doutes	3
préfères	3
thanksgiving	3
bail	3
réunis	3
énormément	3
négocier	3
remets	3
sacrifice	3
reconnaissant	3
williams	3
jeremy	3
citoyens	3
abattu	3
habits	3
otage	3
tatouage	3
interview	3
couru	3
héroïne	3
opérer	3
tendance	3
rupture	3
médias	3
marqué	3
batterie	3
enseigne	3
manager	3
promener	3
héritage	3
écrivain	3
clown	3
ecoute-moi	3
positif	3
hitler	3
jungle	3
équipement	3
penny	3
complice	3
réalise	3
préparez	3
profite	3
assuré	3
importantes	3
mette	3
pages	3
cousine	3
tester	3
génération	3
bâtard	3
torture	3
putains	3
creuser	3
mmm	3
jacob	3
a-t-on	3
loyauté	3
techniquement	3
cravate	3
mourra	3
effacer	3
t-shirt	3
brigade	3
événement	3
rappelé	3
dises	3
étranges	3
collège	3
leader	3
ténèbres	3
samantha	3
trompes	3
associés	3
examens	3
taré	3
bart	3
dent	3
dangereuse	3
poumons	3
holly	3
destruction	3
bateaux	3
trouvais	3
pires	3
charité	3
considère	3
révérend	3
retrouvée	3
girl	3
surement	3
expériences	3
quart	3
poches	3
désire	3
boîtes	3
malcolm	3
moderne	3
résolu	3
manges	3
mentionné	3
pétrole	3
solitaire	3
essayant	3
démarre	3
arracher	3
tendre	3
sincère	3
issue	3
saut	3
débrouiller	3
mickey	3
regardait	3
white	3
devaient	3
timide	3
chevalier	3
r	3
précisément	3
continues	3
halloween	3
ordures	3
volontaire	3
interrogatoire	3
trahison	3
vomir	3
tueurs	3
travis	3
confirmé	3
cri	3
clay	3
cassée	3
soucie	3
censés	3
adrian	3
siècles	3
cruel	3
plaisantez	3
agi	3
probable	3
scandale	3
laissent	3
otages	3
invisible	3
mélange	3
responsabilités	3
ashley	3
harold	3
albert	3
importants	3
attendrai	3
déménager	3
perdez	3
visages	3
échantillon	3
explosé	3
jouent	3
homer	3
nan	3
flash	3
systèmes	3
usa	3
simples	3
christine	3
charges	3
funérailles	3
ressembler	3
césar	3
evan	3
jouets	3
chaos	3
mm-hmm	3
green	3
outils	3
audrey	3
résistance	3
dessert	3
cons	3
insiste	3
veuve	3
riley	3
effectivement	3
dernièrement	3
neil	3
moyenne	3
logan	3
contient	3
espagne	3
virée	3
épaules	3
stone	3
passe-moi	3
altesse	3
gênant	3
voter	3
manquait	3
laisse-la	3
protégé	3
esclaves	3
arrêtera	3
construction	3
utilisez	3
cadavres	3
immense	3
net	3
renvoyé	3
population	3
mondiale	3
juillet	3
capacité	3
sortait	3
expliqué	3
va-t-on	3
sensation	3
sien	3
mason	3
retenu	3
informer	3
récupère	3
ordonné	3
potentiel	3
baisser	3
admire	3
morale	3
pasteur	3
patrouille	3
connerie	3
impact	3
partant	3
baseball	3
sel	3
conducteur	3
maintenir	3
stable	3
motel	3
pourront	3
poker	3
abattre	3
littéralement	3
présidente	3
hill	3
oublierai	3
tokyo	3
jules	3
panneau	3
évite	3
regardent	3
tragédie	3
angel	3
serveur	3
fruit	3
aaron	3
marge	3
earl	3
prière	3
activités	3
légiste	3
impôts	3
possession	3
confirmer	3
out	3
vendeur	3
discuté	3
dépasse	3
apprécié	3
combinaison	3
joan	3
proposer	3
séjour	3
utilisent	3
exception	3
ambassadeur	3
lincoln	3
craindre	3
allison	3
boy	3
poing	3
commences	3
chapitre	3
four	3
rapporte	3
association	3
connaissiez	3
audition	3
ordure	3
écriture	3
publicité	3
cendres	3
motif	3
respiration	3
rends-moi	3
quinze	3
regretter	3
avril	3
boue	3
pleuré	3
rita	3
pipi	3
noté	3
sammy	3
tv	3
cran	3
échappe	3
veuille	3
vivez	3
apparence	3
principe	3
oublies	3
essentiel	3
moment-là	3
quittez	3
sortons	3
alpha	3
gentleman	3
gabriel	3
eaux	3
house	3
brise	3
verte	3
boules	3
lauren	3
canada	3
demandent	3
exige	3
règlement	3
francis	3
barney	3
aimable	3
habillé	3
ann	3
symbole	3
endormi	3
margaret	3
marin	3
what	3
docteurs	3
adorent	3
revanche	3
rarement	3
gâteaux	3
préparez-vous	3
parait	3
with	3
fonce	3
satellite	3
paige	3
dettes	3
rembourser	3
passagers	3
luxe	3
vallée	3
médicale	3
reprend	3
transport	3
effrayé	3
franc	3
couronne	3
scientifiques	3
chacune	3
plante	3
menu	3
revolver	3
bonhomme	3
légal	3
liam	3
discute	3
bonté	3
bières	3
complète	3
avertissement	3
acier	3
subir	3
sentait	3
berlin	3
kitty	3
plais	3
planté	3
branche	3
puissante	3
engagement	3
imaginé	3
options	3
coûté	3
changements	3
révéler	3
mesures	3
coordonnées	3
contacts	3
bip	3
producteur	3
cessé	3
fonction	3
lame	3
donnait	3
navrée	3
shawn	3
cachée	3
salopard	3
cuir	3
monica	3
megan	3
direz	3
goutte	3
rate	3
ticket	3
douter	3
chloé	3
fédéral	3
stephen	3
maths	3
ose	3
attaques	3
autoroute	3
accuser	3
dealer	3
déposition	3
victoria	3
étonne	3
deuil	3
occupe-toi	3
légère	3
huh	3
avocate	3
statue	3
excellence	3
coule	3
armés	3
piqué	3
eva	3
pères	3
basket	3
harris	3
ô	3
pathétique	3
x	3
journalistes	3
remarquer	3
booth	3
matthew	3
innocente	3
fichiers	3
casque	3
ruiné	3
mené	3
v	3
prime	3
bloqué	3
faisiez	3
jenna	3
bénisse	3
hélas	3
sec	3
éclater	3
bienvenu	3
aile	3
mortes	3
combats	3
kg	3
protocole	3
prendrais	3
chatte	3
mouvements	3
poignée	3
reviennent	3
gloria	3
nelson	3
aah	3
vodka	3
roue	3
oblige	3
quartiers	3
boucle	3
mordu	3
fois-ci	3
légitime	3
délire	3
médicament	3
resto	3
trente	3
island	3
douloureux	3
vues	3
tonnes	3
jersey	3
demoiselle	3
attire	3
bagnole	3
serveuse	3
contacté	3
relève	3
reprends	3
allume	3
conflit	3
accomplir	3
bouteilles	3
shane	3
pensant	3
lisez	3
prêtes	3
badge	3
little	3
pension	3
déposé	3
routine	3
crève	3
articles	3
chagrin	3
local	3
saurai	3
appuie	3
filmer	3
ayons	3
know	3
amusez-vous	3
servent	3
réduire	3
remet	3
filé	3
courez	3
rit	3
symptômes	3
feuilles	3
candidat	3
vides	3
soupirs	3
rory	3
professionnelle	3
ressemblent	3
wade	3
sauvages	3
organise	3
munitions	3
cercueil	3
cm	3
enquêter	3
disparue	3
réelle	3
trône	3
ouverts	3
planque	3
asile	3
louer	3
allumer	3
craig	3
tarder	3
fausses	3
f	3
administration	3
arrangement	3
existent	3
hop	3
juin	3
sachez	3
contrairement	3
wendy	3
conseille	3
ford	3
fabrique	3
mitchell	3
obscurité	3
talents	3
enlevez	3
informé	3
colline	3
telles	3
horribles	3
avoué	3
mentez	3
réalisateur	3
lesquelles	3
fait-on	3
puits	3
octobre	3
cherchons	3
costumes	3
irez	3
suis-moi	3
léo	3
renoncer	3
aimée	3
république	3
rendent	3
longues	3
sauvée	3
nuit-là	3
testament	3
facture	3
domicile	3
basse	3
transformé	3
emmenée	3
médaille	3
texte	3
établir	3
vanessa	3
sienne	3
kong	3
record	3
connaisse	3
blé	3
guerrier	3
sms	3
entrain	3
quittes	3
plantes	3
restons	3
accéder	3
suprême	3
warren	3
installé	3
tuent	3
décrire	3
enveloppe	3
était-il	3
manche	3
écoles	3
rappelle-toi	3
batman	3
embête	3
espèces	3
dalle	3
auquel	3
mrs	3
cadre	3
enseigner	3
maquillage	3
fâchée	3
restant	3
prétend	3
demandait	3
gris	3
levez	3
nora	3
sépare	3
enlèvement	3
magicien	3
historique	3
circulation	3
1ère	3
piquer	3
stanley	3
canard	3
lancement	3
quantité	3
gym	3
time	3
punir	3
téléphoner	3
hélicoptère	3
dinde	3
subi	3
énerver	3
auto	3
mêle	3
anthony	3
placer	3
réduit	3
fédéraux	3
bruits	3
sujets	3
jetez	3
he	3
tube	3
organes	3
mettez-vous	3
poils	3
époux	3
tendu	3
ingénieur	3
téléphones	3
pape	3
routes	3
lâché	3
portant	3
bats	3
laissant	3
pouce	3
infection	3
faiblesse	3
mettra	3
manhattan	3
responsables	3
devinez	3
remarquable	3
tenais	3
mérité	3
collins	3
santa	3
libération	3
malentendu	3
élément	3
vaincre	3
attiré	3
mêler	3
bouffer	3
souvient	3
profonde	3
chaussettes	3
morgue	3
accuse	3
portez	3
estime	3
soda	3
silencieux	3
diana	3
faibles	3
avertir	3
côtes	3
tournage	3
bonnie	3
effraction	3
valises	3
atmosphère	3
délit	3
fui	3
menottes	3
partenaires	3
bureaux	3
this	3
requin	3
détention	3
factures	3
agissait	3
continué	3
donne-lui	3
observer	3
visites	3
conscient	3
condoléances	3
maya	3
sortant	3
nicole	3
enfermer	3
vôtres	3
tumeur	3
marches	3
crainte	3
panier	3
ruth	3
immunité	3
terriblement	3
compromis	3
serait-ce	3
minimum	3
tels	3
coûter	3
revue	3
hong	3
scotch	3
tracy	3
repéré	3
ruiner	3
différemment	3
violée	3
harper	3
trompez	3
salauds	3
putes	3
clara	3
pleins	3
come	3
personnages	3
péchés	3
fascinant	3
utilisée	3
avaler	3
nièce	3
élu	3
meubles	3
magnifiques	3
devienne	3
explose	3
portent	3
viennes	3
passerai	3
sagesse	3
seth	3
fouillé	3
française	3
janet	3
attends-moi	3
just	3
imaginais	3
douzaine	3
fusillade	3
intentions	3
puissent	3
permettez-moi	3
serrer	3
trouble	3
sachiez	3
connexion	3
renversé	3
voudriez	3
équilibre	3
usage	3
rapporter	3
meure	3
sydney	3
intéresser	3
sourd	3
vaudrait	3
industrie	3
connus	3
norman	3
soudainement	3
états	3
brooklyn	3
croirait	3
communiquer	3
déménagé	3
saigne	3
longs	3
festival	3
inconnue	3
parliez	3
revu	3
parlez-moi	3
destinée	3
linge	3
ressent	3
câlin	3
trouvons	3
promettre	3
jugé	3
fragile	3
fabuleux	3
sieste	3
conçu	3
indices	3
obéir	3
suicider	3
chant	3
simpson	3
curiosité	3
balancer	3
entraîneur	3
judy	3
écrasé	3
archives	3
intimité	3
demeure	3
ambiance	3
ressembles	3
brillante	3
ramasser	3
satisfait	3
tara	3
karl	3
connaitre	3
hector	3
tissu	3
viendrais	3
nuages	3
avait-il	3
phoebe	3
soir-là	3
résidence	3
jouais	3
pourrais-tu	3
arriverai	3
politiques	3
débat	3
fonctionner	3
prostituée	3
bo	3
homo	3
pompiers	3
sorcières	3
parles-tu	3
leçons	3
rendra	3
vic	3
naturelle	3
réunions	3
implique	3
bracelet	3
look	3
zoo	3
confortable	3
navette	3
cervelle	3
baron	3
jumeaux	3
genou	3
ralph	3
may	3
mystérieux	3
coincés	3
campus	3
arriverait	3
augmenter	3
tragique	3
cash	3
elliot	3
vilain	3
toc	3
essaient	3
moscou	3
heather	3
destination	3
grossesse	3
foiré	3
royal	3
exposition	3
amuse-toi	3
nid	3
artistes	3
vise	3
merdé	3
mafia	3
assiette	3
finn	3
demanderai	3
kit	3
capables	3
aiderait	3
par-dessus	3
fréquence	3
ceux-là	3
montrent	3
caches	3
stars	3
dépensé	3
lane	3
méthodes	3
boum	3
atelier	3
passées	3
divine	3
balade	3
passais	3
capitale	3
générale	3
hémorragie	3
prouvé	3
déplacé	3
massage	3
mets-toi	3
daisy	3
suffira	3
emmenez	3
ranch	3
passez-moi	3
touchée	3
murphy	3
draps	3
novembre	3
dépression	4
young	4
quelconque	4
opéra	4
prenais	4
violé	4
endormir	4
prends-le	4
échanger	4
racheter	4
fillette	4
duré	4
cessez	4
locale	4
punition	4
juliette	4
accrocher	4
lesquels	4
rencontres	4
chaussure	4
natalie	4
rob	4
tiroir	4
accusations	4
agis	4
abandonnée	4
debbie	4
devrai	4
arrivez	4
hello	4
quête	4
arrivais	4
chase	4
inquiétude	4
sources	4
dommages	4
allant	4
fringues	4
marco	4
grève	4
baissez	4
scènes	4
nettoie	4
rendue	4
batte	4
sauras	4
menteuse	4
tennis	4
rares	4
vire	4
dale	4
désirez	4
culotte	4
disques	4
oignons	4
alicia	4
spécialiste	4
entraîne	4
mitch	4
tigre	4
foire	4
solitude	4
chariot	4
judiciaire	4
deal	4
mannequin	4
carla	4
localiser	4
tombent	4
cesser	4
aiguille	4
mettons	4
suisse	4
allumé	4
atterri	4
euros	4
misérable	4
fournir	4
juan	4
diego	4
légumes	4
sperme	4
agit-il	4
confirme	4
pneus	4
évacuer	4
ordinateurs	4
ex-femme	4
crié	4
gras	4
sembles	4
jouet	4
citoyen	4
plafond	4
fiers	4
willie	4
signaler	4
pisse	4
poème	4
pendu	4
holmes	4
prières	4
prêter	4
resterai	4
confier	4
arrêtés	4
voyages	4
dégueulasse	4
arrête-toi	4
ligue	4
voisine	4
irons	4
montrez-moi	4
pique	4
trompée	4
fermes	4
tiendra	4
sandy	4
périmètre	4
dana	4
furent	4
massacre	4
kent	4
walt	4
muscles	4
détestes	4
aiderai	4
bizarrement	4
irlandais	4
météo	4
veiller	4
internes	4
verrons	4
description	4
défaut	4
enlevée	4
anonyme	4
ambassade	4
buter	4
adversaire	4
fermeture	4
quasiment	4
chasseurs	4
intervenir	4
soupir	4
mangent	4
civils	4
automne	4
excitée	4
tranquilles	4
aurait-il	4
partira	4
refait	4
splendide	4
accro	4
horloge	4
moteurs	4
bougé	4
enverrai	4
sentent	4
vomi	4
économie	4
feuille	4
colonne	4
vagues	4
pétrin	4
pistes	4
dépenser	4
pipe	4
osé	4
pirate	4
promesses	4
frites	4
parier	4
essayes	4
envoyés	4
peindre	4
partent	4
informatique	4
admets	4
doutais	4
dés	4
dépose	4
ancêtres	4
acide	4
immobilier	4
blue	4
saisir	4
mettrai	4
liés	4
patty	4
kirk	4
obligés	4
constamment	4
vedette	4
marchait	4
christian	4
aidée	4
familier	4
fixe	4
dignité	4
tirs	4
disparaît	4
élections	4
dessins	4
déclare	4
catastrophe	4
choisit	4
prétendre	4
amenez	4
marteau	4
jet	4
g	4
paierai	4
cameron	4
accorder	4
accroche-toi	4
volontiers	4
affection	4
disaient	4
enregistrer	4
ordonne	4
tombes	4
saisi	4
trouille	4
poignardé	4
ronnie	4
fiches	4
scanner	4
document	4
colin	4
atterrir	4
rois	4
transforme	4
jill	4
échantillons	4
serre	4
fichier	4
répétition	4
gina	4
dentiste	4
fassiez	4
occupes	4
plairait	4
plats	4
accorde	4
formes	4
machin	4
christopher	4
va-t-elle	4
déterminer	4
ouvriers	4
times	4
utilisant	4
sexuels	4
célébrer	4
allen	4
oublions	4
montée	4
philip	4
partirai	4
civil	4
got	4
pompes	4
marc	4
promenade	4
entraîné	4
jetée	4
profit	4
tiennent	4
tache	4
franklin	4
emporte	4
damon	4
absent	4
désespéré	4
burke	4
prochaines	4
création	4
cinquième	4
levez-vous	4
ecoutez-moi	4
ellie	4
refuge	4
base-ball	4
diamant	4
coke	4
antenne	4
satan	4
aperçu	4
antoine	4
réussite	4
guère	4
provoquer	4
formule	4
fleuve	4
recette	4
intime	4
cordes	4
plaie	4
réagir	4
cuire	4
leslie	4
bénédiction	4
saloperie	4
eve	4
compassion	4
brooke	4
vaux	4
obsédé	4
duc	4
curtis	4
bidon	4
divorcer	4
relever	4
sobre	4
deviné	4
occupés	4
sonné	4
drogué	4
von	4
merveille	4
flammes	4
illusion	4
anneau	4
sauvetage	4
comprennent	4
madison	4
gentiment	4
lana	4
canal	4
pleut	4
exposé	4
violet	4
élevée	4
gps	4
april	4
rapproche	4
leonard	4
fatigue	4
effrayer	4
dormais	4
benjamin	4
réfléchissez	4
get	4
like	4
lave	4
visiteurs	4
piéger	4
péter	4
occuperai	4
pédé	4
désordre	4
surnom	4
palmer	4
drew	4
meg	4
range	4
structure	4
évasion	4
dites-le	4
discret	4
petit-fils	4
délicat	4
appuyer	4
royale	4
foutus	4
photographe	4
disputer	4
supérieure	4
raccroche	4
ère	4
normaux	4
tuerait	4
officielle	4
seattle	4
marines	4
steak	4
connaissons	4
drame	4
are	4
intense	4
svp	4
août	4
loups	4
verdict	4
échecs	4
considéré	4
pirates	4
assaut	4
écrite	4
observe	4
survivants	4
étudie	4
explosifs	4
tues	4
poursuite	4
recherché	4
arrêtez-vous	4
singes	4
finisse	4
téléphoné	4
sonnerie	4
synchro	4
çà	4
mouche	4
botter	4
watson	4
bingo	4
plaques	4
clef	4
nous-mêmes	4
grillé	4
peint	4
relecture	4
décembre	4
montrez	4
lindsay	4
douceur	4
fiançailles	4
impressionné	4
restés	4
glisser	4
allions	4
faîtes	4
neal	4
ned	4
vider	4
fonctions	4
michel	4
capacités	4
touches	4
reverra	4
anderson	4
fermés	4
bougies	4
baignoire	4
coincer	4
familiale	4
donnerais	4
eux-mêmes	4
révélé	4
international	4
fun	4
banques	4
émotion	4
cocaïne	4
conversations	4
turner	4
jetons	4
relais	4
saleté	4
retenue	4
kurt	4
compétences	4
plaisanterie	4
longueur	4
thème	4
magasins	4
lutter	4
viendront	4
monseigneur	4
mourant	4
contenu	4
ennui	4
corée	4
référence	4
-ooo--	4
cachette	4
came	4
insectes	4
moustache	4
certes	4
britannique	4
laissez-la	4
poésie	4
assassinat	4
lex	4
tabac	4
garantie	4
couples	4
bacon	4
apres	4
freddy	4
hôte	4
conclusion	4
insisté	4
personnels	4
représentant	4
pull	4
défoncé	4
fraîche	4
zach	4
donald	4
voile	4
règne	4
venaient	4
misère	4
future	4
compliment	4
sou	4
inverse	4
coller	4
grotte	4
élection	4
fouille	4
irak	4
deviendra	4
vois-tu	4
tristesse	4
orchestre	4
suivent	4
analyses	4
allez-vous-en	4
portail	4
mines	4
montres	4
spéciales	4
possibilités	4
puni	4
génétique	4
robes	4
aimons	4
reconnaissez	4
soirées	4
boissons	4
généralement	4
planche	4
eut	4
chaînes	4
sorcier	4
lent	4
pam	4
vivons	4
nuage	4
now	4
arrêtent	4
divorcé	4
payée	4
louche	4
occupera	4
maladies	4
biscuits	4
connards	4
interrogé	4
archer	4
trahir	4
sous-vêtements	4
duke	4
saurait	4
reporter	4
bazar	4
mondes	4
antonio	4
mail	4
boutons	4
caporal	4
dites-leur	4
développement	4
quarantaine	4
poursuit	4
juges	4
tombés	4
plains	4
nettoyé	4
beach	4
marchent	4
enfuie	4
enterprise	4
inspecteurs	4
demie	4
mcgee	4
graves	4
alison	4
enfoirés	4
acceptez	4
inhabituel	4
tickets	4
essaierai	4
votes	4
détester	4
han	4
rebelles	4
descente	4
marchandise	4
nicky	4
confus	4
possibles	4
shaw	4
infirmerie	4
savon	4
terreur	4
innocence	4
vols	4
virginie	4
janvier	4
cheville	4
experts	4
puissiez	4
ais	4
incroyablement	4
plomb	4
serions	4
réparé	4
piper	4
harvard	4
galerie	4
cristal	4
temporaire	4
insensé	4
cauchemars	4
mettait	4
prendrait	4
décharge	4
permets	4
spécialement	4
prêté	4
prenant	4
épuisé	4
benny	4
blanches	4
gravité	4
attacher	4
taupe	4
centaine	4
cambriolage	4
manquent	4
bétail	4
catholique	4
sacrifier	4
salue	4
e-mail	4
naomi	4
arts	4
inspiration	4
casse-toi	4
majorité	4
blair	4
malheureuse	4
mel	4
coco	4
jazz	4
kennedy	4
surprendre	4
noyer	4
surprises	4
peut-etre	4
relevé	4
principes	4
jacques	4
moquer	4
rituel	4
biologique	4
énormes	4
tordu	4
concept	4
extra	4
nettoyage	4
missiles	4
syndicat	4
bailey	4
circuit	4
tournoi	4
dénoncer	4
hope	4
éternel	4
graham	4
laisserais	4
buck	4
bond	4
éternelle	4
déesse	4
fée	4
balancé	4
fameux	4
ci	4
sirène	4
pat	4
dérangé	4
jalousie	4
carmen	4
dépêcher	4
rassembler	4
lesbienne	4
vif	4
dégager	4
cat	4
gardiens	4
demandons	4
boucher	4
noires	4
désirs	4
social	4
promets-moi	4
barbecue	4
galaxie	4
statut	4
carton	4
fox	4
extrême	4
requête	4
francs	4
planter	4
troy	4
provoqué	4
citron	4
identification	4
impressionner	4
commentaire	4
nus	4
chantier	4
déplace	4
saviez-vous	4
baker	4
chemins	4
unis	4
arnaque	4
ultime	4
vaches	4
feraient	4
quai	4
maïs	4
bay	4
stark	4
cocktail	4
pêcher	4
spécialité	4
orbite	4
étudiante	4
correction	4
3ème	4
comptable	4
arraché	4
manny	4
stuart	4
pénible	4
appelés	4
signez	4
vain	4
afghanistan	4
oreiller	4
wallace	4
éclair	4
sociaux	4
erica	4
tactique	4
alliés	4
violer	4
allergique	4
villa	4
croisé	4
bang	4
cicatrice	4
vitre	4
postes	4
apparaît	4
habitué	4
codes	4
tonnerre	4
road	4
miracles	4
maîtres	4
zoe	4
sensé	4
melle	4
grange	4
promo	4
donnez-lui	4
degré	4
cibles	4
habillée	4
duncan	4
sentez-vous	4
espérant	4
appartenait	4
battus	4
flamme	4
apportez	4
bases	4
traînée	4
laser	4
flipper	4
katherine	4
amateur	4
jen	4
serpents	4
garcia	4
élite	4
valeurs	4
contents	4
chantage	4
haley	4
yang	4
poussez	4
civile	4
amber	4
ralentir	4
happy	4
prudente	4
solaire	4
miranda	4
rejeté	4
psychopathe	4
meredith	4
comparé	4
troubles	4
banc	4
engin	4
amenée	4
maillot	4
pété	4
joy	4
trajet	4
développer	4
démarrer	4
gagnes	4
peste	4
castle	4
viendrait	4
down	4
déconne	4
retrouvera	4
denise	4
habitudes	4
confession	4
académie	4
assassins	4
inventer	4
cieux	4
signalé	4
avancé	4
rapporté	4
trevor	4
barman	4
libère	4
tournez	4
carnet	4
complot	4
éloigne	4
nier	4
augmentation	4
nanas	4
pareils	4
emmenez-le	4
envoient	4
dépôt	4
mariages	4
partagé	4
actuelle	4
camions	4
sonner	4
détendez-vous	4
appellera	4
physiquement	4
reed	4
world	4
nichons	4
registre	4
mia	4
pompe	4
frappée	4
veronica	4
présentation	4
fabriquer	4
gene	4
saluer	4
joint	4
ondes	4
évolution	4
augmente	4
empoisonné	4
grippe	4
détresse	4
effacé	4
chiffre	4
guerriers	4
battent	4
guéri	4
hurler	4
psychiatre	4
confié	4
fit	4
when	4
orage	4
xena	4
cavalier	4
soi-disant	4
commettre	4
aurais-je	4
déchiré	4
énervée	4
pendre	4
pousse-toi	4
mordre	4
brosse	4
craquer	4
difficultés	4
impatient	4
mario	4
guy	4
pyjama	4
flèche	4
suivie	4
hommage	4
rentrés	4
éclate	4
crevé	4
ordonnance	4
anglaise	4
accompli	4
boxe	4
serviettes	4
diriez-vous	4
sèche	4
maudite	4
décroche	4
veniez	4
rendait	4
habituer	4
intuition	4
serena	4
fondation	4
consulter	4
concierge	4
rosie	4
bêtise	4
comptent	4
réunir	4
lâches	4
u	4
étrangère	4
philadelphie	4
harrison	4
inconscient	4
mairie	4
poussée	4
établi	4
vaisselle	4
hélico	4
volés	4
ronde	4
fardeau	4
hockey	4
choisie	4
brille	4
ris	4
alcoolique	4
doyle	4
cuit	4
remplie	4
entreprises	4
ivan	4
éteins	4
premièrement	4
enchères	4
pertes	4
sous-marin	4
rayons	4
annule	4
kira	4
monk	4
livré	4
intérieure	4
standard	4
glissé	4
annoncé	4
civilisation	4
rentrant	4
souper	4
aprés	4
veuilles	4
institut	4
ventes	4
filmé	4
continuent	4
grey	4
fracture	4
reparti	4
demande-lui	4
concentre-toi	4
engage	4
fine	4
dvd	4
fusils	4
wyatt	4
intéressée	4
éléphant	4
bouclier	4
avantages	4
considérer	4
chips	4
rappelle-moi	4
atterrissage	4
voyou	4
connie	4
houston	4
fabriqué	4
coiffure	4
payez	4
jusque-là	4
ri	4
botte	4
arrêtait	4
député	4
stefan	4
patronne	4
cookies	4
barrière	4
obtient	4
disposition	4
papillon	4
capturé	4
attendra	4
entrés	4
tucker	4
adorait	4
emporté	4
dramatique	4
pourvu	4
originale	4
accroche	4
ras	4
superman	4
pop	4
district	4
apprendra	4
sorties	4
tranquillement	4
tenez-vous	4
sharon	4
arrières	4
préférez	4
radar	4
halte	4
deux-là	4
zombie	4
grille	4
critiques	4
soucier	4
promet	4
visiblement	4
mâle	4
donnant	4
ciao	4
copines	4
brenda	4
paniqué	4
poète	4
licence	4
sauvés	4
col	4
titres	4
verrais	4
chan	4
valent	4
admis	4
emprunté	4
honnêtes	4
attentivement	4
techniques	4
passerelle	4
melissa	4
réalises	4
reculer	4
transmission	4
drake	4
gré	4
poignet	4
montant	4
embarrassant	4
beau-père	4
maîtrise	4
lydia	4
remplace	4
solo	4
toile	4
hunter	4
parrain	4
transmettre	4
honorable	4
jolis	4
aussitôt	4
facteur	4
pere	4
east	4
claque	4
chloe	4
impliquée	4
sabre	4
filet	4
troupe	4
henri	4
brandon	4
onze	4
conclure	4
claudia	4
analyser	4
antécédents	4
pâle	4
servira	4
investissement	4
sentie	4
pére	4
puissants	4
facebook	4
vice-président	4
bud	4
fixer	4
levée	4
paula	4
poli	4
expliquerai	4
day	4
surprenant	4
shopping	4
visuel	4
directrice	4
imbéciles	4
vulnérable	4
pacifique	4
correspondance	4
retiens	4
éliminé	4
chienne	4
conte	4
compagnon	4
difficulté	4
fées	4
arrivant	4
caravane	4
da	4
disparus	4
embêter	4
balader	4
pharmacie	4
défilé	4
ramasse	4
âgé	4
chanteur	4
avery	4
précise	4
rançon	4
infirmières	4
bossé	4
grayson	4
miguel	4
bauer	4
retient	4
étonnerait	4
lawrence	4
miennes	4
kidnappé	4
souhaitez	4
nounou	4
adams	4
ralentis	4
repérer	4
automatique	4
bowling	4
détruite	4
emménager	4
laissés	4
comptais	4
us	4
dormez	4
cindy	4
sebastian	4
gant	4
maurice	4
discipline	4
choisissez	4
bisou	4
connaissances	4
bernard	4
paperasse	4
essais	4
hauts	4
affiche	4
pardonné	4
dallas	4
enfermée	4
recevez	4
good	4
fisher	4
loge	4
camionnette	4
rocher	4
transféré	4
supérieurs	4
héritier	4
payés	4
terribles	4
sénat	4
polly	4
partes	4
individu	4
dites-nous	4
continuons	4
décevoir	4
fusion	4
conne	4
ado	4
crane	4
angie	4
airs	4
traumatisme	4
pierce	4
comtesse	4
basé	4
auriez-vous	4
défaite	4
khan	4
rapprocher	4
assassiner	4
talons	4
œuf	4
compté	4
rosa	4
haricots	4
roulé	4
fiable	4
voulions	4
morris	4
renfort	4
escroc	4
fassent	4
déconner	4
andré	4
céréales	4
tit	4
bandes	4
artistique	4
fins	4
georges	4
blâmer	4
perdant	4
décédé	4
lloyd	4
brouillard	4
quelques-uns	4
oses-tu	4
caleb	4
occupez-vous	4
brute	4
puisqu'	4
cinquante	4
calibre	4
trottoir	4
poubelles	4
pilule	4
portais	4
arabe	4
qualités	4
voire	4
encre	4
eus	4
foudre	4
visions	4
légèrement	4
loupé	4
not	4
blesse	4
fortes	4
existait	4
cochons	4
aimeriez	4
shirley	4
marchand	4
poursuivi	4
démocratie	4
script	4
loyal	4
respirez	4
sueur	4
espions	4
li	4
battue	4
changez	4
précieuse	4
impliquer	4
empêché	4
satisfaire	4
plonger	4
pilotes	4
reagan	4
toilette	4
spéciaux	4
vagin	4
décrit	4
hanna	4
boucles	4
coupables	4
coupée	4
former	4
typique	4
pleures	4
humaines	4
faille	4
alfred	4
allure	4
sucer	4
copies	4
habiter	4
raciste	4
allonger	4
ressort	4
drôles	4
serviteur	4
sexuelles	4
case	4
personnelles	4
championnat	4
web	4
locaux	4
domestique	4
cd	4
remplis	4
veine	4
pa	4
ennuyer	4
ravissante	4
honnêteté	4
moques	4
voudriez-vous	4
sid	4
thompson	4
approprié	4
patrie	4
canons	4
reconnaissante	4
nécessaires	4
philippe	4
monroe	4
forcée	4
guider	4
verts	4
certificat	4
amende	4
présume	4
pan	4
ana	4
fusée	4
zack	4
séparation	4
jeffrey	4
renvoie	4
beverly	4
sciences	4
caca	4
désespoir	4
voeux	4
auberge	4
diront	4
moore	4
bishop	4
zombies	4
boyd	4
magazines	4
marquer	4
rechercher	4
soie	4
stella	4
chèvre	4
hache	4
winston	4
fraude	4
perry	4
ignorez	4
racontez	4
hot	4
mont	4
carburant	4
ve	4
tapé	4
veines	4
méritent	4
ç	4
démissionné	4
méritait	4
alien	4
médicaux	4
australie	4
insulte	4
farce	4
tires	4
appât	4
folles	4
explorer	4
instrument	4
noah	4
gage	4
concentré	4
précédent	4
cortex	4
curieuse	4
réponds-moi	4
déçue	4
âne	4
hal	4
lt	4
scotty	4
danseuse	4
corruption	4
oeuf	4
secondaire	4
ombres	4
who	4
économies	4
chauve	4
reese	4
tableaux	4
entouré	4
contrats	4
sauront	4
retournes	4
fumé	4
silver	4
adopter	4
comptait	4
demandant	4
épicerie	4
bennett	4
applaudissements	4
rentrera	4
suicidé	4
déchets	4
installe	4
clyde	4
inconnus	4
souhaiter	4
gratuitement	4
voté	4
have	4
supermarché	4
pleurs	4
crache	4
rideau	4
février	4
mises	4
préoccupe	4
repousser	4
roues	4
surmonter	4
cœurs	4
exécuter	4
agneau	4
ruby	4
syndrome	4
mama	4
dimension	4
téléphonique	4
parcours	4
excite	4
jesus	4
becky	4
scolaire	4
dis-le-moi	4
appelons	4
dingues	4
finissent	4
générations	4
raser	4
étages	4
rende	4
cheminée	4
voyous	4
saoul	4
merdique	4
bell	4
sont-elles	4
sun	4
saine	4
nazis	4
chiant	4
alimentaire	4
observation	4
clean	4
grossier	4
reid	4
ajoute	4
délicate	4
capturer	4
môme	4
calmes	4
sullivan	4
excepté	4
papy	4
4e	4
distraire	4
rappellerai	4
profondeur	4
randall	4
chèques	4
triple	4
regret	4
mulder	4
vulgaire	4
jouant	4
grain	4
grenier	4
emplacement	4
coopérer	4
faciles	4
torturer	4
crétins	4
aîné	4
sembler	4
journées	4
char	4
tire-toi	4
home	4
électronique	4
richie	4
collé	4
attendez-moi	4
infiniment	4
retournons	4
armées	4
aigle	4
matelas	4
poussez-vous	4
proie	4
furieuse	4
angoisse	4
traitée	4
prévoir	4
mick	4
tais	4
iront	4
vachement	4
barrage	4
gays	4
éternellement	4
coeurs	4
sens-tu	4
buddy	4
austin	4
marcel	4
stand	4
durée	4
wells	4
robots	4
sheila	4
vietnam	4
peggy	4
broadway	4
rôles	4
crash	4
débrouille	4
arrache	4
diagnostic	4
flynn	4
texto	4
harcèlement	4
délai	4
reggie	4
inscrit	4
cassie	4
barnes	4
arnold	4
nègre	4
bosses	4
vainqueur	4
achetée	4
manipuler	4
représenter	4
sortais	4
elvis	4
araignée	4
colonie	4
faillite	4
pognon	4
égalité	4
honorer	4
group	4
pensaient	4
courageuse	4
mentale	4
travaillant	4
espoirs	4
rideaux	4
renard	4
trouveront	4
boom	4
jon	4
vœux	4
françois	4
mineurs	4
inspire	4
douleurs	4
défendu	4
aimiez	4
exister	4
israël	4
tripes	4
brésil	4
denny	4
assurez-vous	4
plaira	4
pacte	4
réagi	4
dons	4
choper	4
honoré	4
griffin	4
isabelle	4
multiples	4
sacrément	4
hôpitaux	4
zones	4
agressé	4
transporter	4
ambition	4
colis	4
regardons	4
grimper	4
dessiner	4
mouillé	4
édition	4
chargée	4
obsession	4
mallette	4
casquette	4
pèse	4
purée	4
invasion	4
prétexte	4
was	4
candidats	4
impasse	4
cleveland	4
tissus	4
démissionne	4
messe	4
revoilà	4
vivais	4
modeste	4
cow-boy	4
présents	4
mona	4
vice	4
éloigné	4
garantis	4
saurez	4
vaincu	4
déja	4
graisse	4
poulets	4
stock	4
right	4
vœu	4
kansas	4
hunt	4
camps	4
opposé	4
buvons	4
arc	4
niveaux	4
accidents	4
inutiles	4
gentillesse	4
commençait	4
taureau	4
arrete	4
selle	4
na	4
missile	4
détestent	4
inspiré	4
banane	4
réplique	4
remplacé	4
effrayée	4
commune	4
aspect	4
autorise	4
thérapeute	4
désagréable	4
examiné	4
crack	4
fédération	4
comparer	4
stopper	4
relevés	4
reynolds	4
prié	4
pressentiment	4
repose-toi	4
matty	4
conviction	4
offres	4
assassinée	4
emmènes	4
saisis	4
rein	4
lourde	4
trouverons	4
fontaine	4
flippant	4
buffy	4
favori	4
comprendra	4
lits	4
religieux	4
glenn	4
cal	4
señor	4
ruine	4
confidentiel	4
participé	4
décoller	4
déclarer	4
timing	4
publié	4
merdes	4
ciseaux	4
empirer	4
south	4
attentat	4
instable	4
chômage	4
renverser	4
dixon	4
mortelle	4
endormie	4
apparu	4
hésite	4
pensions	4
2ème	4
balai	4
distributeur	4
prit	4
environs	4
rapides	4
revenons	4
tiens-toi	4
aventures	4
florence	4
belle-mère	4
isolé	4
éthique	4
if	4
bars	4
détecteur	4
aveux	4
commentaires	4
bornes	4
réussit	4
sécurisé	4
coca	4
utilises	4
béton	4
tess	4
tables	4
cachés	4
retournée	4
fumier	4
douglas	4
baraque	4
franchir	4
tortue	4
isaac	4
revois	4
fonctionnent	4
performance	4
verront	4
nage	4
clubs	4
profession	4
gâche	4
vidé	4
glisse	4
changes	4
pourrait-il	4
valable	4
conditionnelle	4
soupçons	4
lessive	4
radios	4
urine	4
score	4
dorénavant	4
escorte	4
location	4
fiona	4
démissionner	4
fondre	4
financier	4
draguer	4
outre	4
démonstration	4
diabolique	4
fichez	4
moutons	4
justifier	4
supposée	4
rasoir	4
utilisait	4
sympathique	4
confirmation	4
planifié	4
latin	4
formulaire	4
tuyaux	4
chen	4
répondeur	4
travaillons	4
mineur	4
active	4
dispositif	4
confusion	4
alimentation	4
fuis	4
jupe	4
plancher	4
épargner	4
évacuation	4
attache	4
patates	4
partait	4
dirais-tu	4
dawson	4
séquence	4
jouons	4
inévitable	4
violation	4
brennan	4
marina	4
intrus	4
soulagement	4
correspondent	4
sortirai	4
yoga	4
cape	4
troupeau	4
déclenché	4
assure-toi	4
pouvions	4
abeilles	4
fermez-la	4
rocky	4
rex	4
croira	4
minus	4
tueront	4
hotel	4
cam	4
ados	4
vont-ils	4
gin	4
traites	4
télégramme	4
menacer	4
inscrire	4
manoir	4
contrarié	4
concentration	4
brody	4
provoque	4
achetez	4
jambon	4
papi	4
cérébrale	4
assistance	4
brett	4
avalé	4
professeurs	4
rêvais	4
pétasse	4
braquage	4
chinoise	4
see	4
piges	4
lci	4
lester	4
tiers	4
légalement	4
aliens	4
suggéré	4
dîtes	4
déchire	4
hypothèse	4
dwight	4
demandée	4
mets-le	4
gonna	4
pointer	4
cigare	4
adorais	4
serrure	4
qg	4
marron	4
préserver	4
dépasser	4
nuls	4
accroché	4
mikey	4
chanté	4
surveillez	4
anciennes	4
dégueu	4
raccrocher	4
billard	4
allah	4
sauveur	4
séduire	4
coiffeur	4
marais	4
conrad	4
déclencher	4
armoire	4
glaces	4
îles	4
habille	4
elaine	4
klaus	4
vertu	4
respecté	4
gangs	4
campbell	4
appelais	4
episode	4
détestais	4
cuba	4
sonny	4
aimerions	4
nikki	4
sheldon	4
récolte	4
touristes	4
darrin	4
media	4
maigre	4
chandler	4
sourit	4
éveillé	4
lola	4
langues	4
balcon	4
cathy	4
expédition	4
freddie	4
artie	4
trophée	4
évaluation	4
chimique	4
détenu	4
donnerait	4
pince	4
primaire	4
regrets	4
nations	4
kathy	4
christina	4
plaisantais	4
psychiatrique	4
appareils	4
traîné	4
enfuit	4
capital	4
baie	4
sandra	4
invention	4
gilet	4
croisés	4
mexicain	4
vera	4
compliquée	4
paiement	4
tueuse	4
fédérale	4
joyeuse	4
deb	4
omar	4
rappel	4
réservoir	4
brick	4
office	4
coopération	4
trajectoire	4
propriétaires	4
mi	4
hayes	4
paiera	4
bruno	4
mental	4
messager	4
frangin	4
combattu	4
souhait	4
anton	4
carson	4
kid	4
dépenses	4
passerait	4
crochet	4
naître	4
age	4
exceptionnel	4
rude	4
développé	4
dee	4
fonctionné	4
bones	4
traquer	4
samuel	4
teresa	4
mêlé	4
mettez-le	4
chimiques	4
addition	4
transférer	4
exacte	4
gratitude	4
baby-sitter	4
insupportable	4
cargaison	4
incroyables	4
laissait	4
planètes	4
préparation	4
prépare-toi	4
waouh	4
passager	4
venez-vous	4
camille	4
désolés	4
authentique	4
jumelles	4
burt	4
prudents	4
guerres	4
branché	4
hudson	4
intéressent	4
couteaux	4
jessie	4
5e	4
communications	4
matins	4
ncis	4
raide	4
via	4
spock	4
overdose	4
schmidt	4
arizona	4
craché	4
privilège	4
professionnels	4
navy	4
fauché	4
destiné	4
sévère	4
investir	4
creuse	4
joel	4
grec	4
nues	4
publier	4
murray	4
foster	4
viendras	4
philosophie	4
er	4
intelligents	4
commençais	4
boucliers	4
suspendu	4
obstacle	4
générateur	4
peintre	4
pourboire	4
échangé	4
comptoir	4
raclée	4
altitude	4
pelle	4
rebelle	4
morphine	4
grenouille	4
violon	4
sacrifices	4
laisse-nous	4
montage	4
andrea	4
offenser	4
disputés	4
gabrielle	4
rhume	4
doit-on	4
shakespeare	4
pablo	4
arrive-t-il	4
sociétés	4
particulière	4
embrasse-moi	4
tâches	4
claude	4
attaqués	4
gâchis	4
charbon	4
établissement	4
psychologique	4
regarde-le	4
surprend	4
night	4
devront	4
queen	4
armure	4
déménage	4
gwen	4
mat	4
pourrie	4
divin	4
ver	4
poupées	4
raccompagne	4
graines	4
excusez-nous	4
puzzle	4
travailleurs	4
roberts	4
berger	4
alexander	4
supplémentaires	4
montrerai	4
donovan	4
assumer	4
beau-frère	4
ohio	4
perdent	4
neuve	4
amants	4
karma	4
stevens	4
jeanne	4
meuf	4
ego	4
abus	4
agresseur	4
donneur	4
épreuves	4
cousins	4
grandit	4
hills	4
dirigé	4
signaux	4
clefs	4
wes	4
oz	4
croisière	4
humide	4
rio	4
régulièrement	4
square	4
alentours	4
vaste	4
voisinage	4
tiendrai	4
delta	4
dawn	4
guérison	4
écrivez	4
paille	4
célébrité	4
indiquent	4
gêné	4
calculs	4
humble	4
cachets	4
distorsion	4
accordé	4
réclame	4
radiations	4
canne	4
costaud	4
ring	4
mourrai	4
proximité	4
scan	4
exposer	4
actuel	4
foirer	4
moine	4
utiles	4
détenus	4
familial	4
tirent	4
assisté	4
peyton	4
calendrier	4
publiques	4
litres	4
garer	4
maux	4
traduit	4
damien	4
marilyn	4
dis-nous	4
chimie	4
fourni	4
sons	4
osez-vous	4
redevenir	4
détente	4
sites	4
phénomène	4
pneu	4
limousine	4
méritez	4
serait-il	4
duel	4
nolan	4
at	4
appartiennent	4
braves	4
lake	4
intégrer	4
fermier	4
tronche	4
réaliste	4
dorment	4
vapeur	4
dormait	4
fichue	4
lions	4
missions	4
persuadé	4
néanmoins	4
sixième	4
viens-tu	4
carré	4
iris	4
alec	4
roméo	4
pigeon	4
planning	4
round	4
agenda	4
communiste	4
recours	4
renseigner	4
hamilton	4
mouches	4
oses	4
culot	4
cycle	4
situations	4
mit	4
ressortir	4
trains	4
ex-mari	4
temps-ci	4
cachez	4
champignons	4
amusé	4
renoncé	4
calvin	4
marins	4
enregistrements	4
habituel	4
musicale	4
claires	4
ohh	4
finissons-en	4
retrouvés	4
épouses	4
collecte	4
inspection	4
devions	4
jonas	4
taches	4
laurie	4
envisager	4
affamé	4
vendue	4
pointé	4
ouvertes	4
rejetée	4
arriveras	4
perruque	4
pompier	4
bonus	4
directe	4
flingues	4
obtiens	4
gray	4
accrochez-vous	4
bloque	4
ete	4
débarquer	4
prochains	4
parts	4
modèles	4
calcul	4
achat	4
sombres	4
refusez	4
volontaires	4
débarrasse	4
gardent	4
life	4
gil	4
manifestement	4
démission	4
refus	4
entrent	4
rodney	4
caisses	4
mousse	4
supprimer	4
chauffer	4
requins	4
stage	4
photographie	4
remords	4
adopté	4
suggestion	4
atroce	4
maris	4
revivre	4
interroge	4
foutaises	4
exécuté	4
hart	4
girls	4
étouffer	4
chaises	4
comporter	4
break	4
réveillez-vous	4
colocataire	4
pénétrer	4
petit-ami	4
pige	4
trauma	4
va-t-en	4
tonton	4
cherchant	4
trouvées	4
gelée	4
ironie	4
sanguin	4
way	4
grimpe	4
plume	4
perdons	4
rogers	4
atout	4
féliciter	4
chad	4
ramenez	4
entende	4
erin	4
ella	4
k	4
ouvres	4
habituellement	4
permanence	4
starfleet	4
coulé	4
comique	4
procéder	4
edgar	4
dorothy	4
décrocher	4
répare	4
ecoutes	4
protégée	4
réflexion	4
parié	4
chili	4
imposer	4
logiciel	4
adoption	4
lavé	4
pressée	4
formé	4
mèche	4
mile	4
peut-elle	4
veut-il	4
relâcher	4
guise	4
convaincue	4
déterminé	4
musicien	4
del	4
confort	4
adapter	4
refuses	4
saucisse	4
bouquin	4
attachée	4
souriez	4
etais	4
tristes	4
portables	4
échouer	4
evans	4
finances	4
substance	4
maîtriser	4
voudrais-tu	4
phoenix	4
actif	4
féminin	4
préférés	4
créateur	4
am	4
want	4
ivrogne	4
there	4
lapins	4
désespérée	4
sièges	4
gagnez	4
prononcer	4
nés	4
insulter	4
est-on	4
plaint	4
blâme	4
chevaliers	4
ponts	4
chewing-gum	4
lenny	4
boris	4
river	4
frontières	4
céder	4
rigoler	4
chiottes	4
interdis	4
minuscule	4
extraterrestres	4
stewart	4
em	4
diversion	4
mentent	4
volent	4
trouverais	4
tourne-toi	4
tuant	4
ignores	4
affecte	4
béni	4
pique-nique	4
concentre	4
mentionner	4
entendent	4
appartiens	4
ravis	4
gars-là	4
injection	4
otto	4
hugo	4
whoo	4
détecteurs	4
enregistre	4
collines	4
soigné	4
internationale	4
romains	4
compliments	4
causes	4
décides	4
réserves	4
permettra	4
souffrances	4
fantasme	4
baleine	4
soutient	4
kidnapping	4
juridique	4
tue-le	4
cogné	4
gérant	4
ressentez	4
fraternité	4
spatial	4
positive	4
conséquence	4
suspecte	4
let	4
ruse	4
embarquer	4
imaginaire	4
instruments	4
torse	4
puissions	4
rendez-moi	4
rusty	4
cartel	4
bouges	4
âgée	4
risquez	4
voyagé	4
baltimore	4
cody	4
hans	4
autel	4
bénéfices	4
chanteuse	4
paient	4
extraterrestre	4
engagée	4
indépendance	4
eglise	4
cloches	4
instants	4
ow	4
alias	4
jurés	4
vivra	4
lena	4
apprenne	4
cinglée	4
véhicules	4
féminine	4
salles	4
cyrus	4
parfaits	4
profitez	4
jared	4
sync	4
perles	4
profité	4
rime	4
soûl	4
sida	4
raconte-moi	4
futé	4
littérature	4
sasha	4
crises	4
positions	4
ski	4
ellis	4
piqûre	4
baissé	4
attaquée	4
reconnaît	4
acheteur	4
apparaître	4
express	4
prennes	4
élégant	4
seau	4
volume	4
ajouté	4
pète	4
enthousiasme	4
rendrai	4
écho	4
bouleversé	4
orteils	4
tournent	4
robbie	4
light	4
devrons	4
fidèles	4
attaquent	4
immigration	4
they	4
tanner	4
accusée	4
souhaité	4
saigner	4
gagnent	4
fixé	4
obliger	4
aérienne	4
étiquette	4
coton	4
navires	4
alternative	4
embrassée	4
révèle	4
mandy	4
fletcher	4
virginia	4
angelo	4
perfection	4
bandits	4
crayon	4
écrase	4
yes	4
bonbon	4
bac	4
regina	4
paysans	4
abraham	4
cookie	4
mettant	4
réchauffer	4
briques	4
dîne	4
rentrerai	4
soi-même	4
battait	4
venues	4
nuire	4
raj	4
adresses	4
conclusions	4
comporte	4
hélène	4
beckett	4
clôture	4
mystérieuse	4
enfuis	4
ari	4
intégrité	4
parages	4
maddie	4
cliff	4
due	4
tonne	4
attendez-vous	4
marvin	4
shelby	4
reparlera	4
penses-y	4
loser	4
vendent	4
investi	4
danses	4
chrétien	4
plumes	4
évité	4
soulever	4
macgyver	4
reverrai	4
sapin	4
enquêtes	4
chanceuse	4
terrifiant	4
épidémie	4
encourager	4
ch00ffff	4
comprenne	4
cachent	4
augmenté	4
défoncer	4
grenade	4
wally	4
mignons	4
fourgon	4
enseigné	4
cardinal	4
gestion	4
oubliée	4
entretenir	4
keller	4
arrêtez-le	4
raccroché	4
ballet	4
défends	4
utilisation	4
menton	4
glacé	4
prudence	4
hôtels	4
éditeur	4
voeu	4
prévenue	4
pleines	4
bla	4
profs	4
sacrifié	4
noyé	4
dessiné	4
réacteur	4
apparition	4
devenait	4
mére	4
assemblée	4
rangs	4
luis	4
connecté	4
pedro	4
débris	4
chang	4
summer	4
hyper	4
gratuite	4
kane	4
hangar	4
rendrait	4
régiment	4
buzz	4
entrainement	4
flux	4
noces	4
bloquer	4
je-je	4
arrogant	4
brûlée	4
mériter	4
repasser	4
racines	4
sûreté	4
averti	4
naze	4
june	4
bœuf	4
plaise	4
composé	4
font-ils	4
nadia	4
stevie	4
kara	4
appartements	4
sonde	4
noel	4
mimi	4
pdg	4
burns	4
bouts	4
plombs	4
défauts	4
saucisses	4
interdite	4
convention	4
condamnation	4
couvertures	4
célèbres	4
saints	4
testé	4
soulager	4
hétéro	4
impatiente	4
célibataires	4
embauché	4
regardez-vous	4
mere	4
distrait	4
refais	4
déconnes	4
déchirer	4
bush	4
vase	4
torche	4
appelez-vous	4
fuit	4
mouillée	4
largué	4
supplémentaire	4
conduisait	4
poules	4
coins	4
superbes	4
roulant	4
qualifié	4
mécanique	4
outil	4
accompagné	4
reins	4
pantalons	4
bouleversée	4
tuerais	4
vivian	4
théories	4
lemon	4
semblé	4
donnés	4
coupure	4
dog	4
goûts	4
craqué	4
accouchement	4
contenir	4
trip	4
hourra	4
ouragan	4
liée	4
spike	4
mou	4
pic	4
haleine	4
allongé	4
matchs	4
espionner	4
catégorie	4
abigail	4
arrivées	4
dodo	4
kay	4
barreaux	4
poses	4
ruban	4
bâtiments	4
buffet	4
gavin	4
romain	4
embuscade	4
mo	4
musiciens	4
garantir	4
três	4
dégagé	4
kang	4
rudy	4
bougie	4
valentin	4
soutiens	4
débarrassé	4
magiques	4
grise	4
felix	4
entendus	4
déprimé	4
masques	4
vaccin	4
drôlement	4
terrorisme	4
particules	4
migraine	4
ressemblez	4
val	4
coude	4
siens	4
impliqués	4
sauvez	4
sur-le-champ	4
faisons-le	4
vilaine	4
abandonnez	4
franck	4
artifice	4
définition	4
rico	4
domestiques	4
sherlock	4
isolement	4
espionne	4
liv	4
dynamite	4
dj	4
reprises	4
étouffe	4
allemande	4
reprocher	4
boeuf	4
country	4
pizzas	4
idéale	4
pardonnez	4
durera	4
sylvia	4
pâtes	4
aspirine	4
accidentellement	4
recommande	4
soigne	4
nourrit	4
chargement	4
emballe	4
était-elle	4
sanctuaire	4
revenait	4
merveilles	4
conspiration	4
économiser	4
raccompagner	4
convenu	4
richesse	4
égard	4
chassé	4
aident	4
bilan	4
adieux	4
sortiras	4
architecte	4
regardez-le	4
trahis	4
honteux	4
mater	4
price	4
patrons	4
femelle	4
dante	4
mini	4
démolir	4
sportif	4
dizaines	4
sexuellement	4
suivait	4
pope	4
fouet	4
introduit	4
artère	4
constitution	4
gold	4
accélère	4
réglo	4
apocalypse	4
juive	4
mercedes	4
chapelle	4
jan	4
versé	4
provient	4
arrêtons	4
merlin	4
obtenez	4
boulots	4
arbitre	4
lécher	4
séparé	4
ciné	4
affecté	4
cacahuètes	4
hésitez	4
exemplaire	4
relâche	4
programmes	4
certitude	4
bec	4
crevettes	4
jin	4
perdues	4
poursuites	4
hamburger	4
herbes	4
transmis	4
apprennent	4
décor	4
parano	4
maternelle	4
gai	4
négociations	4
antidote	4
cachait	4
revoit	4
clarke	4
noter	4
cracher	4
horizon	4
emplois	4
mouchoir	4
bernie	4
agressif	4
modifier	4
denver	4
prenez-le	4
stacy	4
grandeur	4
judith	4
détestait	4
parvenir	4
leon	4
nerf	4
q	4
accoucher	4
data	4
mètre	4
éclat	4
hugh	4
falaise	4
affreuse	4
logement	4
adresser	4
croiser	4
entrées	4
laurel	4
explications	4
comprendrais	4
ivy	4
cerveaux	4
torturé	4
doris	4
bridget	4
nicholas	4
retrait	4
back	4
cassettes	4
épuisée	4
ruines	4
cv	4
chi	4
clou	4
détesté	4
violeur	4
brutal	4
illusions	4
remplaçant	4
tremble	4
existé	4
nomme	4
dansé	4
privés	4
initiative	4
argument	4
scully	4
croise	4
sirop	4
cicatrices	4
end	4
sublime	4
résiste	4
renonce	4
économique	4
conséquent	4
repart	4
rochers	4
ruelle	4
prions	4
parade	4
nain	4
ballons	4
élevés	4
marijuana	4
evelyn	4
largement	4
manquez	4
rampe	4
bienvenus	4
retrouverai	4
inquiets	4
patte	4
nommée	4
écarter	4
accélérer	4
tunnels	4
sachent	4
nuque	4
doubler	4
diplômé	4
récent	4
gala	4
here	4
aidés	4
jefferson	4
quotidien	4
préfèrerais	4
aérien	4
fortement	4
nouilles	4
gravement	4
trad	4
lancez	4
hypocrite	4
glacée	4
enterrée	4
devrions-nous	4
rassemblement	4
valet	4
paysage	4
mexico	4
savions	4
reprenez	4
cruz	4
réels	4
goûte	4
gâchette	4
exercices	4
cure	4
gémissements	4
lucky	4
ramassé	4
répétez	4
fosse	4
décédée	4
reviendras	4
lin	4
rancune	4
disparaissent	4
quittée	4
sang-froid	4
écoutais	4
dance	4
autographe	4
dépense	4
hurle	4
paisible	4
apollo	4
dexter	4
phillip	4
supplier	4
milo	4
donnez-nous	4
cuisinier	4
ramènes	4
weekend	4
attrapez-le	4
représentation	4
wall	4
séduisant	4
renseignement	4
gouttes	4
haïr	4
oubliais	4
coloc	4
marchez	4
banlieue	4
évader	4
corriger	4
regards	4
cuillère	4
souffler	4
éclaté	4
beurk	4
nombres	4
carlton	4
imposteur	4
sofia	4
insigne	4
commencement	4
visiteur	4
caserne	4
callie	4
lynn	4
reportage	4
effraie	4
délicieuse	4
cartons	4
petite-fille	4
marianne	4
abrutis	4
obéis	4
sophia	4
discrètement	4
sympas	4
province	4
aidez-nous	4
mythe	4
envoies	4
légale	4
puisqu	4
ward	4
laissez-les	4
uniformes	4
sonnette	4
enfoncer	4
muet	4
erik	4
intéressait	4
camping	4
posséder	4
simone	4
américaines	4
yacht	4
prophète	4
observé	4
contexte	4
obligation	4
encaisser	4
perspective	4
optimiste	4
moon	4
mate	4
tomates	4
cogner	4
cynthia	4
entendait	4
sadie	4
milan	4
consiste	4
convoi	4
pelouse	4
flûte	4
nicolas	4
reviendrais	4
gardait	4
dentaire	4
modifié	4
tequila	4
liées	4
épouvantable	4
dragons	4
confie	4
devons-nous	4
willy	4
téléphoniques	4
contenter	4
rassemble	4
tracasse	4
mourrez	4
pourrir	4
combattant	4
fiction	4
attendiez	4
jedi	4
spirituel	4
organisme	4
lizzie	4
indienne	4
mouton	4
supplié	4
suzanne	4
plaisanter	4
prés	4
sente	4
percy	4
excès	4
idole	4
high	4
emménagé	4
orphelinat	4
perturbé	4
pois	4
voudront	4
compagnies	4
infecté	4
partiez	4
mettrais	4
susie	4
croissance	4
relâché	4
évanoui	4
quelquefois	4
doyen	4
pearl	4
échoue	4
slip	4
expliquerait	4
laisse-les	4
griffes	4
mesurer	4
pâques	4
contacte	4
gestes	4
servez-vous	4
laid	4
paies	4
avancée	4
continent	4
nucléaires	4
amuses	4
mènera	4
hait	4
amateurs	4
pâte	4
horaires	4
énigme	4
est-ce-que	4
localisé	4
grognements	4
poèmes	4
josé	4
bouquet	4
bijou	4
tournez-vous	4
majeur	4
soutenu	4
cellulaire	4
yale	4
men	4
bassin	4
bonnet	4
psychologie	4
touchant	4
courent	4
demanderais	4
secouer	4
peurs	4
compréhension	4
plaintes	4
nsa	4
di	4
mènent	4
tatouages	4
aiguilles	4
paniquer	4
sages	4
clairs	4
milliard	4
donnais	4
joyce	4
répété	4
aimaient	4
pleuvoir	4
semestre	4
becca	4
arrivons	4
jaunes	4
discrétion	4
cognac	4
étonné	4
racine	4
jurer	4
débiles	4
violente	4
gabe	4
restaurants	4
piloter	4
médium	4
intimes	4
post	4
soulagé	4
bunker	4
capsule	4
éponge	4
luther	4
classes	4
rétablir	4
comprendras	4
blues	4
nommer	4
efface	4
lavage	4
vicki	4
hi	4
préparent	4
mâchoire	4
percer	4
poster	4
robinson	4
malik	4
curé	4
adrénaline	4
ironique	4
avatar	4
tournant	4
plonge	4
prostituées	4
essayent	4
viser	4
isabel	4
sécher	4
vortex	4
conseillé	4
parlaient	4
thon	4
cruelle	4
menacée	4
choqué	4
tirée	4
fais-toi	4
continuera	4
goûté	4
maléfique	4
side	4
ouf	4
toutefois	4
égale	4
localisation	4
garrett	4
suffisait	4
reproduire	4
sports	4
rhum	4
marshal	4
débarqué	4
wesley	4
buvait	4
apparences	4
sers-toi	4
loup-garou	4
après-demain	4
servait	4
cheryl	4
chrétiens	4
potter	4
merdier	4
brady	4
gilbert	4
refusent	4
mord	4
nouvelle-orléans	4
réduction	4
distribution	4
provisions	4
weaver	4
proprio	4
plongée	4
meurtrière	4
vendez	4
ignorait	4
pr	4
sdf	4
porcs	4
doive	4
deuxièmement	4
anomalie	4
alexis	4
fitz	4
carbone	4
dit-il	4
fi	4
clinton	4
indic	4
chelsea	4
shepherd	4
distances	4
einstein	4
boys	4
barb	4
visible	4
prévue	4
ava	4
fidélité	4
perde	4
sérieuses	4
salir	4
zoé	4
gail	4
réconfort	4
réagit	4
croyant	4
politiciens	4
satisfaction	4
foutent	4
signale	4
autorisée	4
connais-tu	4
hôtesse	4
remettra	4
triomphe	4
chargez	4
acquis	4
soupire	4
butin	4
concurrence	4
trait	4
atlanta	4
informateur	4
signification	4
fait-elle	4
horaire	4
dépit	4
vanter	4
from	4
assurances	4
chiot	4
spa	4
coque	4
burton	4
déguisé	4
garé	4
aimant	4
producteurs	4
indiquer	4
diffusé	4
étrangères	4
news	4
pentagone	4
protecteur	4
ninja	4
forteresse	4
brisée	4
précision	4
prononce	4
conquérir	4
parlerons	4
mourras	4
tabasser	4
bénéfice	4
conception	4
more	4
livreur	4
entendais	4
recommandé	4
plaisait	4
défunt	4
larguer	4
potion	4
parcouru	4
baxter	4
rassurer	4
cuisses	4
gelé	4
couverts	4
affirme	4
toxique	4
hilarant	4
barres	4
montes	4
librement	4
invente	4
vieillard	4
allées	4
coupes	4
brun	4
suivis	4
entrant	4
emballer	4
approuve	4
grouille	4
addison	4
american	4
demandez-lui	4
sanchez	4
occupent	4
mails	4
débarque	4
nasa	4
souvienne	4
infini	4
ramenée	4
bouchée	4
condamner	4
commode	4
tammy	4
vérification	4
e-mails	4
crystal	4
make	5
chauffage	5
adores	5
merdeux	5
couvent	5
réservation	5
survivant	5
documentaire	5
diffusion	5
cross	5
greffe	5
whitney	5
disparais	5
conserver	5
réfugiés	5
exagéré	5
nœud	5
hormones	5
hm	5
fiancés	5
porteur	5
prends-en	5
lâche-le	5
craignais	5
relié	5
droguée	5
humilier	5
carlo	5
applique	5
infiltré	5
ouaip	5
condamnés	5
patricia	5
ià	5
won	5
reconnue	5
puces	5
bourrée	5
individus	5
péril	5
semer	5
impatience	5
remonté	5
laisseront	5
bisous	5
alexandre	5
espionnage	5
géante	5
suggérer	5
calmement	5
acceptes	5
biscuit	5
heurté	5
chapeaux	5
appuyez	5
prendrez	5
phrases	5
britanniques	5
jai	5
aviez-vous	5
canyon	5
lori	5
loterie	5
miettes	5
pièges	5
gates	5
violents	5
toux	5
portland	5
par-là	5
finch	5
jasper	5
aimera	5
take	5
majeure	5
recul	5
dirigeants	5
immédiat	5
archie	5
olive	5
vents	5
stu	5
trêve	5
hérité	5
visa	5
tate	5
têtu	5
griller	5
lignée	5
défaire	5
épave	5
italiens	5
indispensable	5
meurtriers	5
fréquente	5
mômes	5
brûlures	5
municipal	5
améliore	5
rich	5
petits-enfants	5
cote	5
étapes	5
application	5
générosité	5
reçus	5
soumettre	5
déception	5
führer	5
séminaire	5
libérée	5
baisers	5
défier	5
briggs	5
principalement	5
amelia	5
redevable	5
sherman	5
nourri	5
enverra	5
ordi	5
sal	5
meute	5
regardée	5
yens	5
colorado	5
aillent	5
dite	5
partais	5
patienter	5
coq	5
œuvres	5
secondaires	5
minou	5
dates	5
debra	5
emmerder	5
salopes	5
pouces	5
créée	5
anéantir	5
rentrait	5
fourrure	5
demandera	5
fût	5
dong	5
mule	5
fourmis	5
how	5
terrasse	5
chorale	5
occasions	5
cavalerie	5
menthe	5
préfet	5
climat	5
installation	5
verser	5
holt	5
stressé	5
solutions	5
secte	5
détectives	5
bradley	5
foncé	5
corrompu	5
frappes	5
insecte	5
capture	5
extrait	5
lacey	5
prêtres	5
bates	5
sentence	5
généreuse	5
religieuse	5
dealers	5
matos	5
supposer	5
attrapez	5
compagnons	5
employée	5
faisons-nous	5
new-york	5
appelles-tu	5
reproche	5
connasse	5
scoop	5
boucler	5
bella	5
sinistre	5
pauvreté	5
harriet	5
plaider	5
shannon	5
épais	5
bourbon	5
obligations	5
mortels	5
gangster	5
tait	5
paquets	5
cuisinière	5
habites	5
poings	5
bien-être	5
appliquer	5
ignorent	5
commencera	5
brèche	5
chaton	5
embarque	5
say	5
préférable	5
bandit	5
wong	5
marks	5
musulmans	5
là-dessous	5
clowns	5
harmonie	5
désintox	5
laisserait	5
franchi	5
insister	5
héro	5
tuez-le	5
hostile	5
trempé	5
woody	5
tete	5
réalisez	5
décroché	5
craignez	5
intermédiaire	5
prophétie	5
activé	5
utilité	5
tremblement	5
habitait	5
utilisés	5
cite	5
placée	5
ally	5
hallucinations	5
saul	5
culs	5
pancakes	5
filez	5
immatriculation	5
entres	5
excitation	5
allumettes	5
décollage	5
valley	5
embauche	5
asie	5
sourcils	5
close	5
dot	5
montréal	5
amical	5
quarante	5
prendront	5
vicky	5
avances	5
froc	5
berceau	5
mesdemoiselles	5
presser	5
moquez	5
powell	5
gregory	5
glen	5
chalet	5
heart	5
quoiqu'	5
provenant	5
danielle	5
apprenez	5
bert	5
martini	5
occupez	5
remettez	5
envoler	5
confesser	5
francine	5
vaughn	5
endommagé	5
harceler	5
physiques	5
napoléon	5
cohen	5
z	5
parlions	5
motivation	5
révélation	5
tentant	5
roland	5
indépendant	5
prétends	5
ernie	5
communistes	5
serveurs	5
piraté	5
danseur	5
servante	5
jadis	5
centimètres	5
reposez-vous	5
rôti	5
anormal	5
sentiras	5
gages	5
insultes	5
émissions	5
couverte	5
écartez-vous	5
désespérément	5
malins	5
discussions	5
wang	5
introduire	5
tue-moi	5
étendre	5
glaçons	5
mettrait	5
crawford	5
volontairement	5
emballé	5
électriques	5
gotham	5
pleurait	5
inscription	5
faisiez-vous	5
pitoyable	5
évènement	5
muscle	5
rendus	5
répugnant	5
beignets	5
secrètes	5
programmé	5
montgomery	5
party	5
enfreint	5
connaissaient	5
illégale	5
flou	5
24h	5
irlande	5
crédible	5
bd	5
esclavage	5
preniez	5
cire	5
yep	5
coupures	5
zero	5
gamme	5
crue	5
salutations	5
détient	5
anonymes	5
écharpe	5
lier	5
centime	5
brune	5
finiras	5
jours-ci	5
noeud	5
librairie	5
humiliation	5
enfermés	5
rigolo	5
banks	5
aveugles	5
venise	5
foin	5
respectable	5
bouddha	5
soviétique	5
écoutent	5
mépris	5
peterson	5
récente	5
absolue	5
bulletin	5
gideon	5
avale	5
croyons	5
lionel	5
identiques	5
roche	5
culte	5
emmène-moi	5
endurer	5
souhaits	5
intrusion	5
goa'	5
ahh	5
rejeter	5
prisonnière	5
arrangera	5
mentor	5
terrifié	5
nobles	5
évier	5
county	5
helena	5
sensibles	5
daniels	5
similaire	5
vivres	5
mills	5
communiqué	5
dures	5
ouvrier	5
tenant	5
occupait	5
onde	5
exclu	5
moulin	5
gagnera	5
herr	5
tiens-moi	5
prendras	5
sonia	5
semblables	5
fugitif	5
chantait	5
douzaines	5
millie	5
dérangerait	5
indiqué	5
décolle	5
plier	5
raisin	5
semblable	5
massacrer	5
reconstruire	5
stp	5
passeports	5
habituelle	5
surveillé	5
gèle	5
vicieux	5
citer	5
trish	5
lard	5
sidney	5
ordinaires	5
suffire	5
inquiétais	5
brien	5
opposition	5
banquier	5
brendan	5
consoler	5
amènes	5
évaluer	5
achèterai	5
brooks	5
springfield	5
approché	5
frappez	5
sherry	5
sniper	5
vega	5
impulsion	5
procurer	5
fanny	5
marée	5
joshua	5
cliché	5
tranche	5
valoir	5
opinions	5
tout-puissant	5
barbie	5
mack	5
moelle	5
filme	5
évènements	5
nourris	5
traque	5
rush	5
allié	5
câbles	5
never	5
oeuvres	5
dinozzo	5
shh	5
samouraï	5
arrêterai	5
asiatique	5
chantent	5
volées	5
rasé	5
craque	5
tendue	5
horreurs	5
maudits	5
comble	5
abusé	5
aborder	5
inacceptable	5
courtoisie	5
arabes	5
écureuil	5
réparation	5
rentrent	5
supposons	5
queens	5
scie	5
repère	5
embaucher	5
sympathie	5
sacrés	5
sutton	5
atomique	5
fumes	5
bataillon	5
achètes	5
lesbiennes	5
oups	5
briquet	5
timmy	5
kenneth	5
piégée	5
repars	5
japonaise	5
old	5
ramènera	5
explosif	5
esther	5
blog	5
ouh	5
complices	5
maligne	5
traîtres	5
mi-temps	5
changerait	5
quentin	5
p'	5
gibson	5
centre-ville	5
achever	5
parapluie	5
verrait	5
disposer	5
sérum	5
reviendront	5
priez	5
triche	5
financière	5
franchise	5
suce	5
contrariée	5
devenez	5
nazi	5
soupçonne	5
portera	5
teint	5
rattrape	5
remarques	5
écrits	5
hanches	5
béguin	5
vivaient	5
bulle	5
tiennes	5
extraire	5
a2	5
jouir	5
burger	5
chantez	5
cordon	5
aurais-tu	5
brûlant	5
poumon	5
tailleur	5
abandonnes	5
égouts	5
intrigue	5
impoli	5
télécommande	5
épargne	5
nie	5
tubes	5
faisions	5
approuvé	5
confiture	5
présentes	5
pom-pom	5
géré	5
équitable	5
spatiale	5
ficelles	5
tracer	5
saumon	5
jade	5
séances	5
exercer	5
hyde	5
inventaire	5
distribuer	5
dîné	5
inattendu	5
briller	5
affirmatif	5
janice	5
verrouillé	5
convenable	5
empêchera	5
orgueil	5
mangeons	5
cigares	5
jeep	5
immeubles	5
artillerie	5
attraction	5
gymnase	5
mondial	5
trainer	5
permanente	5
franche	5
amendement	5
disparues	5
garderai	5
maladroit	5
salive	5
kat	5
simmons	5
allumée	5
cuivre	5
peigne	5
hughes	5
espérait	5
plombier	5
cherchiez	5
piles	5
passionnant	5
baigner	5
villageois	5
ralenti	5
investisseurs	5
comprenais	5
celles-ci	5
solides	5
ouvrent	5
bulles	5
eleanor	5
soutien-gorge	5
gonzesse	5
song	5
marquis	5
drone	5
détourner	5
ugh	5
duchesse	5
choi	5
sirènes	5
cargo	5
bancaire	5
clin	5
fuyez	5
interrompu	5
triché	5
batailles	5
barré	5
limité	5
torres	5
vestiaire	5
précaution	5
graine	5
disponibles	5
emmènerai	5
participe	5
sdi	5
ail	5
jr	5
associée	5
prononcé	5
session	5
contribution	5
chauffe	5
baissez-vous	5
itinéraire	5
plongé	5
maniaque	5
marcherait	5
gardons	5
monty	5
dirigent	5
basée	5
soumis	5
q2	5
millier	5
objectifs	5
étrangler	5
voudraient	5
studios	5
souviendrai	5
distraction	5
exploiter	5
chauds	5
espéré	5
spécifique	5
libérez	5
disputes	5
pratiquer	5
fâche	5
dom	5
répandre	5
fondu	5
lires	5
devise	5
manifeste	5
design	5
approchent	5
soulève	5
pâté	5
humilié	5
javier	5
fais-lui	5
informe	5
pagaille	5
virage	5
admirer	5
yankees	5
moutarde	5
métaphore	5
bridge	5
bâtir	5
jardinier	5
méfier	5
donnie	5
pavillon	5
she	5
woo	5
dévoué	5
cafétéria	5
globe	5
éloignez-vous	5
pubs	5
débuts	5
lente	5
arche	5
émotionnel	5
deja	5
passionné	5
remplit	5
tricher	5
éclairer	5
é	5
déclarations	5
raccourci	5
chemises	5
module	5
fourchette	5
aidait	5
contrôles	5
restiez	5
mexicains	5
jenkins	5
clous	5
tango	5
contes	5
douces	5
consciente	5
transition	5
ignorance	5
poisse	5
avéré	5
mangeait	5
branches	5
cogne	5
irresponsable	5
madrid	5
ambitieux	5
morsure	5
ding	5
sainteté	5
pigeons	5
creusé	5
italienne	5
sermon	5
diplômes	5
alaska	5
trent	5
grèce	5
arriverez	5
intéressantes	5
yu	5
fatigués	5
révolutionnaire	5
loue	5
avertis	5
prends-moi	5
parle-lui	5
hospitalité	5
coût	5
melinda	5
faveurs	5
références	5
faucon	5
detroit	5
fibres	5
normales	5
poignarder	5
appuyé	5
barrer	5
traditions	5
rangé	5
emmerdes	5
utérus	5
rails	5
prévenez	5
vexer	5
maitre	5
propriétés	5
chaudes	5
croyable	5
laissais	5
voleuse	5
cerf	5
marion	5
contrebande	5
astronaute	5
poussent	5
parasite	5
impose	5
dôme	5
sentirais	5
paresseux	5
enculés	5
unir	5
garée	5
prétendu	5
mettais	5
pratt	5
frérot	5
classée	5
pareilles	5
vendait	5
probleme	5
identique	5
tarés	5
ignoré	5
baskets	5
prends-la	5
flèches	5
statistiques	5
musical	5
porte-bonheur	5
consultation	5
invincible	5
bouc	5
greene	5
freins	5
limonade	5
baisse-toi	5
aire	5
feriez-vous	5
citation	5
darren	5
suture	5
perdra	5
gênée	5
mélanger	5
résumé	5
thèse	5
farine	5
frankenstein	5
enfonce	5
absente	5
wolf	5
perle	5
enseignement	5
magnétique	5
tenez-moi	5
chantes	5
naïf	5
bavarder	5
sorcellerie	5
envoi	5
absolu	5
dansez	5
assiettes	5
hawaï	5
intéressés	5
notion	5
mannequins	5
labyrinthe	5
scout	5
fouillez	5
boivent	5
battez	5
irm	5
contourner	5
lecteur	5
bâti	5
coûtera	5
kai	5
amène-toi	5
retirez	5
entrevue	5
mourront	5
reviendrait	5
appui	5
boxeur	5
reflet	5
consentement	5
promise	5
falls	5
vingtaine	5
rabbin	5
bio	5
dément	5
découper	5
permanent	5
terrestre	5
criant	5
lucifer	5
phare	5
habituée	5
candidature	5
onu	5
bloquée	5
principaux	5
voulant	5
financiers	5
moe	5
généraux	5
etje	5
ra	5
mollo	5
léon	5
homard	5
terminale	5
supposés	5
évanouie	5
hopital	5
toubib	5
baguette	5
initiales	5
lilly	5
trésors	5
poney	5
concerts	5
bien-aimée	5
file-moi	5
malchance	5
négro	5
jeannie	5
confiant	5
ampoule	5
drague	5
éteignez	5
neill	5
parachute	5
cafés	5
psychologue	5
rafraîchir	5
prétentieux	5
wu	5
stups	5
armstrong	5
gardée	5
obligatoire	5
persuader	5
grade	5
réactions	5
effondre	5
punie	5
buté	5
enregistrée	5
gorille	5
bourreau	5
atteinte	5
sas	5
neutre	5
septième	5
sifflet	5
abandon	5
défend	5
déguisement	5
hammond	5
uh-huh	5
north	5
edwards	5
walsh	5
cinglés	5
dormant	5
cadet	5
roosevelt	5
coffre-fort	5
experte	5
doublé	5
approbation	5
preston	5
google	5
mystères	5
contrôlé	5
cocktails	5
michigan	5
sloan	5
félicite	5
présidence	5
prévenus	5
nègres	5
people	5
holden	5
détonateur	5
veau	5
châtiment	5
arriveront	5
bad	5
détruits	5
voyageur	5
resteras	5
promu	5
publics	5
adolescent	5
étendue	5
évanouir	5
apprête	5
punis	5
coutume	5
obstacles	5
pressés	5
impressionnée	5
capote	5
porterai	5
polonais	5
cruauté	5
arguments	5
conduits	5
banal	5
appellerais	5
creux	5
peuvent-ils	5
morveux	5
envoye	5
sieur	5
pamela	5
mélodie	5
négociation	5
egypte	5
consultant	5
surf	5
wagon	5
imprévisible	5
embarqué	5
montana	5
assieds	5
ketchup	5
comprennes	5
iv	5
vétérinaire	5
ramon	5
trouvez-vous	5
probation	5
cheveu	5
fréquenter	5
coudes	5
plaisirs	5
légendaire	5
ceux-ci	5
franco	5
gènes	5
correcte	5
tartes	5
déprimant	5
revenant	5
marta	5
traitez	5
gardner	5
fermées	5
4x4	5
dewey	5
warner	5
correspondant	5
immobile	5
arrêtais	5
critiquer	5
live	5
interdiction	5
rentrais	5
coéquipier	5
elderman	5
combattants	5
douté	5
vermine	5
ôter	5
orphelins	5
ennemie	5
pissé	5
romans	5
médocs	5
privées	5
abandonnés	5
tuées	5
mécanisme	5
reprenons	5
martiale	5
fondé	5
retournerai	5
darryl	5
julien	5
dirigeant	5
antibiotiques	5
sandwiches	5
construite	5
batteur	5
rigolez	5
universitaire	5
paru	5
mers	5
marchant	5
palm	5
clayton	5
visité	5
ronald	5
enthousiaste	5
financer	5
jouera	5
sandwichs	5
bâtards	5
devint	5
encourage	5
over	5
blond	5
sécurisée	5
reproduira	5
masculin	5
insensible	5
ty	5
isoler	5
bree	5
laine	5
analysé	5
seigneurs	5
exagères	5
trouverait	5
tanya	5
entrons	5
anita	5
sourde	5
réussis	5
tombera	5
équipier	5
transaction	5
gratuits	5
mindy	5
stellaire	5
suspension	5
détour	5
opère	5
entendra	5
manifestation	5
saurons	5
champions	5
épousée	5
palace	5
diriez	5
spectaculaire	5
céleste	5
infirmier	5
saignement	5
pensez-y	5
bien-aimé	5
accomplie	5
réclamer	5
pieu	5
schéma	5
traduire	5
opposer	5
indigne	5
lorelai	5
tapette	5
accusés	5
fuck	5
amenés	5
inoffensif	5
élan	5
effondrer	5
rousse	5
manches	5
tentation	5
fatal	5
seize	5
visez	5
pédale	5
recommencé	5
gratte	5
hamburgers	5
profits	5
zoey	5
donne-nous	5
devon	5
inculper	5
mouchard	5
nikita	5
prostitution	5
strictement	5
stephanie	5
dark	5
explique-moi	5
prédit	5
humiliant	5
gène	5
jacuzzi	5
impeccable	5
rejette	5
préfèrent	5
habille-toi	5
lila	5
rangers	5
cerise	5
cha	5
orphelin	5
entrepreneur	5
interprète	5
pakistan	5
athlète	5
relier	5
occupation	5
panneaux	5
indépendante	5
industries	5
crabe	5
ridicules	5
short	5
sugar	5
vitamines	5
pennsylvanie	5
henderson	5
précautions	5
renvoyée	5
choses-là	5
lie	5
caoutchouc	5
injustice	5
indiana	5
ezra	5
jérusalem	5
lueur	5
étonnes	5
stagiaire	5
triangle	5
orientation	5
peintures	5
canards	5
raconterai	5
placés	5
remuer	5
stephens	5
épisodes	5
apprécierais	5
provisoire	5
conduisez	5
couchée	5
retarder	5
general	5
maintient	5
pauline	5
dénoncé	5
immortel	5
déroule	5
elsa	5
dangereuses	5
savais-tu	5
accords	5
frotter	5
gerald	5
résolution	5
affiches	5
abe	5
institution	5
fatale	5
détacher	5
baises	5
rive	5
montrera	5
duo	5
mauviette	5
sterling	5
prendrons	5
compréhensible	5
auteurs	5
sierra	5
prétendant	5
hayley	5
pêcheur	5
malaise	5
cavale	5
georgie	5
participation	5
géniaux	5
gratter	5
saisie	5
pologne	5
concentrez-vous	5
moines	5
nécessairement	5
touchés	5
garde-le	5
creek	5
talentueux	5
louie	5
collaboration	5
origines	5
satané	5
lourds	5
cafard	5
géants	5
exagère	5
parlement	5
comprendrez	5
bougent	5
pots	5
envisage	5
croie	5
amusante	5
nash	5
conserve	5
méprise	5
plasma	5
récit	5
déplacement	5
ivresse	5
réserver	5
tribus	5
obscur	5
cultures	5
voudrions	5
elisabeth	5
jarod	5
vitrine	5
tomate	5
donnons	5
cassidy	5
rebours	5
payait	5
bruyant	5
prenez-vous	5
pourris	5
bouffon	5
affamés	5
wheeler	5
hui	5
nocturne	5
5ème	5
protégez	5
trembler	5
relaxe	5
courtney	5
affirmer	5
complications	5
paranoïaque	5
franz	5
nécessité	5
carottes	5
habitez	5
navigation	5
seringue	5
épargné	5
manquera	5
fermiers	5
cho	5
tirés	5
biologie	5
gagnants	5
millionnaire	5
iran	5
patate	5
décidez	5
edie	5
tessa	5
gêner	5
trompés	5
intéressants	5
dortoir	5
marketing	5
roberto	5
enterre	5
protégés	5
émeute	5
pros	5
gueules	5
box	5
acceptera	5
souffrent	5
apprendrai	5
volcan	5
mentait	5
tireurs	5
sélection	5
poussin	5
marissa	5
préoccupé	5
squelette	5
profondes	5
rouleau	5
ducon	5
achats	5
faith	5
détecté	5
menteurs	5
brique	5
recommandation	5
désirez-vous	5
dope	5
inclus	5
délires	5
acceptée	5
vieillir	5
secrètement	5
clarence	5
pourrait-on	5
shelly	5
usines	5
malle	5
peluche	5
aimez-vous	5
employeur	5
pouvant	5
recherchent	5
différences	5
suivra	5
kramer	5
vance	5
martiaux	5
transcript	5
désaccord	5
bronze	5
interprétation	5
montre-lui	5
écrivait	5
crichton	5
évêque	5
écoulé	5
visé	5
bâtons	5
entendez-vous	5
quitterai	5
bananes	5
chimio	5
hanche	5
pourrions-nous	5
trouvez-moi	5
consacrer	5
andouille	5
intact	5
grands-parents	5
centres	5
parceque	5
finirai	5
chocolats	5
contactez	5
procédé	5
divers	5
agité	5
tournait	5
lancée	5
gaspiller	5
exprime	5
abdomen	5
montent	5
traitent	5
souhaites	5
noyau	5
anneaux	5
déshabiller	5
admirable	5
révolte	5
pleinement	5
couvre-feu	5
finissez	5
vendus	5
parcourir	5
examine	5
célébrités	5
couloirs	5
dalton	5
villages	5
annonces	5
électeurs	5
dã	5
hale	5
effondré	5
paralysé	5
caleçon	5
traités	5
représentent	5
kilo	5
resterez	5
taxes	5
klaxon	5
opératoire	5
trousses	5
solde	5
séries	5
touchent	5
punch	5
avortement	5
chip	5
dani	5
sinclair	5
acceptable	5
amsterdam	5
satellites	5
faculté	5
ragots	5
don'	5
pôle	5
expulser	5
sceau	5
battant	5
réseaux	5
voyageurs	5
ignoble	5
offerte	5
délibérément	5
pop-corn	5
croyances	5
flatté	5
game	5
amer	5
insulté	5
worf	5
finance	5
adolescents	5
paré	5
clientèle	5
tracé	5
marrante	5
transports	5
talon	5
voyiez	5
bouchon	5
off	5
influencer	5
locales	5
coréen	5
symboles	5
survivra	5
registres	5
wc	5
attentes	5
affecter	5
fournisseur	5
theo	5
convaincant	5
remercions	5
traitements	5
rajouter	5
lourdes	5
activer	5
néant	5
souvenu	5
ferais-tu	5
complétement	5
spectateurs	5
condamne	5
abeille	5
embarras	5
prisons	5
pratiques	5
mara	5
nevada	5
lézard	5
wright	5
poivre	5
infiltrer	5
lèche	5
voiles	5
hautes	5
tombez	5
cest	5
déjeune	5
criez	5
santiago	5
déclenche	5
négative	5
mourrais	5
classé	5
stéroïdes	5
immédiate	5
agences	5
emparer	5
lopez	5
faites-les	5
bougez-vous	5
concurrents	5
ennuyeuse	5
lointain	5
massive	5
louper	5
risquent	5
repoussé	5
criait	5
forcés	5
répondent	5
kidnapper	5
bryan	5
envahi	5
dominer	5
serve	5
anxiété	5
sex	5
flirter	5
encontre	5
achètent	5
oswald	5
armement	5
regarde-la	5
gonflé	5
enquêteur	5
ling	5
trompait	5
connecter	5
secoué	5
patterson	5
mccoy	5
maureen	5
orgasme	5
seriez-vous	5
russ	5
kung-fu	5
tirera	5
transformation	5
décoration	5
dévoiler	5
teste	5
town	5
vip	5
tornade	5
etant	5
lisais	5
sains	5
congés	5
karaté	5
frost	5
regretteras	5
state	5
légendes	5
chopé	5
camper	5
autobus	5
considération	5
apporte-moi	5
sexualité	5
retardé	5
rébellion	5
blouse	5
serviteurs	5
orteil	5
jettes	5
piégés	5
fossé	5
opéré	5
régulier	5
incapables	5
hystérique	5
comparaison	5
sabrina	5
bi	5
ji	5
évolué	5
circuits	5
sky	5
oppose	5
posté	5
ragoût	5
sentimental	5
paumé	5
téléportation	5
terminal	5
paysan	5
juliet	5
romance	5
lorenzo	5
coulisses	5
coupés	5
culottes	5
dizaine	5
débuté	5
aiden	5
teal'	5
terrifiée	5
katrina	5
faciliter	5
renforcer	5
prévoit	5
omelette	5
priorités	5
fran	5
imiter	5
convoqué	5
stanford	5
déjeuné	5
envahir	5
marathon	5
cahier	5
baleines	5
messire	5
éclats	5
brillants	5
support	5
présentée	5
toutou	5
twitter	5
florrick	5
poignard	5
paires	5
agitation	5
réparations	5
vitres	5
bousillé	5
dangers	5
impuissant	5
escalade	5
sans-abri	5
classiques	5
promène	5
constante	5
arc-en-ciel	5
dites-le-moi	5
mineure	5
dirigeait	5
jonah	5
quittés	5
auxquelles	5
juridiction	5
engagés	5
cary	5
implication	5
virginité	5
golden	5
compagne	5
tenues	5
séché	5
nixon	5
bute	5
cherchaient	5
étagère	5
gun	5
tiffany	5
assume	5
hassan	5
pc	5
ohé	5
sait-on	5
geoffrey	5
luc	5
crêpes	5
poteau	5
agissez	5
projection	5
ç'	5
benson	5
la-bas	5
concerné	5
étincelle	5
annulée	5
fantasmes	5
supporté	5
cherchée	5
bunny	5
6e	5
smoking	5
signifiait	5
blocs	5
réservée	5
embrasses	5
cowboy	5
pick-up	5
médicales	5
scorpion	5
treize	5
grandis	5
mêlée	5
procédures	5
volait	5
tuteur	5
apportera	5
courts	5
compteur	5
verse	5
gorgée	5
gel	5
penserai	5
lise	5
delà	5
brent	5
amusée	5
fritz	5
notez	5
melanie	5
allons-nous-en	5
extinction	5
atlantic	5
annuaire	5
ghetto	5
edith	5
soulagée	5
exil	5
silencieuse	5
trouve-moi	5
rompez	5
parasites	5
purement	5
vitaux	5
sensibilité	5
lampes	5
compromettre	5
pirater	5
tribord	5
ascension	5
axe	5
faites-la	5
pensera	5
drive	5
jude	5
ariel	5
débordé	5
vanille	5
croirais	5
andre	5
roll	5
lumineux	5
chester	5
attendaient	5
chères	5
animé	5
boulettes	5
jeans	5
ressentais	5
julio	5
lances	5
infraction	5
rupert	5
minables	5
majordome	5
réconforter	5
condamnée	5
moniteur	5
vocation	5
gigantesque	5
banquet	5
mallory	5
payent	5
allusion	5
retenez	5
défie	5
brothers	5
sortez-le	5
chantant	5
audacieux	5
arrestations	5
marrer	5
reviennes	5
retrouvent	5
reparle	5
madeleine	5
composition	5
voles	5
retrouvez	5
inculpé	5
singh	5
recherchons	5
araignées	5
tord	5
maintenez	5
barque	5
heure-ci	5
ignorant	5
ziva	5
trouviez	5
ming	5
assoir	5
picard	5
ouvrira	5
divertissement	5
obama	5
temps-là	5
hold-up	5
suicidée	5
excusé	5
impitoyable	5
payes	5
songe	5
amours	5
chants	5
fabriques	5
casses	5
georgia	5
réviser	5
extraction	5
autoriser	5
fous-moi	5
empoisonner	5
fax	5
étroit	5
modernes	5
comptant	5
polo	5
phillips	5
wanda	5
mourante	5
pinces	5
tank	5
motifs	5
ostie	5
techniciens	5
amusés	5
diplomatique	5
tétons	5
sauvera	5
equipe	5
planifier	5
fameuse	5
iui	5
disparaisse	5
offensé	5
suédois	5
vaurien	5
conseillère	5
fabrication	5
darcy	5
you'	5
seuil	5
1ch00ffff	5
fournit	5
entretiens	5
rap	5
gangsters	5
assurée	5
poursuivez	5
envoyait	5
cyril	5
vertige	5
robinet	5
postale	5
confuse	5
christy	5
trappe	5
éloigne-toi	5
précises	5
batteries	5
poursuis	5
aw	5
tuez-moi	5
marionnette	5
frein	5
tentez	5
comprenons	5
détecte	5
résidents	5
remontez	5
hésiter	5
parlerais	5
débattre	5
justes	5
console	5
coureur	5
consommation	5
textos	5
adolescente	5
conflits	5
autorisés	5
pansement	5
préciser	5
mississippi	5
fractures	5
remerciez	5
descendant	5
chet	5
allumez	5
sookie	5
inconsciente	5
baptême	5
norma	5
trey	5
milles	5
pleurez	5
communs	5
4ème	5
disciples	5
baigne	5
graal	5
veillerai	5
libérés	5
sincères	5
passe-temps	5
oie	5
évitez	5
comprenait	5
clos	5
nathalie	5
peg	5
adorables	5
survit	5
défiler	5
grecs	5
gretchen	5
souhaiterais	5
sheriff	5
obsédée	5
effectué	5
manuscrit	5
emmenez-moi	5
répondrai	5
mangeant	5
éléphants	5
planches	5
cadillac	5
chauve-souris	5
tambour	5
fonctionnaire	5
kerry	5
accessoires	5
fessée	5
cornes	5
mentalement	5
sautez	5
posent	5
bender	5
tombeau	5
interpol	5
exploitation	5
t-shirts	5
attirée	5
prototype	5
infidèle	5
préférence	5
guérie	5
petite-amie	5
préparée	5
ruisseau	5
réjouis	5
plaies	5
numérique	5
cass	5
filtre	5
écrirai	5
travailleur	5
ramènerai	5
capte	5
chancelier	5
springs	5
fabuleuse	5
patrouilles	5
donne-le-moi	5
mangera	5
brouhaha	5
chrétienne	5
costa	5
cuisse	5
bull	5
naples	5
levier	5
dévorer	5
galère	5
souliers	5
primes	5
efficacité	5
quittera	5
connecticut	5
hôtes	5
jamal	5
réuni	5
éclaircir	5
cassés	5
homosexuel	5
recettes	5
ginger	5
santos	5
comptez-vous	5
sing	5
retrouves	5
callen	5
luthor	5
avant-hier	5
effectuer	5
infarctus	5
crucial	5
cynique	5
raid	5
devenues	5
pin	5
langley	5
expliquez	5
apportez-moi	5
clope	5
loto	5
écurie	5
sauve-toi	5
sanders	5
faiblesses	5
égratignure	5
défonce	5
fondateur	5
ancre	5
planqué	5
riez	5
vital	5
resterais	5
spectre	5
séduisante	5
surveillent	5
jj	5
éclairage	5
intensifs	5
comprenez-vous	5
marbre	5
lésions	5
préférées	5
embarquement	5
ringard	5
trimestre	5
tenons	5
régner	5
odieux	5
entente	5
détourné	5
willow	5
élimine	5
kelso	5
montrant	5
pair	5
introuvable	5
doubles	5
phyllis	5
réalisation	5
records	5
suède	5
négatifs	5
appelle-le	5
cailloux	5
apporterai	5
neutraliser	5
ferais-je	5
moyen-orient	5
corbeau	5
ferry	5
haven	5
viendrez	5
silas	5
restais	5
préférais	5
trac	5
féroce	5
kidnappée	5
justifie	5
hara	5
trafiquant	5
bites	5
penche	5
adversaires	5
queje	5
atlantis	5
fraises	5
diaz	5
put	5
deeks	5
aveu	5
brûlés	5
querelle	5
engueuler	5
oxford	5
tarée	5
trahie	5
utilisons	5
enterrés	5
bea	5
amusez	5
agnes	5
papillons	5
coquille	5
suffisante	5
cricket	5
cuisines	5
spirituelle	5
habile	5
souffrait	5
rafael	5
malone	5
rient	5
technicien	5
exceptionnelle	5
temporelle	5
beck	5
cavaliers	5
envisagé	5
aimeriez-vous	5
émetteur	5
global	5
traits	5
primo	5
emprise	5
pudding	5
pourcentage	5
dominic	5
bleues	5
turc	5
mc	5
voudrai	5
caillou	5
négligence	5
aquarium	5
collectif	5
décennies	5
maximale	5
habitue	5
organe	5
éprouve	5
nickel	5
entrailles	5
reprise	5
pistolets	5
jetés	5
rangée	5
theresa	5
lasse	5
fourré	5
well	5
ur	5
beatles	5
suffi	5
roux	5
billie	5
craignent	5
expo	5
simulation	5
suicidaire	5
câlins	5
connaissant	5
découvertes	5
ritchie	5
cédé	5
quasi	5
vierges	5
turk	5
politesse	5
aliments	5
aviation	5
emprunte	5
cale	5
troublé	5
aidais	5
vivrai	5
fautes	5
bryce	5
fragments	5
2h	5
étang	5
peloton	5
hastings	5
mexicaine	5
hautement	5
garanti	5
amélioré	5
fonder	5
anniversaires	5
eddy	5
contagieux	5
résisté	5
croyaient	5
cries	5
futurs	5
forment	5
rejoignez	5
distinguer	5
trancher	5
festin	5
prue	5
eun	5
locataire	5
dynamique	5
entourage	5
brancher	5
inquiétant	5
regagner	5
maison-blanche	5
cook	5
flacon	5
tardis	5
érection	5
arriverais	5
tyson	5
otis	5
habitent	5
pittsburgh	5
nico	5
gaze	5
sucré	5
coquin	5
crotte	5
développe	5
couture	5
boulet	5
cantine	5
étrangement	5
excellents	5
quittent	5
républicain	5
jogging	5
bronx	5
chaleureux	5
quatorze	5
lindsey	5
maintenance	5
email	5
détermination	5
débutant	5
résume	5
égaux	5
favorite	5
prévois	5
reparler	5
candy	5
canot	5
détruis	5
apercevoir	5
darling	5
shanghai	5
bouclé	5
opportunités	5
réfléchit	5
regarderai	5
expliquez-moi	5
ceintures	5
raisonner	5
gravé	5
chiots	5
illinois	5
satisfaite	5
moïse	5
balistique	5
audace	5
dit-on	5
finirait	5
fais-la	5
dolly	5
rassure	5
poignets	5
il-te-plaît	5
iii	5
bénis	5
ratée	5
perquisition	5
columbia	5
hacker	5
plâtre	5
been	5
reconnaissants	5
évadé	5
vargas	5
ash	5
coriace	5
pet	5
récolter	5
chutes	5
passages	5
arrogance	5
baratin	5
two	5
mature	5
dubois	5
rends-toi	5
étend	5
complicité	5
punk	5
osez	5
autrui	5
boulevard	5
mutation	5
servirait	5
soupçon	5
inspecter	5
énerves	5
séduit	5
créatif	5
esthétique	5
durement	5
considérez	5
fraise	5
reprendra	5
cassées	5
a-t'	5
abel	5
contrôleur	5
mets-la	5
sawyer	5
buster	5
incidents	5
embrouille	5
guérit	5
entoure	5
caitlin	5
calculé	5
tabassé	5
menée	5
mémoires	5
renée	5
frances	5
présentés	5
écoutera	5
julius	5
conseillers	5
vénus	5
sédatif	5
lèvre	5
renaissance	5
naviguer	5
opérateur	5
envoyées	5
âgées	5
lyle	5
involontaire	5
about	5
magnus	5
emmenait	5
tacos	5
wraith	5
doré	5
chargeur	5
policière	5
shelley	5
enquêteurs	5
tarzan	5
aiderais	5
répétitions	5
tendresse	5
betsy	5
étais-je	5
mutuellement	5
séoul	5
reste-t-il	5
incontrôlable	5
drogués	5
regretterez	5
cachet	5
appréciez	5
timothy	5
recruté	5
trentaine	5
appelaient	5
wo	5
adapté	5
républicains	5
jt	5
manipulé	5
tyran	5
gagnante	5
mécanicien	5
homos	5
cece	5
grammes	5
mâles	5
nains	5
boone	5
agressée	5
désigné	5
toits	5
heureuses	5
oubliera	5
ciment	5
passions	5
automobile	5
aspirateur	5
écroule	5
coursier	5
souviendra	5
saoule	5
vernon	5
chronique	5
furax	5
nicki	5
attende	5
allonge-toi	5
laide	5
dutch	5
pion	5
étendu	5
emmènent	5
répondez-moi	5
intacte	5
ja	5
favoris	5
représentants	5
récents	5
feel	5
slogan	5
benton	5
difficilement	5
refusait	5
tasha	5
ingrédients	5
valérie	5
mamans	5
complique	5
annulation	5
attendions	5
gouvernante	5
démarche	5
contenait	5
abandonnerai	5
martinez	5
sauriez	5
consacré	5
gallagher	5
hausse	5
circuler	5
harbor	5
entourée	5
frappe-moi	5
bancaires	5
coudre	5
hou	5
réciproque	5
protéines	5
échappée	5
apprécies	5
enquêté	5
rédacteur	5
salades	5
comptes-tu	5
épées	5
rappellera	5
mae	5
cède	5
provenance	5
donny	5
rencontrent	5
dresser	5
démarré	5
hodgins	5
butler	5
nausée	5
files	5
repousse	5
petit-déj	5
casting	5
luca	5
dérangement	5
nice	5
gemma	5
horatio	5
strip-teaseuse	5
confidentialité	5
pétard	5
run	5
intéresses	5
disparaitre	5
haut-parleur	5
serais-je	5
pente	5
amusement	5
précédente	5
identités	5
perdants	5
emménage	5
dessine	5
colt	5
vagabond	5
susceptible	5
racontez-moi	5
expliquez-vous	5
grady	5
peines	5
oprah	5
collision	5
votez	5
annuel	5
maternité	5
give	5
parallèle	5
nonne	5
kilomètre	5
enduré	5
comète	5
flanc	5
débrouilles	5
handicapé	5
témoignages	5
color	5
accordée	5
saletés	5
emprunt	5
lang	5
sait-il	5
ball	5
ike	5
plate	5
générique	5
servez	5
bouillir	5
mangerai	5
anesthésie	5
scandaleux	5
émotionnellement	5
monastère	5
relaxer	5
animation	5
écoutait	5
yaourt	5
coussin	5
aidan	5
toxiques	5
fureur	5
trek	5
edna	5
descendue	5
soja	5
demoiselles	5
réessayer	5
changée	5
tell	5
délivrer	5
jupiter	5
perroquet	5
dakota	5
echo	5
corne	5
brutes	5
fichus	5
travaillaient	5
permettent	5
drones	5
mention	5
enferme	5
accusez	5
pédés	5
protègent	5
aimeraient	5
plaqué	5
attirant	5
victoires	5
fourrer	5
hygiène	5
installée	5
musulman	5
sentier	5
building	5
toiles	5
commotion	5
naïve	5
inquiétait	5
rusé	5
webster	5
oregon	5
invitations	5
rappelez-moi	5
where	5
superviseur	5
cendrillon	5
commençant	5
yankee	5
marchandises	5
braquer	5
partirons	5
traiteur	5
caramel	5
soufflé	5
suivants	5
tampon	5
tentes	5
faciale	5
thor	5
suggestions	5
souffres	5
temporairement	5
obstruction	5
paulie	5
morty	5
vocale	5
architecture	5
deacon	5
similaires	5
noie	5
etats	5
nell	5
marcy	5
fusées	5
pyramide	5
enseignant	5
pains	5
pâtés	5
transporte	5
brandy	5
week-ends	5
ingénieurs	5
branler	5
abuser	5
herman	5
room	5
définir	5
daphné	5
gens-là	5
aimes-tu	5
anéanti	5
saloperies	5
éloignés	5
sweet	5
possédé	5
chevilles	5
elijah	5
taverne	5
leah	5
grincheux	5
mckay	5
unes	5
chope	5
extérieure	5
porche	5
publiquement	5
discrète	5
fléau	5
babylon	5
équivalent	5
percé	5
adultère	5
lancelot	5
catalogue	5
attentionné	5
grandiose	5
corrected	5
belle-fille	5
cobra	5
herbert	5
dillon	5
milice	5
photographier	5
transformée	5
touriste	5
harley	5
agonie	5
resteront	5
monstrueux	5
redoutable	5
prometteur	5
clip	5
chargés	5
yard	5
planquer	5
manquant	5
buissons	5
shin	5
sanglots	5
arreter	5
amenez-le	5
apprécient	5
nat	5
passerez	5
découvrent	5
consulté	5
ecole	5
secs	5
coffres	5
couchait	5
marchés	5
unies	5
dialogue	5
ressemblance	5
benne	5
motion	5
clandestin	5
chaussette	5
relie	5
réjouir	5
peuples	5
bander	5
déprime	5
repasse	5
barrett	5
courait	5
soo	5
hawaii	5
lo	5
glorieux	5
tobias	5
skinner	5
espagnols	5
tablette	5
attirante	5
lâchez-le	5
axl	5
escorter	5
cobb	5
pardonnera	5
venin	5
capot	5
maréchal	5
contenant	5
pointes	5
veinard	5
emballage	5
cherchez-vous	5
consulat	5
pressing	5
atlantique	5
lmpossible	5
racontait	5
fouiner	5
financement	5
assois	5
miséricorde	5
cassandra	5
tic	5
offrent	5
oubli	5
loger	5
diviser	5
présentent	5
bam	5
testicules	5
forêts	5
préparait	5
parlons-en	5
foncer	5
coop	5
hawkins	5
milton	5
crépuscule	5
détestez	5
froides	5
admettons	5
junkie	5
terrains	5
blouson	5
politicien	5
parfaites	5
séparément	5
tracteur	5
proviseur	5
scellé	5
apportes	5
estimé	5
stanton	5
tousse	5
peignoir	5
recruter	5
asseyez	5
dérangez	5
pureté	5
priver	5
scalpel	5
salaires	5
ko	5
doctorat	5
exigences	5
réveillera	5
assurément	5
emmènera	5
hantée	5
mélangé	5
emprisonné	5
her	5
hésité	5
morales	5
courants	5
mosquée	5
cérébral	5
limitée	5
gaby	5
ferment	5
improbable	5
convictions	5
acheteurs	5
gamma	5
formulaires	5
fonctionnement	5
dépendance	5
croûte	5
away	5
illégalement	5
quittant	5
bavard	5
prévisible	5
escadron	5
aspiration	5
jardins	5
auxquels	5
coûtent	5
br	5
braqué	5
pardonnerai	5
fluide	5
taudis	5
listes	5
hardy	5
préliminaires	5
stations	5
miam	5
celles-là	5
felicity	5
10h	5
stérile	5
assommé	5
newton	5
bossait	5
hamlet	5
allan	5
hameçon	5
allongée	5
stressée	5
saboter	5
grenades	5
cuisiné	5
revers	5
diamond	5
divan	5
citrouille	5
joanna	5
acceptent	5
ferez-vous	5
donuts	5
poêle	5
dinosaures	5
progresse	5
gendre	5
bouquins	5
mentais	5
phares	5
masqué	5
évoluer	5
jumeau	5
quelques-unes	5
richards	5
lawson	5
remporté	5
intimider	5
percuté	5
spence	5
lulu	5
habitués	5
salopards	5
apparue	5
crapaud	5
partageons	5
pénétré	5
eden	5
plaisent	5
déménagement	5
flippe	5
youtube	5
curry	5
avorter	5
suivais	5
fâcher	5
woods	5
remette	5
sondages	5
irene	5
bouillie	5
effrayante	5
habit	5
portière	5
firme	5
jésus-christ	5
zoom	5
rechange	5
hillary	5
vendeurs	5
menaçant	5
requiert	5
stéphanie	5
sauves	5
oublient	5
caverne	5
ghost	5
explosions	5
recevra	5
magne-toi	5
moralité	5
équipé	5
sloane	5
hosto	5
buffalo	5
comptabilité	5
enlèves	5
carnaval	5
diabète	5
tata	5
mémé	5
faisais-tu	5
posée	5
fichent	5
exclure	5
rufus	5
perception	5
gains	5
resterait	5
ollie	5
spectacles	5
daleks	5
scarlett	5
démoniaque	5
paraissait	5
velours	5
pertinent	5
caviar	5
demandez-vous	5
préservatifs	5
mois-ci	5
moya	5
terrence	5
hot-dog	5
y-a-t-il	5
arsenal	5
songé	5
passerais	5
hanson	5
broche	5
envole	5
méfie	5
banni	5
trouduc	5
parce-que	5
pneumonie	5
recommencez	5
racaille	5
ba	5
déprimée	5
tirons-nous	5
fréquences	5
clive	5
charley	5
crédibilité	5
brin	5
insistez	5
angles	5
instruction	5
souri	5
rodriguez	5
chie	5
enceintes	5
disputé	5
actifs	5
saké	5
subtil	5
imprimer	5
murmure	5
ultra	5
agresser	5
bats-toi	5
sanguine	5
hurlant	5
need	5
éventuellement	5
vatican	5
t-elle	5
partenariat	5
klingon	5
suivrai	5
emmett	5
carnage	5
attentif	5
flint	5
refroidir	5
diligence	5
godzilla	5
partagent	5
vaudou	5
suffirait	5
floyd	5
recrues	5
claquer	5
libby	5
gardais	5
résidus	5
bloqués	5
richmond	5
isabella	5
équation	5
brume	5
diverses	5
déconné	5
matthews	5
verrou	5
noblesse	5
mélanie	5
vivement	5
judas	5
arène	5
évidente	5
témoigne	5
siffle	5
scénariste	5
cascade	5
espagnole	5
conduira	5
industriel	5
strip-tease	5
sortirez	5
méritais	5
attendue	5
8h	5
logo	5
call	5
douches	5
hard	5
music	5
once	5
vins	5
expertise	5
oklahoma	5
déçois	5
extraordinaires	5
survivor	5
bennet	5
psychotique	5
chef-d'	5
employer	5
décoré	5
inférieur	5
inapproprié	5
éruption	5
invites	5
recouvert	5
offense	5
combine	5
fu	5
nécessite	5
poux	5
totalité	5
ignorons	5
virés	5
knight	5
quelquechose	5
vient-il	5
our	5
doses	5
vernis	5
tuez-les	5
interdits	5
argentine	5
prépares	5
remue	5
willis	5
respectent	5
ferguson	5
hot-dogs	5
holà	5
grotesque	5
repaire	5
refusée	5
envoie-moi	5
aurait-elle	5
contaminé	5
renseigné	5
accueille	5
baba	5
découvrira	5
heidi	5
annulez	5
forge	5
centimes	5
babe	5
espérez	5
fa	5
dominique	5
barre-toi	5
oranges	5
tsar	5
andrews	5
camelot	5
messagerie	5
jung	5
portier	5
crient	5
vétérans	5
propagande	5
malibu	5
envoyez-moi	5
défoncée	5
remercié	5
saint-valentin	5
malley	5
irrésistible	5
débute	5
lecteurs	5
radiation	5
miroirs	5
espères	5
émissaire	5
interpréter	5
rassurant	5
emmenés	5
carotte	5
amitiés	5
fondateurs	5
toronto	5
rogne	5
grill	5
voulais-tu	5
montrait	5
ingénierie	5
buts	5
trudy	5
ferions	5
sonya	5
clichés	5
aspects	5
gladys	5
choquée	5
think	5
servie	5
bette	5
revendre	5
maine	5
recrue	5
suive	5
blaine	5
occupais	5
étouffé	5
trouvez-le	5
colonies	5
reçue	5
chirurgiens	5
préparés	5
tombait	5
barreau	5
daphne	5
bianca	5
étalon	5
manège	5
sortez-moi	5
mourrait	5
larme	5
strict	5
lanceur	5
bouge-toi	5
jun	5
tirez-vous	5
crèche	5
bird	5
éveillée	5
protocoles	5
complexes	5
reverrons	5
légion	5
perpétuité	5
bravoure	5
confondre	5
pincer	5
kiki	5
gentlemen	5
douloureuse	5
hollandais	5
appartenant	5
carreau	5
cox	5
génies	5
interviewer	5
mg	5
aria	5
let'	5
rase	5
racontent	5
critères	5
approches	5
gardera	5
colleen	5
mathématiques	5
topo	5
ingrat	5
rancard	5
dispose	5
croquis	5
frere	5
pousses	5
raoul	5
stockage	5
captain	5
taxis	5
premiere	5
bracelets	5
battement	5
désirer	5
veillez	5
choquant	5
mi-chemin	5
assigné	5
éteinte	5
maestro	5
offrant	5
supplément	5
ampleur	5
incendies	5
réduite	5
9h	5
précipiter	5
savant	5
continuerai	5
battrai	5
prédateur	5
amicale	5
tac	5
tae	5
dépêchons-nous	5
inclut	5
interdire	5
imitation	5
antique	5
ramper	5
écosse	5
pike	5
cylons	5
divertir	5
traversée	5
jax	5
kirby	5
antiquités	5
gracie	5
iowa	5
apprendras	5
cachées	5
réveillon	5
manning	5
facilité	5
inspirer	5
interromps	5
plaide	5
mords	5
façade	5
golfe	5
précédents	5
raisins	5
remédier	5
mutuelle	5
pédales	5
dansent	5
monument	5
danois	5
héroïque	5
clause	5
boo	5
samson	5
vous-mêmes	5
bagues	5
tarif	5
textes	5
hanté	5
sensations	5
choux	5
accompagnes	5
achève	5
reverras	5
rod	5
mystique	5
porte-parole	5
potentiels	5
endors	5
locataires	5
soul	5
entraînés	5
steaks	5
compare	5
mouiller	5
croiront	5
secourir	5
résurrection	5
bouffé	5
caresser	5
ace	5
lucille	5
émotionnelle	5
josie	5
valentine	5
limiter	5
perturbe	5
coleman	5
vaguement	5
lynette	5
médaillon	5
auditions	5
redire	5
kentucky	5
écossais	5
crédits	5
knox	5
dégénéré	5
momie	5
montre-toi	5
fais-les	5
klein	5
gardez-le	5
expulsé	5
frustrant	5
glee	5
dévouement	5
remerciements	5
sultan	5
gazon	5
lem	5
spécialisé	5
cueillir	5
collants	5
imminente	5
mercure	5
décidera	5
motivé	5
liu	5
rendant	5
vertébrale	5
témoigné	5
écoutons	5
lingerie	5
saignes	5
suspecté	5
qi	5
recherchez	5
enfiler	5
concevoir	5
audio	5
tournes	5
allergie	5
laisse-toi	5
doctor	5
pencher	5
assurerai	5
concession	5
grenouilles	5
reviendrez	5
joker	5
négocie	5
sautes	5
travailliez	5
newman	5
ip	5
détecter	5
reviendrons	5
colby	5
sournois	5
sud-est	5
temporel	5
bikini	5
probabilité	5
transporté	5
diffuser	5
vaudra	5
fish	5
rival	5
cafards	5
écrans	5
hors-la-loi	5
jouerai	5
viril	5
clarifier	5
homicides	5
écarte	5
partisans	5
tailler	5
agissent	5
jennings	5
disco	5
scouts	5
éloignée	5
subitement	5
rates	5
ensembles	5
pingouin	5
organisée	5
ms	5
élue	5
plaza	5
reproches	5
produisent	5
enculer	5
envolé	5
préliminaire	5
maura	5
western	5
déposée	5
saisons	5
champignon	5
trophées	5
chèvres	5
il-vous-plaît	5
traditionnel	5
giles	5
interrupteur	5
tapes	5
athéna	5
clavier	5
prescrit	5
félix	5
thorax	5
artificielle	5
trafiquants	5
couvrez	5
trompette	5
fabricant	5
réglée	5
milliardaire	5
retournera	5
ferraille	5
oubliés	5
canadien	5
détroit	5
maryland	5
dinosaure	5
foulard	5
questionner	5
branleur	5
informés	5
réveilles	5
achetés	5
thoracique	5
yuri	5
paroisse	5
obsèques	5
tuait	5
faufiler	5
saint-esprit	5
remontant	5
balise	5
pellicule	5
tentatives	5
apprentissage	5
présentez	5
wagner	5
dégoûte	5
baver	5
restau	5
médailles	5
beethoven	5
prédire	5
subit	5
sorciers	5
lorraine	5
réchauffe	5
attends-tu	5
conquis	5
dracula	5
jettent	5
enragé	5
préjugés	5
campement	5
lentilles	5
expérimenté	5
commença	5
combler	5
technologies	5
justine	5
filons	5
humidité	5
trouve-toi	5
réelles	5
expliques	5
argo	5
passeras	5
servant	5
élégante	5
power	5
est-tu	5
vibrations	5
alléluia	5
discrets	5
loft	5
outrage	5
observateur	5
siennes	5
empoisonnée	5
asthme	5
envies	5
mountain	5
hymne	5
championne	5
abris	5
érotique	5
famine	5
valerie	5
chin	5
donne-le	5
hetty	5
lockhart	5
moquent	5
disposé	5
détendu	5
were	5
vouliez-vous	5
olivier	5
3h	5
miriam	5
admission	5
populaires	5
abîmé	5
manchester	5
rembourserai	5
dea	5
offrez	5
fraîches	5
boutiques	5
jorge	5
sentes	5
faites-lui	5
melon	5
mackenzie	5
assiste	5
olga	5
conquête	5
situe	5
concentrée	5
amélioration	5
hippie	5
étranglé	5
contrôlent	5
cristaux	5
dimensions	5
nigel	5
catholiques	5
exploration	5
fibre	5
tiens-le	5
micro-ondes	5
quais	5
avise	5
tiger	5
travaillerai	5
cartouches	5
réponde	5
privilèges	5
obus	5
chambers	5
succession	5
perkins	5
dissimuler	5
dauphin	5
derniere	5
pourboires	5
hercule	5
compreniez	5
enfoncé	5
pêcheurs	5
nord-est	5
offensive	5
protégera	5
mathieu	5
partit	5
tombant	5
innocentes	5
madeline	5
geek	5
kgb	5
morse	5
entre-temps	5
facon	5
sheridan	5
enjeu	5
cristina	5
réagis	5
frit	5
chié	5
affilée	5
chameau	5
sociales	5
cora	5
bobo	5
emploie	5
regrettable	5
appelant	5
marionnettes	5
diraient	5
suivons	5
contrarier	5
regarde-les	5
abîme	5
lã	5
fermement	5
escroquerie	5
izzy	5
taco	5
bien-sûr	5
directions	5
rejet	5
appartenir	5
jasmine	5
astronautes	5
mentirais	5
arriva	5
sophistiqué	5
suspendue	5
nord-ouest	5
handicap	5
prague	5
prescription	5
feras-tu	5
préservatif	5
grue	5
grandissent	5
cachez-vous	5
allumette	5
natation	5
exploits	5
marseille	5
situé	5
craignait	5
gentilles	5
griffith	5
ramène-moi	5
empoisonnement	5
regardiez	5
shit	5
bowl	5
jensen	5
chêne	5
sensée	5
interprété	5
allonge	5
bocal	5
violette	5
capteurs	5
nausées	5
romantiques	5
gaufres	5
doués	5
flatteur	5
gerry	5
doublure	5
savage	5
négligé	5
fry	5
natale	5
fez	5
amusait	5
pendaison	5
rossi	5
prudemment	5
violemment	5
soûle	5
masters	5
shore	5
accélérateur	5
tranquillité	5
ingrid	5
excités	5
apaiser	5
guillaume	5
disciple	5
décident	5
habillés	5
tortues	5
ralentit	5
contraint	5
frissons	5
lâ	5
ginny	5
leurre	5
micros	5
répondra	5
lisait	5
moquette	5
pack	5
rassurez-vous	5
barbare	5
défenses	5
pare-brise	5
castro	5
cacahuète	5
projecteurs	5
costard	5
margot	5
revenais	5
ouïe	5
croyiez	5
woman	5
donniez	5
toni	5
enfile	5
tantôt	5
matériaux	5
recommences	5
personnalités	5
roxy	5
natasha	5
honneurs	5
flippé	5
compenser	5
commando	5
buvais	5
dérive	5
clone	5
retirée	5
brûlent	5
louisiane	5
etrange	5
dilemme	5
apparaissent	5
bug	5
crowley	5
optique	5
accueilli	5
tigres	5
strip	5
torpilles	5
kirsten	5
castor	5
genève	5
jackpot	5
stupéfiant	5
attachés	5
anxieux	5
lèves	5
déchiffrer	5
vêtement	5
clémence	5
muffin	5
nette	5
méprenez	5
acompte	5
marchons	5
motos	5
sursis	5
regrettes	5
joo	5
cercles	5
vinnie	5
greta	5
titus	5
cube	5
lâche-la	5
truman	5
lisant	5
leaders	5
imprimé	5
ram	5
signatures	5
volez	5
trousse	5
souhaitons	5
rédemption	5
harlem	5
aînée	5
hiérarchie	5
label	5
exotique	5
proprement	5
zeus	5
attaquez	5
playboy	5
décors	5
admiration	5
garant	5
too	5
sculpture	5
scooter	5
tarde	5
déplaît	5
eugene	5
cuite	5
permettant	5
expire	5
mercenaires	5
cambrioleur	5
hannibal	5
seymour	5
catch	5
god	5
dre	5
faisable	5
invisibles	5
égout	5
géorgie	5
errant	5
usb	5
lucien	5
flot	5
combinaisons	5
center	5
passaient	5
permettrait	5
soudaine	5
réussie	5
bénie	5
rhonda	5
enlevés	5
surfer	5
somnifères	5
accouche	5
détruira	5
bye-bye	5
yoon	5
blondes	5
impressionnante	5
radin	5
aimeras	5
robbins	5
ventilation	5
droguer	5
tend	5
fiasco	5
fantaisie	5
égaré	5
sud-ouest	5
utilisées	5
zane	5
dead	5
brûlure	5
rené	5
frére	5
décharger	5
meeting	5
mmh	5
sonore	5
grognement	5
doucher	5
ice	5
saurais-je	5
pepper	5
concret	5
vertes	5
lara	5
amusent	5
créés	5
alzheimer	5
implants	5
dimitri	5
arnaquer	5
tolérance	5
verrouillée	5
sottises	5
mascotte	5
frisson	5
stacey	5
réalisent	5
pleurant	5
week	5
orient	5
pardonnes	5
écrites	5
plantée	5
ferrari	5
perturber	5
kappa	5
emmenez-la	5
butch	5
redonner	5
spaghettis	5
amnésie	5
cardiaques	5
skip	5
muffins	5
dissuader	5
rassemblé	5
ga	5
cachais	5
rajoute	5
connues	5
justicier	5
fernando	5
écoutant	5
crête	5
reno	5
préoccuper	5
pépé	5
geler	5
hypnose	5
caine	5
katy	5
karaoké	5
duck	5
définitif	5
boites	5
pianiste	5
externe	5
illégales	5
marsh	5
boussole	5
noyée	5
suspense	5
manquerai	5
beignet	5
idiotes	5
affronte	5
ballade	5
dansons	5
boyle	5
francesca	5
danseurs	5
abuse	5
portaient	5
jody	5
cadres	5
respiratoire	5
chun	5
marchands	5
pret	5
carole	5
baisée	5
exploit	5
morton	5
fuller	5
croyance	5
installés	5
têtue	5
épatant	5
paranoïa	5
plate-forme	5
sadique	5
super-héros	5
dérangée	5
brisés	5
punaise	5
harcèle	5
défis	5
clément	5
contente-toi	5
rhodes	5
semé	5
décent	5
normes	5
kev	5
paolo	5
respects	5
vinaigre	5
lames	5
amigo	5
caresse	5
speed	5
agressive	5
intello	5
mêre	5
remplissez	5
tempérament	5
excellentes	5
immortalité	5
steed	5
pseudo	5
spot	5
dague	5
entraînée	5
appelle-t-il	5
montrée	5
agisse	5
briefing	5
ouste	5
étranglée	5
regardera	5
bagage	5
morrison	5
tasses	5
aide-nous	5
deviendrait	5
profondeurs	5
tapez	5
naturelles	5
rdv	5
malheurs	5
apprenait	5
gilles	5
démocrate	5
picasso	5
représailles	5
cosmos	5
marjorie	5
détruisez	5
arrêts	5
végétarien	5
sentimentale	5
pancarte	5
prenez-en	5
tordue	5
bloom	5
vieilli	5
higgins	5
dénommé	5
massacré	5
confrérie	5
sortiez	5
rangez	5
décorations	5
patriote	5
hyun	5
calmé	5
poire	5
actionnaires	5
conduisais	5
posait	5
strike	5
informée	5
bagarres	5
jeeves	5
hip	5
perturbation	5
tentent	5
souverain	5
brève	5
virez	5
carver	5
neufs	5
assoit	5
rembrandt	5
dora	5
couchez-vous	5
dc	5
roc	5
pleurent	5
trouvaient	5
assistants	5
plomberie	5
diplômée	5
espere	5
escrocs	5
excentrique	5
frustration	5
saufs	5
lamentable	5
ulds	5
could	5
reprenne	5
porsche	5
ouvre-le	5
bluff	5
priya	5
rejoins-moi	5
tanaka	5
attrapée	5
réflexe	5
supprimé	5
6h	5
viole	5
sentirez	5
agrandir	5
clochard	5
encouragé	5
moran	5
promettez	5
démoli	5
notaire	5
restaurer	5
compartiment	5
courante	5
avancent	5
délinquants	5
désespérés	5
mémo	5
copier	5
congélateur	5
luna	5
égypte	5
courtes	5
contusions	5
imprudent	5
merveilleuses	5
abbott	5
entends-tu	5
bandeau	5
station-service	5
hormis	5
voyaient	5
probléme	5
bêta	5
estimation	5
oignon	5
roulettes	5
opérationnel	5
plaisant	5
épices	5
tenez-le	5
remboursé	5
nourrice	5
organique	5
brusquement	5
pass	5
jose	5
pédophile	5
étés	5
essentiellement	5
semblaient	5
brebis	5
connectés	5
drapeaux	5
grouille-toi	5
résumer	5
athlètes	5
fourrière	5
princeton	5
transplantation	5
traînes	5
titan	5
équipements	5
intestins	5
horace	5
exprimé	5
che	5
titulaire	5
death	5
galant	5
veulent-ils	5
akira	5
prospérité	5
grains	5
rigueur	5
porto	5
officiels	5
soigneusement	5
éric	5
wisconsin	5
émeutes	5
écrivais	5
jeremiah	5
téléporter	5
nounours	5
perso	5
menés	5
jouaient	5
plutot	5
enfers	5
boulangerie	5
eues	5
essuyer	5
bruns	5
coince	5
résolue	5
inquiètent	5
pâtisserie	5
interruption	5
sortirais	5
défensive	5
kitt	5
naît	5
prairie	5
sabotage	5
chaine	5
exclusivité	5
impériale	5
accepterai	5
co	5
rayna	5
constance	5
pues	5
estelle	5
tolérer	5
beuh	5
rame	5
masses	5
parcs	5
steph	5
doe	5
vanité	5
agriculture	5
infâme	5
tang	5
instincts	5
ouvertement	5
foyers	5
ongle	5
théo	5
colombe	5
aeryn	5
état-major	5
reich	5
hee	5
particuliers	5
indéfiniment	5
brunch	5
dwayne	5
ému	5
mûr	5
spécialistes	5
tronc	5
mare	5
barbares	5
crapule	5
biche	5
cain	5
mozart	5
séparées	5
soupçonné	5
moule	5
digitales	5
churchill	5
tennessee	5
immonde	5
malsain	5
léonard	5
signée	5
humphrey	5
restauration	5
lisbon	5
consul	5
toasts	5
rétablissement	5
mariées	5
croiras	5
laissiez	5
orlando	5
rabat-joie	5
embarrassé	5
meneur	5
loyale	5
bank	5
fragment	5
assommer	5
hante	5
disney	5
bear	5
providence	5
guet	5
manœuvre	5
souffrant	5
alliances	5
tirant	5
islam	5
alvarez	5
ridiculiser	5
blindé	5
rassemblez	5
bass	5
déni	5
puissantes	5
souterrain	5
perdrai	5
prodige	5
rendons	5
finirez	5
églises	5
caféine	5
finies	5
memphis	5
fournitures	5
rouillé	5
eyes	5
obéissez	5
timbres	5
réa	5
souple	5
sully	5
gerber	5
said	5
récentes	5
tee-shirt	5
diminue	5
inconvénient	5
battra	5
pornos	5
freud	5
remporter	5
puanteur	5
propositions	5
possédait	5
bave	5
dorme	5
est-ce-pas	5
accompagnée	5
changeons	5
souffrez	5
foreman	5
opium	5
avait-elle	5
parlez-nous	5
savannah	5
océans	5
fisc	5
apprenti	5
hawk	5
hésitation	5
liza	5
sentira	5
yuki	5
parlerait	5
vexé	5
cache-cache	5
avais-je	5
coffrer	5
aspire	5
tournure	5
séparent	5
saloon	5
préparatifs	5
snow	5
candidate	5
rendais	5
collant	5
décidée	5
mina	5
réunit	5
nœuds	5
fad	5
dignes	5
sincérité	5
supposition	5
dormirai	5
sheppard	5
biopsie	5
résident	5
truqué	5
ecartez-vous	5
corey	5
livraisons	5
précipité	5
lyon	5
fanfare	5
intensité	5
dédié	5
colombie	5
fantastiques	5
serrures	5
battements	5
démocrates	5
randonnée	5
entendrez	5
nadine	5
drama	5
écoutée	5
investigation	5
garden	5
représentait	5
arroser	5
sous-estimé	5
diplomate	5
terriens	5
hmmm	5
défait	5
manipulation	5
recrutement	5
ratés	5
continuait	5
associer	5
laissées	5
embrassés	5
bords	5
misérables	5
discutons	5
prétendez	5
inquiétudes	5
serge	5
ronge	5
aidiez	5
courbe	5
vulnérables	5
résout	5
déguiser	5
sordide	5
honoraires	5
veillée	5
injonction	5
urgente	5
lasagnes	5
jérôme	5
exposés	5
giovanni	5
pétition	5
ennemies	5
célébration	5
détournement	5
nomination	5
grimm	5
crocs	5
ruche	5
ananas	5
alain	5
tourisme	5
20h	5
orson	5
mettez-les	5
manie	5
compétent	5
souviens-tu	5
wonder	5
repérés	5
keep	5
forfait	5
mourez	5
donneras	5
perturbée	5
transmet	5
tao	5
alabama	5
grandissant	5
first	5
cannelle	5
tricheur	5
alcooliques	5
challenge	5
improviser	5
applaudissez	5
écrivains	5
bethany	5
paralysie	5
hybride	5
moss	5
lars	5
spring	5
ampoules	5
compliquées	5
arrow	5
rédiger	5
galactica	5
gomme	5
ferait-il	5
turquie	5
assassinés	5
souche	6
imite	6
sortirait	6
raven	6
écarté	6
chinatown	6
proposes	6
diarrhée	6
tactiques	6
déserte	6
futures	6
décorer	6
divisé	6
effrayés	6
anomalies	6
penserait	6
mets-les	6
fréquenté	6
profites-en	6
constater	6
disputent	6
efficaces	6
flotter	6
reilly	6
issues	6
radical	6
inquiété	6
comprise	6
moches	6
automatiquement	6
inclure	6
réconcilier	6
loisirs	6
salé	6
aideront	6
causée	6
soucies	6
tirait	6
cate	6
épingle	6
divorcés	6
coup-là	6
clopes	6
etc	6
traînait	6
scénarios	6
débats	6
hilary	6
adoptée	6
vint	6
portés	6
penserais	6
nobel	6
infinie	6
canaille	6
minnesota	6
serais-tu	6
défenseur	6
set	6
donneront	6
ethel	6
boxer	6
joies	6
huîtres	6
cavernes	6
médiocre	6
bruxelles	6
répliques	6
appropriée	6
dicton	6
eteins	6
pesos	6
gâches	6
horriblement	6
viendriez	6
thaïlande	6
artificiel	6
repensé	6
changerai	6
impliquant	6
suspendre	6
reproduction	6
gale	6
hoffman	6
souriant	6
rivières	6
garde-robe	6
ennuies	6
gilmore	6
joints	6
partante	6
buenos	6
yakuza	6
munich	6
inauguration	6
réfrigérateur	6
aimés	6
vitale	6
why	6
perez	6
dorée	6
applaudir	6
gifle	6
redescendre	6
bousiller	6
démence	6
bourre	6
interviews	6
vermont	6
utah	6
eliot	6
promettez-moi	6
crazy	6
valu	6
sensationnel	6
trompent	6
évoque	6
vocabulaire	6
affamée	6
âgés	6
magistrat	6
syd	6
bourgeois	6
ames	6
présumé	6
proverbe	6
fumez	6
incision	6
étions-nous	6
rivage	6
igor	6
suivantes	6
riker	6
tranchée	6
contrainte	6
puant	6
referme	6
gomez	6
reddington	6
composer	6
marient	6
exemplaires	6
daryl	6
crayons	6
abîmer	6
expulsion	6
cheese	6
considérant	6
paulo	6
rubrique	6
scotland	6
descendent	6
duper	6
rodéo	6
répand	6
cathédrale	6
dev	6
prenaient	6
confronté	6
silhouette	6
fang	6
chatouille	6
intercepté	6
intégré	6
agnès	6
échanges	6
hollis	6
démontrer	6
désactiver	6
foutues	6
olympique	6
seo	6
apprenant	6
crisse	6
valve	6
blonds	6
grossière	6
travaillez-vous	6
dégages	6
supposant	6
détend	6
berkeley	6
adressé	6
dentifrice	6
capuche	6
deviendrai	6
couronnes	6
vérifions	6
comparaître	6
rédaction	6
essayaient	6
interférer	6
anévrisme	6
hectares	6
chéris	6
agite	6
barton	6
kensi	6
conçue	6
martyr	6
laurent	6
mabel	6
sushi	6
pêre	6
appeller	6
aires	6
branle	6
biologiques	6
4h	6
décence	6
zen	6
implore	6
walden	6
roupies	6
touchera	6
dénonce	6
land	6
sourds	6
réceptionniste	6
eileen	6
demandiez	6
meufs	6
déco	6
infanterie	6
concurrent	6
piqûres	6
gratos	6
byron	6
flagrant	6
intègre	6
pêché	6
parquet	6
tablier	6
algorithme	6
surveilles	6
recueillir	6
réchauffement	6
folies	6
allergies	6
killer	6
rappellent	6
popularité	6
dîners	6
bide	6
crevée	6
reyes	6
hobby	6
étonnée	6
conservateur	6
renvoi	6
rotation	6
retomber	6
slade	6
applaudit	6
crocodile	6
divorcée	6
persuadée	6
only	6
perdrais	6
défaillance	6
plateforme	6
dauphins	6
tournevis	6
philly	6
malhonnête	6
gibier	6
stratégique	6
sanguins	6
analyste	6
rattrapé	6
habituels	6
paillettes	6
spartacus	6
mettes	6
rayé	6
éclipse	6
rituels	6
hicks	6
protégerai	6
masser	6
donjon	6
arrêteront	6
sorts	6
compétence	6
emmène-le	6
vaille	6
pourriture	6
familiales	6
asseyons-nous	6
comédien	6
brochure	6
lennox	6
géniales	6
jean-pierre	6
hallucine	6
ressemblant	6
fargo	6
écrouler	6
tai	6
dobbs	6
insultant	6
clochette	6
déçus	6
récupération	6
dix-huit	6
rencontrez	6
prévenez-moi	6
dansant	6
loyaux	6
suivront	6
danemark	6
circule	6
vinci	6
traînent	6
libertés	6
lutté	6
margo	6
agitée	6
hopkins	6
eût	6
bagdad	6
amenez-moi	6
annexe	6
repense	6
couche-toi	6
admet	6
thea	6
polie	6
blood	6
voyante	6
norris	6
ny	6
poignardée	6
sauna	6
vessie	6
stabilité	6
7e	6
usé	6
matelot	6
peser	6
remarquez	6
voulait-il	6
ingénieux	6
inférieure	6
tan	6
africain	6
éventreur	6
répit	6
finiront	6
coyote	6
blaireau	6
lucia	6
pie	6
enfreindre	6
gonfle	6
transpire	6
zeke	6
frotte	6
labeur	6
injecté	6
installez-vous	6
décomposition	6
quantique	6
cache-toi	6
buvant	6
arriverons	6
avouez	6
wanna	6
suffisent	6
statues	6
philosophe	6
best	6
reprends-toi	6
head	6
irène	6
porcelaine	6
vétéran	6
gonfler	6
ridge	6
admets-le	6
leroy	6
astuce	6
com	6
gardant	6
rétabli	6
caractéristiques	6
celia	6
mustang	6
traditionnelle	6
conférences	6
internat	6
vivras	6
habité	6
cara	6
massachusetts	6
pulmonaire	6
chapman	6
virgil	6
inscrite	6
avais-tu	6
partirais	6
denis	6
douane	6
jed	6
vives	6
mangeais	6
winter	6
charleston	6
karev	6
ressaisis-toi	6
boucherie	6
bertie	6
kidnappeur	6
déplacée	6
carly	6
exterminer	6
attrape-le	6
chemisier	6
vis-à-vis	6
clandestins	6
extrêmes	6
inverser	6
déterminée	6
stupidité	6
serrée	6
réside	6
empiré	6
ambitions	6
retourne-toi	6
en-dessous	6
eliza	6
traqué	6
insignifiant	6
strauss	6
supers	6
appellerait	6
mentionne	6
unit	6
regretté	6
correspondre	6
es-ce	6
america	6
coupées	6
piaule	6
maintes	6
gouvernements	6
secoue	6
fouilles	6
weston	6
colons	6
surveillée	6
rejoindrai	6
coutumes	6
masculine	6
gouffre	6
notamment	6
snob	6
bombay	6
garde-à-vous	6
ducky	6
évites	6
plages	6
acquérir	6
confrontation	6
formalité	6
protèges	6
matrice	6
vendant	6
deviendras	6
slim	6
émis	6
originaux	6
irruption	6
meth	6
meyer	6
marchais	6
meade	6
manoeuvre	6
passeront	6
gossip	6
corvée	6
dépêchons	6
talbot	6
intercepter	6
tonneau	6
argile	6
définitive	6
exécutif	6
impératrice	6
compensation	6
satanée	6
bâbord	6
humiliée	6
compatible	6
montés	6
missouri	6
stargate	6
insolent	6
manteaux	6
addiction	6
manucure	6
jobs	6
sitôt	6
subconscient	6
basses	6
homosexuels	6
mao	6
partiel	6
licorne	6
permettrai	6
hilton	6
carrefour	6
heights	6
télescope	6
évolue	6
repasserai	6
hue	6
remerciement	6
adorerait	6
pharaon	6
maxwell	6
dispositions	6
par-derrière	6
iron	6
mercy	6
journalisme	6
larges	6
possèdent	6
méditation	6
étonnante	6
infirme	6
doutez	6
stiles	6
compatriotes	6
sébastien	6
alerter	6
loupe	6
grottes	6
fleuriste	6
excursion	6
albums	6
découvrez	6
reçoivent	6
répandu	6
convaincus	6
bactéries	6
criminalité	6
balivernes	6
chandelle	6
ernest	6
desmond	6
prétendent	6
chars	6
roulette	6
baissée	6
etait-ce	6
crosse	6
fuites	6
gmt	6
3d	6
rappelée	6
decker	6
yen	6
danseuses	6
dodge	6
humilité	6
jag	6
escalader	6
bouchons	6
melvin	6
atterrit	6
émouvant	6
fitzgerald	6
soixante	6
contribué	6
cupcakes	6
ressuscité	6
oserais	6
noeuds	6
pékin	6
sportifs	6
dé	6
partirez	6
prédateurs	6
plausible	6
perdras	6
grogne	6
spécimen	6
space	6
pres	6
espaces	6
misé	6
élégance	6
panda	6
trompais	6
investissements	6
parvenu	6
chanel	6
frustré	6
pupilles	6
démonter	6
turcs	6
mettons-nous	6
oculaire	6
poulette	6
harlan	6
étalage	6
webb	6
gonzesses	6
peaux	6
regardez-la	6
yvonne	6
symptôme	6
domaines	6
cartman	6
couille	6
skye	6
décevant	6
leela	6
jugée	6
couillon	6
essaiera	6
demande-moi	6
again	6
hollande	6
lambert	6
sera-t-il	6
plane	6
molle	6
effondrement	6
herb	6
respectez	6
dunn	6
détachement	6
signifier	6
gratuites	6
lucide	6
richesses	6
attachez	6
placez	6
partiras	6
orléans	6
souciez	6
minuscules	6
aubrey	6
utilisera	6
crânien	6
frederick	6
perdrez	6
vivantes	6
calculer	6
saluez	6
relance	6
délinquant	6
grossir	6
ramirez	6
déterrer	6
mettez-la	6
klingons	6
genres	6
recommander	6
cultiver	6
grecque	6
stewie	6
relâchez	6
ryder	6
demi-million	6
oppa	6
méfie-toi	6
stationnement	6
honey	6
open	6
portons	6
compliquer	6
bret	6
stein	6
métallique	6
sécuriser	6
apportent	6
montre-nous	6
migraines	6
missy	6
formidables	6
rêvent	6
pascal	6
fus	6
publicitaire	6
sketch	6
devrait-on	6
bouches	6
éliminée	6
united	6
plantation	6
sin	6
ahmed	6
bûcher	6
jang	6
dynastie	6
remplacement	6
portugais	6
drap	6
ricardo	6
mourrons	6
claqué	6
po	6
der	6
odeurs	6
corrections	6
follement	6
carolyn	6
actualité	6
prospère	6
échappent	6
serrez	6
senior	6
assures	6
remontent	6
morning	6
entrera	6
elias	6
rencards	6
parleras	6
chercheur	6
universités	6
belgique	6
régions	6
poétique	6
mêlez	6
discutera	6
relève-toi	6
autriche	6
dégonflé	6
reconstruction	6
futée	6
gâté	6
déchirée	6
cow-boys	6
paieras	6
vogue	6
bourrés	6
bretagne	6
diagnostiqué	6
macho	6
capotes	6
pilotage	6
maquette	6
étudiantes	6
agressions	6
montait	6
bloquez	6
croisement	6
irina	6
hypothèque	6
vestiaires	6
chantais	6
aidant	6
maries	6
confirmée	6
fat	6
taxe	6
soulage	6
casques	6
lobe	6
bullock	6
brosser	6
going	6
valse	6
gentilhomme	6
isolée	6
culpabiliser	6
rouvrir	6
convertir	6
douanes	6
manier	6
retournent	6
distribue	6
istanbul	6
gandhi	6
remboursement	6
kenji	6
grove	6
québec	6
problême	6
saunders	6
bips	6
digérer	6
tre	6
gloussements	6
rembourse	6
circulez	6
rosemary	6
moustiques	6
saga	6
daddy	6
lux	6
nombril	6
achevé	6
jerome	6
ravissant	6
cornichons	6
calories	6
répondait	6
cabot	6
financièrement	6
excitante	6
élus	6
favorable	6
fascinante	6
laissez-passer	6
fonctionnait	6
facteurs	6
dansait	6
écrasée	6
trébuché	6
achètera	6
hubert	6
improviste	6
angus	6
jethro	6
moindres	6
compositeur	6
adolescence	6
brigitte	6
précieuses	6
entrainer	6
oser	6
brièvement	6
fais-nous	6
prends-les	6
sofa	6
manipule	6
kayla	6
leland	6
vulcain	6
charmants	6
anatomie	6
épouserai	6
dixième	6
gémit	6
achille	6
brillent	6
gratis	6
hanter	6
sceptique	6
forcez	6
amènent	6
changeait	6
ac	6
agiter	6
rassemblés	6
lunaire	6
rivers	6
découpé	6
master	6
contiennent	6
proviennent	6
donnerez	6
raccrochez	6
troie	6
identifiée	6
jarvis	6
rubis	6
surnaturel	6
installations	6
brut	6
manifester	6
faisait-il	6
poursuivent	6
abominable	6
activation	6
sors-moi	6
resterons	6
utiliserai	6
rencontrées	6
becker	6
tranché	6
perturbations	6
allie	6
petra	6
hold	6
menaçait	6
cherry	6
kathryn	6
confronter	6
désires	6
doit-il	6
ajoutez	6
intéresserait	6
stressant	6
samouraïs	6
hoover	6
inculpation	6
appeliez	6
garderie	6
légume	6
contredire	6
recevons	6
étui	6
abdos	6
entières	6
comprendront	6
croisade	6
prouvent	6
lil	6
dictionnaire	6
vendeuse	6
cambriolé	6
observez	6
institutrice	6
docks	6
eagle	6
constant	6
virilité	6
cake	6
méfiez-vous	6
renverse	6
niquer	6
débrouillerai	6
rite	6
hydrogène	6
successeur	6
sifflement	6
rédigé	6
litre	6
comprends-tu	6
brûlez	6
douteux	6
huitième	6
romaine	6
idéaux	6
souhaitez-vous	6
repenser	6
ressusciter	6
attrapent	6
messie	6
wars	6
ovni	6
chœur	6
olives	6
hippies	6
commerciale	6
expansion	6
maintiens	6
chico	6
balayer	6
contractions	6
collaborer	6
larguée	6
traitait	6
chercheurs	6
transactions	6
alma	6
soit-il	6
alimenter	6
culturel	6
menant	6
troublant	6
losers	6
chaperon	6
forum	6
indigènes	6
brevet	6
kathleen	6
cygne	6
respectueux	6
soutiennent	6
foutais	6
stabiliser	6
détruisent	6
daily	6
kimmy	6
épaisse	6
métaux	6
prénoms	6
olympiques	6
ecstasy	6
sénatrice	6
rand	6
entourent	6
orgie	6
riggs	6
caser	6
tensions	6
wild	6
clint	6
tempe	6
skate	6
clans	6
derrick	6
money	6
couvercle	6
channel	6
grossi	6
grissom	6
enjeux	6
jamaïque	6
everett	6
sondage	6
promouvoir	6
dires	6
relativement	6
rayures	6
fields	6
hip-hop	6
irving	6
races	6
infiltration	6
russel	6
lost	6
sûres	6
je-	6
exquis	6
tirage	6
fouine	6
manquais	6
barcelone	6
endort	6
ministres	6
clim	6
fleming	6
hilda	6
rosen	6
mâcher	6
remporte	6
always	6
carrés	6
foutez-moi	6
servis	6
ont-elles	6
saigné	6
honore	6
algues	6
inoubliable	6
viktor	6
enchaîné	6
tito	6
rivaliser	6
rice	6
perdait	6
ida	6
fiche-moi	6
ichi	6
émet	6
décollé	6
desole	6
piment	6
dickie	6
netflix	6
montons	6
réfléchissais	6
affronté	6
sushis	6
tristan	6
infliger	6
dirigée	6
saboté	6
brutus	6
impressionne	6
microbes	6
swat	6
continu	6
partagez	6
étonnamment	6
résistant	6
dimanches	6
empêchent	6
implant	6
granger	6
serrés	6
posture	6
préviens-moi	6
abattus	6
pride	6
identifie	6
some	6
russo	6
bénéfique	6
jets	6
hobbs	6
detective	6
butters	6
bong	6
décidément	6
bénévole	6
arrivera-t-il	6
fasciste	6
simuler	6
elliott	6
slater	6
sachet	6
trahit	6
naturels	6
ecosse	6
apple	6
bernadette	6
spirale	6
abattoir	6
disparaîtra	6
rae	6
menait	6
durent	6
cochonneries	6
aboie	6
cas-là	6
démarrez	6
arretez	6
gaucher	6
territoires	6
essayez-vous	6
asiatiques	6
winnie	6
powers	6
vigueur	6
consolation	6
nypd	6
coquine	6
traverses	6
osaka	6
princes	6
dex	6
tueras	6
check	6
pleurais	6
remettrai	6
rendes	6
gain	6
christophe	6
orthographe	6
hélicoptères	6
mire	6
prioritaire	6
soutif	6
viens-là	6
tonight	6
sévèrement	6
retombe	6
vrille	6
dunham	6
conduisent	6
bbc	6
introduction	6
impardonnable	6
aimerais-tu	6
gouverne	6
regardaient	6
gères	6
fondations	6
récompensé	6
exiger	6
dream	6
baldwin	6
touchait	6
mettront	6
criminelles	6
sacrées	6
refrain	6
potentiellement	6
string	6
trame	6
maturité	6
xavier	6
retrouvailles	6
fixée	6
delhi	6
littéraire	6
anders	6
recréer	6
kono	6
pépin	6
éclairs	6
emerson	6
bright	6
positifs	6
blocage	6
séparée	6
capitole	6
attendrais	6
artérielle	6
chung	6
lillian	6
paragraphe	6
traversent	6
chiffon	6
aériennes	6
choeur	6
pi	6
tamara	6
déposez	6
gagnait	6
baronne	6
trempe	6
maternel	6
fire	6
distingué	6
instructeur	6
extorsion	6
détruites	6
sylvester	6
fluides	6
imaginons	6
fouetter	6
routier	6
uranium	6
gestapo	6
parés	6
abbé	6
kristen	6
seven	6
randolph	6
éclaire	6
london	6
rabb	6
lacets	6
flora	6
abed	6
héritière	6
real	6
gouverner	6
aléatoire	6
substances	6
webber	6
jugez	6
len	6
chanteurs	6
purge	6
yan	6
délais	6
impôt	6
décalage	6
destinés	6
longuement	6
brittany	6
madonna	6
négocié	6
dax	6
roberta	6
alvin	6
récoltes	6
flattée	6
plie	6
buisson	6
edo	6
lisent	6
ardoise	6
amènerai	6
excessive	6
attribué	6
matières	6
pendue	6
kidnappeurs	6
paramètres	6
comprendrai	6
rez-de-chaussée	6
extension	6
quotidienne	6
pitt	6
paternité	6
siffler	6
européen	6
aluminium	6
psychiatrie	6
conditionné	6
maintenu	6
barrages	6
paco	6
cérébrales	6
glamour	6
racisme	6
solidarité	6
vautours	6
terminées	6
bouillon	6
collecter	6
anya	6
supervision	6
mentaux	6
créent	6
planer	6
décennie	6
alberto	6
tempêtes	6
délits	6
paierez	6
noyade	6
pleuvait	6
classement	6
handicapés	6
aaah	6
gardienne	6
would	6
attirent	6
regardez-les	6
lue	6
bêtement	6
allégeance	6
vipère	6
expliquera	6
dirigez	6
véritables	6
peters	6
buckley	6
froids	6
sunny	6
insuline	6
recevrez	6
laisseras	6
metteur	6
présage	6
confinement	6
serre-moi	6
mourut	6
delia	6
étiquettes	6
clic	6
wood	6
conduisant	6
cabaret	6
cmdt	6
mercer	6
locke	6
religieuses	6
axel	6
assis-toi	6
carrosse	6
tueraient	6
diminuer	6
ascenseurs	6
piratage	6
intellectuel	6
joanne	6
admettez	6
immature	6
attardé	6
familière	6
flirt	6
tends	6
dix-sept	6
b'	6
grasse	6
entité	6
then	6
disneyland	6
sanglier	6
battez-vous	6
mateo	6
edison	6
vielle	6
surveillait	6
ressentent	6
new-yorkais	6
obéit	6
massif	6
apte	6
intestin	6
poliment	6
constantes	6
femelles	6
amènera	6
fowler	6
pénètre	6
motards	6
insu	6
pensiez-vous	6
penseront	6
die	6
communique	6
ravitaillement	6
plaisez	6
prélèvement	6
panama	6
stricte	6
tic-tac	6
aurore	6
ravisseurs	6
thune	6
placement	6
coulson	6
timbre	6
dit-elle	6
radeau	6
alarmes	6
élevage	6
roxanne	6
corvées	6
bossais	6
raisonnables	6
emails	6
émettre	6
paume	6
discrimination	6
muté	6
bombardement	6
quittait	6
fugitifs	6
mister	6
marraine	6
gênez	6
formez	6
frappait	6
noce	6
basant	6
imprévu	6
saveur	6
européenne	6
pleurnicher	6
belle-soeur	6
whitey	6
crottes	6
arrangerai	6
clarté	6
désactivé	6
civilisé	6
contrôlez	6
corbeaux	6
miser	6
marley	6
casserole	6
cologne	6
troll	6
approuver	6
soûler	6
sonnait	6
saddam	6
aspirer	6
bestioles	6
oú	6
défectueux	6
corporation	6
pensais-tu	6
arrêtez-les	6
changeant	6
prends-tu	6
allongez-vous	6
nova	6
alchimie	6
réforme	6
cambridge	6
jumelle	6
volante	6
projecteur	6
quadrant	6
pulsions	6
aidez-le	6
troublée	6
baril	6
sarcastique	6
apprise	6
tech	6
enseignants	6
désobéi	6
havane	6
béatrice	6
mandats	6
injecter	6
bouché	6
uniques	6
réglez	6
layla	6
incluant	6
aimerez	6
posera	6
samaritain	6
rêvez	6
allégations	6
gaston	6
ulysse	6
directeurs	6
démange	6
winters	6
0n	6
annuelle	6
kendall	6
fiables	6
yoko	6
modifications	6
créativité	6
paddy	6
agréables	6
trouvant	6
cosmique	6
oreillers	6
hamptons	6
tripp	6
volets	6
exposée	6
passiez	6
ballard	6
absents	6
mei	6
offrons	6
admirateur	6
charrette	6
grande-bretagne	6
qualifiée	6
celà	6
tanks	6
zhang	6
adèle	6
autoritaire	6
through	6
shillings	6
dalek	6
couchez	6
badges	6
cyanure	6
gagnerai	6
7h	6
dépendent	6
derriere	6
fade	6
hola	6
interférences	6
kaylie	6
éclairé	6
baies	6
économise	6
considérable	6
originaire	6
ada	6
watts	6
brutale	6
mariana	6
évoqué	6
lotus	6
vladimir	6
lutin	6
sos	6
fondée	6
rênes	6
feeling	6
salomon	6
hallucination	6
inventeur	6
hurlé	6
dévouée	6
huck	6
retournés	6
embarrasser	6
brutalement	6
rahul	6
fixes	6
versions	6
laveur	6
activez	6
orpheline	6
spray	6
billes	6
raylan	6
marquez	6
rentreras	6
moqué	6
yeong	6
chevet	6
désiré	6
écrivent	6
merveilleusement	6
apprécions	6
gino	6
présidentielle	6
titans	6
passionnée	6
charlatan	6
débarras	6
cactus	6
distraite	6
revaudrai	6
dévotion	6
nettoyez	6
dressé	6
bronzage	6
échographie	6
refermer	6
maquiller	6
foutait	6
romano	6
ouvrage	6
progresser	6
terrien	6
retrouve-moi	6
déplacements	6
his	6
had	6
monique	6
brutalité	6
attrapes	6
charabia	6
sanglant	6
changeras	6
priori	6
financé	6
devin	6
débrouillé	6
funèbres	6
around	6
suicides	6
deviendrais	6
eduardo	6
ernesto	6
grimpé	6
gerard	6
parlerez	6
cisco	6
dégoutant	6
insinuez	6
nié	6
perdais	6
courtier	6
murmures	6
clones	6
croissant	6
hotch	6
neuves	6
recoudre	6
descendons	6
partielle	6
lésion	6
schtroumpf	6
gaius	6
déclencheur	6
chow	6
dino	6
astrid	6
alfredo	6
appelle-la	6
vertiges	6
sociopathe	6
britney	6
gagnée	6
5h	6
commerciaux	6
excuse-toi	6
nino	6
edmund	6
téléchargé	6
baptiste	6
cherie	6
exciter	6
brouillés	6
incapacité	6
patsy	6
chouchou	6
rapprochent	6
newport	6
cdc	6
prenez-la	6
pare-balles	6
réflexes	6
chauffeurs	6
lustres	6
pénal	6
complets	6
symbolique	6
dépêchez	6
indemne	6
bavardage	6
étaient-ils	6
columbo	6
communion	6
civilisations	6
distant	6
full	6
pilier	6
chuté	6
perspicace	6
sabots	6
raisonnement	6
impossibles	6
pécheurs	6
swing	6
expose	6
errer	6
musclé	6
salée	6
saouler	6
blah	6
superficiel	6
fie	6
assied	6
aggraver	6
excessif	6
délégué	6
inconnues	6
farrell	6
européens	6
mémorable	6
administrateur	6
dépourvu	6
chantons	6
flots	6
supportes	6
traversant	6
faites-nous	6
ajuster	6
alphabet	6
magic	6
bundy	6
amère	6
emmenez-vous	6
sea	6
élimination	6
much	6
bondé	6
coming	6
hodges	6
appelez-le	6
achetait	6
renommée	6
illico	6
résolus	6
violences	6
tabatha	6
yun	6
relancer	6
ramsey	6
régulière	6
vendra	6
hollow	6
fonctionnaires	6
compromise	6
declan	6
surgi	6
débrouille-toi	6
talentueuse	6
ouvre-moi	6
exigeant	6
damné	6
inspectrice	6
sweets	6
freeman	6
sat	6
phaseurs	6
illégaux	6
plantés	6
immunitaire	6
acclamations	6
débuter	6
swan	6
réfléchis-y	6
salem	6
distinction	6
mourrir	6
forrest	6
user	6
roscoe	6
couchant	6
coussins	6
titanic	6
confirment	6
ôte	6
sup	6
hood	6
sweat	6
verrouiller	6
odin	6
tentait	6
actrices	6
décida	6
tendances	6
camouflage	6
ile	6
connaîtra	6
uni	6
gâtée	6
parsons	6
abandonnées	6
inconfortable	6
créant	6
roulez	6
please	6
construis	6
jacqueline	6
énergétique	6
filets	6
crasse	6
barrières	6
plié	6
escouade	6
oracle	6
réparée	6
domination	6
tribunaux	6
maquereau	6
cerises	6
harmon	6
sucette	6
éprouver	6
présenterai	6
made	6
attaches	6
hulk	6
alexandra	6
reines	6
seal	6
sourires	6
piques	6
caraïbes	6
fumait	6
darius	6
épuisant	6
brownies	6
fae	6
vieillesse	6
animés	6
fournis	6
cabe	6
landry	6
thermique	6
alf	6
6ème	6
participants	6
taillé	6
entiers	6
belle-sœur	6
capté	6
rassuré	6
boches	6
vilains	6
thornton	6
keen	6
winchester	6
reconnaissez-vous	6
aération	6
présidents	6
cocher	6
prolonger	6
w	6
peins	6
arrivaient	6
emilio	6
effondrée	6
norvège	6
sauvegarde	6
infectés	6
frire	6
mercenaire	6
horn	6
montre-leur	6
ennuyant	6
nationales	6
hologramme	6
élastique	6
dorian	6
evie	6
marguerite	6
hell	6
funèbre	6
renaître	6
coupons	6
baptisé	6
ouvrons	6
traversez	6
ficelle	6
yards	6
microscope	6
détaché	6
laverie	6
wendell	6
bossent	6
blanchir	6
politiquement	6
meuble	6
ramenez-le	6
choisissent	6
entraider	6
poètes	6
demanda	6
réconfortant	6
alligator	6
envoyons	6
psychologiques	6
payant	6
trafiqué	6
rêvait	6
far	6
norm	6
crevette	6
distingue	6
leila	6
barge	6
arrangements	6
gérard	6
psychique	6
mcdonald	6
mûre	6
concentrons-nous	6
rip	6
licencié	6
cholestérol	6
confisqué	6
déplacent	6
avide	6
constitue	6
jae	6
vélos	6
tambours	6
dois-tu	6
8e	6
visiontext	6
engagements	6
ouvrant	6
entendant	6
elfe	6
débarrasse-toi	6
guerrière	6
félicitation	6
retrouveras	6
assurez	6
surnommé	6
exécute	6
arabie	6
tripoter	6
centimètre	6
télécharger	6
motivations	6
grâces	6
pou	6
field	6
loretta	6
salvatore	6
déshabille-toi	6
hurlements	6
météorite	6
muette	6
fragiles	6
flottant	6
compléter	6
vieillit	6
dévore	6
craintes	6
dell	6
csi	6
lanterne	6
clientes	6
plouc	6
savons-nous	6
athènes	6
pipes	6
domine	6
pacific	6
ingrédient	6
embrouiller	6
clique	6
dyson	6
présentations	6
fissure	6
bijouterie	6
chaussons	6
barker	6
casinos	6
homosexualité	6
reverrez	6
nostalgie	6
christie	6
vito	6
mad	6
queues	6
échappatoire	6
démo	6
bandage	6
financières	6
spaghetti	6
tatie	6
quantico	6
interrogatoires	6
choque	6
church	6
reflète	6
nah	6
superstar	6
pouvais-je	6
aurora	6
parlez-lui	6
rencart	6
innombrables	6
léopard	6
thorne	6
primitif	6
nouveauté	6
affectation	6
trouva	6
manquée	6
staline	6
épeler	6
souvenais	6
garde-la	6
fais-en	6
redevenu	6
subtile	6
douilles	6
syndicats	6
ffea2f	6
principales	6
stern	6
déclarée	6
arrêtiez	6
sarcasme	6
turtle	6
produise	6
causés	6
tuerie	6
coopère	6
psycho	6
paiements	6
banale	6
judicieux	6
considérée	6
consignes	6
pollution	6
omega	6
pêches	6
agaçant	6
ruiz	6
divya	6
portez-vous	6
écrive	6
cc	6
frappe-le	6
quelque-chose	6
climatique	6
bluffe	6
chialer	6
scrupules	6
ralentissez	6
sortaient	6
montrez-vous	6
tranchant	6
oublieras	6
wing	6
fertilité	6
destructeur	6
trio	6
amulette	6
paupières	6
hazel	6
transfère	6
stimulant	6
licenciement	6
travaillera	6
quarterback	6
valide	6
urne	6
wouah	6
emmène-la	6
canular	6
coûts	6
spécifiquement	6
pose-le	6
mcnally	6
lina	6
liquider	6
lizzy	6
cadenas	6
comprimés	6
oleg	6
contrer	6
tremper	6
substitut	6
coiffer	6
lisse	6
jojo	6
sybil	6
tribune	6
diminué	6
tree	6
sponsor	6
jacobs	6
platine	6
trouillard	6
paraît-il	6
pérou	6
verrouillage	6
hic	6
immoral	6
superficielle	6
insuffisance	6
marnie	6
tête-à-tête	6
bing	6
dash	6
cambrioler	6
wons	6
créneau	6
sicile	6
osseuse	6
scolarité	6
croies	6
lacs	6
ruben	6
cutler	6
latino	6
teri	6
bibliothécaire	6
épicé	6
attendrons	6
lus	6
offrait	6
video	6
hydra	6
last	6
casiers	6
exerce	6
échappés	6
éloge	6
tiroirs	6
évacué	6
caire	6
stresse	6
bryant	6
dupe	6
inhabituelle	6
bouffée	6
dessein	6
inestimable	6
hutch	6
apprennes	6
industrielle	6
ravisseur	6
balayage	6
concentrés	6
songer	6
égocentrique	6
raton	6
ordonner	6
portiez	6
sibérie	6
cambriolages	6
combustion	6
préoccupation	6
forgeron	6
déj	6
racheté	6
royce	6
quincaillerie	6
souhaitent	6
râler	6
paniers	6
inventée	6
raines	6
ressorti	6
dévoré	6
accouché	6
éduquer	6
évitera	6
renversée	6
plaisanteries	6
aucunes	6
proposez	6
yi	6
sphère	6
mangerais	6
sosie	6
classer	6
détache	6
contribuer	6
siobhan	6
argh	6
cassez	6
espérance	6
tâchez	6
lynch	6
cachant	6
eclair	6
patch	6
performances	6
reproduit	6
mouillés	6
casa	6
régional	6
prochainement	6
lavon	6
tromperie	6
renvoyez	6
botté	6
ain	6
fonctionnera	6
compréhensif	6
sacha	6
bowman	6
charmes	6
corrompus	6
enrichir	6
souhaitais	6
maddy	6
contremaître	6
rappelait	6
méga	6
dogs	6
subtitles	6
démocratique	6
amir	6
vedettes	6
profonds	6
uld	6
décret	6
scolaires	6
18h	6
neuvième	6
superstition	6
ss	6
piètre	6
énervez	6
confirmez	6
sykes	6
pourrait-elle	6
manifestants	6
anus	6
greer	6
brusque	6
nocturnes	6
largue	6
scanners	6
laisserez	6
brother	6
bile	6
adhésif	6
signifient	6
fur	6
sodium	6
ephram	6
fair	6
stoppé	6
disparaissez	6
leucémie	6
luisa	6
protester	6
darwin	6
sung	6
rides	6
antiquité	6
soulevé	6
bordeaux	6
heil	6
hit	6
obligez	6
cecil	6
placards	6
calmez	6
pv	6
liberty	6
menacent	6
waters	6
something	6
crosby	6
lourdement	6
perche	6
corrigé	6
splendeur	6
calmants	6
peck	6
boucle-la	6
traitre	6
tolère	6
comportements	6
rocco	6
marshals	6
sanglante	6
ozzy	6
protégeait	6
howie	6
guichet	6
violoncelle	6
malpoli	6
fugue	6
selfridge	6
initiale	6
brock	6
muse	6
profitez-en	6
we'	6
sérénité	6
ennuyé	6
enzo	6
étre	6
collectionneur	6
pré	6
solitaires	6
mira	6
porteuse	6
infaillible	6
collaborateurs	6
underwood	6
acceptons	6
racistes	6
ramenez-moi	6
brass	6
prenez-moi	6
gone	6
arnie	6
cochonne	6
rain	6
index	6
science-fiction	6
épique	6
tite	6
conduise	6
balances	6
frappant	6
renifle	6
cuits	6
hadès	6
menotté	6
transférée	6
paroi	6
reproduise	6
radiateur	6
gorilles	6
darnell	6
présentateur	6
justifié	6
smallville	6
obscène	6
resynchro	6
gourou	6
kiss	6
rejoindra	6
historiques	6
entrave	6
otan	6
wilfred	6
flinguer	6
guéris	6
compatis	6
transpirer	6
obèse	6
récompenses	6
comporté	6
grandement	6
délégation	6
them	6
amoché	6
découverts	6
guidé	6
posais	6
n'roll	6
crampes	6
durable	6
romantisme	6
vivrez	6
méchanceté	6
attirés	6
griffe	6
génétiquement	6
company	6
manifestations	6
intelligentes	6
vingt-cinq	6
millénaire	6
prouve-le	6
aperçois	6
il-te-plait	6
distributeurs	6
17h	6
naissent	6
aller-retour	6
molécules	6
croirez	6
banquiers	6
acceptez-vous	6
étoffe	6
passera-t-il	6
précoce	6
séisme	6
sortilège	6
cliniques	6
fallon	6
finissons	6
barbier	6
sortiront	6
novice	6
emmenez-les	6
caractères	6
apprendrez	6
polaire	6
maladroite	6
influencé	6
pieux	6
agressivité	6
lili	6
parvient	6
poilu	6
redis	6
ave	6
conscients	6
hibou	6
recharger	6
rabais	6
auxiliaire	6
bossez	6
soviétiques	6
baguettes	6
bangkok	6
patientez	6
ravin	6
accepterais	6
suggérez	6
mafieux	6
carcasse	6
embrouilles	6
huissier	6
tombées	6
répètes	6
vendues	6
comédies	6
cassez-vous	6
atouts	6
micki	6
écrasés	6
abu	6
surveillant	6
vigile	6
demi-frère	6
parfums	6
attirance	6
salvador	6
retraité	6
inattendue	6
gueuler	6
mendiant	6
payson	6
commandez	6
1h	6
torpille	6
sénateurs	6
comprendrait	6
amoureuses	6
emmerdeur	6
cubains	6
euphémisme	6
laisserons	6
bactérie	6
laissons-le	6
chariots	6
utilisaient	6
accrochée	6
élaboré	6
bavarde	6
tatoué	6
compose	6
liqueur	6
atomes	6
là-dehors	6
plaquer	6
foncez	6
amos	6
capter	6
abondance	6
fainéant	6
cherchera	6
mayonnaise	6
harcelé	6
absorbé	6
shepard	6
récupérez	6
frappent	6
true	6
eloignez-vous	6
envoyant	6
déborde	6
minces	6
dingo	6
devenant	6
renee	6
lâchez-la	6
gigi	6
fournisseurs	6
pharmaceutique	6
vérités	6
draper	6
cartouche	6
bientot	6
évoquer	6
endormis	6
22h	6
synchronisation	6
unie	6
aideras	6
instantanément	6
séduction	6
brandi	6
cendrier	6
cotés	6
arrêterait	6
stockholm	6
ulcère	6
économisé	6
prophètes	6
dictateur	6
pantin	6
réciter	6
affreusement	6
cheyenne	6
investisseur	6
syrie	6
lyla	6
maintien	6
roth	6
edouard	6
pratiqué	6
éloignez	6
dévasté	6
dégagée	6
mascarade	6
crabes	6
still	6
assises	6
dormira	6
atteindra	6
tact	6
astucieux	6
devenais	6
marcos	6
bled	6
norton	6
ziggy	6
camelote	6
défié	6
stables	6
bénévolat	6
glacier	6
wa	6
fichons	6
engrais	6
insinues	6
éventualité	6
réjouit	6
croyez-le	6
gênes	6
impérial	6
idem	6
garantit	6
soeurette	6
feng	6
primaires	6
verrouille	6
summers	6
thing	6
cherches-tu	6
salement	6
exigé	6
phénomènes	6
ping-pong	6
retrouverez	6
détraqué	6
rodrigo	6
fichait	6
potassium	6
jument	6
gabby	6
things	6
composants	6
pingouins	6
rahl	6
commet	6
androïde	6
chu	6
gendarmes	6
hostilité	6
reliés	6
mente	6
rã	6
optimisme	6
carreaux	6
metal	6
cupidité	6
marrons	6
trolls	6
cruels	6
suzie	6
nam	6
gaspillage	6
copié	6
robuste	6
dépendait	6
extase	6
insistes	6
zizi	6
intervenu	6
conduirai	6
débarasser	6
berry	6
mossad	6
tourbillon	6
riant	6
portraits	6
décisif	6
satisfaits	6
glorieuse	6
bicyclette	6
pantoufles	6
gracias	6
rendrais	6
patientes	6
inondation	6
trinquons	6
découpe	6
shampoing	6
évacuez	6
descendants	6
détends	6
intentionnellement	6
holland	6
préparais	6
caïd	6
pendule	6
décapité	6
datant	6
torches	6
pointure	6
globale	6
formalités	6
bmw	6
mellie	6
verrouillez	6
variété	6
engins	6
pioche	6
naufrage	6
pot-de-vin	6
déballer	6
shot	6
jeong	6
comportes	6
tomas	6
gore	6
veillé	6
divulguer	6
reconnaitre	6
tournées	6
conservé	6
apaches	6
oncles	6
expérimental	6
détenue	6
extrémité	6
hogan	6
biberon	6
mind	6
line	6
lexi	6
prospectus	6
accessible	6
marlowe	6
riait	6
combiné	6
islande	6
nique	6
intoxication	6
écureuils	6
sweeney	6
péri	6
surcharge	6
popcorn	6
descende	6
enchère	6
habituelles	6
michaels	6
infectée	6
garcon	6
couchais	6
démasqué	6
referai	6
absorber	6
discutait	6
indications	6
freya	6
caillot	6
yuan	6
chiante	6
owens	6
capturés	6
menacez	6
impressions	6
11h	6
accuses	6
organismes	6
coroner	6
fatiguer	6
gifler	6
laden	6
luciano	6
habitais	6
composée	6
friends	6
légers	6
interrogation	6
violentes	6
perplexe	6
beautés	6
représenté	6
hum-hum	6
armurerie	6
stupéfiants	6
verrous	6
alimentaires	6
orion	6
donne-la-moi	6
pénitencier	6
fichais	6
afficher	6
pénitence	6
interface	6
trouves-tu	6
dépositions	6
brigadier	6
vibre	6
avançons	6
réfléchissons	6
linus	6
devriez-vous	6
cannabis	6
galactique	6
habitant	6
choquer	6
argenterie	6
prestige	6
circonstance	6
hamster	6
brouiller	6
lavabo	6
assembler	6
lâchent	6
deborah	6
wahou	6
indiquant	6
laissez-vous	6
moléculaire	6
annette	6
dirons	6
gong	6
descendus	6
israéliens	6
synthétique	6
barbu	6
prématuré	6
instituteur	6
that'	6
réveillez	6
cobaye	6
pourrai-je	6
branlette	6
respirateur	6
diabétique	6
irlandaise	6
hétéros	6
eteignez	6
guitariste	6
fléchettes	6
électroniques	6
attaquant	6
jaguar	6
tranchées	6
orge	6
utilisais	6
starbuck	6
commandeur	6
ventilateur	6
déploiement	6
récompenser	6
cutter	6
pence	6
surmonté	6
dérapé	6
lirai	6
channing	6
luigi	6
him	6
embrassez	6
déserté	6
krusty	6
plaignant	6
mohammed	6
dues	6
alla	6
pointu	6
sentirai	6
fasciné	6
respectes	6
cubain	6
suggérez-vous	6
paradise	6
manquerait	6
fauchés	6
manqueras	6
réalistes	6
mccarthy	6
noirceur	6
entretuer	6
tailles	6
special	6
gaie	6
communautaire	6
grille-pain	6
périodes	6
fondement	6
lorna	6
amertume	6
considérés	6
brûlante	6
labos	6
brisco	6
penchant	6
telephone	6
stylos	6
rations	6
myers	6
im	6
burgers	6
entrait	6
attractions	6
cages	6
easy	6
débordée	6
ping	6
tabouret	6
wei	6
margie	6
virtuel	6
aiguë	6
viagra	6
miteux	6
assignation	6
survivent	6
astéroïde	6
méditer	6
play	6
at-il	6
janine	6
parchemin	6
fréquent	6
révision	6
caprices	6
lucious	6
mordue	6
hayden	6
amène-le	6
paries	6
sous-marins	6
emilie	6
purgatoire	6
routière	6
éveiller	6
avoine	6
parais	6
school	6
gabi	6
progression	6
fracas	6
mettiez	6
rééducation	6
pluies	6
universelle	6
damian	6
bourses	6
élémentaire	6
mettras	6
caille	6
endurance	6
publication	6
milord	6
traceur	6
romeo	6
boucan	6
joins	6
'je	6
biographie	6
revoie	6
dixie	6
inhumain	6
déguisée	6
gland	6
abattue	6
pine	6
confortablement	6
pawnee	6
tong	6
sourcier	6
hypocrisie	6
lá	6
lunes	6
fréquentes	6
souhaitait	6
ãªtre	6
cools	6
shea	6
anarchie	6
cachot	6
sables	6
davy	6
duquel	6
vancouver	6
gigolo	6
zurich	6
attentats	6
artefact	6
cockpit	6
pacha	6
universel	6
consigne	6
enquêtons	6
gymnastique	6
redresser	6
dispersez-vous	6
neptune	6
marcia	6
détesterais	6
directives	6
illustre	6
sème	6
avancées	6
taj	6
trempée	6
sucreries	6
dupé	6
tranches	6
blessant	6
herpès	6
absenter	6
valez	6
donnaient	6
initié	6
frousse	6
perfusion	6
admise	6
brillantes	6
contamination	6
essaies-tu	6
gagneras	6
tordre	6
produite	6
ragnar	6
ôté	6
august	6
rondes	6
lucie	6
omis	6
répertoire	6
objections	6
rapidité	6
five	6
retrouvées	6
roulait	6
navale	6
fete	6
opposée	6
aiderez	6
barrez-vous	6
carrières	6
bougre	6
isolés	6
goûtez	6
appellé	6
great	6
caprice	6
barlow	6
approvisionnement	6
inspirez	6
ever	6
colocataires	6
lelouch	6
cheeseburger	6
plaignent	6
valium	6
three	6
veuves	6
achetées	6
every	6
retrouverons	6
propage	6
paso	6
manson	6
essuie	6
toxines	6
jouiez	6
morsures	6
foutrement	6
quarts	6
rationnel	6
invoquer	6
humanitaire	6
manuels	6
occidentale	6
ancêtre	6
possédée	6
ici-bas	6
story	6
corporelle	6
familiaux	6
singapour	6
désintoxication	6
racontais	6
mémorial	6
jaime	6
davey	6
adapte	6
glacial	6
modestie	6
stokes	6
discutez	6
youpi	6
veut-elle	6
transforment	6
procure	6
hystérie	6
débrancher	6
deviendront	6
nothing	6
tantes	6
margarita	6
rassure-toi	6
diva	6
chaudière	6
tremblements	6
sous-estime	6
goldman	6
intervient	6
exclusive	6
planet	6
weiss	6
détourne	6
évacue	6
penelope	6
ivoire	6
hopper	6
recommandations	6
free	6
puceau	6
signerai	6
brancard	6
essentielle	6
rentable	6
coûterait	6
gagne-pain	6
nourrissent	6
reconsidérer	6
candace	6
cory	6
yates	6
enrique	6
marquée	6
estimer	6
croquer	6
louches	6
iceberg	6
étable	6
caffrey	6
reeves	6
contrôlée	6
escobar	6
soldes	6
dresse	6
paraissent	6
canaux	6
arrêterais	6
légères	6
rendors-toi	6
mayday	6
beta	6
after	6
ocean	6
définit	6
espace-temps	6
conteneur	6
hématome	6
emmy	6
toxico	6
poppy	6
buchanan	6
sportive	6
magnez-vous	6
mettez-moi	6
humm	6
mourait	6
imposé	6
lointaine	6
carroll	6
élargir	6
courrez	6
garth	6
sunset	6
différends	6
uss	6
exemples	6
approche-toi	6
débordés	6
proteste	6
hériter	6
really	6
comparable	6
reprennent	6
wilder	6
leigh	6
livrée	6
tampons	6
musculaire	6
indiscret	6
sacoche	6
micah	6
injections	6
collectionne	6
maritime	6
mécontent	6
izzie	6
15h	6
égoïstes	6
maroc	6
apparement	6
coran	6
wilkes	6
shay	6
javel	6
seigneurie	6
vieillis	6
bahamas	6
kris	6
videz	6
kung	6
proies	6
précisé	6
solaires	6
tordus	6
prévisions	6
vomis	6
payées	6
vomit	6
pink	6
impulsif	6
possédez	6
censées	6
répétait	6
glissant	6
superviser	6
désarmé	6
elfes	6
emile	6
tex	6
activée	6
viols	6
accéléré	6
neville	6
adorée	6
talibans	6
vi	6
respiratoires	6
punit	6
empathie	6
geoff	6
servirai	6
attendront	6
déclenchée	6
patins	6
déduis	6
variole	6
prémédité	6
fiesta	6
bookmaker	6
hoyt	6
mets-moi	6
hung	6
pearson	6
goodman	6
felicia	6
tourmente	6
réconciliation	6
conway	6
demi-douzaine	6
grabuge	6
photographes	6
copenhague	6
concernés	6
jupes	6
bavé	6
mathilde	6
burrito	6
panthers	6
narcissique	6
porteurs	6
larsen	6
rejoignent	6
azote	6
ronds	6
sacrifie	6
kyoto	6
hampshire	6
gob	6
débarquent	6
confiée	6
renseigne	6
sotte	6
urbaine	6
diriges	6
hommages	6
fuient	6
préférez-vous	6
progéniture	6
apprécierait	6
vérifiais	6
boiteux	6
partageait	6
walters	6
obéissance	6
coréens	6
années-lumière	6
gagnais	6
caniveau	6
vacarme	6
saisissez	6
tirerai	6
courais	6
perf	6
coûteux	6
incompétence	6
refilé	6
camping-car	6
adolf	6
whitman	6
battons	6
bach	6
écoutiez	6
véto	6
dépassent	6
albuquerque	6
exagérer	6
apportée	6
ambulanciers	6
vigilant	6
soutenue	6
australien	6
sous-estimez	6
constaté	6
hiro	6
hut	6
couchés	6
diplomatie	6
canadiens	6
organisations	6
survivrai	6
torride	6
quantités	6
roches	6
inquiéte	6
espére	6
manquante	6
rivaux	6
takashi	6
devlin	6
satisfaisant	6
teniez	6
simulé	6
françaises	6
has	6
veuf	6
upper	6
véritablement	6
maxine	6
intouchable	6
offrande	6
salt	6
passif	6
gunther	6
traine	6
cold	6
renouveler	6
congelé	6
écouterai	6
vécue	6
savourer	6
eiffel	6
intimidation	6
hostiles	6
10e	6
distractions	6
retrouvons	6
magnum	6
eugène	6
embrassent	6
halètements	6
galles	6
franky	6
indifférent	6
poursuivons	6
encerclé	6
dirk	6
hurlait	6
approchons	6
viviez	6
réanimation	6
reposent	6
cuddy	6
spectateur	6
obtienne	6
bidons	6
morbide	6
imminent	6
narcotiques	6
signés	6
caldwell	6
embarrassée	6
vainqueurs	6
tiendrais	6
mutinerie	6
sucé	6
essayerai	6
propulsion	6
sécu	6
brewster	6
soignée	6
arrachée	6
censure	6
regarde-nous	6
rossignol	6
braguette	6
aéroports	6
obéi	6
naval	6
déluge	6
baby-sitting	6
sisko	6
pendentif	6
nil	6
foraine	6
gardés	6
poursuivis	6
tronçonneuse	6
freine	6
étroite	6
kiosque	6
jargon	6
concitoyens	6
amour-propre	6
potentielle	6
réveillés	6
gaspille	6
rayer	6
encouragement	6
chargera	6
chum	6
provocation	6
affectée	6
courtois	6
crampe	6
énervant	6
wyoming	6
remplies	6
pourries	6
codé	6
tofu	6
recommençons	6
importait	6
wah	6
inversé	6
enregistrés	6
dégoût	6
hagen	6
religions	6
embouteillages	6
chattes	6
prostate	6
cannes	6
bee	6
gâchez	6
vocal	6
mangeur	6
salsa	6
dépendra	6
souviendrais	6
prêteur	6
probabilités	6
effacée	6
glasgow	6
16h	6
envergure	6
souviennent	6
neiges	6
rêveur	6
19h	6
accessoire	6
partiront	6
ivrognes	6
hospice	6
larbin	6
affichage	6
maillots	6
remontée	6
ramène-le	6
interrogée	6
poursuivie	6
peace	6
tue-la	6
dangereusement	6
forman	6
louanges	6
anticiper	6
bougeait	6
joyeuses	6
pornographie	6
zèle	6
philippines	6
math	6
motive	6
massages	6
ching	6
bombardiers	6
berner	6
il-vous-plait	6
tri	6
odo	6
hypothèses	6
perturbant	6
exotiques	6
intervalle	6
aptitude	6
talk	6
crois-le	6
sox	6
sentiez	6
catastrophique	6
fers	6
emportée	6
banquette	6
idaho	6
20e	6
toucherai	6
programmation	6
ous	6
zachary	6
sandales	6
francesco	6
sonnez	6
dis-toi	6
dégoûtante	6
approximativement	6
augmentent	6
encens	6
fe	6
latte	6
contrarie	6
poutre	6
défendue	6
patton	6
abandonnent	6
réservations	6
mélissa	6
concernait	6
abordé	6
lasers	6
simplicité	6
mélancolique	6
sœurette	6
revues	6
book	6
pend	6
dolores	6
visibles	6
deep	6
racontée	6
psychose	6
connexions	6
moquait	6
suggèrent	6
bison	6
corinne	6
entrainé	6
papas	6
esquiver	6
marius	6
rejoigne	6
répondais	6
viking	6
bousculer	6
collective	6
ramassez	6
sortit	6
entendues	6
varsovie	6
félicité	6
affirmé	6
minorité	6
réclamé	6
mobiles	6
transparent	6
quittons	6
communisme	6
publie	6
coup-ci	6
steele	6
energie	6
dusty	6
figures	6
mitzvah	6
abat	6
balançoire	6
repentir	6
mst	6
préparons	6
sèches	6
pharmacien	6
clare	6
blanchi	6
consommer	6
portugal	6
élire	6
imprimante	6
hu	6
météorites	6
cuvette	6
jekyll	6
chimiste	6
artères	6
bentley	6
marqués	6
boirai	6
ultimatum	6
héberger	6
dentelle	6
décompte	6
shield	6
pops	6
impensable	6
pas-	6
reconduire	6
approchez-vous	6
yin	6
obtiennent	6
garnison	6
lonnie	6
pécheur	6
visant	6
foireux	6
marqueur	6
préférait	6
nbc	6
post-traumatique	6
cincinnati	6
énigmes	6
égoïsme	6
toxine	6
montrez-nous	6
bradford	6
recueilli	6
patrimoine	6
chopper	6
crackers	6
révélations	6
située	6
méchantes	6
épine	6
adler	6
cirer	6
hépatite	6
anéantie	6
pizzeria	6
inventions	6
supérieures	6
admirez	6
terrifiante	6
collée	6
jouée	6
côtelettes	6
garanties	6
mcnamara	6
programmer	6
oã	6
occupées	6
prestation	6
escale	6
cramer	6
mendoza	6
tenace	6
transe	6
president	6
tyrannie	6
chinoises	6
nettement	6
ailô	6
éteintes	6
considèrent	6
progressé	6
cloué	6
incompétent	6
murdock	6
dépôts	6
garibaldi	6
bin	6
martiens	6
sacramento	6
interdites	6
accueillons	6
professionnelles	6
merle	6
comblé	6
maxi	6
della	6
carrington	6
saturation	6
éclaireur	6
confondu	6
nebraska	6
demandés	6
réservoirs	6
passerons	6
envahit	6
transmets	6
hongrois	6
renvoyés	6
picoler	6
shaun	6
est-	6
delaney	6
fascistes	6
fiscale	6
températures	6
recoins	6
volontés	6
lowell	6
raffiné	6
blacks	6
conjugale	6
poignées	6
bebe	6
sécheresse	6
canadienne	6
carlson	6
surpasser	6
initiation	6
menacés	6
motiver	6
dougie	6
emmenais	6
wolfe	6
pretty	6
couvrent	6
sinatra	6
contempler	6
drole	6
serez-vous	6
brenner	6
aînés	6
archevêque	6
family	6
loisir	6
mythologie	6
parrish	6
jures	6
riposter	6
automatiques	6
ipod	6
formés	6
mœurs	6
kimberly	6
procède	6
indépendants	6
simms	6
regardes-tu	6
nichols	6
quark	6
inspirée	6
initial	6
melody	6
trier	6
dépens	6
bowie	6
luka	6
bille	6
soute	6
trucs-là	6
désigner	6
projeté	6
respires	6
clodo	6
exorcisme	6
savants	6
jetterai	6
appréciée	6
torts	6
cécile	6
sioux	6
camé	6
glacière	6
flan	6
brandt	6
tope	6
orgue	6
premiére	6
visuelle	6
apportait	6
marx	6
faites-en	6
chirurgicale	6
katya	6
animale	6
abbey	6
pressions	6
donation	6
cerf-volant	6
nazes	6
pinocchio	6
crypte	6
solomon	6
figure-toi	6
créative	6
hermann	6
ménager	6
vautour	6
ennuierait	6
fœtus	6
terminus	6
bourrer	6
déchet	6
zhao	6
lache	6
transporteur	6
intégration	6
réussira	6
reporté	6
raul	6
jugés	6
pommade	6
iis	6
blade	6
lucius	6
déclin	6
diables	6
incognito	6
sommets	6
atteigne	6
laisse-lui	6
exagérez	6
épines	6
obscure	6
apache	6
quelqu	6
mayo	6
rôde	6
démolition	6
douillet	6
tomba	6
tige	6
por	6
shinji	6
spécifiques	6
ivres	6
réduits	6
duffy	6
effroyable	6
ukraine	6
fâchés	6
pétards	6
patriotes	6
cardassiens	6
sait-elle	6
duane	6
accidentelle	6
sonar	6
thérèse	6
atroces	6
délicieuses	6
confonds	6
extradition	6
décente	6
recevait	6
finissait	6
racket	6
trouve-le	6
milady	6
abonnement	6
déduction	6
stay	6
gare-toi	6
pol	6
procuration	6
réputé	6
mess	6
aveuglé	6
intellectuelle	6
capt	6
formée	6
colette	6
norme	6
gagnerez	6
thaï	6
enfuient	6
traitant	6
convaincante	6
ourson	6
dépendre	6
guérira	6
partirait	6
saisit	6
band	6
corrompre	6
wi-fi	6
agresseurs	6
explosera	6
offrirai	6
vêtu	6
plaines	6
davies	6
foutoir	6
potable	6
tenus	6
sanitaire	6
affectueux	6
hawks	6
honorée	6
sers-moi	6
pendus	6
salazar	6
brigands	6
céline	6
admiré	6
coéquipiers	6
lassie	6
cultivé	6
signalement	6
civilisés	6
âges	6
tuvok	6
levant	6
pouf	6
biais	6
écarte-toi	6
terrestres	6
sabine	6
lister	6
better	6
tonya	6
guido	6
pietro	6
hambourg	6
fauchée	6
éclaireurs	6
bof	6
sonnent	6
mesquin	6
dépouille	6
beat	6
montecito	6
supporterai	6
remettent	6
auggie	6
newark	6
lapd	6
cratère	6
hearst	6
felipe	6
couvre-moi	6
conserves	6
capitalisme	6
refroidit	6
pus	6
use	6
espèrent	6
volants	6
insolence	6
donne-leur	6
captivité	6
médiatique	6
minnie	6
choisirais	6
recommencera	6
grillés	6
haskell	6
logements	6
cahill	6
pédiatre	6
taf	6
colon	6
chatons	6
lèvent	6
branchée	6
françoise	6
vénère	6
consulte	6
productions	6
vante	6
hernie	6
équilibré	6
craie	6
datent	6
serait-elle	6
rover	6
skywalker	6
traîneau	6
did	6
ruinée	6
romps	6
into	6
campagnes	6
minuteur	6
démarrage	6
majeurs	6
génétiques	6
larson	6
viable	6
cléopâtre	6
furie	6
marchande	6
préférerait	6
confidentielle	6
immenses	6
arrangerait	6
ham	6
moustique	6
densité	6
retardement	6
aggrave	6
encourageant	6
kenya	6
prélever	6
garrison	6
électromagnétique	6
bouchées	6
contacterai	6
inquiete	6
délice	6
internationales	6
restrictions	6
ressentait	6
suppositions	6
occident	6
tenaient	6
cabines	6
menus	6
recherchés	6
requis	6
mitrailleuse	6
martine	6
lâcherai	6
remplacée	6
intrépide	6
reconstitution	6
tuberculose	6
combustible	6
vigilants	6
ratez	6
cappuccino	6
tori	6
fines	6
vivions	6
préoccupée	6
ninjas	6
joueuse	6
mouchoirs	6
brighton	6
romero	6
intendant	6
tatouer	6
alphonse	6
andi	6
pets	6
curieusement	6
bizut	6
mêles	6
coupent	6
michele	6
laboratoires	6
reconstituer	6
hébreu	6
réalités	6
révolutionnaires	6
passa	6
confessé	6
douille	6
ètait	6
partagée	6
sergei	6
rénovation	6
galop	6
college	6
hideux	6
roulante	6
générateurs	6
claquement	6
bobine	6
chercherai	6
dépassée	6
prentiss	6
nada	6
intolérable	6
fanatique	6
restants	6
cylon	6
accompagnez	6
asphyxie	6
cavalière	6
mutants	6
tendres	6
fast-food	6
arriviez	6
charpentier	6
vandalisme	6
elise	6
anonymat	6
snake	6
ride	6
swanson	6
shake	6
derby	6
taser	6
sobriété	6
importent	6
jfk	6
légales	6
électorale	6
couchent	6
altercation	6
allumage	6
congo	6
comprendriez	6
fondue	6
magiciens	6
africains	6
mutant	6
appuies	6
9e	6
concorde	6
accusent	6
mi6	6
tortures	6
fong	6
camera	6
calmant	6
arctique	6
sautent	6
inn	6
ouvrait	6
oakland	6
étincelles	6
conforme	6
rejoignez-nous	6
hansen	6
antarctique	6
civiles	6
obtiendra	6
engagez	6
paierais	6
exécutés	6
effectifs	6
portion	6
suspens	6
find	6
vendrai	6
réparateur	6
risquait	6
connecte	6
décolleté	6
piller	6
suivez-nous	6
forbes	6
shiva	6
explosent	6
novak	6
trixie	6
bermudes	6
couronnement	6
trust	6
converti	6
semelle	6
qualifiés	6
budapest	6
ignoriez	6
agricole	6
impulsions	6
neuro	6
théoriquement	6
twilight	6
parle-t-il	6
désigne	6
chicken	6
imperméable	6
poirot	6
avisé	6
vestes	6
traducteur	6
chauves-souris	6
au-dessous	6
dublin	6
fumeur	6
jardinage	6
afro	6
lâcheté	6
cartwright	6
matricule	6
angelina	6
amène-moi	6
fichez-moi	6
aperçoit	6
viv	6
rhétorique	6
obtiendrai	6
martyre	6
tireras	6
peloter	6
roubles	6
arrose	6
perçu	6
capitaines	6
brésilien	6
accros	6
dominion	6
suer	6
funéraire	6
grignoter	6
girafe	6
bagnoles	6
inaccessible	6
caresses	6
reculé	6
que-	6
bombarder	6
burrows	6
soprano	6
téléporteur	6
belge	6
précipite	6
tondeuse	6
institutions	6
basique	6
inimaginable	6
gaspillé	6
fall	6
neurones	6
obsédés	6
point-là	6
container	6
venge	6
opposés	6
baisent	6
nouveau-mexique	6
bénir	6
détaillé	6
hong-kong	6
cable	6
essaierais	6
pansements	6
détection	6
moralement	6
mu	6
dérangés	6
bobards	6
musicales	6
détonation	6
body	6
perspectives	6
larkin	6
oh-oh	6
tuons	6
clifford	6
millimètres	6
puéril	6
lavande	6
réguliers	6
attribuer	6
lunatique	6
receveur	6
andie	6
lièvre	6
fourmi	6
tiendrait	6
calcium	6
ouvrirai	6
dancing	6
lotion	6
7ème	6
psychopathes	6
lys	6
rebondir	6
couvres	6
postulé	6
pots-de-vin	6
quartier-maître	6
purger	6
pensionnat	6
génocide	6
affaibli	6
kingsley	6
bono	6
féminins	6
marla	6
supergirl	6
exclue	6
syphilis	6
rigolé	6
bavardages	6
vista	6
metro	6
gnôle	6
oscars	6
fixés	6
transmissions	6
diesel	6
chérir	6
raja	6
sonja	6
trèfle	6
reposez	6
globules	6
reparlerons	6
conformément	6
arturo	6
bandages	6
navid	6
établie	6
perdrait	6
battaient	6
entendiez	6
nous-même	6
bestiole	6
numero	6
matinale	6
garza	6
abandonnera	6
corail	6
bouseux	6
inséparables	6
mamma	6
lycéens	6
donnelly	6
couchage	6
cullen	6
chochotte	6
conjure	6
semblais	6
huang	6
mouille	6
légaux	6
admirais	6
entendras	6
vengé	6
joon	6
inaperçu	6
shadow	6
tapait	6
latine	6
riposte	6
mumbai	6
juvénile	6
identifiés	6
21h	6
déterré	6
lennon	6
sors-le	6
égales	6
phénix	6
pacey	6
démodé	6
projette	6
nulles	6
delgado	6
porte-monnaie	6
facilite	6
cerné	6
étudies	6
poussait	6
obtiendrez	6
rapproché	6
gotta	6
falsifié	6
harnais	6
aval	6
cliquetis	6
par-ci	6
apéritif	6
dina	6
nashville	6
ingrate	6
benji	6
tanière	6
vertus	6
contrefaçon	6
claquettes	6
marcie	6
pakistanais	6
pègre	6
fps	6
idee	6
derniére	6
serieux	6
dégoûtes	6
coute	6
funk	6
antérieure	6
shots	6
chronologie	6
janie	6
sauvez-vous	6
flaque	6
intitulé	6
jameson	6
aboiements	6
marlene	6
césarienne	6
écroulé	6
myra	6
intersection	6
promoteur	6
agissant	6
flocons	6
pochette	6
transfusion	6
charitable	6
chuter	6
changerais	6
hour	6
impatients	6
parcelle	6
profites	6
aigles	6
enseignante	6
kendra	6
récital	6
cheng	6
than	6
suzy	6
muriel	6
ebay	6
décapotable	6
semence	6
momo	6
permets-moi	6
callahan	6
voudrait-il	6
volts	6
sardines	6
prévient	6
indifférence	6
pourchasser	6
officieusement	6
symphonie	6
penn	6
ravoir	6
chouettes	6
mijote	6
pister	6
giflé	6
scellés	6
wilcox	6
dudley	6
gémir	6
vires	6
atteignent	6
memorial	6
lew	6
gout	6
stimuler	6
relire	6
deviennes	6
fertile	6
vaillant	6
noé	6
méprisable	6
sédatifs	6
culpabilise	6
reg	6
remarier	6
exam	6
vendais	6
louée	6
glauque	6
régale	6
retournez-vous	6
expédier	6
incompréhensible	6
exclusivement	6
moisissure	6
renoncez	6
foley	6
titra	6
barils	6
indulgent	6
emprisonnement	6
ferrée	6
remèdes	6
construisent	6
débauche	6
japs	6
sage-femme	6
confesse	6
cor	6
encouragements	6
incline	6
éminence	6
ouvre-la	6
gunnar	6
délégués	6
donnez-leur	6
aigu	6
leonardo	6
malloy	6
rigolade	6
réfléchisse	6
catalina	6
négligent	6
résoudra	6
réfléchissez-y	6
enverrait	6
padre	6
musées	6
bienfaisance	6
comptés	6
waldorf	6
dictature	6
acquisition	6
cosmo	6
trembles	6
friandises	6
rétro	6
rygel	6
rougir	6
sombrer	6
téléspectateurs	6
rabaisser	6
rolling	6
propice	6
repeindre	6
cocotte	6
vitamine	6
expressions	6
enlève-le	6
wagons	6
carpe	6
protestation	6
pff	6
radars	6
bambi	6
précédentes	6
coiffeuse	6
raceman	6
heurter	6
kms	6
défunte	6
changeront	6
pétales	6
elles-mêmes	6
rugby	6
débarrassée	6
comptons	6
tribal	6
surnoms	6
concernent	6
permettait	6
agatha	6
poursuivait	6
retracer	6
fixation	6
vannes	6
joujou	6
érable	6
ambulant	6
déshabille	6
reconnaîtra	6
rouleaux	6
puberté	6
cuve	6
retiennent	6
armand	6
juteux	6
somnifère	6
bâche	6
drain	6
crochets	6
kiffe	6
rendras	6
plutonium	6
fiole	6
fabriquée	6
vasquez	6
étreinte	6
présentable	6
adjudant	6
tahiti	6
déshonneur	6
délirant	6
léa	6
réécrire	6
abriter	6
dérangeait	6
justesse	6
exigent	6
conner	6
téméraire	6
animateur	6
graphique	6
écuries	6
styliste	6
cornell	6
divorces	6
poole	6
cadence	6
embêtant	6
touchdown	6
sato	6
renforce	6
horizons	6
androméda	6
agace	6
winslow	6
skier	6
rin	6
ardent	6
guides	6
fassions	6
observations	6
profitent	6
soufre	6
facultés	6
liverpool	6
cortège	6
acquitté	6
farces	6
explique-toi	6
envolée	6
mobilier	6
wook	6
annabelle	6
déficit	6
catin	6
gaga	6
steel	6
corp	6
drames	6
conclut	6
bellamy	6
piece	6
réalisateurs	6
haïssent	6
pinceau	6
smiley	6
mûres	6
récréation	6
sénile	6
ryo	6
abstinence	6
calmera	6
charmantes	6
contactée	6
hussein	6
miniature	6
niqué	6
etj'	6
shampooing	6
vaccins	6
jockey	6
chassés	6
boulanger	6
bagel	6
tonic	6
municipale	6
motard	6
terminés	6
encaisse	6
infrarouge	6
enveloppes	6
sous-estimer	6
ronfle	6
épinards	6
socialiste	6
étrangle	6
leave	6
barrow	6
infidélité	6
blasphème	6
internationaux	6
buy	6
op	6
gémissement	6
sagement	6
pyramides	6
dérangera	6
patti	6
épice	6
machins	6
dense	6
mécano	6
dus	6
enclos	6
braque	6
loges	6
mildred	6
cloud	6
forage	6
prenez-les	6
yves	6
structures	6
constate	6
remarquée	6
jp	6
truand	6
levi	6
beatrice	6
erika	6
sali	6
pairs	6
diplômés	6
révélée	6
inscriptions	6
penché	6
paraitre	6
commencerai	6
entaille	6
traînez	6
appelleras	6
pionniers	6
i1	6
marisa	6
donnerons	6
bloody	6
hurlement	6
enlève-moi	6
cocu	6
sands	6
ressemblais	6
foules	6
trinquer	6
risée	6
réunies	6
wilhelmina	6
sucres	6
cercueils	6
vende	6
empare	6
gobelet	6
anxieuse	6
aziz	6
vil	6
appréciais	6
reconnus	6
cuillères	6
réclament	6
oies	6
arkansas	6
stocker	6
composant	6
liaisons	6
mousquetaires	6
crus	6
filature	6
embrouillé	6
excréments	6
ringo	6
bambou	6
enlèvent	6
cannon	6
conçus	6
procuré	6
prouverai	6
repérée	6
représentez	6
cedric	6
coïncidences	6
lisbonne	6
bourgeoise	6
narrateur	6
pointée	6
donneurs	6
ay	6
extra-terrestre	6
légué	6
énergies	6
truands	6
entamer	6
voudrais-je	6
gonflable	6
électricien	6
autonome	6
frappés	6
moretti	6
gitans	6
camilla	6
visionnaire	6
truite	6
compte-rendu	6
pepe	6
grillée	6
mount	6
épuisement	6
soutirer	6
clavicule	6
uncut	6
palestine	6
mortalité	6
prélevé	6
ennuyais	6
causant	6
montrais	6
menez	6
munch	6
ju	6
paf	6
sergio	6
matin-là	6
inondé	6
gadgets	6
tombeur	6
neela	6
truc-là	6
télépathie	6
bannière	6
démasquer	6
pudeur	6
anecdote	6
remplacera	6
chics	6
autodestruction	6
accepterait	6
cafetière	6
ré	6
croirai	6
exacts	6
esteban	6
ressaisir	6
diffamation	6
secteurs	6
plaidé	6
déroutant	6
horde	6
truie	6
équipés	6
foute	6
conclue	6
cassent	6
compliqués	6
disputait	6
répéterai	6
odorat	6
grognon	6
visait	6
garfield	6
boulette	6
épuisés	6
convenir	6
aventurer	6
gratin	6
hypocrites	6
pomper	6
auditeurs	6
tiède	6
demandez-moi	6
finirais	6
natalia	6
desserts	6
loulou	6
présentera	6
rationnelle	6
coopératif	6
indication	6
suites	6
éradiquer	6
formel	6
rouille	6
britta	6
débit	6
flair	6
croisée	6
rivera	6
helga	6
coopérez	6
iriez	6
turn	6
changés	6
colonnes	6
saccagé	6
nellie	6
houdini	6
tucson	6
émue	6
goliath	6
qualifications	6
infernal	6
semble-t-il	6
parierais	6
égards	6
tremblent	6
demanderait	6
thelma	6
mackey	6
correspondait	6
pointent	6
séquences	6
gertrude	6
vaincus	6
jurez	6
lexie	6
crânes	6
royaumes	6
diamètre	6
croiseur	6
querelles	6
répercussions	6
haricot	6
nonnes	6
nouveau-né	6
fast	6
tuck	6
cerner	6
exclus	6
omaha	6
futile	6
donne-m'	6
tijuana	6
cités	6
rassemblent	6
élevées	6
invalide	6
nudité	6
rourke	6
frangine	6
blanchiment	6
virtuelle	6
sherwood	6
werner	6
juridiques	6
expérimenter	6
disperser	6
percée	6
arnaqué	6
beau-fils	6
révèlent	6
galilée	6
sunshine	6
acolyte	6
metropolis	6
investis	6
dentaires	6
pastèque	6
préfecture	6
shogun	6
baisés	6
passagère	6
balais	6
murdoch	6
obsède	6
renforcé	6
ramona	6
refusais	6
livrés	6
cohérent	6
paisiblement	6
dirty	6
maddox	6
vifs	6
inciter	6
edwin	6
nibards	6
géographie	6
éliminés	6
gagnerait	6
blanche-neige	6
angelica	6
négatives	6
mortimer	6
haïti	6
key	6
katia	6
hand	6
paternel	6
bonnets	6
palier	6
rounds	6
richardson	6
oserait	6
diffuse	6
écouteurs	6
disparitions	6
germes	6
méprends	6
santana	6
violeurs	6
cidre	6
norfolk	6
conor	6
sodas	6
aprês	6
fâcheux	6
lilith	6
massacrés	6
ramènent	6
défini	6
gillian	6
ramos	6
distribué	6
paralysée	6
fabriquent	6
maitresse	6
nachos	6
échappement	6
quo	6
ressemblaient	6
donnez-le	6
quota	6
cordelia	6
enverront	6
ogre	6
soucoupe	6
heller	6
copilote	6
lubrifiant	6
souriait	6
égo	6
starling	6
insomnie	6
harm	6
cuistot	6
coopérative	6
talyn	6
markus	6
pinte	6
surgit	6
nationalité	6
plaine	6
détruisant	6
bouclée	6
voyagent	6
lucratif	6
atf	6
cramé	6
augmentez	6
habillez-vous	6
désobéir	6
nerd	6
transmetteur	6
gourde	6
abdul	6
j-je	6
coalition	6
déconseille	6
entraînant	6
parks	6
refiler	6
pli	6
bertha	6
aorte	6
asseyait	6
jillian	6
remplaçante	6
conteste	6
récupérée	6
croyants	6
donnez-le-moi	6
qualifier	6
ewing	6
au-revoir	6
charmeur	6
évitons	6
aspiré	6
matraque	6
aucuns	6
alfie	6
compton	6
ravages	6
acceptées	6
végétarienne	6
jeton	6
rollins	6
poneys	6
dinah	6
selma	6
cendre	6
écritures	6
épaisseur	6
faye	6
vikings	6
éjecter	6
fei	6
déplacez	6
relevez	6
tropicale	6
soudoyer	6
mendier	6
allumées	6
confidence	6
pip	6
repartie	6
paieront	6
attrapez-les	6
recyclage	6
préoccupations	6
rail	6
divise	6
tirerez	6
canette	6
fesse	6
mathématique	6
seung	6
grimes	6
fraîchement	6
cupidon	6
dédicace	6
darby	6
fugué	6
guérisseur	6
brouillé	6
ecris	6
etaient	6
fanatiques	6
autocollant	6
cils	6
éprouvé	6
refaites	6
grouillez-vous	6
atrocités	6
vulcains	6
geronimo	6
bigfoot	6
voué	6
fuyons	6
inférieurs	6
cornichon	6
appendicite	6
inutilement	6
héréditaire	6
épargne-moi	6
échelons	6
singer	6
caches-tu	6
jusqu	6
transit	6
secouée	6
lunette	6
orthodoxe	6
talia	6
protégeais	6
collés	6
idioties	6
cravates	6
cycles	6
schémas	6
issu	6
prouvera	6
enlevez-moi	6
lents	6
robertson	6
impératif	6
prélèvements	6
oppression	6
spider-man	6
jetable	6
arrête-le	6
twist	6
vlad	6
prescrire	6
niki	6
repli	6
barrée	6
entourés	6
polis	6
fraction	6
gadget	6
mckinley	6
noisettes	6
prierai	6
entrepreneurs	6
dragué	6
floue	6
alcoolisme	6
incertain	6
avalanche	6
mâche	6
corvette	6
viendraient	6
demeuré	6
irréprochable	6
décevez	6
habilles	6
mentalité	6
moineau	6
réhabilitation	6
braun	6
dansais	6
préméditation	6
coqs	6
étagères	6
maigri	6
démontré	6
photographies	6
hemingway	6
rapportent	6
gagnons	6
aptitudes	6
coupant	6
préjudice	6
scofield	6
immiscer	6
fracturé	6
wilma	6
éduqué	6
hongrie	6
dicter	6
mettrons	6
infecter	6
chaplin	6
surprends	6
water	6
before	6
sauve-moi	6
neurologique	6
supplice	6
roulement	6
commerçants	6
disputaient	6
gringo	6
compote	6
chassent	6
coiffe	6
serres	6
tombale	6
recherchait	6
supprime	6
emportez	6
appelle-t-elle	6
nelly	6
merrick	6
remorque	6
gourmand	6
comprimé	6
enveloppé	6
souligner	6
donut	6
mussolini	6
kimono	6
galaxies	6
collent	6
oil	6
sections	6
dissimulé	6
couvrira	6
transformés	6
brûlées	6
jd	6
laissons-les	6
tiendras	6
contester	6
matinal	6
missionnaire	6
spider	6
existaient	6
ficher	6
paradoxe	6
masturber	6
immigrants	6
repartez	6
réincarnation	6
débrouillez-vous	6
fuyant	6
destiny	6
devrais-tu	6
conducteurs	6
mutuel	6
rencontrons	6
fitch	6
acides	6
very	6
submergé	6
elton	6
ambrose	6
véreux	6
boxeurs	6
rennes	6
pauses	6
appliqué	6
stratégies	6
méchamment	6
maigres	6
styles	6
mentirai	6
supporterais	6
foetus	6
bajor	6
paierait	6
mortelles	6
déconnecté	6
appréciait	6
kalinda	6
appele	6
négociateur	6
lsd	6
jupons	6
janeway	6
connaissiez-vous	6
grimace	6
contaminée	6
adverse	6
citoyenne	6
engendre	6
pourpre	6
essayiez	6
till	6
cloque	6
potence	6
kaplan	6
vitesses	6
papoter	6
ps	6
cheung	6
sévères	6
gâchée	6
joignez-vous	6
spontanée	6
parleront	6
atteints	6
cruise	6
olsen	6
connectée	6
sélectionné	6
géantes	6
sutures	6
antre	6
enflure	6
tourmenter	6
soumise	6
fischer	6
ème	6
loups-garous	6
princesses	6
kristina	6
maîtresses	6
bess	6
neveux	6
bluebell	6
trainée	6
kelsey	6
rajouté	6
capone	6
puissances	6
borg	6
logiciels	6
embrassait	6
ame	6
sharp	6
bipé	6
gu	6
hampton	6
fente	6
convulsions	6
commandements	6
charlene	6
rampant	6
récolté	6
encerclés	6
pû	6
python	6
seringues	6
sceller	6
méduse	6
flanders	6
fondamentalement	6
régent	6
réfléchirai	6
déduire	6
télés	6
économiques	6
empêchait	6
aboyer	6
eye	6
apogée	6
augure	6
endommagée	6
flirte	6
produira	6
claques	6
négociable	6
rigide	6
ch	6
cessent	6
mous	6
bradshaw	6
baston	6
brûlait	6
nostalgique	6
admirateurs	6
délicatesse	6
adios	6
today	6
taise	6
tendrement	6
boive	6
fly	6
technologique	6
étudiez	6
fatigant	6
oral	6
management	6
sim	6
réglons	6
plongeon	6
intraveineuse	6
mènes	6
remets-toi	6
wilde	6
hebdomadaire	6
sentiers	6
rainbow	6
cinquantaine	6
alliée	6
étonner	6
verger	6
récupères	6
timides	6
squelettes	6
commerçant	6
theodore	6
désirent	6
tiendront	6
conjugal	6
dessinée	6
strange	6
single	6
attachement	6
efforce	6
périr	6
renifler	6
recherchée	6
tariq	6
pénétration	6
jeanie	6
possèdes	6
consacre	6
arrêteras	6
rites	6
isis	6
contretemps	6
convalescence	6
sociable	6
accroches	6
parleur	6
edmond	6
avidité	6
maxime	6
rejouer	6
scene	6
orientale	6
bourdonnement	6
jimbo	6
audiences	6
citrons	6
oasis	6
miches	6
bolton	6
incurable	6
wesen	6
pions	6
proposez-vous	6
zéros	6
vice-présidente	6
mccall	6
aperçue	6
proportions	6
physicien	6
rhinocéros	6
expiré	6
attaquera	6
infidèles	6
videur	6
séparons-nous	6
luxure	6
cromwell	6
gaines	6
sachets	6
payerai	6
propulseurs	6
cochran	6
ardeur	6
torturée	6
gag	6
décrivez	6
holocauste	6
dévoilé	6
redevienne	6
soulevez	6
déployer	6
égyptien	6
héroïsme	6
slips	6
appartenu	6
immortelle	6
alerté	6
adoptif	6
refroidissement	6
spécialisée	6
excusée	6
days	6
honolulu	6
recharge	6
immigrés	6
fêtons	6
dégoûté	6
immobilière	6
réfugier	6
méfiance	6
pelles	6
lan	6
dicte	6
dénicher	6
caisson	6
sound	6
retrouvait	6
tampa	6
chorégraphie	6
dustin	6
myrtilles	6
taquine	6
gazeuse	6
hernandez	6
accordez-moi	6
survive	6
devrait-il	6
jetait	6
bénéficier	6
didi	6
petey	6
pèlerins	6
aide-le	6
réagissent	6
arrêtées	6
chrono	6
ursula	6
harceleur	6
réalisera	6
wan	6
mutilé	6
invitez	6
auditionner	6
terri	6
oublierais	6
hurley	6
grilles	6
dépendant	6
goudron	6
graffiti	6
plongeur	6
catégories	6
nageur	6
bouée	6
carats	6
vibration	6
sven	6
delphine	6
marlon	6
dunbar	6
défouler	6
alone	6
iraq	6
plaisantait	6
magda	6
sauvant	6
linden	6
prive	6
leeds	6
purifier	6
hailey	6
préserve	6
boira	6
compta	6
bélier	6
soucieux	6
fêté	6
phoque	6
spéculation	6
cnn	6
tot	6
trina	6
concernée	6
joyau	6
groupés	6
rj	6
espionnes	6
entrepôts	6
gradins	6
stéréo	6
niez	6
anguille	6
hyperespace	6
nathaniel	6
oublie-le	6
sentant	6
nationaux	6
thad	6
huiles	6
escapade	6
organisés	6
samedis	6
crockett	6
hiroshi	6
spontané	6
isolation	6
haineux	6
standards	6
masquer	6
troubler	6
débrouillera	6
allemandes	6
rubans	6
invitées	6
harding	6
visée	6
sangsues	6
montrons	6
imitateur	6
parenté	6
tôle	6
culturelle	6
failles	6
volais	6
bev	6
bungalow	6
rebord	6
célébrons	6
conviendrait	6
établit	6
cabinets	6
formons	6
disent-ils	6
poussette	6
snipers	6
convoquer	6
routiers	6
miséricordieux	6
westen	6
détendue	6
rescousse	6
délivré	6
gendarme	6
programmée	6
superstitieux	6
cottage	6
occuperais	6
cachemire	6
lâchera	6
manquons	6
macbeth	6
passez-le-moi	6
hélicos	6
apparente	6
piquée	6
12e	6
rapprochés	6
encaissé	6
erre	6
tatiana	6
pessimiste	6
temples	6
cbi	6
réfugié	6
vogel	6
poe	6
gitan	6
intérim	6
yoda	6
récré	6
vérifies	6
irrespectueux	6
potins	6
berk	6
combines	6
pancréas	6
midwest	6
impuissance	6
trique	6
etoile	6
descendra	6
sauvagement	6
préavis	6
désamorcer	6
intéressez	6
gardez-la	6
infime	6
pâtée	6
abomination	6
enlèvements	6
panthère	6
hoo	6
driscoll	6
inc	6
plateaux	6
thatcher	6
amnésique	6
différencier	6
rendrez	6
règlements	6
justiciers	6
dring	6
urbain	6
ctu	6
ambulances	6
ports	6
reuben	6
interférence	6
roumanie	6
pesant	6
sensei	6
cascades	6
curly	6
devineras	6
blabla	6
portées	6
serial	6
frappera	6
zelda	6
patinoire	6
encule	6
réglera	6
accroc	6
cm2	6
reçues	6
gingembre	6
frêre	6
kovac	6
verset	6
gelés	6
gamines	6
sponsors	6
rendront	6
colomb	6
supportent	6
fillettes	6
voyagez	6
mineures	6
vilaines	6
occidental	6
agressifs	6
reçoive	6
testostérone	6
rafe	6
organisent	6
importuner	6
algèbre	6
caleçons	6
victorieux	6
louisa	6
sg-1	6
rencontreras	6
oooh	6
résistants	6
meures	6
joanie	6
associe	6
warwick	6
habitat	6
lancent	6
finesse	6
borgia	6
judiciaires	6
krishna	6
arjun	6
bohort	6
bubba	6
connection	6
trouvions	6
lassiter	6
protectrice	6
blesses	6
rica	6
défendez	6
garderais	6
éjecté	6
tag	6
rivalité	6
dévastée	6
communes	6
contentez-vous	6
porterait	6
bercail	6
schizophrène	6
gibbons	6
war	6
gouine	6
kryptonite	6
casper	6
approchant	6
ravir	6
latex	6
walk	6
cardio	6
redémarrer	6
réconforte	6
machette	6
vivrons	6
spears	6
parvati	6
hare	6
gianni	6
décoder	6
interrogez	6
casanova	6
dandy	6
ouep	6
intenses	6
ouch	6
retires	6
devez-vous	6
martyrs	6
déshonoré	6
conversion	6
salons	6
dominant	6
davenport	6
b0	6
cavité	6
autographes	6
lis-le	6
parjure	6
dormiras	6
cotton	6
retrouveront	6
asher	6
envol	6
enterrements	6
bronson	6
prothèse	6
navigateur	6
incertitude	6
extérieurs	6
savent-ils	6
infecte	6
mariera	6
raquel	6
reconnaissent	6
dérouler	6
immortels	6
somnambule	6
swift	6
clore	6
langston	6
éclipser	6
recrute	6
étaler	6
sermons	6
weir	6
georgetown	6
reddition	6
lâchée	6
sexiste	6
exquise	6
aang	6
anubis	6
protégeant	6
referais	6
ovale	6
smash	6
nappe	6
consommé	6
sauts	6
conclus	6
reveniez	6
absurdité	6
ras-le-bol	6
signor	6
mayer	6
antidépresseurs	6
ori	6
dialogues	6
porteras	6
arlo	6
vibrer	6
assurés	6
coordination	6
señorita	6
planifie	6
creusez	6
confiante	6
virement	6
dormiez	6
bash	6
disparait	6
ab	6
divisions	6
civière	6
trinque	6
rimmer	6
infernale	6
déroulé	6
gilets	6
souches	6
rolls	6
reconnaîtrais	6
implanté	6
humides	6
hendrix	6
gogo	6
joss	6
priscilla	6
mouse	6
berta	6
luxueux	6
prouvez-le	6
bretzels	6
individuelle	6
angélique	6
foutaise	6
volera	6
préventive	6
choisira	6
supériorité	6
bascule	6
poulailler	6
découvres	6
fémur	6
turbo	6
hook	6
sanjay	6
ennuient	6
mitsuko	6
posez-le	6
joliment	6
muscu	6
viêt-nam	6
nébuleuse	6
débarrassez-vous	6
doté	6
recoller	6
touristique	6
robby	6
admissions	6
quincy	6
cathéter	6
remercieras	6
tolérerai	6
greffier	6
hs	6
suffiront	6
arnaqueur	6
mcqueen	6
baise-moi	6
symbolise	6
bienfaiteur	6
interviens	6
africaine	6
souviendras	6
reverrais	6
devines	6
épater	6
nase	6
significatif	6
bouddhiste	6
everybody	6
partages	6
recouvre	6
appartenaient	6
pénicilline	6
brulé	6
compatibles	6
sot	6
terrorisé	6
masseur	6
stones	6
voyeur	6
cruciale	6
scientologie	6
reve	6
effacés	6
nemo	6
hiroshima	6
patriotisme	6
chantiers	6
virgule	6
aura-t-il	6
wen	6
pare-feu	6
enquêtez	6
corbeille	6
berline	6
fouillent	6
basculer	6
en-cas	6
voûte	6
lave-vaisselle	6
stocks	6
bro	6
féministe	6
bawk	6
commissions	6
émotif	6
suisses	6
ouvrez-le	6
poulain	6
nagé	6
appréciera	6
tirons	6
raie	6
borné	6
empêcherai	6
alejandro	6
nassau	6
râle	6
interception	6
saignant	6
ramène-toi	6
interminable	6
serveuses	6
espérons-le	6
cassius	6
méfiant	6
concessions	6
caniche	6
supporters	6
fs72	6
réacteurs	6
comptables	6
tapage	6
whit	6
retourneras	6
appendice	6
réussisse	6
avancement	6
brûlera	6
bulletins	6
vison	6
freiner	6
phelps	6
vexe	6
traumatisé	6
négros	6
espêre	6
ronny	6
sécurisez	6
choisisse	6
devinettes	6
épouvantail	6
suggères	6
moeurs	6
désirais	6
delaware	6
rigolais	6
carotide	6
reconquérir	6
mignonnes	6
trã	6
without	6
milhouse	6
congrégation	6
embêté	6
pourrit	6
chassez	6
soucient	6
farnsworth	6
exaucé	6
beaumont	6
fréquentait	6
devil	6
firent	6
théorique	6
peintres	6
affût	6
shorty	6
doives	6
cortez	6
lieues	6
tristement	6
niche	6
supposez	6
festivités	6
branch	6
auguste	6
tibet	6
aisément	6
découvrait	6
garde-côtes	6
confidentiels	6
mill	6
désorienté	6
songez	6
prétendait	6
réussissent	6
gustav	6
décourager	6
remballe	6
connors	6
influent	6
milwaukee	6
sylvie	6
vincenzo	6
danvers	6
dougal	6
manuellement	6
adeptes	6
décédés	6
mât	6
worth	6
travesti	6
postales	6
gogh	6
birmingham	6
faisceau	6
détruirai	6
yolanda	6
déplaisant	6
payais	6
publicités	6
désirée	6
terrier	6
tourtereaux	6
morue	6
cérémonies	6
baek	6
guette	6
exclusif	6
étouffée	6
kaamelott	6
branleurs	6
marmite	6
repensant	6
rincer	6
bombardé	6
supportais	6
bagels	6
coffret	6
rassurée	6
améliorée	6
leblanc	6
clochait	6
persiste	6
rosario	6
flatter	6
indestructible	6
juanita	6
indemnités	6
porcherie	6
everest	6
puent	6
chaleureuse	6
brisées	6
nettoyée	6
caméraman	6
ressentiment	6
hors-jeu	6
amicaux	6
grand-maman	6
aimante	6
soudan	6
godfrey	6
gronde	6
yay	6
adele	6
débarquement	6
içi	6
manipulateur	6
circulent	6
aha	6
starbucks	6
présentait	6
oseille	6
sanctifié	6
entraînes	6
jeffries	6
rohan	6
mettrez	6
convenait	6
soupçonner	6
existes	6
interieur	6
écoule	6
viola	6
eloigne-toi	6
radieuse	6
richter	6
biblique	6
explosive	6
ade	6
engendré	6
glaçage	6
taureaux	6
suspicieux	6
balades	6
grimpez	6
hae	6
intimidé	6
rechute	6
torchon	6
climatisation	6
canoë	6
kermit	6
benedict	6
repliez-vous	6
dysfonctionnement	6
relique	6
escargot	6
reposé	6
employeurs	6
bouclez	6
extérieures	6
kessler	6
affront	6
étourdi	6
gaillard	6
détruise	6
sols	6
capsules	6
survis	6
ténébreux	6
signifierait	6
disputez	6
acceptation	6
photographié	6
croquettes	6
normandie	6
ti	6
lépreux	6
marchander	6
algérie	6
sd-6	6
surprenante	6
abbaye	6
vertueux	6
tourmenté	6
prédécesseur	6
sabres	6
mettaient	6
apparus	6
achevée	6
flo	6
souffrante	6
utilisateur	6
iraient	6
mangée	6
commencerons	6
rôder	6
india	6
adjoints	6
wilbur	6
épuise	6
bruyante	6
shaolin	6
14h	6
vendetta	6
silvia	6
esquive	6
pédiatrie	6
colo	6
imaginaires	6
redescends	6
interner	6
jetant	6
feuilleton	6
déranges	6
lafayette	6
lumineuse	6
entorse	6
lama	6
ramenait	6
filmée	6
josef	6
échéance	6
rentrerais	6
marrants	6
fédérales	6
flingué	6
exceptions	6
invoque	6
radha	6
whiskey	6
buste	6
retenus	6
vo	6
expédié	6
retirés	6
tardive	6
porte-avions	6
confortables	6
gareth	6
inconsciemment	6
agirait	6
précède	6
ressemblera	6
stratagème	6
épuiser	6
suzuki	6
abats	6
déduit	6
suarez	6
chavez	6
fromages	6
reardon	6
déployé	6
hallucinant	6
reporters	6
repérage	6
branchés	6
pom	6
schizophrénie	6
bombardements	6
infirmiers	6
andreas	6
transportait	6
surplus	6
natal	6
ligoté	6
mourais	6
dethklok	6
urss	6
observent	6
grondement	6
pigez	6
hathaway	6
typiquement	6
vivrais	6
bougerai	6
remy	6
géométrie	6
podium	6
wellington	6
ressemblerait	6
marde	6
dégustation	6
emprisonner	6
défile	6
intérimaire	6
présidentiel	6
brises	6
aligner	6
giorgio	6
scottie	6
attendus	6
câlisse	6
véranda	6
oubliées	6
auraient-ils	6
projeter	6
rosée	6
adjointe	6
enquêtent	6
remarquera	6
reconnaisse	6
lambeaux	6
carabine	6
baume	6
frontal	6
deke	6
chino	6
cagoule	6
empêchez	6
radioactif	6
déguisés	6
amandes	6
tuerez	6
delilah	6
lugubre	6
glandes	6
milly	6
gardez-les	6
mcbride	6
carmichael	6
buckingham	6
répandue	6
reliée	6
équipée	6
prévenant	6
kristin	6
adorerai	6
echec	6
carr	6
décide-toi	6
bougera	6
anthrax	6
mogo	6
martien	6
radieux	6
teinture	6
résidu	6
galeries	6
willoughby	6
recouvrir	6
reposes	6
siegfried	6
envahisseurs	6
crawley	6
ridley	6
frits	6
insuffisant	6
clarissa	6
aérodrome	6
alternatives	6
aurevoir	6
chandelles	6
suceur	6
lamar	6
essuyé	6
questionné	6
assurance-vie	6
manigances	6
geneviève	6
caissier	6
propager	6
mouettes	6
pâtissier	6
civiques	6
causent	6
achèterais	6
radicale	6
élaborer	6
rochelle	6
chimpanzé	6
infantile	6
trachée	6
consomme	6
brasserie	6
clairon	6
pétasses	6
dahlia	6
étudiait	6
clem	6
approchait	6
improvise	6
absorbe	6
controle	6
enfoui	6
lowe	6
bandés	6
repères	6
greenwich	6
garces	6
cousu	6
diversité	6
dévoile	6
calvaire	6
milk-shake	6
autruche	6
défaites	6
francfort	6
lentille	6
cyber	6
guidée	6
maltraité	6
baisses	6
buanderie	6
hear	6
emil	6
eren	6
secrétaires	6
bistrot	6
vagabonds	6
pariez	6
tiendrons	6
auschwitz	6
corbett	6
miki	6
karan	6
darlene	6
instructif	6
rosalie	6
appelez-nous	6
imam	6
ecg	6
hackers	6
affaiblit	6
cappie	6
zac	6
faces	6
irritable	6
guidage	6
enlevées	6
geisha	6
restreint	6
entendons	6
samir	6
générer	6
cavanaugh	6
présentez-vous	6
comparée	6
enverrais	6
commenter	6
believe	6
simultanément	6
abaisser	6
vanne	6
continuerons	6
affaiblir	6
habileté	6
abstenir	6
tentons	6
manquerez	6
franny	6
marwan	6
carmine	6
soutenez	6
cao	6
communautés	6
willard	6
récepteur	6
détache-moi	6
montera	6
chiana	6
espérions	6
tj	6
lira	6
confirmera	6
enclin	6
vulgaires	6
accélération	6
osborne	6
ernst	6
tournera	6
citations	6
grand-papa	6
etiez-vous	6
vient-elle	6
amenait	6
fixez	6
aigoo	6
broyeur	6
quitterais	6
coureurs	6
levés	6
circulaire	6
chasteté	6
fraser	6
apitoyer	6
arthrite	6
extrémités	6
connell	6
rebekah	6
pare-chocs	6
redresse	6
productrice	6
rie	6
scanlon	6
atome	6
adriana	6
fatima	6
custer	6
palpitant	6
mangés	6
bertrand	6
chasses	6
fraîcheur	6
peel	6
aquatique	6
boirais	6
pyjamas	6
calcule	6
venezuela	6
marierai	6
mahomet	6
quittais	6
profitons	6
apprenons	6
blindée	6
cacao	6
athée	6
inscrits	6
actuels	6
fay	6
poseur	6
coulait	6
forever	6
quoiqu	6
commodore	6
partiellement	6
mystic	6
escargots	6
dîtes-moi	6
mémoriser	6
grover	6
insultez	6
nacelle	6
punaises	6
softball	6
épingles	6
tarifs	6
frite	6
crypté	6
crêpe	6
juice	6
psychologiquement	6
purs	6
ramenés	6
décapiter	6
passe-le-moi	6
arès	6
ignorants	6
télépathe	6
déplacés	6
rends-le-moi	6
instruit	6
glousse	6
donnez-vous	6
janey	6
thérapeutique	6
piger	6
caddie	6
parle-nous	6
miaou	6
montrez-lui	6
eisenhower	6
bronzé	6
allier	6
weber	6
desert	6
maw	6
thank	6
pyromane	6
informatiques	6
must	6
shooter	6
maléfiques	6
rapportera	6
intuber	6
voisines	6
prêtresse	6
vexée	6
répression	6
épargnez-moi	6
hybrides	6
extrémistes	6
celle-la	6
envoyais	6
détruirait	6
risquerait	6
vieillards	6
baisait	6
filiale	6
cherchions	6
tesla	6
marisol	6
lèvera	6
trombone	6
nurse	6
appréhender	6
épouse-moi	6
barclay	6
purgé	6
palestiniens	6
maîtrisé	6
confrontés	6
caméléon	6
variables	6
arrêtez-moi	6
apparait	6
masturbation	6
officielles	6
foutons	6
ortiz	6
guignol	6
lamb	6
interrompue	6
administratif	6
these	6
myka	6
snack	6
plongeurs	6
arrogante	6
installez	6
intrigué	6
rappelais	6
piquant	6
dickens	6
gâter	6
apprenais	6
mirage	6
crade	6
dérivé	6
ressentez-vous	6
shorts	6
paysanne	6
confidentielles	6
fauteuils	6
conservatoire	6
pénurie	6
dégoté	6
expresso	6
libéral	6
osais	6
boomer	6
roules	6
levons	6
édifice	6
matez	6
démontre	6
bloquées	6
paysages	6
c-4	6
kowalski	6
pâtisseries	6
tiny	6
lexington	6
fourre	6
completement	6
amaar	6
revus	6
télévisé	6
rimes	6
aumônier	6
organisateur	6
achetant	6
kings	6
indistinctes	6
étes	6
désarmer	6
respectée	6
law	6
adalind	6
suv	6
chapitres	6
avancés	6
frustrée	6
fight	6
terrance	6
manigancé	6
colliers	6
joui	6
paparazzi	6
tumeurs	6
braqueurs	6
énervés	6
crown	6
opérée	6
visibilité	6
infections	6
dévié	6
sautant	6
emballée	6
guthrie	6
babylone	6
ration	6
administrer	6
accomplissement	6
delenn	6
adéquat	6
neutralisé	6
curt	6
discutent	6
caractéristique	6
votent	6
bise	6
benoît	6
orchidée	6
tania	6
imprime	6
locomotive	6
opportun	6
conquêtes	6
aborde	6
honteuse	6
christa	6
ramer	6
pinky	6
indulgence	6
solennellement	6
gate	6
couvertes	6
bancs	6
brouille	6
sauvez-moi	6
windsor	6
prem	6
condescendant	6
rompt	6
côté-là	6
raina	6
restées	6
désole	6
coréenne	6
chenille	6
valentina	6
markham	6
fourrures	6
fidel	6
assoiffé	6
garde-les	6
ambitieuse	6
pollen	6
chéquier	6
dojo	6
nanny	6
piétiner	6
blanca	6
glass	6
accède	6
catastrophes	6
model	6
boyaux	6
beyrouth	6
grossit	6
opérationnelle	6
déciderai	6
positives	6
ronger	6
arrière-plan	6
blanchisserie	6
stores	6
tin	6
injustement	6
amendes	6
digitale	6
logé	6
supportait	6
purcell	6
fabriquez	6
bûche	6
lam	6
considérablement	6
tourments	6
acharné	6
krypton	6
candice	6
parallèles	6
orchidées	6
députés	6
moustaches	6
licencier	6
schultz	6
déserteur	6
revenues	6
mules	6
mandarin	6
incarcéré	6
restaient	6
vitales	6
seras-tu	6
jette-le	6
négliger	6
rab	6
moses	6
ensorcelé	6
antennes	6
kumar	6
anti	6
immobiliers	6
rolex	6
doreen	6
débutants	6
décombres	6
discréditer	6
souviennes	6
canton	6
contactera	6
elder	6
gynéco	6
mi5	6
prestigieux	6
kali	6
demandes-tu	6
charte	6
poussant	6
représentes	6
enchante	6
établis	6
asperger	6
professionnellement	6
hauser	6
pulitzer	6
larves	6
manoeuvres	6
balèze	6
mentales	6
niagara	6
jurons	6
provoquée	6
costello	6
cowboys	6
should	6
starsky	6
assassine	6
vauriens	6
condamnations	6
tourte	6
forrester	6
lectures	6
réunissent	6
docile	6
évadés	6
engueule	6
pj	6
surveille-le	6
gardiez	6
accrochez	6
vendons	6
quinzaine	6
st-valentin	6
révérence	6
créateurs	6
popotin	6
musulmane	6
escadrille	6
larissa	6
respirait	6
dévalisé	6
corrompue	6
eureka	6
toxicologique	6
téton	6
carpenter	6
moisson	6
rambo	6
ouvrez-moi	6
dis-je	6
dharma	6
peureux	6
bessie	6
igs	6
terrifie	6
dosage	6
gouvernail	6
neelix	6
sauverai	6
flasque	6
mein	6
risquerais	6
burgess	6
surnomme	6
retombées	6
retirent	6
enquêtait	6
tapettes	6
requise	6
sororité	6
silva	6
henrik	6
impolie	6
maudites	6
éclaboussures	6
intubation	6
observait	6
piliers	6
mouillées	6
demandaient	6
another	6
crim	6
hero	6
relaxant	6
déchirure	6
redonne	6
radiologie	6
rapprochée	6
surgir	6
postal	6
recommencerai	6
carapace	6
refroidi	6
talisman	6
battle	6
vivrait	6
eminence	6
food	6
hélice	6
limitées	6
dolan	6
living	6
épousera	6
bénite	6
8ème	6
occupant	6
ecrit	6
claus	6
occupons	6
greendale	6
explorateur	6
pif	6
avertie	6
planétaire	6
uh-oh	6
finley	6
transferts	6
latitude	6
dépanneuse	6
battante	6
puante	6
hôtesses	6
retirez-vous	6
pieuvre	6
rattraperai	6
existais	6
synonyme	6
tonalité	6
épicier	6
safari	6
vignoble	6
apprit	6
régaler	6
hallie	6
lancaster	6
jouez-vous	6
figé	6
recu	6
kangourou	6
abs	6
chakotay	6
taquiner	6
selina	6
suiviez	6
armer	6
serviront	6
minutieux	6
johnnie	6
droïdes	6
raffut	6
dubaï	6
formellement	6
intentionnel	6
hewes	6
accordéon	6
indes	6
damnés	6
selles	6
patrouiller	6
épiler	6
stase	6
berceuse	6
johan	6
viper	6
égorger	6
complication	6
psi	6
bénévoles	6
viseur	6
dempsey	6
versailles	6
saturne	6
inscris	6
clocher	6
patio	6
contagieuse	6
souvenue	6
moira	6
partition	6
défoncés	6
célibat	6
resta	6
pooja	6
primordial	6
tachycardie	6
écrivant	6
judd	6
abner	6
authenticité	6
disposez	6
help	6
suspicion	6
fumiers	6
bohannon	6
sentinelle	6
sã	6
endommager	6
kruger	6
déménages	6
dépanner	6
halètement	6
vocales	6
chameaux	6
vapeurs	6
fuji	6
doo	6
