# German CEFR Vocabulary Database (A1=1, A2=2, B1=3, B2=4, C1=5, C2=6)
# Word	Level
a	1
ab	1
abend	1
aber	1
absolut	1
ach	1
acht	1
agent	1
ah	1
ahnung	1
all	1
alle	1
allein	1
alleine	1
allem	1
allen	1
alles	1
als	1
also	1
alt	1
alte	1
alten	1
alter	1
am	1
an	1
andere	1
anderen	1
anderes	1
anders	1
anfang	1
anfangen	1
angerufen	1
angst	1
anrufen	1
antwort	1
arbeit	1
arbeite	1
arbeiten	1
arbeitet	1
arsch	1
arschloch	1
art	1
arzt	1
auch	1
auf	1
aufhören	1
aufs	1
auge	1
augen	1
augenblick	1
aus	1
auto	1
außer	1
außerdem	1
baby	1
bald	1
bedeutet	1
behalten	1
bei	1
beide	1
beiden	1
beim	1
bekommen	1
bekommt	1
benutzt	1
bereit	1
bereits	1
bescheid	1
besonders	1
besser	1
beste	1
besten	1
bestimmt	1
bett	1
bevor	1
bewegung	1
bezahlen	1
bezahlt	1
bild	1
bin	1
bis	1
bis später	1
bisschen	1
bist	1
bitte	1
bitten	1
bleib	1
bleiben	1
bleibt	1
bloß	1
blut	1
boden	1
boss	1
brauche	1
brauchen	1
brauchst	1
braucht	1
bring	1
bringe	1
bringen	1
bringt	1
brot	1
bruder	1
buch	1
böse	1
büro	1
captain	1
chance	1
charlie	1
cool	1
da	1
dabei	1
dachte	1
dad	1
daddy	1
dafür	1
dagegen	1
damals	1
damit	1
danach	1
dank	1
danke	1
dann	1
daran	1
darauf	1
darf	1
darum	1
darüber	1
das	1
dass	1
davon	1
dazu	1
daß	1
dein	1
deine	1
deinem	1
deinen	1
deiner	1
dem	1
den	1
denen	1
denk	1
denke	1
denken	1
denkst	1
denkt	1
denn	1
der	1
des	1
deshalb	1
deswegen	1
deutsch	1
dich	1
die	1
dies	1
diese	1
diesem	1
diesen	1
dieser	1
dieses	1
ding	1
dinge	1
dir	1
direkt	1
doch	1
doktor	1
dollar	1
dort	1
dran	1
drauf	1
draußen	1
drei	1
drin	1
drüben	1
du	1
dumm	1
durch	1
dürfen	1
eben	1
echt	1
egal	1
eher	1
ehrlich	1
eigenen	1
eigentlich	1
ein	1
eine	1
einem	1
einen	1
einer	1
eines	1
einfach	1
einige	1
einmal	1
eins	1
einzige	1
eltern	1
ende	1
endlich	1
entscheidung	1
entschuldige	1
entschuldigen	1
entschuldigung	1
er	1
erde	1
erfahren	1
erinnere	1
erinnern	1
erinnerst	1
erklären	1
ernst	1
erst	1
erste	1
ersten	1
erwartet	1
erzählen	1
erzählt	1
es	1
essen	1
etwa	1
etwas	1
euch	1
euer	1
eure	1
fahren	1
fall	1
fallen	1
falls	1
falsch	1
familie	1
fand	1
fangen	1
fast	1
fehler	1
fenster	1
fertig	1
fest	1
feuer	1
film	1
finde	1
finden	1
findest	1
findet	1
fliegen	1
folgen	1
fort	1
frage	1
fragen	1
frank	1
frau	1
frauen	1
frei	1
freund	1
freunde	1
freundin	1
froh	1
früh	1
früher	1
funktioniert	1
fällt	1
fühle	1
fühlen	1
führen	1
fünf	1
für	1
gab	1
ganz	1
ganze	1
ganzen	1
gar	1
gebe	1
geben	1
gebracht	1
gedacht	1
gedanken	1
gefahr	1
gefallen	1
gefragt	1
gefunden	1
gefährlich	1
gefällt	1
gefängnis	1
gefühl	1
gegangen	1
gegeben	1
gegen	1
geh	1
gehe	1
gehen	1
gehst	1
geht	1
gehört	1
gekommen	1
geld	1
gemacht	1
genau	1
genauso	1
general	1
genommen	1
genug	1
george	1
gerade	1
gerettet	1
gern	1
gerne	1
gesagt	1
geschafft	1
geschehen	1
geschichte	1
geschickt	1
geschäft	1
gesehen	1
gesicht	1
gesprochen	1
gestern	1
gestorben	1
getan	1
getroffen	1
getötet	1
gewesen	1
gewinnen	1
geworden	1
gib	1
gibt	1
ging	1
glaub	1
glaube	1
glauben	1
glaubst	1
glaubt	1
gleich	1
glück	1
glücklich	1
gott	1
groß	1
großartig	1
große	1
großen	1
großer	1
grund	1
gut	1
gute	1
guten	1
guten morgen	1
guter	1
gutes	1
ha	1
hab	1
habe	1
haben	1
habt	1
hallo	1
halt	1
halte	1
halten	1
hand	1
handy	1
hart	1
hasse	1
hast	1
hat	1
hatte	1
hatten	1
hattest	1
haus	1
hause	1
he	1
heiraten	1
heißen	1
heißt	1
helfen	1
her	1
heraus	1
herr	1
herren	1
herz	1
heute	1
hey	1
hi	1
hier	1
hierher	1
hilfe	1
hilft	1
himmel	1
hin	1
hinten	1
hinter	1
hm	1
hoch	1
hoffe	1
hol	1
hole	1
holen	1
hotel	1
hund	1
hält	1
hände	1
hätte	1
hätten	1
hättest	1
hölle	1
hör	1
höre	1
hören	1
hörst	1
hört	1
hörte	1
i	1
ich	1
ich verstehe nicht	1
idee	1
idiot	1
ihm	1
ihn	1
ihnen	1
ihr	1
ihre	1
ihrem	1
ihren	1
ihrer	1
ihres	1
im	1
immer	1
in	1
ins	1
interessiert	1
irgendwas	1
irgendwie	1
irgendwo	1
ist	1
ja	1
jack	1
jahr	1
jahre	1
jahren	1
je	1
jede	1
jedem	1
jeden	1
jeder	1
jedes	1
jemals	1
jemand	1
jemandem	1
jemanden	1
jetzt	1
job	1
joe	1
john	1
junge	1
jungen	1
jungs	1
kaffee	1
kam	1
kamen	1
kampf	1
kann	1
kannst	1
kaufen	1
kaum	1
kein	1
keine	1
keinen	1
keiner	1
kenne	1
kennen	1
kennst	1
kennt	1
kerl	1
kind	1
kinder	1
klar	1
klasse	1
klein	1
kleine	1
kleinen	1
kleiner	1
kleines	1
klingt	1
komisch	1
komm	1
komme	1
kommen	1
kommst	1
kommt	1
konnte	1
konnten	1
kopf	1
krank	1
krankenhaus	1
krieg	1
kriegen	1
kumpel	1
kurz	1
kämpfen	1
könig	1
können	1
könnt	1
könnte	1
könnten	1
könntest	1
körper	1
kümmern	1
lachen	1
lacht	1
laden	1
land	1
lang	1
lange	1
langsam	1
lass	1
lasse	1
lassen	1
lasst	1
laufen	1
laut	1
leben	1
lebens	1
lebt	1
legen	1
leiche	1
leicht	1
leid	1
leider	1
lernen	1
lesen	1
letzte	1
letzten	1
leute	1
leuten	1
licht	1
liebe	1
lieben	1
lieber	1
liebling	1
liebt	1
liegen	1
liegt	1
los	1
luft	1
lustig	1
länger	1
lässt	1
läuft	1
ma	1
mach	1
mache	1
machen	1
machst	1
macht	1
machte	1
mag	1
mal	1
mama	1
man	1
manchmal	1
mann	1
mary	1
mehr	1
mein	1
meine	1
meinem	1
meinen	1
meiner	1
meines	1
meinst	1
meinung	1
meisten	1
meister	1
menge	1
mensch	1
menschen	1
mich	1
michael	1
mike	1
millionen	1
minuten	1
mir	1
miss	1
mist	1
mit	1
mom	1
moment	1
monate	1
monaten	1
mord	1
morgen	1
mr	1
mund	1
musik	1
muss	1
musst	1
musste	1
mutter	1
mädchen	1
männer	1
möchte	1
möchten	1
möchtest	1
mögen	1
möglich	1
mörder	1
müssen	1
n	1
na	1
nach	1
nachdem	1
nachricht	1
nacht	1
name	1
namen	1
natürlich	1
ne	1
nehme	1
nehmen	1
nein	1
nennen	1
nett	1
neu	1
neue	1
neuen	1
neues	1
new	1
nicht	1
nichts	1
nie	1
niemals	1
niemand	1
niemanden	1
nimm	1
nimmt	1
noch	1
nochmal	1
nummer	1
nun	1
nur	1
nächste	1
nächsten	1
nähe	1
nötig	1
o	1
ob	1
oben	1
obwohl	1
oder	1
oft	1
oh	1
ohne	1
ok	1
okay	1
onkel	1
opfer	1
ordnung	1
ort	1
paar	1
papa	1
party	1
pass	1
passieren	1
passiert	1
passt	1
perfekt	1
person	1
peter	1
plan	1
platz	1
plötzlich	1
polizei	1
problem	1
probleme	1
raus	1
recht	1
rede	1
reden	1
redest	1
regeln	1
reicht	1
rein	1
rest	1
retten	1
richtig	1
richtige	1
ruf	1
rufe	1
rufen	1
ruhe	1
ruhig	1
rum	1
runter	1
s	1
sache	1
sachen	1
sag	1
sage	1
sagen	1
sagst	1
sagt	1
sagte	1
sagten	1
sah	1
sam	1
schaffen	1
schatz	1
schau	1
schauen	1
scheint	1
scheiß	1
scheiße	1
schicken	1
schiff	1
schlafen	1
schlecht	1
schlimm	1
schlimmer	1
schluss	1
schlüssel	1
schnell	1
schneller	1
schon	1
schreiben	1
schuld	1
schule	1
schwer	1
schwester	1
schätze	1
schön	1
schöne	1
sechs	1
sehe	1
sehen	1
sehr	1
seht	1
sei	1
seid	1
seien	1
sein	1
seine	1
seinem	1
seinen	1
seiner	1
seit	1
seite	1
selbst	1
setz	1
setzen	1
sex	1
sich	1
sicher	1
sicherheit	1
sie	1
sieben	1
sieh	1
siehst	1
sieht	1
sind	1
sinn	1
sir	1
sitzen	1
so	1
sobald	1
sofort	1
sogar	1
sohn	1
solange	1
solche	1
soll	1
sollen	1
sollst	1
sollte	1
sollten	1
solltest	1
sondern	1
sonst	1
sorge	1
sorgen	1
spaß	1
spiel	1
spielen	1
spielt	1
sprache	1
sprechen	1
spricht	1
spät	1
später	1
stadt	1
stand	1
starb	1
stark	1
stehen	1
steht	1
stelle	1
stellen	1
sterben	1
still	1
stimme	1
stimmt	1
stolz	1
straße	1
stunde	1
stunden	1
ständig	1
stück	1
suche	1
suchen	1
super	1
tag	1
tage	1
tagen	1
tages	1
tat	1
tatsächlich	1
team	1
teil	1
telefon	1
teufel	1
the	1
tisch	1
tja	1
tochter	1
tod	1
toll	1
tom	1
tot	1
total	1
tragen	1
traum	1
treffen	1
trinken	1
trotzdem	1
tu	1
tue	1
tun	1
tust	1
tut	1
typ	1
typen	1
töten	1
tür	1
uhr	1
um	1
umbringen	1
umgebracht	1
und	1
unglaublich	1
unmöglich	1
uns	1
unser	1
unsere	1
unserem	1
unseren	1
unserer	1
unten	1
unter	1
unterwegs	1
vater	1
verdammt	1
verdammte	1
verdient	1
vergessen	1
vergiss	1
verheiratet	1
verkaufen	1
verlassen	1
verletzt	1
verlieren	1
verloren	1
verrückt	1
verschwinden	1
versprochen	1
verstanden	1
verstehe	1
verstehen	1
verstehst	1
versuch	1
versuche	1
versuchen	1
versucht	1
vertrauen	1
verzeihung	1
viel	1
viele	1
vielen	1
vielen dank	1
vielleicht	1
vier	1
voll	1
voller	1
vom	1
von	1
vor	1
vorbei	1
vorher	1
vorsichtig	1
vorstellen	1
völlig	1
waffe	1
waffen	1
wagen	1
wahl	1
wahr	1
wahrheit	1
wahrscheinlich	1
wann	1
war	1
waren	1
warst	1
warte	1
warten	1
wartet	1
warum	1
was	1
wasser	1
weg	1
wegen	1
weh	1
weil	1
weit	1
weiter	1
weiß	1
weißt	1
welche	1
welcher	1
welt	1
wem	1
wen	1
wenig	1
weniger	1
wenigstens	1
wenn	1
wer	1
werd	1
werde	1
werden	1
werdet	1
wert	1
wichtig	1
wie	1
wie geht es dir	1
wieder	1
wiedersehen	1
wieso	1
will	1
willkommen	1
willst	1
wir	1
wird	1
wirklich	1
wirst	1
wissen	1
wisst	1
wo	1
woche	1
wochen	1
woher	1
wohin	1
wohl	1
wohnen	1
wohnung	1
wollen	1
wollt	1
wollte	1
wollten	1
wolltest	1
worden	1
wort	1
worte	1
wovon	1
wow	1
wurde	1
wurden	1
wusste	1
während	1
wär	1
wäre	1
wären	1
wärst	1
wünschte	1
würde	1
würden	1
würdest	1
york	1
you	1
zahlen	1
zehn	1
zeig	1
zeigen	1
zeit	1
zeug	1
zieh	1
ziehen	1
ziel	1
ziemlich	1
zimmer	1
zu	1
zuerst	1
zukunft	1
zum	1
zur	1
zurück	1
zusammen	1
zwar	1
zwei	1
zwischen	1
äh	1
ähm	1
ändern	1
ärger	1
über	1
überall	1
überhaupt	1
abendessen	2
abends	2
abgeschlossen	2
abgesehen	2
abhauen	2
abholen	2
absicht	2
achtung	2
adam	2
adresse	2
aha	2
akte	2
akten	2
akzeptieren	2
al	2
alan	2
alarm	2
alex	2
alice	2
alkohol	2
aller	2
allerdings	2
amanda	2
amen	2
amerika	2
amerikaner	2
amy	2
and	2
anderer	2
andy	2
angebot	2
angefangen	2
angegriffen	2
angeht	2
angekommen	2
angenommen	2
angesehen	2
angetan	2
angriff	2
anhalten	2
anna	2
annehmen	2
anruf	2
anrufe	2
ans	2
anscheinend	2
ansehen	2
antun	2
antworten	2
anwalt	2
anziehen	2
anzug	2
arbeitest	2
arbeitete	2
arm	2
arme	2
armee	2
armen	2
arthur	2
artikel	2
atmen	2
au	2
aufgabe	2
aufgeben	2
aufgehört	2
aufgenommen	2
aufgeregt	2
aufhalten	2
aufmachen	2
aufmerksamkeit	2
aufpassen	2
aufstehen	2
auftrag	2
ausgehen	2
aussage	2
aussehen	2
aussieht	2
autos	2
außerhalb	2
b	2
babys	2
bad	2
ball	2
band	2
bank	2
bar	2
barry	2
bastard	2
bat	2
bauch	2
bauen	2
baum	2
beantworten	2
bedeuten	2
beeil	2
beeilen	2
beenden	2
beendet	2
beerdigung	2
befehl	2
befehle	2
befreien	2
begann	2
beginnen	2
beginnt	2
begleiten	2
begraben	2
behandeln	2
behandelt	2
bein	2
beinahe	2
beine	2
beispiel	2
bekam	2
bekannt	2
bekomme	2
bekommst	2
bemerkt	2
ben	2
benutzen	2
beobachten	2
beobachtet	2
bequem	2
berg	2
bericht	2
beruf	2
beruhige	2
beruhigen	2
beschäftigt	2
beschützen	2
besonderes	2
besorgen	2
besorgt	2
besprechen	2
bessere	2
besseres	2
besteht	2
bestellt	2
bester	2
bestes	2
besuch	2
besuchen	2
beten	2
betrifft	2
betrunken	2
bewegen	2
bewegt	2
beweis	2
beweise	2
beweisen	2
bewusst	2
beziehung	2
bier	2
bieten	2
big	2
bilder	2
bill	2
billy	2
bisher	2
bleibe	2
bleibst	2
blick	2
blieb	2
blind	2
blumen	2
blöd	2
blöde	2
blödsinn	2
bob	2
bobby	2
bombe	2
boot	2
bord	2
botschaft	2
brachte	2
brauch	2
brauchte	2
braut	2
bravo	2
brechen	2
brennt	2
brian	2
brief	2
bringst	2
brust	2
brücke	2
brüder	2
bullen	2
bus	2
bösen	2
bücher	2
bühne	2
bürgermeister	2
carl	2
carter	2
ch00ffff	2
chaos	2
charles	2
chef	2
chffffff	2
chicago	2
chief	2
chris	2
chuck	2
city	2
claire	2
clark	2
club	2
code	2
college	2
colonel	2
commander	2
computer	2
cousin	2
crew	2
d	2
dach	2
dachten	2
dadurch	2
daher	2
dahin	2
dame	2
damen	2
dan	2
daniel	2
dankbar	2
danken	2
danny	2
daraus	2
darfst	2
darin	2
dasselbe	2
date	2
daten	2
dauern	2
dauert	2
dave	2
david	2
davor	2
de	2
deal	2
dean	2
decke	2
deckung	2
definitiv	2
deines	2
dennoch	2
deren	2
derjenige	2
dessen	2
desto	2
detective	2
deutlich	2
deutsche	2
deutschen	2
deutschland	2
dick	2
dienst	2
dieselbe	2
diesmal	2
dingen	2
direktor	2
doc	2
don	2
dorf	2
dorthin	2
doug	2
dreck	2
dreh	2
drehen	2
dreht	2
dringend	2
drink	2
drinnen	2
dritte	2
dritten	2
drogen	2
druck	2
drüber	2
drücken	2
dumme	2
dunkel	2
durcheinander	2
dürfte	2
ebenfalls	2
ebenso	2
echte	2
echten	2
echter	2
ecke	2
ed	2
eddie	2
eh	2
ehe	2
ehemann	2
ehre	2
ehren	2
eier	2
eifersüchtig	2
eigene	2
eigenes	2
einander	2
eindruck	2
einfacher	2
eingeladen	2
einigen	2
einiges	2
einsam	2
einsatz	2
einverstanden	2
einzigen	2
eis	2
elena	2
elizabeth	2
ellen	2
emily	2
emma	2
enden	2
endet	2
energie	2
engel	2
england	2
englisch	2
entdeckt	2
entfernt	2
entführt	2
entkommen	2
entlang	2
entlassen	2
entscheiden	2
entschieden	2
entschuldigt	2
entspann	2
enttäuscht	2
entweder	2
erfahrung	2
erfolg	2
ergibt	2
erhalten	2
eric	2
erinnert	2
erinnerung	2
erinnerungen	2
erkannt	2
erkennen	2
erklärt	2
erklärung	2
erlauben	2
erlaubnis	2
erlaubt	2
erleben	2
erlebt	2
erledigen	2
erledigt	2
ermordet	2
ernsthaft	2
erreichen	2
erreicht	2
erschießen	2
erschossen	2
erster	2
erstes	2
ertragen	2
erwachsen	2
erwarte	2
erwarten	2
erwischt	2
erwähnt	2
erzähl	2
erzähle	2
erzählst	2
erzählte	2
es kommt darauf an	2
eurem	2
euren	2
eurer	2
ewig	2
existiert	2
extra	2
fahr	2
fahre	2
fahrer	2
fahrt	2
fair	2
falle	2
falsche	2
falschen	2
familien	2
fanden	2
fang	2
fantastisch	2
farbe	2
fass	2
fassen	2
fbi	2
fehlen	2
fehlt	2
feiern	2
feind	2
feinde	2
fern	2
fernsehen	2
fick	2
fiel	2
filme	2
find	2
fing	2
finger	2
firma	2
fisch	2
flasche	2
fleisch	2
fliegt	2
fliehen	2
flucht	2
flug	2
flughafen	2
flugzeug	2
fluss	2
folge	2
folgt	2
form	2
foto	2
fotos	2
frag	2
fragst	2
fragt	2
fragte	2
frankreich	2
fred	2
freiheit	2
freitag	2
fremden	2
freude	2
freue	2
freuen	2
freunden	2
freundlich	2
freundschaft	2
freut	2
frieden	2
frisch	2
fräulein	2
frühstück	2
fuck	2
fuhr	2
funktionieren	2
furchtbar	2
fuß	2
fährst	2
fährt	2
fälle	2
fängt	2
fühlst	2
fühlt	2
fühlte	2
führt	2
fürchte	2
fürs	2
füße	2
gang	2
ganzes	2
garten	2
gast	2
gearbeitet	2
geb	2
gebaut	2
gebeten	2
gebiet	2
geblieben	2
geboren	2
gebrauchen	2
gebraucht	2
gebrochen	2
gebt	2
geburt	2
geburtstag	2
gebäude	2
geduld	2
gefahren	2
gefangen	2
gefeuert	2
gefühle	2
gegend	2
gegenteil	2
gegenüber	2
gegessen	2
geglaubt	2
gehabt	2
gehalten	2
geheimnis	2
geheimnisse	2
geheiratet	2
gehirn	2
gehofft	2
geholfen	2
gehören	2
geist	2
gekauft	2
geklaut	2
gekriegt	2
gelassen	2
gelaufen	2
gelegenheit	2
gelernt	2
gelesen	2
geliebt	2
gelogen	2
gemeinsam	2
gemeint	2
gemeldet	2
genannt	2
genießen	2
gentlemen	2
geplant	2
geraten	2
gerechtigkeit	2
geredet	2
gericht	2
gerufen	2
gerät	2
gesamte	2
geschah	2
geschenk	2
geschichten	2
geschieht	2
geschlafen	2
geschlagen	2
geschlossen	2
geschossen	2
geschrieben	2
geschäfte	2
gesellschaft	2
gesetz	2
gesetzt	2
gespielt	2
gespräch	2
gestellt	2
gestohlen	2
gesucht	2
gesund	2
getrennt	2
getrunken	2
gewalt	2
gewartet	2
gewehr	2
gewinnt	2
gewissen	2
gewonnen	2
gewusst	2
gezeigt	2
gezogen	2
gezwungen	2
geändert	2
geöffnet	2
gibst	2
gibts	2
gift	2
gilt	2
gingen	2
glas	2
gleiche	2
gleichen	2
glückwunsch	2
gold	2
gottes	2
grab	2
grace	2
grad	2
grenze	2
griff	2
großes	2
großmutter	2
großvater	2
gruppe	2
größe	2
größer	2
größte	2
größten	2
guck	2
gäbe	2
gäste	2
güte	2
haar	2
haare	2
halb	2
halbe	2
halben	2
hals	2
haltet	2
handeln	2
handelt	2
hank	2
harry	2
harvey	2
hassen	2
hasst	2
hau	2
hauen	2
haufen	2
haut	2
heilige	2
heiligen	2
heim	2
heiß	2
heiße	2
held	2
helden	2
helfe	2
helft	2
henry	2
herausfinden	2
herauszufinden	2
herein	2
herkommen	2
herrgott	2
herrn	2
herum	2
herzen	2
herzlichen	2
hexe	2
hielt	2
hieß	2
high	2
hilf	2
hilfst	2
hinaus	2
hinein	2
hingehen	2
hinterlassen	2
hintern	2
hochzeit	2
hof	2
hoffen	2
hoffentlich	2
hoffnung	2
hoheit	2
holt	2
hose	2
hunde	2
hunger	2
hure	2
hut	2
hä	2
hälfte	2
hältst	2
händen	2
hängen	2
hängt	2
hübsch	2
hübsche	2
ich bin der meinung	2
ich habe eine frage	2
ideen	2
idioten	2
immerhin	2
indem	2
informationen	2
innerhalb	2
insel	2
interessant	2
interesse	2
interessieren	2
inzwischen	2
irgendein	2
irgendeine	2
irgendetwas	2
irgendjemand	2
irgendwann	2
irgendwelche	2
irre	2
is	2
iss	2
isst	2
it	2
jacke	2
jackson	2
jagen	2
jake	2
james	2
jane	2
jason	2
jawohl	2
jedenfalls	2
jederzeit	2
jedoch	2
jeff	2
jenny	2
jerry	2
jesus	2
jim	2
jimmy	2
joey	2
johnny	2
judy	2
julia	2
julie	2
jung	2
junger	2
kalt	2
kamera	2
kannte	2
kapiert	2
kapitän	2
kaputt	2
karriere	2
karte	2
karten	2
kate	2
katze	2
keinem	2
keller	2
kelly	2
kennengelernt	2
kennenzulernen	2
kerle	2
kevin	2
killer	2
kindern	2
king	2
kino	2
kirche	2
kiste	2
klappe	2
klappt	2
kleid	2
kleider	2
klingelt	2
klopfen	2
klug	2
knapp	2
knast	2
knie	2
knochen	2
kochen	2
koffer	2
kohle	2
kollegen	2
komplett	2
kompliziert	2
konntest	2
kontakt	2
kontrolle	2
kontrollieren	2
konzentrieren	2
kosten	2
kostet	2
kraft	2
krankheit	2
kriege	2
kriegst	2
kriegt	2
kräfte	2
kuchen	2
kugel	2
kunden	2
kunst	2
kurs	2
kuss	2
königin	2
können sie das wiederholen	2
küche	2
kümmere	2
kümmert	2
küssen	2
la	2
labor	2
lady	2
lag	2
lage	2
lager	2
landen	2
langer	2
langweilig	2
larry	2
lauf	2
laura	2
lauter	2
lautet	2
lch	2
lebe	2
lebendig	2
lebst	2
lee	2
leer	2
leg	2
legt	2
lehrer	2
leichen	2
leichter	2
leiden	2
leise	2
leisten	2
leo	2
letzter	2
letztes	2
lhr	2
lhre	2
lieb	2
liebes	2
liebst	2
liebte	2
lied	2
lief	2
liest	2
lieutenant	2
ließ	2
lily	2
links	2
lisa	2
liste	2
loch	2
locker	2
lois	2
london	2
lord	2
louis	2
luke	2
lust	2
lächeln	2
lächerlich	2
längst	2
lösen	2
lösung	2
lüge	2
lügen	2
lügner	2
m	2
machten	2
madam	2
madame	2
magie	2
magst	2
majestät	2
major	2
mami	2
manche	2
mannes	2
maria	2
marie	2
mark	2
martin	2
maschine	2
matt	2
maul	2
max	2
me	2
medizin	2
meer	2
mehrere	2
meilen	2
meiner meinung nach	2
meins	2
meint	2
meinte	2
melden	2
merken	2
merkwürdig	2
messer	2
meter	2
milch	2
million	2
mindestens	2
minute	2
mission	2
mister	2
mistkerl	2
miteinander	2
mitgebracht	2
mitgenommen	2
mitkommen	2
mitnehmen	2
mittagessen	2
mitte	2
mitten	2
mochte	2
monat	2
mond	2
monsieur	2
monster	2
montag	2
morgens	2
motor	2
mrs	2
mussten	2
mut	2
muß	2
my	2
mädels	2
männern	2
möge	2
möglicherweise	2
möglichkeit	2
müde	2
mühe	2
müll	2
müsst	2
müsste	2
müssten	2
nachbarn	2
nachdenken	2
nachgedacht	2
nachher	2
nachmittag	2
nachrichten	2
nachts	2
nackt	2
nah	2
nahe	2
nahm	2
naja	2
namens	2
nase	2
natur	2
neben	2
nee	2
nehmt	2
nem	2
nen	2
nenne	2
nennt	2
ner	2
nerven	2
nervös	2
nette	2
netter	2
neuer	2
neuigkeiten	2
neulich	2
neun	2
nick	2
niemandem	2
nimmst	2
nirgendwo	2
norden	2
normal	2
normalerweise	2
nutzen	2
nächstes	2
näher	2
nämlich	2
of	2
offen	2
offenbar	2
offensichtlich	2
officer	2
ohr	2
ohren	2
oliver	2
oma	2
on	2
opa	2
operation	2
packen	2
panik	2
papiere	2
paris	2
park	2
partner	2
passen	2
passierte	2
patienten	2
paul	2
pause	2
peinlich	2
perfekte	2
persönlich	2
pete	2
pferd	2
pferde	2
pflicht	2
pfund	2
phil	2
pistole	2
planeten	2
pläne	2
polizist	2
polizisten	2
position	2
post	2
preis	2
presse	2
priester	2
prima	2
prinz	2
prinzessin	2
pro	2
probieren	2
professor	2
programm	2
projekt	2
prost	2
prozent	2
prozess	2
präsident	2
präsidenten	2
punkt	2
pünktlich	2
quatsch	2
rache	2
rachel	2
radio	2
ran	2
rat	2
rate	2
raten	2
rauchen	2
rauf	2
raum	2
ray	2
rechnung	2
rechte	2
rechts	2
red	2
redet	2
regen	2
regierung	2
reich	2
reichen	2
reihe	2
reinkommen	2
reise	2
reisen	2
rennen	2
reparieren	2
respekt	2
restaurant	2
richard	2
richter	2
richtigen	2
richtung	2
riecht	2
rief	2
riesen	2
ring	2
risiko	2
riskieren	2
robert	2
robin	2
rock	2
roger	2
rolle	2
rom	2
rose	2
ross	2
rot	2
rote	2
roten	2
roy	2
ruft	2
runde	2
ryan	2
rüber	2
rücken	2
sagtest	2
sahen	2
samstag	2
san	2
sarah	2
satt	2
sauber	2
sauer	2
saß	2
schade	2
schaden	2
schaffe	2
schaffst	2
schafft	2
schande	2
scharf	2
schatten	2
schaut	2
scheinen	2
scherz	2
schick	2
schicke	2
schicksal	2
schickt	2
schien	2
schießen	2
schlaf	2
schlafzimmer	2
schlag	2
schlage	2
schlagen	2
schlampe	2
schlau	2
schlechte	2
schlechten	2
schlechter	2
schließen	2
schließlich	2
schlimmste	2
schloss	2
schläft	2
schlägt	2
schmeckt	2
schmerz	2
schmerzen	2
schnappen	2
schnauze	2
schrecklich	2
schreibe	2
schreibt	2
schreien	2
schreit	2
schrieb	2
schritt	2
schritte	2
schuhe	2
schulden	2
schuldig	2
schuss	2
schutz	2
schwach	2
schwanger	2
schwanz	2
schwarz	2
schwarze	2
schwarzen	2
schweigen	2
schwein	2
schwert	2
schwestern	2
schwierig	2
schwierigkeiten	2
schwimmen	2
schwöre	2
schätzchen	2
schätzen	2
schönen	2
schöner	2
schönes	2
schönheit	2
schüler	2
schützen	2
scott	2
see	2
seele	2
seh	2
seines	2
seitdem	2
seiten	2
sekunde	2
sekunden	2
selben	2
selber	2
selbstmord	2
selbstverständlich	2
selten	2
seltsam	2
sergeant	2
setzt	2
seufzt	2
sexy	2
sheriff	2
show	2
sieg	2
signal	2
simon	2
singen	2
singt	2
situation	2
sitze	2
sitzt	2
solchen	2
soldat	2
soldaten	2
solltet	2
sommer	2
song	2
sonne	2
sonntag	2
sorry	2
sowas	2
soweit	2
sowieso	2
spannende	2
spiegel	2
spiele	2
spielst	2
sprach	2
sprachen	2
spreche	2
sprich	2
sprichst	2
springen	2
spur	2
spuren	2
spüren	2
star	2
statt	2
stecken	2
steckt	2
steh	2
stehe	2
stehlen	2
stehst	2
steig	2
steigen	2
steigt	2
stein	2
stell	2
stellt	2
stellte	2
sterbe	2
steve	2
stich	2
stimmen	2
stirbt	2
stock	2
stopp	2
stoppen	2
story	2
strand	2
straßen	2
street	2
streit	2
streiten	2
stuhl	2
stärker	2
stöhnt	2
stören	2
stört	2
such	2
suchst	2
sucht	2
susan	2
system	2
szene	2
süß	2
süße	2
t	2
tante	2
tanz	2
tanzen	2
tasche	2
taten	2
tatsache	2
taxi	2
ted	2
tee	2
teile	2
teilen	2
termin	2
test	2
teuer	2
theater	2
thema	2
thomas	2
tief	2
tier	2
tiere	2
tim	2
to	2
tode	2
toilette	2
tolle	2
toller	2
tolles	2
tommy	2
ton	2
tony	2
tor	2
tote	2
toten	2
traf	2
trage	2
trauen	2
traurig	2
treffe	2
trennen	2
treten	2
trick	2
trifft	2
trink	2
tritt	2
trottel	2
trotz	2
trug	2
trägt	2
träume	2
träumen	2
tschüs	2
tschüss	2
töte	2
tötet	2
türen	2
uh	2
umgebung	2
umgehen	2
ums	2
umsonst	2
unbedingt	2
unfall	2
ungefähr	2
unschuldig	2
unseres	2
unsinn	2
unterhalten	2
unternehmen	2
unterschied	2
unterschreiben	2
unterstützung	2
untersuchen	2
untersuchung	2
untertitel	2
urlaub	2
usa	2
van	2
vaters	2
verantwortlich	2
verantwortung	2
verbindung	2
verboten	2
verbrechen	2
verbringen	2
verbunden	2
verdammten	2
verdammter	2
verdienen	2
verflucht	2
verfolgen	2
verfolgt	2
vergangenheit	2
vergeben	2
vergnügen	2
verhaften	2
verhaftet	2
verhalten	2
verhindern	2
verkauft	2
verlangen	2
verlangt	2
verletzen	2
verliebt	2
verliert	2
verlässt	2
vermisse	2
vermissen	2
vermisst	2
vermutlich	2
vernichten	2
verpasst	2
verraten	2
verräter	2
verrückte	2
verschieden	2
verschwinde	2
verschwindet	2
verschwunden	2
verspreche	2
versprechen	2
verstand	2
verstecken	2
versteckt	2
versteh	2
versteht	2
versuchte	2
vertrag	2
vertraue	2
vertraut	2
verwirrt	2
verzeihen	2
verändern	2
verändert	2
victor	2
video	2
vincent	2
vogel	2
volk	2
vollkommen	2
voraus	2
vorbereitet	2
vorhin	2
vorn	2
vorne	2
vorschlag	2
vorsicht	2
vorstellung	2
vorwärts	2
wach	2
wache	2
wachen	2
wahnsinn	2
wahnsinnig	2
wahre	2
wald	2
walter	2
wand	2
warm	2
wart	2
washington	2
weder	2
wege	2
wehtun	2
weihnachten	2
weile	2
wein	2
weinen	2
weint	2
weise	2
weiss	2
weisst	2
weitere	2
weiteren	2
weiterhin	2
weitermachen	2
weiße	2
weißen	2
welchem	2
welchen	2
welches	2
werfen	2
wesen	2
weshalb	2
wette	2
wichser	2
wichtige	2
wichtiger	2
wichtigste	2
wild	2
willen	2
william	2
wind	2
wirkt	2
witz	2
witze	2
witzig	2
woanders	2
wochenende	2
wofür	2
wohnt	2
womit	2
woran	2
worauf	2
worum	2
worüber	2
wozu	2
wunder	2
wunderbar	2
wunderschön	2
wundervoll	2
wunsch	2
wurdest	2
wussten	2
wusstest	2
wählen	2
wünsche	2
wünschen	2
wüsste	2
wütend	2
yeah	2
zeichen	2
zeige	2
zeigt	2
zeiten	2
zeitpunkt	2
zeitung	2
zerstören	2
zerstört	2
zeugen	2
ziehe	2
zieht	2
zog	2
zufall	2
zufrieden	2
zufällig	2
zug	2
zugang	2
zuhause	2
zuhören	2
zulassen	2
zuletzt	2
zumindest	2
zurückkommen	2
zustand	2
zuvor	2
zweifel	2
zweimal	2
zweite	2
zweiten	2
zwölf	2
zählen	2
zählt	2
zähne	2
ähnlich	2
älter	2
ändert	2
ärzte	2
öffnen	2
übel	2
überleben	2
überlebt	2
überlegen	2
überlegt	2
übernehmen	2
überprüfen	2
überprüft	2
überrascht	2
überraschung	2
übersetzt	2
übersetzung	2
überzeugen	2
überzeugt	2
übrig	2
übrigens	2
aaron	3
abby	3
abenteuer	3
abgeben	3
abgehauen	3
abgeholt	3
abgelehnt	3
abgemacht	3
abgenommen	3
abhalten	3
abhängig	3
abmachung	3
abnehmen	3
abschied	3
abschluss	3
absichtlich	3
abstand	3
absurd	3
abteilung	3
abwarten	3
achte	3
achten	3
action	3
admiral	3
affe	3
affen	3
affäre	3
afrika	3
agenten	3
ahnen	3
air	3
akt	3
aktion	3
aktiviert	3
akzent	3
akzeptiert	3
albern	3
albert	3
albtraum	3
alexander	3
alf	3
alfred	3
ali	3
alibi	3
alison	3
allzu	3
alpha	3
altes	3
amerikanische	3
amerikanischen	3
amt	3
amüsieren	3
anbieten	3
anblick	3
anderem	3
andrew	3
anfassen	3
anführer	3
angeblich	3
angeboten	3
angehen	3
angeklagt	3
angel	3
angela	3
angelegenheit	3
angelegenheiten	3
angeles	3
angeln	3
angelogen	3
angenehm	3
angeschossen	3
angesichts	3
angestellt	3
angezogen	3
angreifen	3
anhören	3
anklage	3
ankommen	3
ankunft	3
anlass	3
anlegen	3
ann	3
anne	3
annie	3
anschauen	3
ansonsten	3
anstatt	3
anstellen	3
anständig	3
anteil	3
anthony	3
anton	3
antrag	3
antworte	3
anweisungen	3
anwesenheit	3
anwälte	3
anwältin	3
anzeichen	3
anzeige	3
anzurufen	3
anzusehen	3
apartment	3
apparat	3
appetit	3
applaus	3
april	3
apropos	3
arbeiter	3
archer	3
ari	3
armer	3
armes	3
arschlöcher	3
arten	3
asche	3
assistentin	3
atem	3
atme	3
atmet	3
atmosphäre	3
attraktiv	3
aua	3
audrey	3
auf diese weise	3
aufbauen	3
aufgaben	3
aufgebaut	3
aufgefallen	3
aufgegeben	3
aufgehalten	3
aufgehoben	3
aufgepasst	3
aufgetaucht	3
aufgewachsen	3
aufgewacht	3
aufgrund	3
aufhört	3
aufmerksam	3
aufnahme	3
aufnahmen	3
aufnehmen	3
aufregend	3
aufregung	3
auftauchen	3
auftaucht	3
auftreten	3
auftritt	3
aufwachen	3
aufzeichnungen	3
aufzug	3
aufzuhalten	3
august	3
ausbildung	3
ausdruck	3
auseinander	3
ausflug	3
ausgang	3
ausgeben	3
ausgegangen	3
ausgelöst	3
ausgerechnet	3
ausgeschlossen	3
ausgesetzt	3
ausgesucht	3
ausgezeichnet	3
ausland	3
ausmachen	3
ausmacht	3
ausnahme	3
ausreden	3
ausrichten	3
ausruhen	3
ausrüstung	3
aussagen	3
ausschalten	3
ausser	3
aussicht	3
aussteigen	3
aussuchen	3
ausweg	3
ausweis	3
ausziehen	3
autor	3
außen	3
avenue	3
aye	3
babe	3
bach	3
baden	3
badezimmer	3
bahn	3
bahnhof	3
baker	3
bande	3
barbara	3
bargeld	3
barney	3
baron	3
bart	3
basis	3
bau	3
bauer	3
bauern	3
baut	3
bayern	3
be	3
becky	3
bedanken	3
bedenken	3
bedeutung	3
bedienen	3
bedingungen	3
bedroht	3
bedrohung	3
beeilt	3
beeilung	3
beeindruckend	3
beeindruckt	3
befinden	3
befindet	3
befohlen	3
befragen	3
befreit	3
befreundet	3
befürchte	3
begangen	3
begegnen	3
begegnet	3
begehen	3
begeistert	3
beginn	3
begonnen	3
begreifen	3
begriff	3
begrüßen	3
behalte	3
behandlung	3
behaupten	3
behauptet	3
behörden	3
beibringen	3
beides	3
beigebracht	3
beileid	3
beinen	3
beißen	3
bekamen	3
bekämpfen	3
beleidigt	3
beliebt	3
belogen	3
belohnung	3
bemerken	3
benehmen	3
benjamin	3
benny	3
benutze	3
benzin	3
benötigen	3
bereich	3
bereiten	3
bereitet	3
bereuen	3
berge	3
bergen	3
berichte	3
berichten	3
berlin	3
bernard	3
beruflich	3
beruhigt	3
berühmt	3
berühren	3
berührt	3
bescheuert	3
beschissen	3
beschlossen	3
beschreiben	3
beschreibung	3
beschädigt	3
beschützt	3
besessen	3
besetzt	3
besiegen	3
besiegt	3
besitz	3
besitzen	3
besitzer	3
besitzt	3
besondere	3
besonderen	3
besorg	3
besorge	3
besprochen	3
besseren	3
bestand	3
bestanden	3
bestehen	3
bestellen	3
bestens	3
bestie	3
bestimmen	3
bestimmte	3
bestimmten	3
bestrafen	3
bestraft	3
bestätigen	3
bestätigt	3
besucher	3
besucht	3
bete	3
beteiligt	3
beth	3
betrachten	3
betrachtet	3
betreten	3
betrieb	3
betrogen	3
betrug	3
betrügen	3
betrüger	3
betty	3
beunruhigt	3
beute	3
bewaffnet	3
bewahren	3
beweg	3
beweist	3
bewiesen	3
bewundere	3
bewusstlos	3
bewusstsein	3
bezahle	3
beziehungen	3
bezweifle	3
bezüglich	3
bibel	3
bibliothek	3
biest	3
biete	3
bietet	3
bilden	3
billig	3
bittet	3
black	3
blair	3
blasen	3
blatt	3
blau	3
blaue	3
blauen	3
blicken	3
blitz	3
block	3
blue	3
blume	3
blutdruck	3
blöden	3
blöder	3
blödmann	3
bomben	3
bonnie	3
boston	3
botschafter	3
boy	3
brach	3
brachten	3
brad	3
brand	3
brauchten	3
brav	3
brennen	3
bricht	3
briefe	3
brieftasche	3
brillant	3
brille	3
brown	3
bruce	3
bruders	3
brunnen	3
brutal	3
bräuchte	3
brüllt	3
brüste	3
bud	3
buffy	3
bulle	3
bursche	3
butter	3
by	3
bye	3
bär	3
bäume	3
böser	3
böses	3
bürger	3
c	3
café	3
camp	3
can	3
carlos	3
carol	3
caroline	3
carrie	3
casey	3
castle	3
catherine	3
cent	3
champagner	3
chancen	3
charakter	3
charlotte	3
charmant	3
chase	3
china	3
chinesen	3
chip	3
chloe	3
christian	3
christine	3
christopher	3
christus	3
cia	3
ciao	3
cindy	3
clara	3
clarence	3
clay	3
clever	3
clown	3
coach	3
cole	3
colt	3
connor	3
cooper	3
cop	3
cops	3
couch	3
county	3
cousine	3
cowboy	3
craig	3
curtis	3
dachtest	3
daheim	3
dahinter	3
daisy	3
damon	3
dana	3
daneben	3
dankeschön	3
darunter	3
data	3
dauernd	3
daumen	3
davis	3
deck	3
decken	3
deinetwegen	3
deins	3
dennis	3
denselben	3
derek	3
derselbe	3
derselben	3
details	3
dexter	3
diamanten	3
diana	3
diane	3
dicht	3
dicke	3
dieb	3
diebstahl	3
diego	3
diejenige	3
diejenigen	3
dienen	3
diener	3
dienstag	3
dient	3
dieselben	3
dinger	3
diskussion	3
diskutieren	3
dna	3
do	3
doctor	3
dokumente	3
donna	3
donnerstag	3
doppelt	3
drachen	3
drama	3
dramatische	3
draus	3
drehbuch	3
dreimal	3
drinks	3
drum	3
drück	3
dschungel	3
duke	3
dummen	3
dummer	3
dummes	3
dummkopf	3
dunkelheit	3
dunkeln	3
dunkle	3
dunklen	3
durchaus	3
durchführen	3
durchgehen	3
durchgemacht	3
durchs	3
durchsuchen	3
durchsucht	3
durfte	3
durst	3
dusche	3
duschen	3
dutzend	3
dylan	3
dämlich	3
dämon	3
dämonen	3
dünn	3
dürft	3
e	3
earl	3
ebene	3
echtes	3
edward	3
ehefrau	3
ei	3
eigenartig	3
eigener	3
eigentum	3
eile	3
eilig	3
eimer	3
einbruch	3
eindeutig	3
einfache	3
einfallen	3
einfluss	3
eingang	3
eingehen	3
eingeschlafen	3
eingeschlossen	3
eingesetzt	3
eingesperrt	3
eingestellt	3
einheit	3
einheiten	3
einig	3
einkaufen	3
einladen	3
einladung	3
einsetzen	3
einspruch	3
einst	3
einsteigen	3
einstellen	3
einstellung	3
einzelne	3
einzelnen	3
einzig	3
einziger	3
einziges	3
ekelhaft	3
eklig	3
el	3
elf	3
ellie	3
empfang	3
empfangen	3
endgültig	3
eng	3
engländer	3
enkel	3
entdecken	3
enterprise	3
entfernen	3
entfernung	3
entführung	3
entgegen	3
entscheide	3
entscheidet	3
entscheidungen	3
entschlossen	3
entspannen	3
entspannt	3
enttäuschen	3
entwickeln	3
entwickelt	3
entwicklung	3
erbe	3
erden	3
ereignisse	3
erfolgreich	3
erfreut	3
erfuhr	3
erfunden	3
erfährt	3
erfüllen	3
erfüllt	3
ergeben	3
ergebnis	3
ergebnisse	3
erheben	3
erhielt	3
erhöhen	3
erin	3
erkenne	3
erkennst	3
erkennt	3
erklär	3
erkläre	3
erledige	3
erleichtert	3
ermittlungen	3
erneut	3
ernstes	3
erschaffen	3
erscheinen	3
erscheint	3
erschrecken	3
erschreckt	3
erschöpft	3
ersetzen	3
erstaunlich	3
erstens	3
erstmal	3
ertönt	3
erwachsene	3
erwartest	3
erwischen	3
erwähnen	3
eröffnen	3
es handelt sich um	3
esel	3
esse	3
ethan	3
eures	3
euro	3
europa	3
eva	3
eventuell	3
ewigkeit	3
ex	3
existenz	3
existieren	3
experiment	3
explodiert	3
explosion	3
extrem	3
exzellenz	3
ey	3
fabelhaft	3
fabrik	3
fahrrad	3
fahrzeug	3
fakten	3
falsches	3
fan	3
fange	3
fantasie	3
farben	3
farm	3
fasse	3
faszinierend	3
faul	3
faust	3
feier	3
feigling	3
fein	3
feld	3
felix	3
felsen	3
ferien	3
fernseher	3
festgenommen	3
festhalten	3
fett	3
fette	3
feuern	3
ficken	3
fieber	3
figur	3
filmen	3
fingerabdrücke	3
finn	3
fische	3
flammen	3
flaschen	3
fleck	3
flehe	3
fliege	3
flog	3
florida	3
flotte	3
fluch	3
flur	3
flügel	3
flüstert	3
folgendes	3
football	3
for	3
ford	3
forschung	3
fortschritte	3
francis	3
francisco	3
frankfurt	3
frankie	3
franz	3
franzosen	3
französisch	3
freak	3
freie	3
freien	3
freier	3
freiwillig	3
fremde	3
fremder	3
fresse	3
fressen	3
freu	3
freundinnen	3
friedhof	3
friedlich	3
frische	3
frisst	3
frisur	3
frohe	3
front	3
fröhlich	3
fröhliche	3
frühling	3
fuhren	3
funk	3
furcht	3
fußball	3
fähig	3
fähigkeit	3
fähigkeiten	3
fällen	3
fängst	3
fühl	3
führe	3
führer	3
führerschein	3
führte	3
führung	3
füllen	3
fürchten	3
füttern	3
füßen	3
g	3
gabe	3
gaben	3
gangster	3
garage	3
garantiert	3
gary	3
gas	3
gebissen	3
gedanke	3
gedauert	3
gedreht	3
gedächtnis	3
gefangene	3
gefangenen	3
gefasst	3
gefehlt	3
gefesselt	3
gefickt	3
gefiel	3
geflogen	3
geflohen	3
gefolgt	3
gefreut	3
gefälligst	3
gefühlt	3
geführt	3
gegensatz	3
gegenseitig	3
gegenwart	3
gegner	3
gehalt	3
gehasst	3
geheilt	3
geheim	3
geheime	3
geheimen	3
geholt	3
gehts	3
gehöre	3
gehörst	3
gehörte	3
geil	3
geirrt	3
geisel	3
geiseln	3
geister	3
gejagt	3
gekannt	3
geklappt	3
geklärt	3
gekocht	3
gekostet	3
gekämpft	3
gekümmert	3
geküsst	3
geladen	3
gelandet	3
gelangen	3
gelebt	3
gelegt	3
geleistet	3
geliebte	3
geliebten	3
geliefert	3
gelten	3
gelächter	3
gelände	3
gelöscht	3
gelöst	3
gemein	3
gemeinde	3
gemeinsame	3
gemerkt	3
gemälde	3
gemäß	3
gemüse	3
gemütlich	3
genauer	3
generation	3
genial	3
genie	3
genossen	3
gentleman	3
genügend	3
genügt	3
gepäck	3
geradeaus	3
gerecht	3
gerede	3
gerissen	3
german	3
geruch	3
geräusch	3
geräusche	3
gerüchte	3
gesamten	3
gesang	3
geschaffen	3
geschenke	3
geschenkt	3
geschieden	3
geschmack	3
geschnappt	3
geschnitten	3
geschwindigkeit	3
geschworen	3
gesessen	3
gesetze	3
gesichert	3
gesichter	3
gesorgt	3
gespannt	3
gespräche	3
gestanden	3
gestatten	3
gesteckt	3
gestehen	3
gestoßen	3
gestritten	3
geständnis	3
gestört	3
gesundheit	3
getragen	3
getrieben	3
geträumt	3
gewachsen	3
gewarnt	3
geweint	3
gewicht	3
gewinn	3
gewinne	3
gewinner	3
gewiss	3
gewisse	3
gewohnt	3
gewollt	3
geworfen	3
gewählt	3
gewöhnen	3
gewöhnlich	3
gewöhnt	3
gewünscht	3
ginge	3
girl	3
gitarre	3
glatt	3
glaubte	3
gleichzeitig	3
glocke	3
gloria	3
glückliche	3
glücklicher	3
gnade	3
go	3
goldene	3
gordon	3
gouverneur	3
graben	3
grade	3
graf	3
grandma	3
grandpa	3
grant	3
gras	3
gratuliere	3
grausam	3
green	3
greg	3
greifen	3
greift	3
grenzen	3
grey	3
group	3
großartige	3
großzügig	3
grunde	3
grundstück	3
größere	3
grün	3
gründe	3
gründen	3
gründlich	3
grüne	3
grünen	3
grüß	3
grüße	3
grüßen	3
gucken	3
guckt	3
gus	3
götter	3
gürtel	3
h	3
haaren	3
hafen	3
haken	3
halbes	3
half	3
hamburg	3
hammer	3
handel	3
handschellen	3
hanna	3
hannah	3
hans	3
happy	3
harold	3
harris	3
harte	3
harten	3
harter	3
hass	3
hattet	3
hauptmann	3
hauptquartier	3
hauptsache	3
hausaufgaben	3
hauses	3
heb	3
heben	3
heftig	3
heil	3
heilen	3
heiliger	3
heilmittel	3
heimat	3
heimlich	3
heirate	3
heiratet	3
helen	3
hell	3
hemd	3
herausforderung	3
herausgefunden	3
hergekommen	3
herman	3
heroin	3
herrlich	3
herrscht	3
hervorragend	3
herzinfarkt	3
herzlich	3
herzog	3
heulen	3
heut	3
heutigen	3
heutzutage	3
hexen	3
hielten	3
hierbleiben	3
hiermit	3
highschool	3
hilfreich	3
hill	3
himmels	3
hinlegen	3
hinsetzen	3
hintergrund	3
hinterher	3
hinweg	3
hinweis	3
hinweise	3
hirn	3
hitler	3
hitze	3
hmm	3
ho	3
hoffte	3
hogan	3
hohe	3
hohen	3
holly	3
hollywood	3
holmes	3
holst	3
holz	3
homer	3
hopp	3
hosen	3
house	3
howard	3
hubschrauber	3
huh	3
huhn	3
humor	3
hundert	3
hunderte	3
hungrig	3
hurensohn	3
hurra	3
hustet	3
hässlich	3
hätt	3
hättet	3
häuser	3
höchste	3
höchstens	3
höflich	3
höhe	3
höher	3
höhle	3
hörten	3
hübschen	3
hübscher	3
hübsches	3
hügel	3
hühnchen	3
hütte	3
ian	3
identifizieren	3
identifiziert	3
identität	3
ignorieren	3
illegal	3
im vergleich zu	3
indianer	3
indien	3
information	3
informieren	3
informiert	3
innen	3
innere	3
inneren	3
insbesondere	3
insgesamt	3
inspector	3
inspektor	3
intelligent	3
interessante	3
internet	3
interview	3
irgend	3
irgendeinem	3
irgendeinen	3
irgendwer	3
irgendwohin	3
iris	3
irren	3
irrtum	3
island	3
italien	3
jackie	3
jacob	3
jagd	3
jagt	3
jahrelang	3
jahres	3
jahrhundert	3
jamie	3
jan	3
japan	3
jay	3
jean	3
jeannie	3
jene	3
jener	3
jennifer	3
jenseits	3
jeremy	3
jersey	3
jess	3
jesse	3
jessica	3
jill	3
jim-bob	3
jo	3
jobs	3
john-boy	3
johnson	3
jonas	3
jonathan	3
jones	3
jordan	3
joseph	3
josh	3
juan	3
jude	3
juden	3
jugend	3
juli	3
julian	3
jungfrau	3
juni	3
junior	3
justin	3
jäger	3
jünger	3
k	3
kabel	3
kaiser	3
kalifornien	3
kalte	3
kameras	3
kamst	3
kanada	3
kanal	3
kannten	3
kanone	3
kapitel	3
karen	3
karl	3
kasse	3
katastrophe	3
katherine	3
katie	3
katzen	3
kauf	3
kaufe	3
kauft	3
kaufte	3
kaution	3
kehle	3
kehren	3
kehrt	3
keinerlei	3
keins	3
kekse	3
ken	3
kenn	3
kennenlernen	3
kenntnis	3
kenny	3
kent	3
kette	3
keucht	3
kids	3
kilo	3
kilometer	3
kim	3
kindes	3
kindheit	3
kirk	3
kissen	3
kisten	3
klage	3
klamotten	3
klang	3
klappen	3
klauen	3
klaus	3
klavier	3
kleidung	3
kleinigkeit	3
klienten	3
klinge	3
klingeln	3
klingen	3
klinik	3
klink	3
klo	3
klopft	3
kloster	3
klären	3
km	3
knacken	3
knall	3
knarre	3
knopf	3
know	3
knurrt	3
koch	3
kofferraum	3
kollege	3
koma	3
komische	3
kommandant	3
kommando	3
kommissar	3
kompliment	3
konsequenzen	3
kontaktieren	3
konto	3
kontrolliert	3
konzert	3
koordinaten	3
kopfschmerzen	3
kopie	3
korrekt	3
korrektur	3
kostüm	3
kotzen	3
kram	3
krankenschwester	3
krankenstation	3
krankenwagen	3
krass	3
krawatte	3
kreatur	3
krebs	3
kreis	3
kreuz	3
krieger	3
krise	3
krone	3
kugeln	3
kuh	3
kultur	3
kummer	3
kunde	3
kurt	3
kurze	3
kurzem	3
kurzen	3
kutsche	3
kyle	3
käfig	3
käme	3
kämpfe	3
kämpfer	3
kämpft	3
käse	3
köder	3
königreich	3
königs	3
könne	3
könntet	3
köpfe	3
köstlich	3
kühlschrank	3
künstler	3
kürzlich	3
küss	3
küsst	3
küste	3
l	3
lade	3
ladies	3
ladung	3
ladys	3
lampe	3
lana	3
lance	3
landes	3
landet	3
lane	3
langen	3
langsamer	3
las	3
last	3
laster	3
laufe	3
laufenden	3
lauft	3
laune	3
laute	3
lautes	3
laß	3
le	3
leb	3
lebend	3
leber	3
lebte	3
lebten	3
leck	3
lecker	3
lediglich	3
leere	3
leeren	3
lege	3
legende	3
legte	3
lehrerin	3
leib	3
leichte	3
leidenschaft	3
leidet	3
leihen	3
leine	3
leiser	3
leistung	3
leiten	3
leiter	3
leitet	3
leitung	3
lektion	3
lemon	3
leonard	3
lerne	3
lernst	3
lernt	3
lernte	3
lese	3
letztendlich	3
leutnant	3
lewis	3
lex	3
lhnen	3
lhrem	3
lhren	3
lhrer	3
liam	3
lichter	3
liebhaber	3
liebste	3
liebsten	3
liefern	3
lieferung	3
liege	3
liegst	3
lies	3
ließen	3
like	3
lincoln	3
linda	3
linie	3
linke	3
linken	3
lippen	3
little	3
live	3
liz	3
ll	3
logan	3
lohn	3
lohnt	3
long	3
losgehen	3
loslassen	3
loswerden	3
lou	3
louise	3
love	3
loyalität	3
lucas	3
lucy	3
lydia	3
lärm	3
löschen	3
löst	3
löwen	3
lügst	3
lügt	3
mac	3
macgyver	3
mademoiselle	3
magen	3
maggie	3
mai	3
malcolm	3
male	3
malen	3
manager	3
mannschaft	3
manny	3
mantel	3
marcel	3
marcus	3
margaret	3
marine	3
marke	3
markt	3
mars	3
marshall	3
martha	3
marty	3
maschinen	3
maske	3
mason	3
master	3
material	3
matthew	3
mauer	3
maus	3
may	3
media	3
medien	3
medikamente	3
medizinische	3
meeting	3
meg	3
megan	3
meinetwegen	3
meist	3
meiste	3
meistens	3
melde	3
meldet	3
menschheit	3
menschlich	3
menschliche	3
menschlichen	3
merkt	3
methode	3
mexiko	3
mhm	3
mia	3
miami	3
michel	3
michelle	3
mickey	3
mies	3
miete	3
miles	3
militär	3
miller	3
milliarden	3
mine	3
minister	3
missverständnis	3
miststück	3
mitarbeiter	3
mitbringen	3
mitchell	3
mitglied	3
mitglieder	3
mitleid	3
mitmachen	3
mittag	3
mitteilen	3
mittel	3
mitternacht	3
mittwoch	3
mm	3
modell	3
molly	3
momentan	3
mommy	3
mona	3
monica	3
monk	3
monroe	3
moral	3
morde	3
mordes	3
morgan	3
morris	3
moskau	3
motel	3
motiv	3
motorrad	3
mulder	3
mum	3
munition	3
murphy	3
museum	3
musstest	3
muster	3
mutig	3
mußt	3
mylord	3
mächtig	3
mädel	3
märchen	3
märz	3
mäuse	3
mögliche	3
möglichen	3
möglichkeiten	3
münchen	3
müsstest	3
mütter	3
nachbar	3
nachbarschaft	3
nachhaltig	3
nachsehen	3
nachzudenken	3
nahmen	3
nahrung	3
nancy	3
nannte	3
nannten	3
narr	3
narren	3
nass	3
nate	3
nathan	3
nation	3
nebel	3
nebenan	3
nebenbei	3
ned	3
negativ	3
nehm	3
neil	3
nelson	3
nenn	3
nennst	3
nervt	3
netten	3
nettes	3
netz	3
neugierig	3
nichte	3
nicole	3
nieder	3
niedlich	3
nigger	3
nina	3
nirgends	3
nirgendwohin	3
nix	3
no	3
noah	3
nochmals	3
nora	3
normale	3
normalen	3
normaler	3
normales	3
norman	3
not	3
noten	3
notfall	3
notwendig	3
november	3
null	3
nutte	3
nutzlos	3
nutzt	3
nächster	3
nächte	3
nähern	3
nähert	3
nö	3
nützlich	3
nützt	3
oberfläche	3
oberst	3
ofen	3
offiziell	3
offizier	3
ohnmächtig	3
oje	3
oktober	3
olivia	3
one	3
online	3
op	3
opfern	3
opfers	3
ordentlich	3
organisation	3
original	3
orte	3
orten	3
oscar	3
osten	3
otto	3
out	3
over	3
owen	3
pa	3
pack	3
packt	3
paige	3
paket	3
palast	3
palmer	3
panzer	3
papi	3
papier	3
papst	3
paradies	3
parker	3
parkplatz	3
partei	3
passe	3
pater	3
patient	3
patientin	3
patrick	3
paula	3
pech	3
peg	3
peggy	3
penis	3
penner	3
penny	3
per	3
personal	3
personen	3
persönliche	3
persönlichen	3
persönliches	3
pfarrer	3
pfeift	3
pflanzen	3
phase	3
philip	3
phoebe	3
pierre	3
pillen	3
pilot	3
pinkeln	3
piper	3
pizza	3
planen	3
planet	3
pleite	3
plus	3
plätze	3
poirot	3
politik	3
pool	3
positiv	3
posten	3
praktisch	3
praxis	3
president	3
prinzen	3
privat	3
private	3
probe	3
proben	3
probier	3
probiert	3
profi	3
protokoll	3
präsentiert	3
prüfen	3
prüfung	3
pst	3
psychiater	3
publikum	3
puls	3
punkte	3
puppe	3
putzen	3
queen	3
quelle	3
quietschen	3
quinn	3
r	3
rad	3
rakete	3
ralph	3
rand	3
randy	3
rasse	3
ratte	3
ratten	3
rauch	3
raumschiff	3
rausfinden	3
rausgehen	3
rausholen	3
rauskommen	3
raymond	3
re	3
reagieren	3
reagiert	3
reaktion	3
real	3
realität	3
rebecca	3
rechnen	3
rechnungen	3
rechten	3
rechtzeitig	3
reduzieren	3
reg	3
regel	3
regisseur	3
regnet	3
reiche	3
reifen	3
reine	3
reingehen	3
reingelegt	3
reiten	3
reizend	3
reiß	3
reißen	3
reißt	3
religion	3
rennt	3
repariert	3
reporter	3
respektieren	3
rette	3
rettet	3
rettung	3
reverend	3
revier	3
revolution	3
rezept	3
richten	3
richtiger	3
richtiges	3
rick	3
ricky	3
riechen	3
riesig	3
riesige	3
riesigen	3
riley	3
riskant	3
rita	3
ritter	3
road	3
roboter	3
rollen	3
roman	3
romantisch	3
ron	3
ronnie	3
rory	3
rosa	3
rosen	3
rufst	3
ruh	3
ruhen	3
ruhige	3
ruhm	3
ruinieren	3
ruiniert	3
rund	3
russell	3
russen	3
russland	3
ruth	3
rächen	3
rätsel	3
räumen	3
rückkehr	3
sachte	3
sack	3
safe	3
saft	3
salat	3
sally	3
salz	3
samantha	3
sammeln	3
sammy	3
sand	3
sandwich	3
sandy	3
sanft	3
santa	3
sara	3
sarg	3
satz	3
sauerstoff	3
schachtel	3
schaff	3
schalten	3
schaue	3
schauspieler	3
schauspielerin	3
schaust	3
scheck	3
scheiden	3
scheidung	3
scheinbar	3
scheinst	3
scheisse	3
scheißegal	3
scheißkerl	3
schenken	3
scheune	3
schicht	3
schickte	3
schieben	3
schief	3
schieß	3
schießerei	3
schießt	3
schiffe	3
schild	3
schilde	3
schlacht	3
schlafe	3
schlange	3
schlechtes	3
schlief	3
schliesslich	3
schließ	3
schließe	3
schließt	3
schlimme	3
schlimmeres	3
schlimmes	3
schlimmsten	3
schluchzt	3
schluck	3
schlug	3
schläfst	3
schläger	3
schlägst	3
schmecken	3
schmuck	3
schmutzig	3
schnapp	3
schnappt	3
schnaps	3
schnee	3
schneiden	3
schnelle	3
schnitt	3
schock	3
schokolade	3
school	3
schrank	3
schreckliche	3
schrecklichen	3
schrei	3
schreib	3
schreibst	3
schreibtisch	3
schreie	3
schritt für schritt	3
schuh	3
schulde	3
schuldest	3
schulter	3
schultern	3
schultz	3
schwachsinn	3
schwarzer	3
schweine	3
schwere	3
schweren	3
schwerer	3
schwul	3
schwäche	3
schwör	3
schwören	3
schädel	3
schämen	3
schönste	3
schüchtern	3
schüsse	3
schütze	3
scully	3
sdh	3
sean	3
sebastian	3
seelen	3
segen	3
segne	3
seil	3
seist	3
sekretärin	3
seltsame	3
senator	3
senden	3
sender	3
sendung	3
september	3
serena	3
serie	3
setze	3
setzte	3
señor	3
shane	3
shaw	3
sheldon	3
sherlock	3
shield	3
sicheren	3
sicherer	3
sicherlich	3
sichern	3
sicht	3
sieger	3
sing	3
single	3
sinne	3
sinnlos	3
sinnvoll	3
sitz	3
sitzung	3
sklaven	3
smith	3
sms	3
socken	3
soeben	3
sofa	3
sohnes	3
solch	3
solle	3
sollt	3
sonny	3
sophie	3
sorgt	3
soviel	3
sowie	3
sozusagen	3
spanien	3
spanisch	3
sparen	3
spass	3
spazieren	3
spaziergang	3
special	3
spencer	3
spenden	3
spezies	3
spielchen	3
spieler	3
spielte	3
spielzeug	3
spinner	3
spinnst	3
spion	3
spitze	3
spock	3
sport	3
spring	3
springt	3
spruch	3
sprung	3
spüre	3
staat	3
staaten	3
staatsanwalt	3
stabil	3
staffel	3
stahl	3
stammen	3
stammt	3
stan	3
standen	3
stanley	3
starben	3
starke	3
starken	3
start	3
starten	3
station	3
stattdessen	3
staub	3
steck	3
stecke	3
steckst	3
steckte	3
steele	3
stefan	3
steine	3
stellst	3
stellung	3
stephen	3
stern	3
sterne	3
stets	3
steuer	3
steuern	3
steven	3
stiefel	3
stift	3
stil	3
stille	3
stimmengewirr	3
stimmung	3
stinkt	3
stirb	3
stirbst	3
stirn	3
stoff	3
stone	3
stop	3
stoßen	3
strafe	3
strecke	3
streng	3
stress	3
strom	3
studenten	3
studieren	3
studiert	3
studio	3
stufe	3
sturm	3
stärke	3
stöhnen	3
störe	3
störung	3
stücke	3
stürzen	3
suchte	3
summe	3
superman	3
suppe	3
sydney	3
symbol	3
symptome	3
söhne	3
süden	3
sünde	3
sünden	3
süßen	3
süßer	3
süßes	3
tabletten	3
tagebuch	3
tal	3
talent	3
tanzt	3
tapfer	3
tara	3
tarnung	3
taschen	3
tasse	3
tatort	3
taub	3
taucht	3
tauschen	3
tausend	3
tausende	3
taylor	3
teams	3
technik	3
technologie	3
teddy	3
teenager	3
telefonieren	3
telefoniert	3
telefonnummer	3
teller	3
tempel	3
tempo	3
teppich	3
terroristen	3
terry	3
tess	3
testament	3
testen	3
tests	3
texas	3
text	3
thanksgiving	3
that	3
theorie	3
therapie	3
thron	3
tiefe	3
tiefer	3
tieren	3
tiger	3
time	3
tina	3
tipp	3
titel	3
titten	3
toast	3
toby	3
todd	3
todes	3
tollen	3
toter	3
tour	3
tracy	3
tradition	3
trafen	3
tragödie	3
trainer	3
trainieren	3
trainiert	3
training	3
trank	3
traue	3
trauer	3
traurige	3
travis	3
treffer	3
treiben	3
treibt	3
treppe	3
treu	3
treue	3
tricks	3
triffst	3
trinke	3
trinkst	3
trinkt	3
trocken	3
tropfen	3
trost	3
troy	3
truck	3
truppe	3
truppen	3
trägst	3
tränen	3
tunnel	3
turm	3
tv	3
tyler	3
typisch	3
täglich	3
täter	3
täuschen	3
töchter	3
tödlich	3
tötete	3
umdrehen	3
umso	3
umstände	3
umständen	3
umziehen	3
umzubringen	3
unangenehm	3
unfair	3
ungern	3
ungewöhnlich	3
unglück	3
unglücklich	3
unheimlich	3
unhöflich	3
uni	3
uniform	3
universität	3
universum	3
unrecht	3
unschuld	3
unschuldige	3
unschuldigen	3
unterbrechen	3
unterhaltung	3
unterlagen	3
unterricht	3
unterschrieben	3
unterschrift	3
unterstützen	3
unterstützt	3
untersucht	3
unterwäsche	3
unwichtig	3
ursache	3
urteil	3
vampir	3
vampire	3
vanessa	3
vegas	3
verabredet	3
verabredung	3
verabschieden	3
verarschen	3
verarscht	3
verbergen	3
verbessern	3
verbesserung	3
verbinden	3
verbindungen	3
verbracht	3
verbrannt	3
verbrecher	3
verbrennen	3
verdacht	3
verdammtes	3
verderben	3
verdiene	3
verdienst	3
verdächtige	3
verdächtigen	3
vereinigten	3
verfahren	3
verfassung	3
verfluchte	3
verfügung	3
vergaß	3
vergebung	3
vergehen	3
vergesse	3
vergesst	3
vergewaltigt	3
vergib	3
vergiftet	3
vergisst	3
vergleich	3
vergleichen	3
verhandeln	3
verhandlung	3
verhungern	3
verhältnis	3
verkauf	3
verkaufe	3
verkehr	3
verlange	3
verlass	3
verlasse	3
verlaufen	3
verlegen	3
verletzungen	3
verlieben	3
verliere	3
verlierer	3
verlierst	3
verließ	3
verlobt	3
verlor	3
verlust	3
vermasselt	3
vermeiden	3
vermute	3
vermögen	3
vernichtet	3
vernunft	3
vernünftig	3
verpassen	3
verpflichtet	3
verpiss	3
verprügelt	3
verrat	3
verrate	3
verrückten	3
verrückter	3
versagen	3
versager	3
versagt	3
versaut	3
verschieben	3
verschiedene	3
verschiedenen	3
verschlossen	3
verschwand	3
verschwenden	3
versehen	3
versetzt	3
versichere	3
versicherung	3
version	3
versprach	3
versprich	3
verspätung	3
versteck	3
verständnis	3
verstärkung	3
versuchst	3
versuchten	3
verteidigen	3
verteidigung	3
verteilt	3
vertragen	3
vertrau	3
vertraust	3
vertreten	3
verursacht	3
verurteilt	3
verwandeln	3
verwandelt	3
verwenden	3
verwendet	3
verwickelt	3
verzeih	3
verzeiht	3
verzichten	3
verzweifelt	3
veränderung	3
verärgert	3
vic	3
victoria	3
vieh	3
vieles	3
vielmals	3
viertel	3
villa	3
vince	3
virginia	3
virus	3
vision	3
volle	3
vollständig	3
voran	3
voraussetzung	3
vorbeikommen	3
vorbereiten	3
vorfahren	3
vorfall	3
vorgehen	3
vorgestellt	3
vorhaben	3
vorm	3
vorteil	3
väter	3
vögel	3
vögeln	3
wachsen	3
wade	3
wahren	3
walker	3
walt	3
walton	3
ware	3
warf	3
warne	3
warnen	3
warnung	3
warren	3
wartest	3
wartete	3
waschen	3
watson	3
wayne	3
we	3
wechseln	3
wecken	3
weggehen	3
weggelaufen	3
weglaufen	3
wegnehmen	3
wehgetan	3
weib	3
weich	3
weihnachtsmann	3
weine	3
weiterer	3
weiteres	3
weitergehen	3
weißer	3
welch	3
welten	3
wenden	3
wendy	3
wenige	3
wenigen	3
werbung	3
werk	3
werkstatt	3
werte	3
wertvoll	3
wessen	3
west	3
westen	3
weswegen	3
wettbewerb	3
wetten	3
wetter	3
what	3
whiskey	3
whisky	3
white	3
whoa	3
wichtigen	3
wichtiges	3
widerlich	3
widerstand	3
wiederhole	3
wiederholen	3
wiederkommen	3
wiederzusehen	3
wien	3
wieviel	3
wilde	3
wilden	3
wille	3
williams	3
willie	3
wilson	3
winter	3
wirf	3
wirft	3
wirken	3
wirklichkeit	3
wirkung	3
wissenschaft	3
wissenschaftler	3
with	3
witwe	3
wobei	3
wodka	3
wohne	3
wohnst	3
wohnzimmer	3
wolf	3
wolle	3
wolltet	3
womöglich	3
wonach	3
worten	3
wovor	3
wunde	3
wunden	3
wunderbare	3
wunderschöne	3
wut	3
wächst	3
wächter	3
wände	3
wäsche	3
wörter	3
wünscht	3
würd	3
würdet	3
wüssten	3
wüste	3
x	3
yo	3
your	3
zack	3
zahl	3
zahle	3
zahlt	3
zahn	3
zauber	3
zauberer	3
zaun	3
zeigst	3
zeigte	3
zeitungen	3
zelle	3
zelt	3
zentrale	3
zentrum	3
zerstörung	3
zettel	3
zeuge	3
ziehst	3
ziele	3
zigarette	3
zigaretten	3
zirkus	3
zoe	3
zone	3
zorn	3
zucker	3
zudem	3
zugeben	3
zugehört	3
zugriff	3
zunge	3
zunächst	3
zur gleichen zeit	3
zurecht	3
zurzeit	3
zurückbringen	3
zurückgeben	3
zurückgehen	3
zurückgekommen	3
zurückkehren	3
zurückkommt	3
zusammenarbeiten	3
zusammenhang	3
zuschauer	3
zusehen	3
zustimmen	3
zuständig	3
zuviel	3
zwang	3
zweck	3
zweitens	3
zweiter	3
zweites	3
zwillinge	3
zwingen	3
zwischenzeit	3
zähle	3
ächzt	3
ärztin	3
äußerst	3
öffentlich	3
öffentlichkeit	3
öffne	3
öffnet	3
öfter	3
öl	3
österreich	3
üben	3
überfall	3
überfallen	3
übergeben	3
überlassen	3
überleg	3
überlege	3
übernehme	3
übernimmt	3
übernommen	3
überraschen	3
überreden	3
übers	3
übersehen	3
übertragen	3
übertrieben	3
überwachen	3
übliche	3
übung	3
2-mal	4
aah	4
abbrechen	4
abdrücke	4
abe	4
abel	4
abgebrochen	4
abgefahren	4
abgegeben	4
abgelaufen	4
abgelenkt	4
abgesagt	4
abgeschnitten	4
abgesetzt	4
abgezogen	4
abgrund	4
abhängen	4
abigail	4
abkommen	4
abkürzung	4
ablegen	4
ablehnen	4
ablenken	4
ablenkung	4
abraham	4
abreise	4
abreisen	4
absagen	4
abschalten	4
abschaum	4
abschließen	4
abschneiden	4
abschnitt	4
absetzen	4
absichten	4
absolute	4
abstellen	4
abstimmung	4
abwechslung	4
abwesenheit	4
abziehen	4
abzug	4
abzuholen	4
adams	4
adieu	4
adler	4
adoptiert	4
adrian	4
afghanistan	4
agentin	4
agentur	4
aggressiv	4
agnes	4
ais	4
akademie	4
aktien	4
aktiv	4
aktivieren	4
aktivitäten	4
aktuell	4
akzeptiere	4
album	4
alec	4
alicia	4
alien	4
aliens	4
alkoholiker	4
allah	4
allergisch	4
allgemein	4
allianz	4
allison	4
allmählich	4
alltag	4
ally	4
alptraum	4
altar	4
alternative	4
alters	4
altmodisch	4
amber	4
amelia	4
american	4
amerikanischer	4
amerikas	4
amüsant	4
amüsiert	4
ana	4
analyse	4
analysieren	4
anbetracht	4
andauernd	4
andenken	4
andererseits	4
andermal	4
andern	4
anderson	4
anderthalb	4
andre	4
andrea	4
anerkennung	4
anfall	4
anfangs	4
anfing	4
anfänger	4
anfängt	4
anfühlt	4
angebracht	4
angefahren	4
angefasst	4
angehalten	4
angeheuert	4
angehört	4
angeklagte	4
angeklagten	4
angelegt	4
angelo	4
angemessen	4
angenehme	4
angeordnet	4
angerichtet	4
angeschaut	4
angesetzt	4
angesicht	4
angespannt	4
angesprochen	4
angestellte	4
angestellten	4
angewiesen	4
angie	4
angreifer	4
angriffe	4
anhand	4
anhängen	4
anhänger	4
anhörung	4
ankam	4
anker	4
anklagen	4
ankommt	4
anlage	4
anlügen	4
annahme	4
annähernd	4
anpassen	4
anrief	4
anrufbeantworter	4
anruft	4
anschlag	4
anschliessend	4
anschließen	4
anschluss	4
anschuldigungen	4
ansehe	4
ansicht	4
ansieht	4
ansprechen	4
anspruch	4
anstand	4
anstelle	4
anstrengend	4
anständige	4
antoine	4
antonio	4
antreten	4
antrieb	4
antwortet	4
anvertrauen	4
anweisung	4
anwendung	4
anwesen	4
anwesend	4
anzahl	4
anzeigen	4
anzufangen	4
anzugreifen	4
anzunehmen	4
apfel	4
apollo	4
apotheke	4
app	4
araber	4
arabisch	4
arbeiteten	4
arbeitslos	4
archie	4
are	4
argument	4
arizona	4
armband	4
armut	4
army	4
arnold	4
arrangieren	4
arrangiert	4
artie	4
as	4
ash	4
ashley	4
aspirin	4
assistent	4
assistenten	4
at	4
attentat	4
aufbau	4
aufbewahrt	4
aufbrechen	4
aufeinander	4
aufenthalt	4
aufgebracht	4
aufgefunden	4
aufgelegt	4
aufgelöst	4
aufgemacht	4
aufgestanden	4
aufgestellt	4
aufgezogen	4
aufheben	4
aufhält	4
aufhängen	4
aufklären	4
auflage	4
auflegen	4
auflösung	4
aufpasst	4
aufrecht	4
aufregen	4
aufrichtig	4
aufräumen	4
aufsicht	4
aufspüren	4
aufstand	4
aufstellen	4
aufwacht	4
aufzubauen	4
aufzugeben	4
aufzuhören	4
aufzunehmen	4
ausbruch	4
ausdrücken	4
ausfindig	4
ausführen	4
ausgabe	4
ausgebildet	4
ausgebrochen	4
ausgedacht	4
ausgedrückt	4
ausgefallen	4
ausgeführt	4
ausgegeben	4
ausgeht	4
ausgelöscht	4
ausgemacht	4
ausgeraubt	4
ausgeschaltet	4
ausgesehen	4
ausgesprochen	4
ausgewählt	4
ausgezeichnete	4
ausgezogen	4
aushalten	4
ausleihen	4
ausliefern	4
ausländer	4
auslöschen	4
auslösen	4
ausnutzen	4
ausprobieren	4
ausrede	4
ausreichend	4
aussah	4
ausschau	4
ausschliesslich	4
aussehe	4
aussen	4
aussiehst	4
aussprechen	4
ausstehen	4
ausstellung	4
austausch	4
australien	4
auswahl	4
auswendig	4
auswirkungen	4
auszeit	4
autobahn	4
autogramm	4
automatisch	4
autopsie	4
autorität	4
autounfall	4
außergewöhnlich	4
außerirdische	4
außerirdischen	4
avery	4
axt	4
aß	4
babylon	4
babysitter	4
back	4
backen	4
badewanne	4
bailey	4
balkon	4
baltimore	4
banditen	4
banken	4
barbie	4
barkeeper	4
barnes	4
baseball	4
basiert	4
basketball	4
bass	4
bastarde	4
bates	4
batman	4
batterie	4
batterien	4
baue	4
baute	4
bay	4
beach	4
beachten	4
beamen	4
beamten	4
beantworte	4
beantwortet	4
beauftragt	4
becher	4
bedarf	4
bedauern	4
bedaure	4
bedeckt	4
bedenkt	4
bedeutete	4
bedient	4
bedingung	4
bedrohliche	4
bedürfnis	4
bedürfnisse	4
beeindrucken	4
beeinflussen	4
beeinflusst	4
beende	4
befand	4
befehlen	4
befolgen	4
befolgt	4
befragt	4
befragung	4
befördert	4
beförderung	4
befürchten	4
befürchtet	4
begannen	4
begeben	4
begegnung	4
beginne	4
begleite	4
begleitet	4
begleitung	4
begriffen	4
begräbnis	4
begrüßt	4
behalt	4
beherrschen	4
beherrscht	4
behilflich	4
behindert	4
behält	4
beichte	4
beichten	4
beiseite	4
beispielsweise	4
beitrag	4
beitragen	4
beiträge	4
beißt	4
bekannte	4
bekannten	4
bekannter	4
belasten	4
belegt	4
beleidigen	4
beleidigung	4
bell	4
bella	4
belle	4
bellen	4
bellows	4
bellt	4
belästigen	4
belästigt	4
belügen	4
bemerkte	4
bemühen	4
bemüht	4
benannt	4
beneide	4
benimm	4
benimmst	4
benimmt	4
bennett	4
benommen	4
benutzte	4
benötigt	4
beobachte	4
beobachtung	4
beraten	4
berater	4
bereden	4
bereite	4
bereithalten	4
bereue	4
berichtet	4
berliner	4
bernie	4
bert	4
berufung	4
beruhig	4
berücksichtigen	4
berühmte	4
berühmten	4
besagt	4
besatzung	4
beschaffen	4
bescheiden	4
beschissene	4
beschissenen	4
beschissener	4
beschleunigen	4
beschloss	4
beschrieben	4
beschuldigen	4
beschuldigt	4
beschwerde	4
beschwerden	4
beschweren	4
beschwert	4
beschäftigen	4
beschütze	4
beseitigen	4
beseitigt	4
besitze	4
besoffen	4
besonderer	4
besprechung	4
besserer	4
bestandteil	4
bestehe	4
bestellung	4
bestimmtes	4
bestimmung	4
bestrafung	4
bestätigung	4
besuche	4
besuchte	4
betet	4
betracht	4
betrachte	4
betroffen	4
beträgt	4
betrügt	4
bette	4
betteln	4
betten	4
beurteilen	4
beutel	4
beverly	4
bevorzuge	4
bevölkerung	4
bewachen	4
bewacht	4
bewahre	4
bewahrt	4
bewegungen	4
bewerten	4
bewirken	4
bewohner	4
bewundern	4
bewundert	4
bewährung	4
bezahlst	4
bezahlte	4
bezahlung	4
bezaubernd	4
bezeichnen	4
bezeichnet	4
bezirk	4
bezug	4
beängstigend	4
bh	4
bienen	4
bildern	4
bildet	4
bildschirm	4
bildung	4
billige	4
billigen	4
billiger	4
binden	4
bingo	4
birthday	4
bischof	4
bishop	4
bislang	4
biss	4
bitteschön	4
bißchen	4
bla	4
blake	4
blase	4
blass	4
blicke	4
blieben	4
blockiert	4
blocks	4
blond	4
blonde	4
bluten	4
blutet	4
blutung	4
bläst	4
blätter	4
blödes	4
bo	4
bock	4
bogen	4
bohnen	4
bon	4
bond	4
bonjour	4
bonn	4
boote	4
booth	4
borg	4
boris	4
bot	4
boten	4
bourbon	4
box	4
boxen	4
boxer	4
boyd	4
bradley	4
branche	4
brandenburg	4
brandon	4
brandy	4
brasilien	4
braten	4
braun	4
braune	4
braver	4
braves	4
breche	4
bree	4
breit	4
bremen	4
bremsen	4
brett	4
brick	4
bridge	4
brien	4
briten	4
britische	4
britischen	4
bro	4
brody	4
brooke	4
brooklyn	4
bruno	4
bräuchten	4
bräutigam	4
brötchen	4
brüdern	4
brüllen	4
buchhalter	4
buchstaben	4
buchstäblich	4
bucht	4
buck	4
buddy	4
bude	4
budget	4
bumm	4
bund	4
bundesliga	4
bundesregierung	4
bundestag	4
bundy	4
bunker	4
burg	4
burger	4
burke	4
burns	4
burschen	4
burt	4
busch	4
but	4
butler	4
bären	4
bäumen	4
büchern	4
büßen	4
cal	4
caleb	4
cam	4
cameron	4
camille	4
campbell	4
campus	4
carla	4
carlo	4
carmen	4
carson	4
casino	4
cass	4
cassie	4
cat	4
cathy	4
center	4
central	4
ch00ff00	4
chad	4
champion	4
chan	4
chandler	4
chang	4
charme	4
chauffeur	4
check	4
checken	4
cheers	4
chefin	4
chemie	4
chen	4
chester	4
chff00ff	4
chffff00	4
chi	4
chinesisch	4
chinesische	4
chinesischen	4
chips	4
chirurg	4
chor	4
christen	4
christina	4
chwhite	4
clarke	4
claude	4
claudia	4
clean	4
cleveland	4
clubs	4
clyde	4
cm	4
cody	4
cola	4
colin	4
collins	4
come	4
commissioner	4
computerlogbuch	4
connie	4
conrad	4
coole	4
cooler	4
cora	4
corabeth	4
cordelia	4
corporal	4
costa	4
cousins	4
crane	4
cristina	4
cross	4
crowley	4
crystal	4
ctu	4
cynthia	4
cäsar	4
dachboden	4
dads	4
dahinten	4
dale	4
dallas	4
dampf	4
daniels	4
dankbarkeit	4
daphne	4
dar	4
daraufhin	4
darling	4
darstellung	4
darüber hinaus	4
das hängt davon ab	4
datei	4
dateien	4
datenbank	4
dates	4
datum	4
dauer	4
dauerte	4
dawn	4
day	4
dazwischen	4
dealer	4
deb	4
debatte	4
debbie	4
del	4
delta	4
demnächst	4
demokratie	4
demselben	4
denise	4
department	4
depp	4
deprimiert	4
deputy	4
dergleichen	4
derzeit	4
design	4
dessert	4
detail	4
detektiv	4
detroit	4
deuten	4
deutet	4
deutscher	4
devon	4
dezember	4
di	4
diagnose	4
dichter	4
dicken	4
dicker	4
diebe	4
dienste	4
diensten	4
dienstmädchen	4
dimension	4
diner	4
dinner	4
diskret	4
distanz	4
disziplin	4
division	4
dixon	4
diät	4
dns	4
dog	4
dokument	4
dolch	4
dom	4
donald	4
donner	4
donnie	4
donovan	4
doof	4
doppelte	4
doppelten	4
doris	4
dorothy	4
dortmund	4
dose	4
dosis	4
douglas	4
down	4
doyle	4
dr	4
drache	4
draht	4
drake	4
drang	4
draussen	4
dreckig	4
dreckige	4
dreckigen	4
drecksack	4
dreckskerl	4
drehe	4
drehte	4
dresden	4
drew	4
dritt	4
drittel	4
dritter	4
droge	4
drogendealer	4
drohen	4
droht	4
drohung	4
drohungen	4
drucken	4
drunter	4
drängen	4
drücke	4
drückt	4
dtv	4
duck	4
duft	4
dummheit	4
dummheiten	4
duncan	4
durchbruch	4
durchgedreht	4
durchgeführt	4
durchgegangen	4
durchgeknallt	4
durchhalten	4
durchkommen	4
durchmachen	4
durchsuchungsbefehl	4
durchziehen	4
durstig	4
dutzende	4
dynamit	4
dürften	4
düsseldorf	4
düstere	4
e-mail	4
e-mails	4
east	4
echo	4
edgar	4
edith	4
edwards	4
ego	4
egoistisch	4
ehemalige	4
ehemaligen	4
ehemaliger	4
ehrenwort	4
ehrliche	4
ehrlichkeit	4
eichhörnchen	4
eid	4
eiern	4
eifersucht	4
eigenschaften	4
einatmen	4
einbrecher	4
eindringen	4
einfachen	4
einfaches	4
einfällt	4
einführung	4
eingebrochen	4
eingefallen	4
eingenommen	4
eingerichtet	4
eingetroffen	4
eingezogen	4
einiger	4
einkaufszentrum	4
einmischen	4
einnehmen	4
einrichten	4
einrichtung	4
einsame	4
einsamkeit	4
einschalten	4
einschlafen	4
einschließlich	4
einsperren	4
eintreffen	4
eintreten	4
eintritt	4
einwohner	4
einzelheiten	4
einziehen	4
einzigartig	4
eisen	4
eiskalt	4
elaine	4
eleanor	4
elefant	4
elefanten	4
elegant	4
elemente	4
elend	4
eli	4
elias	4
elijah	4
elisabeth	4
ella	4
elliot	4
ellis	4
elsa	4
elvis	4
em	4
eminenz	4
emotional	4
emotionale	4
emotionen	4
empfange	4
empfehle	4
empfehlen	4
empfehlung	4
empfinde	4
empfinden	4
empfindlich	4
empfohlen	4
en	4
end	4
endete	4
engagiert	4
enge	4
englische	4
englischen	4
enkelin	4
entdeckte	4
entdeckung	4
ente	4
entführen	4
entführer	4
entgehen	4
enthalten	4
enthält	4
entlassung	4
entscheidest	4
entschied	4
entsetzlich	4
entsprechend	4
entspricht	4
entstanden	4
entstehen	4
entsteht	4
enttäuschung	4
entwischt	4
entworfen	4
entzückend	4
episode	4
erben	4
erbärmlich	4
erdbeben	4
ereignis	4
erfahrungen	4
erfasst	4
erfinden	4
erfindung	4
erfolgen	4
erforderlich	4
erfordern	4
erfordert	4
ergreifen	4
erheblich	4
erhebt	4
erholen	4
erholt	4
erhält	4
erhöht	4
erica	4
erik	4
erinnerte	4
erkannte	4
erkenntnis	4
erklärte	4
erlaube	4
erlösung	4
ermitteln	4
ermittelt	4
ermittler	4
ermittlung	4
ermorden	4
ermordung	4
ernste	4
ernte	4
ernähren	4
erobern	4
erpressen	4
erpresst	4
erpressung	4
erraten	4
erregen	4
erregt	4
ersatz	4
erschien	4
erschienen	4
erschieß	4
erschieße	4
erschießt	4
erschlagen	4
erschoss	4
ersetzt	4
ersparen	4
erspart	4
erstatten	4
erstaunt	4
ersticken	4
erstickt	4
erstmals	4
erstochen	4
erteilen	4
erteilt	4
ertrage	4
ertrinken	4
ertrunken	4
erwachsenen	4
erwachsener	4
erwacht	4
erwartete	4
erwartungen	4
erweisen	4
erwische	4
erwähnte	4
erzeugen	4
erzeugt	4
erziehung	4
erzogen	4
eröffnet	4
es lässt sich sagen	4
esst	4
est	4
esther	4
et	4
etage	4
eugene	4
evakuieren	4
evan	4
evans	4
eve	4
evelyn	4
ewige	4
ewigen	4
ex-frau	4
exakt	4
experimente	4
experte	4
experten	4
explodieren	4
f	4
fach	4
faden	4
fahne	4
fahrstuhl	4
falscher	4
fangt	4
fanny	4
fans	4
fantastische	4
farmer	4
fasst	4
fasziniert	4
februar	4
feder	4
federn	4
fee	4
fehlst	4
fehlte	4
feierabend	4
feiert	4
feige	4
feiglinge	4
feinden	4
feine	4
feiner	4
felicity	4
fell	4
ferne	4
fernhalten	4
fertigmachen	4
fesseln	4
feste	4
festen	4
fester	4
festgehalten	4
festgestellt	4
festnehmen	4
feststellen	4
festung	4
fetten	4
feucht	4
feuerwehr	4
feuerwerk	4
feuerzeug	4
fickt	4
fielen	4
fies	4
figuren	4
films	4
finale	4
finch	4
fingen	4
fingern	4
finsternis	4
fiona	4
firmen	4
first	4
fischen	4
fischer	4
fisher	4
fit	4
fitz	4
flach	4
flagge	4
flamme	4
flash	4
flecken	4
fleißig	4
fletcher	4
flieg	4
flieger	4
fliegst	4
fließen	4
fließt	4
flittchen	4
flitterwochen	4
floh	4
flugzeuge	4
flut	4
fläche	4
flüchten	4
flüssigkeit	4
flüstern	4
folgende	4
folgenden	4
folglich	4
folgte	4
folter	4
foltern	4
force	4
fordere	4
fordern	4
fordert	4
forderungen	4
formel	4
formen	4
fortschritt	4
fortsetzen	4
forum	4
foster	4
fotografieren	4
fotografiert	4
fotze	4
fox	4
fragten	4
fran	4
francine	4
francs	4
franklin	4
französische	4
französischen	4
françois	4
frech	4
freddie	4
freddy	4
freiburg	4
freigelassen	4
freilassen	4
freizeit	4
fremd	4
frequenz	4
freuden	4
freundchen	4
freundes	4
freust	4
frischen	4
frisches	4
friseur	4
fritz	4
frohes	4
from	4
frosch	4
frost	4
früchte	4
frühen	4
früheren	4
frühstücken	4
fu	4
fuchs	4
funken	4
funkgerät	4
funktion	4
fur	4
furchtbare	4
furchtbaren	4
fuss	4
fussball	4
futter	4
fähnrich	4
fällig	4
fälschung	4
fände	4
föderation	4
fördern	4
förderung	4
führst	4
führten	4
fünfte	4
fünften	4
fürchterlich	4
fürchtet	4
füreinander	4
fürst	4
gabriel	4
gaby	4
galactica	4
galaxie	4
galerie	4
gans	4
ganzem	4
ganzer	4
garantie	4
garantiere	4
garantieren	4
garcia	4
garderobe	4
garrett	4
gasse	4
gate	4
gates	4
gauner	4
ge	4
geantwortet	4
gebacken	4
gebet	4
gebete	4
gebetet	4
geboten	4
gebucht	4
gebunden	4
gedicht	4
gedichte	4
gedient	4
gedroht	4
gedrückt	4
geduldig	4
geehrt	4
geeignet	4
gefangener	4
gefecht	4
gefeiert	4
gefilmt	4
gefoltert	4
gefressen	4
gefährden	4
gefährdet	4
gefährliche	4
gefährlichen	4
gefährlicher	4
gefälscht	4
gefühlen	4
gefüllt	4
gegenstand	4
gegenzug	4
gegründet	4
gegrüßt	4
gehackt	4
gehandelt	4
geheimdienst	4
geheimnisvolle	4
gehorchen	4
gehängt	4
geier	4
geistes	4
gekleidet	4
gekündigt	4
gelacht	4
gelang	4
gelangt	4
gelb	4
gelbe	4
gelben	4
geldes	4
gelegen	4
gelegentlich	4
gelehrt	4
geleitet	4
geliebter	4
geliehen	4
gelingt	4
gelitten	4
gelobt	4
gelungen	4
gemalt	4
gemeinsamen	4
gemeinschaft	4
gemietet	4
gemma	4
gemocht	4
gen	4
genaue	4
gene	4
genehmigt	4
genehmigung	4
generationen	4
genervt	4
genick	4
geniessen	4
genieße	4
genießt	4
genosse	4
genutzt	4
genügen	4
geopfert	4
georg	4
georges	4
georgia	4
gepackt	4
geplatzt	4
geprüft	4
geradezu	4
gerannt	4
geraucht	4
gerechnet	4
geregelt	4
gereist	4
gerichtet	4
geriet	4
geringste	4
geringsten	4
geräte	4
gerücht	4
gerührt	4
gesammelt	4
geschaut	4
geschirr	4
geschlecht	4
geschrei	4
geschrien	4
geschwister	4
geschworenen	4
geschäftlich	4
geschäftsführer	4
geschäftsmann	4
geschützt	4
gesegnet	4
gesperrt	4
gesprungen	4
gespürt	4
gestalt	4
gestalten	4
gestank	4
gestapo	4
gestartet	4
gestattet	4
geste	4
gestiegen	4
gestoppt	4
gestresst	4
gestrichen	4
gestürzt	4
gesungen	4
get	4
getanzt	4
geteilt	4
getestet	4
getreten	4
getränke	4
getäuscht	4
gevögelt	4
gewahrsam	4
gewaltig	4
gewalttätig	4
gewann	4
gewaschen	4
gewebe	4
gewechselt	4
geweckt	4
gewehre	4
gewerkschaft	4
gewinnst	4
gewisser	4
gewähren	4
gewährt	4
gezahlt	4
gezeichnet	4
gezählt	4
geübt	4
gibbs	4
gideon	4
gilbert	4
giles	4
gin	4
gina	4
ginger	4
gipfel	4
gitter	4
glaubten	4
gleichfalls	4
gleichgewicht	4
glen	4
glenn	4
glocken	4
glotzt	4
gläser	4
glücklichen	4
glücklicherweise	4
glückspilz	4
gnaden	4
gnädige	4
goa	4
goldenen	4
golf	4
gonna	4
good	4
gossip	4
got	4
gottverdammt	4
graham	4
gramm	4
grand	4
gratis	4
gratulieren	4
grau	4
grauen	4
gray	4
grayson	4
greif	4
griechenland	4
griffin	4
grippe	4
grob	4
grossartig	4
grosse	4
großartigen	4
großartiger	4
großem	4
grundlage	4
grundsätzlich	4
gruppen	4
gruselig	4
gräfin	4
grösse	4
grösste	4
größeren	4
größeres	4
größter	4
grünes	4
guckst	4
gutem	4
guy	4
gwen	4
gärtner	4
göttern	4
göttin	4
gütiger	4
habs	4
hacken	4
haft	4
haftbefehl	4
hahn	4
hai	4
hal	4
hall	4
halle	4
halleluja	4
halloween	4
haltung	4
hamburger	4
hamilton	4
hammond	4
han	4
handgelenk	4
handlung	4
handschrift	4
handschuhe	4
handtasche	4
handtuch	4
handys	4
hannibal	4
hannover	4
hardy	4
harmlos	4
harper	4
harriet	4
harrison	4
harvard	4
hase	4
hasen	4
hasste	4
hastings	4
hauch	4
hauptstadt	4
hauptsächlich	4
hausarrest	4
haushalt	4
hausmeister	4
haust	4
have	4
hawaii	4
hayes	4
heart	4
heather	4
hebt	4
hector	4
hedley	4
heidi	4
heilig	4
heiligkeit	4
heilt	4
heilung	4
heimweg	4
heinrich	4
heirat	4
heiratest	4
heiratete	4
heiss	4
heissen	4
heisst	4
heißer	4
heißes	4
helena	4
helf	4
helikopter	4
heller	4
helm	4
henderson	4
henker	4
henri	4
heran	4
herausfindet	4
herbert	4
herbst	4
herd	4
herde	4
here	4
hergebracht	4
hergestellt	4
herhören	4
herkommt	4
herkunft	4
herrin	4
herrje	4
herrschaft	4
herrschaften	4
herrschen	4
herrscher	4
herstellen	4
herunter	4
hervor	4
herzens	4
herzschlag	4
herzukommen	4
hessen	4
heult	4
heutige	4
hierbei	4
hierfür	4
hierhin	4
hiervon	4
hierzu	4
highway	4
hilflos	4
hills	4
hinauf	4
hinbringen	4
hindern	4
hinfahren	4
hing	4
hingegangen	4
hingerichtet	4
hinrichtung	4
hinsicht	4
hinsichtlich	4
hinterhalt	4
hinterließ	4
hinterlässt	4
hintertür	4
hinunter	4
hinweisen	4
hinzu	4
hinüber	4
hit	4
hobby	4
hochgehen	4
hochzeitstag	4
hoffnungen	4
hoffnungslos	4
hofft	4
hoher	4
hohes	4
holte	4
home	4
homepage	4
hongkong	4
honig	4
hood	4
hope	4
hoppla	4
horn	4
hospital	4
hot	4
hotels	4
hotelzimmer	4
houston	4
how	4
hudson	4
hugh	4
hugo	4
hummer	4
humphrey	4
hunden	4
hunt	4
hunter	4
hupen	4
huren	4
husten	4
händler	4
häng	4
hänge	4
hängst	4
härter	4
hässliche	4
häufig	4
häuptling	4
häusern	4
höchst	4
höchsten	4
höhepunkt	4
höhere	4
höheren	4
höschen	4
hüfte	4
hühner	4
hülle	4
hündchen	4
hüte	4
ick	4
ideal	4
ideale	4
if	4
igitt	4
ignoriert	4
ihretwegen	4
ike	4
illegale	4
illusion	4
im hinblick auf	4
immerzu	4
industrie	4
infektion	4
infiziert	4
informant	4
informanten	4
infos	4
infrage	4
ingalls	4
ingenieur	4
inhalt	4
initiative	4
inklusive	4
insekten	4
inspiration	4
inspiriert	4
instinkt	4
institut	4
integration	4
intelligenz	4
interessanter	4
interessantes	4
interessen	4
international	4
internationale	4
internationalen	4
invasion	4
investieren	4
investiert	4
involviert	4
inwiefern	4
ios	4
ira	4
irak	4
irene	4
irgendeiner	4
irgendwelchen	4
irland	4
ironie	4
irrer	4
irrst	4
isaac	4
isabelle	4
islam	4
israel	4
italiener	4
italienisch	4
ivan	4
j	4
jacques	4
jahreszeit	4
jahrhunderten	4
jahrhunderts	4
jakob	4
jammer	4
jammern	4
janet	4
januar	4
japaner	4
jasper	4
jax	4
jeanne	4
jeans	4
jeep	4
jefferson	4
jeffrey	4
jegliche	4
jen	4
jenem	4
jenkins	4
jenna	4
jessie	4
jet	4
jeweils	4
joan	4
jodi	4
jody	4
joel	4
johannes	4
jon	4
jonah	4
josef	4
joshua	4
journalist	4
journalisten	4
joy	4
joyce	4
jubel	4
jubeln	4
juckt	4
judith	4
jugendliche	4
juhu	4
jules	4
julien	4
juliette	4
julius	4
june	4
junges	4
junkie	4
jury	4
just	4
juwelen	4
jährlich	4
jüngste	4
jüngsten	4
kabine	4
kacke	4
kai	4
kalender	4
kalten	4
kameraden	4
kamin	4
kammer	4
kampagne	4
kandidaten	4
kane	4
kaninchen	4
kanntest	4
kanonen	4
kansas	4
kanzlei	4
kapelle	4
kapier	4
kapierst	4
kara	4
kardinal	4
karre	4
kartoffeln	4
kasten	4
kategorie	4
kater	4
kathy	4
kaufst	4
kaugummi	4
keines	4
keinesfalls	4
keineswegs	4
keith	4
keks	4
kellner	4
kellnerin	4
kennedy	4
kennzeichen	4
kern	4
kerze	4
kerzen	4
ketten	4
kg	4
khan	4
kichern	4
kichert	4
kid	4
kimmy	4
kinderspiel	4
kindisch	4
kinn	4
kira	4
kit	4
kitty	4
klagen	4
klare	4
klaren	4
klarer	4
klarstellen	4
klassiker	4
klassische	4
klaut	4
klaviermusik	4
klebt	4
kleingeld	4
kleinste	4
klemme	4
klemmt	4
klettern	4
klient	4
klimaanlage	4
klingonen	4
klingst	4
klirren	4
klopf	4
klub	4
kluge	4
klänge	4
klüger	4
knallen	4
knallt	4
knarren	4
kneipe	4
knien	4
knight	4
knoten	4
knurren	4
knöchel	4
knöpfe	4
koche	4
kocht	4
kokain	4
koks	4
kollegin	4
kombination	4
komischen	4
komischer	4
komisches	4
kommentar	4
kommentare	4
kommission	4
kommunikation	4
kommunisten	4
kommunizieren	4
kompanie	4
komplette	4
komplex	4
komplizen	4
komplizierter	4
konferenz	4
konflikt	4
kong	4
kongress	4
konkurrenz	4
kontakte	4
kontaktiert	4
konten	4
konzentration	4
konzentrier	4
konzentriere	4
konzentriert	4
konzept	4
kooperieren	4
kopien	4
korb	4
korea	4
korrigiert	4
kostenlos	4
kostüme	4
krach	4
krachen	4
kragen	4
kranke	4
kranken	4
krankheiten	4
kratzen	4
kratzer	4
kreaturen	4
kredit	4
kreditkarte	4
kreditkarten	4
kreischen	4
kreischt	4
kreisen	4
kreuzung	4
kriechen	4
krieges	4
kriminelle	4
kriminellen	4
kritik	4
kronen	4
kräften	4
kräftig	4
krüppel	4
kuba	4
kumpels	4
kung	4
kuppel	4
kurve	4
kurzer	4
käfer	4
kälte	4
kämen	4
kämpfst	4
kämpfte	4
kätzchen	4
käufer	4
köchin	4
köln	4
könige	4
königliche	4
königlichen	4
köpfen	4
körperlich	4
körpers	4
körperverletzung	4
kühe	4
kühl	4
kümmer	4
kümmerst	4
kündige	4
kündigen	4
kürze	4
küsschen	4
küsse	4
lacey	4
lach	4
lache	4
lachst	4
lagen	4
lagerhaus	4
lahm	4
lake	4
laken	4
lamm	4
lande	4
landete	4
landkreis	4
landung	4
langem	4
langes	4
langfristig	4
langweilen	4
laptop	4
lars	4
lastwagen	4
laurel	4
lauren	4
lauten	4
lautsprecher	4
lawrence	4
laßt	4
lebende	4
lebenden	4
lebenslauf	4
lebensmittel	4
lebewesen	4
lebewohl	4
lecken	4
legal	4
legst	4
lehre	4
lehren	4
leichtes	4
leide	4
leipzig	4
leises	4
leite	4
lena	4
lenken	4
lenny	4
leon	4
lernten	4
les	4
lesbe	4
lesbisch	4
leser	4
leslie	4
lester	4
let	4
letztens	4
leuchten	4
leugnen	4
level	4
li	4
liebend	4
liebster	4
liebten	4
lieder	4
liefen	4
liefert	4
lieferwagen	4
life	4
liga	4
light	4
lila	4
limo	4
limonade	4
lin	4
ling	4
link	4
lionel	4
lippenstift	4
liter	4
literatur	4
liv	4
lizenz	4
lkw	4
lloyd	4
lm	4
ln	4
lobby	4
locke	4
locken	4
logik	4
logisch	4
lokal	4
lola	4
look	4
lorelai	4
lori	4
loser	4
loslegen	4
loszuwerden	4
loyal	4
lucky	4
lud	4
ludwig	4
luis	4
lukas	4
lunge	4
lungen	4
lustige	4
lustiger	4
luthor	4
luxus	4
lynette	4
lynn	4
lächelt	4
läden	4
lädt	4
länder	4
ländern	4
länge	4
läufst	4
läuten	4
läutet	4
löcher	4
löffel	4
lösegeld	4
löwe	4
lüg	4
lügnerin	4
madison	4
mafia	4
magazin	4
magische	4
magischen	4
mahlzeit	4
mail	4
mailbox	4
main	4
mainz	4
mais	4
make-up	4
maler	4
manchen	4
manches	4
mandant	4
mandanten	4
mandy	4
mangel	4
manhattan	4
manieren	4
manipulieren	4
manipuliert	4
manuel	4
marc	4
marco	4
marge	4
marian	4
marianne	4
marilyn	4
marina	4
marines	4
mario	4
marion	4
markiert	4
marsch	4
marschieren	4
marsh	4
marshal	4
marvin	4
maschinenraum	4
masken	4
masse	4
massnahmen	4
mathe	4
mauern	4
maulwurf	4
maura	4
maurice	4
maya	4
maßnahme	4
maßnahmen	4
mcgee	4
mechaniker	4
medikament	4
medizinischen	4
mehreren	4
mehrfach	4
mehrheit	4
mehrmals	4
meile	4
meinerseits	4
meinten	4
mel	4
melancholische	4
melanie	4
meldung	4
melissa	4
melodie	4
menschlicher	4
menschliches	4
menschlichkeit	4
mercedes	4
merci	4
meredith	4
merk	4
merke	4
merkst	4
merkte	4
merkwürdige	4
merlin	4
messe	4
messen	4
metall	4
methoden	4
mexikaner	4
mhm-hm	4
mi	4
mick	4
miese	4
miesen	4
mieser	4
mieten	4
miguel	4
mikey	4
mildred	4
mills	4
milo	4
milton	4
min	4
ministerium	4
minus	4
miranda	4
mischen	4
mischung	4
missbraucht	4
misstrauisch	4
mitbekommen	4
mitbewohner	4
mitch	4
mitfahren	4
mitgefühl	4
mitgehen	4
mithilfe	4
mitspielen	4
mittags	4
mittagspause	4
mitteln	4
mittels	4
mittleren	4
mittlerweile	4
mitzunehmen	4
mitzuteilen	4
mm-hmm	4
mmm	4
mochten	4
mode	4
model	4
moderne	4
modernen	4
momente	4
mon	4
monats	4
money	4
moore	4
morden	4
mordfall	4
more	4
moses	4
motto	4
mountain	4
mumm	4
murray	4
muschi	4
musiker	4
muskeln	4
mutti	4
mylady	4
mächtige	4
mächtigen	4
mächtiger	4
mädchens	4
männlich	4
männliche	4
möbel	4
möglichst	4
mönch	4
mörderin	4
müller	4
münster	4
münze	4
münzen	4
müsse	4
mütze	4
nachbarin	4
nachfolger	4
nachkommen	4
nachmittags	4
nachnamen	4
nachtisch	4
nacken	4
nackte	4
nadel	4
nadia	4
nagel	4
nahezu	4
naiv	4
naomi	4
napoleon	4
narbe	4
narben	4
natalie	4
national	4
nationale	4
nationalen	4
natürliche	4
navy	4
nazis	4
neal	4
neffe	4
neffen	4
neidisch	4
neill	4
nellie	4
nest	4
netflix	4
netzwerk	4
neueste	4
neuesten	4
neugier	4
news	4
nich	4
nicholas	4
nicht nur sondern auch	4
nickerchen	4
nicky	4
niederlage	4
niedrig	4
niere	4
night	4
nikita	4
nikki	4
niveau	4
nolan	4
non	4
nonne	4
nord	4
norma	4
north	4
notaufnahme	4
note	4
notiz	4
notizen	4
notruf	4
now	4
nudeln	4
nummern	4
nutten	4
nutze	4
nutzer	4
nutzung	4
nypd	4
nägel	4
nähen	4
nördlich	4
nötige	4
nüchtern	4
nürnberg	4
nüsse	4
nützen	4
oberen	4
oberste	4
obersten	4
objekt	4
obst	4
och	4
offene	4
offenen	4
offizielle	4
offiziere	4
ohio	4
ohnehin	4
old	4
ollie	4
omar	4
ooh	4
oper	4
operationen	4
operieren	4
operiert	4
option	4
optionen	4
orange	4
orden	4
organe	4
organisieren	4
organisiert	4
orleans	4
oskar	4
ost	4
oui	4
outfit	4
oz	4
ozean	4
paare	4
pablo	4
packe	4
pam	4
pan	4
papierkram	4
paps	4
parade	4
paranoid	4
pardon	4
parfüm	4
parken	4
parlament	4
partnerin	4
partys	4
passagiere	4
passend	4
passwort	4
pastor	4
pat	4
patty	4
pearl	4
pedro	4
peng	4
pension	4
percy	4
perfekten	4
perfektes	4
perlen	4
perry	4
persönlicher	4
persönlichkeit	4
perücke	4
pest	4
peterson	4
pfad	4
pfannkuchen	4
pfeife	4
pfeifen	4
pfeil	4
pferden	4
pflanze	4
pflichten	4
pfoten	4
philadelphia	4
philippe	4
phillip	4
philosophie	4
phoenix	4
phänomen	4
picard	4
picknick	4
piepen	4
piepst	4
piept	4
pier	4
pierce	4
pille	4
piloten	4
pink	4
piraten	4
pissen	4
plane	4
plant	4
planung	4
platt	4
platte	4
platten	4
platzen	4
platziert	4
plaudern	4
po	4
point	4
poker	4
polen	4
police	4
politiker	4
politisch	4
politische	4
politischen	4
polizistin	4
polly	4
pommes	4
pop	4
popcorn	4
pornos	4
porter	4
positive	4
potter	4
power	4
preise	4
premiere	4
premierminister	4
pressekonferenz	4
pressen	4
price	4
prince	4
prinzip	4
prinzipien	4
priorität	4
privaten	4
privatleben	4
privatsphäre	4
problemen	4
produkt	4
produktion	4
produzieren	4
produziert	4
prof	4
professionell	4
profil	4
profis	4
profit	4
programmiert	4
prophezeiung	4
prostituierte	4
prue	4
prächtig	4
präsentieren	4
präsidentin	4
präzise	4
prügel	4
prügeln	4
ps	4
psst	4
pullover	4
pulver	4
punkten	4
puppen	4
pussy	4
päckchen	4
qual	4
qualität	4
quarantäne	4
quartier	4
quasi	4
quatschen	4
quellen	4
quentin	4
quer	4
quere	4
quitt	4
quälen	4
ra	4
radar	4
rahmen	4
raketen	4
ranch	4
randall	4
rang	4
rangehen	4
ranger	4
rannte	4
rasch	4
rasen	4
rasieren	4
rathaus	4
ratschläge	4
raub	4
rauche	4
rauchst	4
raucht	4
rauschen	4
rausgefunden	4
rausgeholt	4
rausgekommen	4
rausgeworfen	4
rauskommt	4
rauswerfen	4
rauszufinden	4
rauszuholen	4
rauszukommen	4
reagan	4
rebellen	4
rechtfertigen	4
redete	4
redeten	4
reed	4
reese	4
regelmässig	4
regelmäßig	4
reggie	4
regie	4
regieren	4
regina	4
region	4
registriert	4
regnen	4
regt	4
reicher	4
reichlich	4
reichtum	4
reichweite	4
reid	4
reif	4
reinen	4
reiner	4
reingekommen	4
reingezogen	4
reinigen	4
reinigung	4
reinlegen	4
reinste	4
reis	4
reist	4
reite	4
reiter	4
reitet	4
reizende	4
rekord	4
relativ	4
relevant	4
rendezvous	4
renn	4
rente	4
reporterin	4
republik	4
reserviert	4
respektiere	4
respektiert	4
ressourcen	4
restaurants	4
restlichen	4
retter	4
rettete	4
reue	4
revolver	4
rex	4
reynolds	4
rhein	4
rhythmus	4
rich	4
richie	4
richte	4
richtet	4
rico	4
rieche	4
riechst	4
riefen	4
right	4
ringe	4
rio	4
rippen	4
risiken	4
riskiert	4
riss	4
ritual	4
river	4
rob	4
robbie	4
roberts	4
robinson	4
rockmusik	4
rocky	4
rodney	4
rogers	4
rohr	4
roland	4
roll	4
rollstuhl	4
romantische	4
romeo	4
rosie	4
roter	4
rotes	4
route	4
routine	4
royal	4
ruby	4
rucksack	4
ruder	4
rudy	4
rufus	4
ruhestand	4
ruhiger	4
ruht	4
rumlaufen	4
runden	4
russisch	4
russische	4
russischen	4
rusty	4
räuber	4
räume	4
räuspert	4
römer	4
rückgängig	4
rückseite	4
rücksicht	4
rückweg	4
rückwärts	4
rückzug	4
rühr	4
rühren	4
rührt	4
saal	4
sachsen	4
sackgasse	4
sahst	4
saison	4
sal	4
salon	4
samen	4
sammelt	4
sammlung	4
samuel	4
samurai	4
sandra	4
sanfte	4
sang	4
sanitäter	4
satan	4
satelliten	4
sau	4
saubere	4
saufen	4
saul	4
saßen	4
sch	4
schach	4
schadet	4
schaf	4
schafe	4
schaffte	4
schal	4
schale	4
schalt	4
schalte	4
schalter	4
schaltet	4
scharfe	4
schaute	4
schecks	4
scheibe	4
schein	4
scheine	4
scheiss	4
scheitern	4
scheißen	4
scheißer	4
schenk	4
schenke	4
schenkt	4
schenkte	4
schere	4
scherze	4
schickst	4
schickten	4
schieb	4
schienen	4
schieße	4
schiffes	4
schimmer	4
schinken	4
schirm	4
schiss	4
schlachten	4
schlachtfeld	4
schlaft	4
schlaganfall	4
schlagt	4
schlamassel	4
schlamm	4
schlampen	4
schlangen	4
schlauer	4
schleichen	4
schliessen	4
schliesst	4
schlimmen	4
schlucken	4
schläge	4
schmeiß	4
schmeißen	4
schmeißt	4
schmerzhaft	4
schmerzt	4
schmidt	4
schmutzige	4
schmutzigen	4
schneid	4
schneide	4
schneider	4
schneidet	4
schnurrbart	4
schockiert	4
schoss	4
schottland	4
schoß	4
schrecken	4
schrecklicher	4
schreckliches	4
schrie	4
schrift	4
schriftsteller	4
schrott	4
schräg	4
schublade	4
schuhen	4
schuldet	4
schuldgefühle	4
schulen	4
schulz	4
schuppen	4
schwachen	4
schwachkopf	4
schwager	4
schwangerschaft	4
schwarzes	4
schweden	4
schweiz	4
schweizer	4
schweres	4
schwierige	4
schwieriger	4
schwimmt	4
schwindel	4
schwingen	4
schwitzen	4
schwuchtel	4
schwule	4
schwulen	4
schwung	4
schwächen	4
schwänze	4
schäden	4
schäme	4
schätzt	4
schönsten	4
schüssel	4
schütteln	4
schützt	4
scotch	4
scotty	4
sdi	4
se	4
seattle	4
security	4
segel	4
segeln	4
sehnsucht	4
seife	4
seither	4
sektor	4
selbe	4
seltsamen	4
seltsamer	4
seltsames	4
senat	4
sensibel	4
sensoren	4
serienmörder	4
service	4
servieren	4
serviert	4
set	4
seth	4
setzten	4
seven	4
sexuell	4
sexuelle	4
sexuellen	4
shakespeare	4
shannon	4
sharon	4
shawn	4
she	4
sheila	4
shelby	4
sherry	4
shirley	4
shirt	4
shit	4
shuttle	4
si	4
sichere	4
sichergehen	4
sicherheitsdienst	4
sicherstellen	4
sid	4
side	4
sidney	4
siegel	4
siegen	4
signale	4
signora	4
silas	4
silber	4
silver	4
simmons	4
simone	4
simpson	4
singe	4
sinken	4
sire	4
sirene	4
sirenen	4
situationen	4
skandal	4
sklave	4
sloan	4
smartphone	4
snow	4
sodass	4
sofern	4
software	4
solcher	4
solches	4
somit	4
songs	4
sonja	4
sonnenaufgang	4
sonnenschein	4
sonnenuntergang	4
sookie	4
sophia	4
sorg	4
sorgfältig	4
sorgst	4
sorte	4
south	4
sowohl	4
soße	4
spannend	4
spannung	4
spar	4
speck	4
spende	4
sperren	4
spezialität	4
speziell	4
spezielle	4
speziellen	4
spielten	4
spike	4
spinne	4
spinnen	4
spinnt	4
spione	4
spontan	4
sprang	4
sprecher	4
sprecht	4
sprengen	4
sprengstoff	4
sprichwort	4
spritze	4
spritzen	4
spuck	4
spätestens	4
spürst	4
spürt	4
spürte	4
square	4
staatsanwaltschaft	4
stab	4
stadtrat	4
stall	4
stamm	4
standard	4
standort	4
standpunkt	4
stange	4
stargate	4
starker	4
starkes	4
starren	4
stars	4
startet	4
state	4
stattfinden	4
statue	4
status	4
steak	4
stechen	4
stehenbleiben	4
steif	4
steige	4
stella	4
stellten	4
stephanie	4
sternen	4
sternenflotte	4
sternzeit	4
stevens	4
stevie	4
stieg	4
stiehlt	4
stiftung	4
stillen	4
stimmte	4
stipendium	4
stoppt	4
strafzettel	4
strahlung	4
strasse	4
strassen	4
strategie	4
streich	4
streichen	4
streifen	4
strich	4
stu	4
stuart	4
student	4
studie	4
studium	4
stufen	4
stumm	4
stundenlang	4
stur	4
sturz	4
stuttgart	4
städte	4
stärken	4
stürzt	4
stürzte	4
subcentral	4
suchten	4
sue	4
suite	4
sullivan	4
sultan	4
summen	4
summer	4
summt	4
sumpf	4
sun	4
supermarkt	4
sven	4
sylvia	4
syrien	4
systeme	4
szenen	4
sähe	4
sämtliche	4
sänger	4
süchtig	4
südlich	4
sünder	4
süßigkeiten	4
t-shirt	4
tafel	4
tageslicht	4
tagsüber	4
take	4
tank	4
tankstelle	4
tanner	4
tanze	4
taschentuch	4
tatsachen	4
tattoo	4
taube	4
tauchen	4
tauchte	4
tausch	4
teal	4
techniker	4
technisch	4
teilnehmen	4
teilnehmer	4
teilt	4
teilweise	4
telefone	4
telegramm	4
temperatur	4
tennis	4
tequila	4
teresa	4
termine	4
terrorist	4
teufels	4
teure	4
teurer	4
thea	4
theo	4
theoretisch	4
theorien	4
there	4
they	4
this	4
thompson	4
ticket	4
tickets	4
tiefen	4
tierarzt	4
times	4
timing	4
timmy	4
tinte	4
tipps	4
todesstrafe	4
todesursache	4
tokio	4
tomaten	4
toni	4
tonnen	4
top	4
topf	4
tore	4
torres	4
torte	4
totale	4
totaler	4
touristen	4
tower	4
trag	4
tragisch	4
transport	4
transporter	4
transportieren	4
trat	4
trau	4
trauern	4
trauma	4
traust	4
traut	4
treffpunkt	4
treibst	4
treibstoff	4
trennung	4
tresor	4
trete	4
trevor	4
trieb	4
triff	4
trinkgeld	4
trip	4
trommeln	4
trudy	4
truthahn	4
träumt	4
träumte	4
trösten	4
tschuldigung	4
tuch	4
tucker	4
tumor	4
turner	4
turnier	4
turtle	4
tussi	4
tv4user	4
two	4
tänzer	4
tänzerin	4
täte	4
tätig	4
tätigkeit	4
tödliche	4
tötest	4
töteten	4
türkei	4
türklingel	4
tüte	4
u	4
u-bahn	4
u-boot	4
ufer	4
uhrzeit	4
ukraine	4
uld	4
umarmen	4
umarmung	4
umbringt	4
umgang	4
umgeben	4
umgehend	4
umgekehrt	4
umgelegt	4
umgezogen	4
umher	4
umkehren	4
umkreis	4
umlegen	4
umschlag	4
umsehen	4
umwelt	4
umwerfend	4
un	4
unabhängig	4
unauffällig	4
unbekannt	4
unbekannte	4
unbekannten	4
unendlich	4
unerträglich	4
unerwartet	4
unfassbar	4
unfähig	4
ungarn	4
ungeheuer	4
ungerecht	4
ungewöhnliches	4
unglaubliche	4
unglücklicherweise	4
ungut	4
unheimliche	4
uniformen	4
union	4
universums	4
unmittelbar	4
unnötig	4
unsicher	4
unsichtbar	4
unsterblich	4
unterbrochen	4
untergang	4
untergehen	4
unterkunft	4
unterm	4
unternehmer	4
unterrichten	4
unterrichtet	4
unterscheiden	4
unterschätzt	4
untersuchungen	4
unterzeichnen	4
unterzeichnet	4
unverständlich	4
unverzüglich	4
unwahrscheinlich	4
up	4
ursprünglich	4
urteilen	4
us	4
v	4
vagina	4
valentine	4
valentinstag	4
valerie	4
valley	4
vati	4
ve	4
venedig	4
vera	4
verabschiedet	4
veranda	4
veranstalten	4
veranstaltung	4
verarbeiten	4
verband	4
verbannt	4
verbessert	4
verbieten	4
verbindet	4
verborgen	4
verbrachte	4
verbreiten	4
verbreitet	4
verbrennt	4
verbringe	4
verbringt	4
verdanke	4
verdanken	4
verdorben	4
verdächtig	4
verdächtiger	4
verdächtigt	4
verein	4
vereinbart	4
vereinbarung	4
vereint	4
verfluchten	4
verfluchter	4
verfolge	4
verfügbar	4
verführen	4
vergangen	4
vergangenen	4
vergeht	4
vergeltung	4
vergeuden	4
vergewaltigung	4
vergiften	4
verglichen	4
vergraben	4
verhaftung	4
verhandlungen	4
verheimlichen	4
verhindert	4
verhält	4
verhör	4
verhören	4
verhört	4
verirrt	4
verkaufst	4
verkaufte	4
verkehrt	4
verklagen	4
verkleidet	4
verknallt	4
verkäufer	4
verlauf	4
verlegt	4
verletzte	4
verletzten	4
verletzung	4
verließen	4
verlobte	4
verlobten	4
verlobter	4
verlobung	4
verlorene	4
verluste	4
vermasseln	4
vermisste	4
vermissten	4
vermitteln	4
vermuten	4
vermutet	4
vermutung	4
veronica	4
verpasse	4
verprügeln	4
verreisen	4
verreist	4
verrät	4
verrücktes	4
versammelt	4
versammlung	4
versauen	4
verschaffen	4
verschafft	4
verschluckt	4
verschoben	4
verschont	4
verschwendet	4
verschwendung	4
verschwiegen	4
verschwindest	4
verschwörung	4
versetzen	4
versichern	4
versichert	4
versorgen	4
versorgt	4
versprech	4
versprichst	4
verstecke	4
versteckst	4
versteckte	4
verstorben	4
verstorbenen	4
verstoßen	4
verständlich	4
versuchung	4
verteidigt	4
verteilen	4
vertraulich	4
vertraute	4
vertreiben	4
vertreter	4
verursachen	4
verurteilen	4
verwaltung	4
verwandt	4
verwandte	4
verwandten	4
verwechselt	4
verweigert	4
verwendung	4
verwirrend	4
verwundet	4
verzieh	4
verziehen	4
verzweiflung	4
veränderungen	4
verängstigt	4
veröffentlichen	4
veröffentlicht	4
via	4
vicky	4
videos	4
vielmehr	4
vierte	4
vierten	4
vietnam	4
viktor	4
violet	4
visier	4
visionen	4
visiontext	4
vivian	4
volkes	4
vollen	4
vollidiot	4
vollmond	4
volltreffer	4
voneinander	4
vorbeigekommen	4
vorbild	4
vorerst	4
vorgeht	4
vorgeschlagen	4
vorgesetzten	4
vorhanden	4
vorhang	4
vorhast	4
vorhat	4
vorkommen	4
vorlesen	4
vorname	4
vornehmen	4
vorräte	4
vorschlagen	4
vorschläge	4
vorschriften	4
vorsitzender	4
vorsprechen	4
vorsprung	4
vorstand	4
vorteile	4
vortrag	4
vorwand	4
vorwürfe	4
vorzubereiten	4
vorzustellen	4
vorüber	4
vorübergehend	4
voyager	4
vulkan	4
w	4
wa	4
wachmann	4
wacht	4
wachte	4
wage	4
wagt	4
wahrer	4
wahres	4
waisenhaus	4
wal	4
wall	4
wallace	4
wally	4
wandern	4
wang	4
wanne	4
want	4
ward	4
warme	4
warp	4
wars	4
wasch	4
way	4
website	4
wechsel	4
wecker	4
wegfahren	4
weggegangen	4
weggenommen	4
weggeworfen	4
wegtreten	4
wegwerfen	4
wehe	4
wehen	4
wehren	4
wei	4
weiber	4
weibliche	4
weiblichen	4
weiche	4
weichei	4
weichen	4
weinst	4
weinte	4
weisen	4
weisheit	4
weisse	4
weissen	4
weist	4
weite	4
weiten	4
weitergeht	4
weiterleben	4
weißes	4
welle	4
wellen	4
wells	4
welpen	4
weltkrieg	4
weltraum	4
weltweit	4
wende	4
wenigsten	4
werfe	4
werft	4
werkzeug	4
wertlos	4
wertvolle	4
wes	4
wesentlich	4
wesley	4
weste	4
wettkampf	4
when	4
who	4
wichtigeres	4
wichtigsten	4
widersprechen	4
widerstehen	4
widmen	4
wiederhaben	4
wiederholt	4
wiederhören	4
wiegt	4
wiener	4
wilder	4
wildnis	4
willi	4
willow	4
willy	4
wimmert	4
windeln	4
winkel	4
winston	4
winzig	4
wirfst	4
wirkliche	4
wirkst	4
wirkte	4
wirt	4
wirtschaft	4
wodurch	4
wohnte	4
wohnungen	4
wohnwagen	4
wolke	4
wolken	4
wong	4
worf	4
world	4
wrack	4
wraith	4
wu	4
wuchs	4
wunderbaren	4
wunderbarer	4
wunderbares	4
wundern	4
wunderschönen	4
wunderschönes	4
wundert	4
wundervolle	4
wurf	4
wurm	4
wurmloch	4
wurst	4
wurzeln	4
wußte	4
wyatt	4
wähle	4
wähler	4
wählt	4
wählte	4
wälder	4
wärme	4
wärt	4
wärter	4
wölfe	4
wünsch	4
wünschst	4
würdig	4
würstchen	4
wüsstest	4
xander	4
y	4
yale	4
yang	4
yard	4
yes	4
yorker	4
young	4
z	4
zach	4
zahlst	4
zahnarzt	4
zauberei	4
zehen	4
zeichnen	4
zeichnungen	4
zeitplan	4
zeitraum	4
zeitschrift	4
zeitverschwendung	4
zellen	4
zentimeter	4
zerbrechen	4
zerbrochen	4
zeremonie	4
zero	4
zerrissen	4
zeugin	4
ziege	4
zielen	4
zigarre	4
zischen	4
zittern	4
zivilisation	4
zivilisten	4
zoey	4
zogen	4
zoll	4
zombie	4
zombies	4
zoo	4
zorro	4
zueinander	4
zufolge	4
zugegeben	4
zugelassen	4
zugestimmt	4
zugestoßen	4
zugleich	4
zuhälter	4
zukommen	4
zukünftige	4
zuliebe	4
zumachen	4
zumal	4
zunehmend	4
zuneigung	4
zurückgebracht	4
zurückgekehrt	4
zurückgelassen	4
zurückhalten	4
zurückholen	4
zurückkam	4
zurückkomme	4
zurücklassen	4
zurückrufen	4
zurücktreten	4
zurückziehen	4
zurückzukehren	4
zusammenarbeit	4
zusammenhalten	4
zuschlagen	4
zustimmung	4
zustößt	4
zusätzlich	4
zusätzliche	4
zutiefst	4
zutritt	4
zwanzig	4
zweifellos	4
zweifeln	4
zweit	4
zwerg	4
zwerge	4
zwingt	4
zylonen	4
zähnen	4
zögern	4
züge	4
zürich	4
ächzen	4
ägypten	4
ähnliches	4
ähnlichkeit	4
ältere	4
älteren	4
älteste	4
ältesten	4
ändere	4
änderte	4
änderung	4
ängstlich	4
äpfel	4
ärgern	4
ärmel	4
ärsche	4
äusserst	4
öffentliche	4
öffentlichen	4
öffnete	4
überaus	4
überbringen	4
überdenken	4
überdosis	4
überein	4
überfahren	4
überflüssig	4
überlass	4
überlasse	4
überlebende	4
überlebenden	4
übermorgen	4
übernachten	4
übernimmst	4
überprüfe	4
überqueren	4
überraschend	4
überraschungen	4
überredet	4
überreste	4
überstanden	4
überstehen	4
überstunden	4
übertragung	4
übertreiben	4
überwacht	4
überwachung	4
überwinden	4
überwältigt	4
überzeugend	4
üble	4
üblich	4
üblichen	4
übrigen	4
3-mal	5
aachen	5
abb	5
abbau	5
abbekommen	5
abbiegen	5
abbildung	5
abbildungen	5
abbruch	5
abdruck	5
abdrücken	5
abendbrot	5
abermals	5
abfahrt	5
abfall	5
abfeuern	5
abfindung	5
abflug	5
abgabe	5
abgang	5
abgebrannt	5
abgefangen	5
abgefeuert	5
abgehalten	5
abgeht	5
abgehört	5
abgelegt	5
abgeordneter	5
abgereist	5
abgeriegelt	5
abgerissen	5
abgeschaltet	5
abgeschlachtet	5
abgeschossen	5
abgestellt	5
abgestürzt	5
abgesucht	5
abgewiesen	5
abgrenzung	5
abheben	5
abhängigkeit	5
abi	5
abitur	5
abknallen	5
ablauf	5
ablaufen	5
ablehnung	5
abliefern	5
abläuft	5
abmarsch	5
about	5
abreißen	5
abriss	5
absage	5
absatz	5
abschaffen	5
abschaffung	5
abscheulich	5
abschliessen	5
abschliessend	5
abschlussball	5
abseits	5
abserviert	5
absoluter	5
absolvieren	5
abstimmen	5
absturz	5
abt	5
abtreibung	5
abu	5
abwehr	5
abwesend	5
abzeichen	5
abzugeben	5
abzuhalten	5
abzuhauen	5
abzulenken	5
abzuschließen	5
account	5
achse	5
achtet	5
acker	5
ade	5
adel	5
adele	5
adern	5
adios	5
adolf	5
adoptieren	5
adoption	5
adrenalin	5
adressen	5
affengeräusche	5
after	5
agenda	5
agents	5
agieren	5
ahh	5
ahnte	5
ahoi	5
ai	5
aids	5
aka	5
akku	5
aktie	5
aktionen	5
aktivisten	5
aktivität	5
aktuelle	5
aktuellen	5
akzeptanz	5
alain	5
alarmanlage	5
alarmstufe	5
alaska	5
alben	5
alberne	5
alberto	5
albträume	5
alejandro	5
alexandra	5
alexis	5
alias	5
allan	5
allee	5
allemal	5
allenfalls	5
allerseits	5
allesamt	5
allgemeinen	5
allgemeinheit	5
allgäu	5
allie	5
alliierten	5
allmächtiger	5
alma	5
almosen	5
alpen	5
alternativ	5
alternativen	5
altstadt	5
aluminium	5
alvarez	5
amateur	5
ameisen	5
america	5
amerikanerin	5
amerikanern	5
ami	5
amigo	5
amnesie	5
ampel	5
amsterdam	5
amtszeit	5
amulett	5
anal	5
analog	5
analysen	5
analysiert	5
anbau	5
anbieter	5
anbindung	5
andernfalls	5
andersrum	5
anderswo	5
andeuten	5
andreas	5
andrews	5
android	5
andré	5
aneinander	5
anerkannt	5
anfange	5
anfasst	5
anflug	5
anforderungen	5
anfrage	5
anfragen	5
anfängst	5
anfühlen	5
angabe	5
angaben	5
angeben	5
angeber	5
angebote	5
angefordert	5
angefühlt	5
angehören	5
angehörige	5
angehörigen	5
angekündigt	5
angemacht	5
angemeldet	5
angenehmen	5
angenehmer	5
angepasst	5
angepisst	5
angerührt	5
angesagt	5
angeschlossen	5
angeschrien	5
angestarrt	5
angestellter	5
angewohnheit	5
angezeigt	5
angezündet	5
angreift	5
angriffen	5
angucken	5
angus	5
anhaben	5
anhalt	5
anhang	5
anhört	5
anita	5
ankamen	5
ankündigung	5
anleger	5
anleitung	5
anliegen	5
anlässlich	5
anmachen	5
anmelden	5
anmeldung	5
anmerkung	5
anmerkungen	5
annika	5
anomalie	5
anonym	5
anonymen	5
anordnung	5
anpassung	5
anregungen	5
anrichten	5
anrufer	5
anrufst	5
ansage	5
ansatz	5
anschein	5
anschliessen	5
anschließend	5
anschnallen	5
ansichten	5
ansiehst	5
ansprache	5
ansprechpartner	5
anspruchsvoll	5
ansprüche	5
anstalt	5
anstarren	5
ansteckend	5
anstoss	5
anstoßen	5
anstrengen	5
anständigen	5
anständiger	5
anständiges	5
anteile	5
antibiotika	5
antike	5
antiker	5
antiquitäten	5
antisemitismus	5
antut	5
antwortest	5
antwortete	5
anvertraut	5
anwenden	5
anwendungen	5
anwohner	5
anwälten	5
anzahlung	5
anzubieten	5
anzuhören	5
anzuziehen	5
anzüge	5
anzünden	5
apachen	5
apokalypse	5
appartement	5
ar	5
arabien	5
arbeitgeber	5
arbeitnehmer	5
arbeitsbedingungen	5
arbeitslosigkeit	5
arbeitsmarkt	5
arbeitsplatz	5
arbeitszeit	5
arbeitszimmer	5
arche	5
architekt	5
architektur	5
archiv	5
areal	5
arena	5
arg	5
argentinien	5
argumentation	5
argumente	5
aria	5
armeen	5
armstrong	5
arnie	5
arrest	5
arrogant	5
arrow	5
arsenal	5
asien	5
aspekt	5
ass	5
ast	5
astrid	5
astronaut	5
astronauten	5
asyl	5
asylbewerber	5
atelier	5
atemzug	5
athen	5
atlanta	5
atlantic	5
atlantis	5
atmung	5
atombombe	5
attacke	5
attentäter	5
aubrey	5
aufbewahren	5
aufbringen	5
aufenthaltsort	5
auffallen	5
auffassung	5
auffliegen	5
aufforderung	5
auffällig	5
aufführung	5
aufgebrochen	5
aufgeflogen	5
aufgeführt	5
aufgeht	5
aufgehängt	5
aufgeklärt	5
aufgerissen	5
aufgeräumt	5
aufgeschlitzt	5
aufgeschrieben	5
aufgespürt	5
aufgetragen	5
aufgeweckt	5
aufgewühlt	5
aufgezeichnet	5
aufhebung	5
aufhörst	5
aufkleber	5
aufklärung	5
aufkommen	5
aufladen	5
auflagen	5
auflösen	5
aufprall	5
aufreißen	5
aufruf	5
aufruhr	5
aufsatz	5
aufschreiben	5
aufschwung	5
aufsehen	5
aufseher	5
aufsetzen	5
aufsichtsrat	5
aufsteigen	5
aufstellung	5
aufstieg	5
aufsuchen	5
auftakt	5
auftauchte	5
aufteilen	5
auftraggeber	5
auftreiben	5
aufträge	5
aufwachsen	5
aufwachte	5
aufwand	5
aufwecken	5
aufweisen	5
aufwärmen	5
aufzeichnung	5
aufziehen	5
aufzupassen	5
aufzuspüren	5
aufzustehen	5
augenbrauen	5
augenzeugen	5
augsburg	5
auktion	5
aurora	5
ausatmen	5
ausbau	5
ausbauen	5
ausblick	5
ausbrechen	5
auschwitz	5
ausdenken	5
ausdrücklich	5
auseinandersetzung	5
auserwählt	5
ausfall	5
ausfallen	5
ausflippen	5
ausführlich	5
ausführung	5
ausführungen	5
ausfüllen	5
ausgaben	5
ausgangspunkt	5
ausgebucht	5
ausgeflippt	5
ausgehend	5
ausgelassen	5
ausgeliefert	5
ausgeliehen	5
ausgenommen	5
ausgenutzt	5
ausgerastet	5
ausgerutscht	5
ausgesagt	5
ausgestattet	5
ausgestellt	5
ausgestiegen	5
ausgetauscht	5
ausgetrickst	5
ausgewiesen	5
ausgleich	5
ausgänge	5
auskommen	5
auskunft	5
auslegung	5
auslöser	5
ausmass	5
ausmaß	5
ausnahmsweise	5
auspacken	5
ausprobiert	5
ausrauben	5
ausreichen	5
ausrichtung	5
ausscheiden	5
ausschlag	5
ausschlaggebend	5
ausschliessen	5
ausschließen	5
ausschließlich	5
ausschluss	5
ausschnitt	5
ausschreibung	5
ausschuss	5
aussenminister	5
aussenpolitik	5
aussergewöhnlich	5
ausserordentlich	5
aussetzen	5
ausstattung	5
ausstellen	5
ausstieg	5
ausstrahlung	5
austauschen	5
austern	5
austin	5
ausverkauft	5
ausweichen	5
ausweise	5
auswertung	5
auswirkung	5
auswählen	5
auszeichnung	5
auszudrücken	5
auszuführen	5
auszug	5
auszugeben	5
auszugehen	5
auszusagen	5
auszuschalten	5
auszuschliessen	5
auszusehen	5
auszusprechen	5
auszuziehen	5
ausüben	5
ausübung	5
autobahnen	5
autofahrer	5
autoren	5
autorin	5
autoschlüssel	5
autsch	5
außenministerium	5
außenseiter	5
außenwelt	5
außergewöhnliche	5
außergewöhnliches	5
außerordentlich	5
ava	5
away	5
axel	5
ay	5
aßen	5
ba	5
bachelor	5
backbord	5
backe	5
bagdad	5
bajor	5
bakterien	5
balance	5
balken	5
ballett	5
ballon	5
ballons	5
bamberg	5
banane	5
bananen	5
bandit	5
bands	5
bang	5
bange	5
bankrott	5
banks	5
bann	5
banner	5
barbaren	5
barcelona	5
barrett	5
barrow	5
bars	5
barton	5
base	5
basel	5
basierend	5
basil	5
basta	5
basteln	5
baten	5
bauarbeiten	5
baust	5
baustelle	5
bauten	5
baxter	5
bayer	5
bayreuth	5
bea	5
beachtet	5
beachtung	5
beamte	5
beamter	5
beantragen	5
beantragt	5
bear	5
bearbeiten	5
bearbeitet	5
bearbeitung	5
beat	5
beatrice	5
beau	5
becca	5
beck	5
becken	5
becker	5
beckett	5
bedacht	5
bedankt	5
bedauere	5
bedauerlich	5
bedeutest	5
bedeutungslos	5
bedienung	5
bedingt	5
bedrohen	5
bedrückt	5
beeile	5
beeinträchtigt	5
been	5
beendigung	5
beerdigen	5
beerdigt	5
beethoven	5
befahl	5
befassen	5
befiehlt	5
befreie	5
befreiung	5
befriedigen	5
befugnis	5
befunden	5
befördern	5
begabt	5
begehrt	5
begeht	5
begeistern	5
begeisterung	5
beging	5
begleichen	5
begleiter	5
begreife	5
begreifst	5
begreift	5
begrenzt	5
begriffe	5
begründen	5
begründung	5
begrüssen	5
begrüsst	5
begrüße	5
begrüßung	5
behaltet	5
behandelst	5
behandle	5
behauptete	5
behauptung	5
beheben	5
behielt	5
behinderung	5
behälter	5
behältst	5
behörde	5
beibehalten	5
beidem	5
beider	5
beifall	5
beihilfe	5
beinah	5
beinhaltet	5
beitreten	5
beitritt	5
beizubringen	5
beiß	5
bekanntlich	5
bekanntschaft	5
bekenntnis	5
beklagen	5
bekloppt	5
bekomm	5
bekäme	5
bekämpft	5
bekämpfung	5
beladen	5
belassen	5
belastet	5
belastung	5
belastungen	5
beleg	5
belegen	5
beleidigend	5
beleuchtung	5
belgien	5
beliebig	5
belohnt	5
belästigung	5
bemerkbar	5
bemerkenswert	5
bemerkung	5
bemühungen	5
benachrichtigen	5
benachrichtigt	5
bender	5
benehmt	5
benennen	5
bengel	5
benji	5
bennet	5
benson	5
benutz	5
benutzer	5
benutzten	5
benutzung	5
benötige	5
beobachter	5
beobachtete	5
beobachtungen	5
beratung	5
beraubt	5
berechnen	5
berechnet	5
berechnung	5
berechnungen	5
berechtigt	5
bereicherung	5
bereitschaft	5
bereust	5
bereut	5
berichterstattung	5
bern	5
bernadette	5
berufen	5
beruhigend	5
beruhigungsmittel	5
beruht	5
berücksichtigung	5
berühmter	5
berühre	5
berührte	5
berührung	5
besaß	5
beschatten	5
bescheidenheit	5
beschissenes	5
beschlagnahmt	5
beschleunigt	5
beschluss	5
beschreibt	5
beschränken	5
beschränkt	5
beschuss	5
beschwingte	5
beschäftigung	5
beschämt	5
beschützer	5
besen	5
besessenheit	5
besetzen	5
besetzung	5
besonderheit	5
besorgnis	5
besorgst	5
besorgte	5
bessern	5
besserung	5
best	5
bestechen	5
bestechung	5
bestehend	5
bestell	5
bestelle	5
bestien	5
bestimme	5
bestochen	5
bestohlen	5
bestreiten	5
bestseller	5
besuchst	5
beta	5
beteiligen	5
beteiligten	5
beteiligung	5
beton	5
betonen	5
betrachtung	5
betrag	5
betragen	5
betreffen	5
betreffenden	5
betreiben	5
betreiber	5
betreibt	5
betreut	5
betreuung	5
betriebssystem	5
betrinken	5
betritt	5
betsy	5
bettler	5
betäuben	5
betäubt	5
beugen	5
beule	5
beunruhigen	5
beunruhigend	5
beurteilung	5
bevorzugen	5
bevorzugt	5
bewaffnete	5
bewaffneten	5
bewege	5
bewegst	5
bewegte	5
beweismaterial	5
beweisstück	5
bewerben	5
bewerber	5
bewerbung	5
bewerbungen	5
bewertung	5
bewertungen	5
bewirkt	5
beworben	5
bewährungshelfer	5
bewältigen	5
bezahl	5
bezeichnung	5
bezeugen	5
beziehen	5
bezieht	5
beziehungsweise	5
bianca	5
bibliotheken	5
biegen	5
bielefeld	5
biene	5
bike	5
bilanz	5
bilde	5
billie	5
binde	5
bindet	5
bindung	5
binnen	5
bins	5
biologie	5
biologische	5
bird	5
birne	5
bischöfe	5
bissen	5
bit	5
bitch	5
bitter	5
bittest	5
blamieren	5
blanche	5
blas	5
blauer	5
blaues	5
blei	5
bleistift	5
blickt	5
blinde	5
blinden	5
blinder	5
blockieren	5
blog	5
blonden	5
blondine	5
blood	5
bloom	5
bloss	5
bloßen	5
bluebell	5
blues	5
bluse	5
blutbad	5
blute	5
blutes	5
blutest	5
blutgruppe	5
blutig	5
blutige	5
blutigen	5
blutungen	5
blutvergießen	5
blättern	5
blühen	5
blüht	5
blüte	5
blüten	5
bmw	5
bochum	5
bodensee	5
body	5
bodyguard	5
bogg	5
bohren	5
bomber	5
bonbons	5
bones	5
bonus	5
boom	5
bordell	5
borgen	5
borgia	5
bosse	5
bote	5
boulevard	5
bowling	5
boyle	5
boys	5
brachen	5
brady	5
branchen	5
brannte	5
brauchtest	5
brauerei	5
braunen	5
braunschweig	5
break	5
brei	5
breite	5
bremse	5
brenda	5
brendan	5
brennan	5
brenne	5
brenner	5
breslau	5
brichst	5
bridget	5
briefen	5
briefkasten	5
briggs	5
brillante	5
broadway	5
bronx	5
bronze	5
brooks	5
brothers	5
bruch	5
bruderschaft	5
brummt	5
bryan	5
bryce	5
bräute	5
brücken	5
brüssel	5
buben	5
buchanan	5
buchen	5
buchhaltung	5
buchhandlung	5
budapest	5
buddha	5
buenos	5
buffalo	5
bug	5
buh	5
bulgarien	5
bull	5
bullshit	5
bumsen	5
bundesamt	5
bundeskanzler	5
bundeskanzlerin	5
bundesland	5
bundesländer	5
bundespräsident	5
bundesrat	5
bundesrepublik	5
bundesstaat	5
bundesstrasse	5
bundestagswahl	5
bundeswehr	5
bundesweit	5
bunny	5
bunt	5
burton	5
busen	5
bush	5
business	5
busse	5
butch	5
buzz	5
buße	5
bye-bye	5
bäckerei	5
bälle	5
bände	5
bänder	5
böden	5
böhmen	5
börse	5
bösewicht	5
bücherei	5
büffel	5
bündnis	5
bürde	5
bürgerkrieg	5
bürgermeisters	5
büros	5
cadillac	5
caesar	5
cafeteria	5
cage	5
caine	5
caitlin	5
call	5
callie	5
calvin	5
camelot	5
candy	5
canyon	5
cap	5
cape	5
captains	5
car	5
cardassianer	5
carolina	5
carolyn	5
carroll	5
cary	5
cash	5
cassandra	5
cassidy	5
castiel	5
cate	5
cd	5
cds	5
celia	5
cents	5
cesare	5
chakotay	5
champ	5
chaotisch	5
chapman	5
charlene	5
charleston	5
charley	5
charly	5
charming	5
chcyan	5
cheerleader	5
cheese	5
cheeseburger	5
chefs	5
chelsea	5
chemikalien	5
chemische	5
chemnitz	5
cherry	5
cheryl	5
chet	5
chff409b	5
chicken	5
chile	5
chili	5
chinatown	5
chinese	5
ching	5
chirurgen	5
chirurgie	5
cho	5
chow	5
christ	5
christentum	5
christi	5
christlich	5
christy	5
chronik	5
church	5
churchill	5
circa	5
cisco	5
clan	5
clare	5
clary	5
claus	5
clayton	5
cliff	5
clint	5
clinton	5
clive	5
clowns	5
cobb	5
cocktail	5
cocktails	5
coco	5
codes	5
cognac	5
coleman	5
colorado	5
columbia	5
comandante	5
comeback	5
comics	5
company	5
connecticut	5
constable	5
constance	5
container	5
cookie	5
coolen	5
cooles	5
coop	5
copyright	5
cottbus	5
could	5
coulson	5
countdown	5
country	5
coup	5
courtney	5
cowboys	5
cox	5
crack	5
crawford	5
crazy	5
creek	5
creme	5
crockett	5
cruz	5
ct	5
curt	5
cut	5
cybill	5
cyril	5
cyrus	5
daddys	5
daily	5
daktari	5
dalton	5
damien	5
damm	5
dance	5
dani	5
danielle	5
dankt	5
dante	5
daraus ergibt sich	5
darcy	5
darius	5
darlehen	5
darm	5
darmstadt	5
darren	5
darryl	5
darstellen	5
darstellt	5
darwin	5
daryl	5
dastehen	5
dat	5
datenschutz	5
dauerhaft	5
davey	5
davina	5
davonkommen	5
davonlaufen	5
dawson	5
dax	5
dc	5
dea	5
deacon	5
dead	5
deaktivieren	5
deaktiviert	5
deals	5
death	5
debüt	5
deckel	5
decker	5
deckt	5
declan	5
dee	5
deep	5
defekt	5
definieren	5
definition	5
dekan	5
delegation	5
delphine	5
deluxe	5
dementsprechend	5
demnach	5
demo	5
demokratisch	5
demonstration	5
demonstrieren	5
demos	5
demütigen	5
denjenigen	5
denkbar	5
denkmal	5
denny	5
denver	5
depot	5
deppen	5
depression	5
depressionen	5
depressiv	5
deprimierend	5
derart	5
derby	5
derer	5
dermaßen	5
derweil	5
desaster	5
desmond	5
det	5
detectives	5
deutlicher	5
dewey	5
dex	5
dialekt	5
dialog	5
diamant	5
diaz	5
diente	5
diesbezüglich	5
diesel	5
dietrich	5
differenz	5
differenzen	5
differenzieren	5
differenziert	5
digitalisierung	5
diktatur	5
dimensionen	5
din	5
dingern	5
dinosaurier	5
diplom	5
director	5
direkte	5
direkten	5
direktorin	5
dirk	5
diskretion	5
diskriminierung	5
diskurs	5
diskussionen	5
diskutiert	5
display	5
dissertation	5
dj	5
docks	5
dodge	5
doe	5
doku	5
dokumentation	5
doll	5
dollars	5
dolly	5
dolores	5
dominic	5
dominion	5
donau	5
donnerwetter	5
donny	5
donut	5
donuts	5
dope	5
doppel	5
doppelgänger	5
dora	5
dorfbewohner	5
dosen	5
dot	5
double	5
download	5
downtown	5
dracula	5
dramatisch	5
dranbleiben	5
draper	5
draufgehen	5
dreckiger	5
dreckiges	5
drecksarbeit	5
drehst	5
drehten	5
dreien	5
dreier	5
dreissig	5
dreizehn	5
dreißig	5
dringende	5
dringt	5
drittens	5
drittes	5
drive	5
drohne	5
drohnen	5
drohte	5
drucker	5
druckmittel	5
drängt	5
drückst	5
drückte	5
dublin	5
duell	5
duisburg	5
dulden	5
dummerchen	5
dunkler	5
dunkles	5
duo	5
durchatmen	5
durchbrechen	5
durchdacht	5
durchdrehen	5
durcheinandergerede	5
durchführung	5
durchgang	5
durchgebrannt	5
durchgehend	5
durchsage	5
durchschauen	5
durchschaut	5
durchschnitt	5
durchschnittlich	5
durchsetzen	5
durchstehen	5
durchzuführen	5
durften	5
dutch	5
dvd	5
dwight	5
dynamik	5
dämliche	5
dämlichen	5
dämlicher	5
dänemark	5
dörfer	5
dümmste	5
dünne	5
düsseldorfer	5
düster	5
eagle	5
easy	5
ebenen	5
eck	5
ecken	5
eddy	5
eden	5
edie	5
edition	5
edle	5
edlen	5
edler	5
edmund	5
edna	5
effekt	5
effektiv	5
effizienz	5
eg	5
egon	5
ehefrauen	5
ehemals	5
ehemänner	5
ehen	5
ehepaar	5
ehering	5
ehrgeiz	5
ehrgeizig	5
ehrlicher	5
eigen	5
eigens	5
eigenschaft	5
eigentliche	5
eigentümer	5
eignen	5
eilt	5
einberufen	5
einbildung	5
einblick	5
einbrechen	5
einbringen	5
eindringling	5
eindringlinge	5
eindrücke	5
eineinhalb	5
einerseits	5
einfahrt	5
einfangen	5
einflüsse	5
einführen	5
eingebaut	5
eingebildet	5
eingebrockt	5
eingedrungen	5
eingefangen	5
eingefroren	5
eingegangen	5
eingejagt	5
eingelassen	5
eingeliefert	5
eingepackt	5
eingereicht	5
eingeschaltet	5
eingeschlagen	5
eingetragen	5
eingetreten	5
eingeweide	5
eingreifen	5
eingriff	5
einhalten	5
einhaltung	5
einheimischen	5
einholen	5
einigermassen	5
einigung	5
einkauf	5
einklang	5
einkommen	5
einladungen	5
einlassen	5
einlegen	5
einleiten	5
einleitung	5
einmalig	5
einmalige	5
einnahme	5
einnahmen	5
einpacken	5
einreichen	5
einsamen	5
einsamer	5
einsatzbereit	5
einschlagen	5
einschliesslich	5
einschränkung	5
einschränkungen	5
einschätzen	5
einschätzung	5
einschüchtern	5
einsehen	5
einseitig	5
einsetzt	5
einstecken	5
einstein	5
einstellungen	5
einstieg	5
einsätze	5
eintrag	5
einwände	5
einzelfall	5
einzelhaft	5
einzeln	5
einzigartige	5
einzug	5
einzugehen	5
einzuladen	5
einzusetzen	5
einzustellen	5
eiscreme	5
eisenbahn	5
eishockey	5
ekel	5
elbe	5
elektrische	5
elektrischen	5
elektrizität	5
elektronik	5
elektronische	5
element	5
elender	5
elfen	5
eliminieren	5
eliot	5
elise	5
elite	5
ellbogen	5
elternteil	5
email	5
emil	5
emilio	5
emmett	5
emotionalen	5
empfand	5
empfehlungen	5
empfindest	5
empfindet	5
empfunden	5
empfänger	5
empfängt	5
empire	5
empört	5
empörung	5
endes	5
endlos	5
engagement	5
engagieren	5
engen	5
enger	5
englands	5
enorm	5
enorme	5
ensemble	5
entdeckten	5
enten	5
entertainment	5
entfallen	5
entfernte	5
entfliehen	5
entgangen	5
entgeht	5
enthüllen	5
entkam	5
entkommt	5
entnehmen	5
entscheidend	5
entscheidende	5
entschluss	5
entschlüsseln	5
entschuldigst	5
entschuldigungen	5
entschädigung	5
entschärfen	5
entsetzt	5
entspannung	5
entsprechen	5
entstand	5
entstehung	5
entwickelte	5
entwickelten	5
entwickler	5
entwischen	5
entwurf	5
entziehen	5
entzug	5
entzückt	5
entzündet	5
enzo	5
epoche	5
erarbeiten	5
erbarmen	5
erbaut	5
erbsen	5
erdbeeren	5
erdgeschoss	5
erdnussbutter	5
erdnüsse	5
ereignissen	5
erfahre	5
erfand	5
erfassen	5
erfassung	5
erfinder	5
erfolglos	5
erfolgreiche	5
erfolgreicher	5
erfolgt	5
erforschen	5
erforschung	5
erfreuen	5
erfuhren	5
erfurt	5
erfährst	5
erfüllung	5
ergab	5
ergangen	5
ergreift	5
ergriffen	5
ergänzen	5
ergänzung	5
erhalt	5
erhalte	5
erhaltung	5
erhebe	5
erhebung	5
erhielten	5
erhoben	5
erhofft	5
erholung	5
erhältlich	5
erhöhe	5
erhöhung	5
erika	5
erkennbar	5
erkenntnisse	5
erklärst	5
erklärungen	5
erkrankung	5
erkrankungen	5
erkunden	5
erkältet	5
erkältung	5
erlangen	5
erlassen	5
erlaubte	5
erlebnis	5
erleichtern	5
erleichterung	5
erleiden	5
erleuchtung	5
erlitt	5
erlitten	5
erläutern	5
erlösen	5
erlöst	5
ermordete	5
ermöglichen	5
ermöglicht	5
ernannt	5
erneuerung	5
ernie	5
ernster	5
ernsthafte	5
ernten	5
ernährt	5
ernährung	5
erobert	5
erotik	5
erreichbar	5
erreiche	5
erreichte	5
errichten	5
errichtet	5
errichtung	5
erscheinung	5
erschreckend	5
erschrickt	5
erschrocken	5
erschüttert	5
ersichtlich	5
erstaunliche	5
erstellen	5
erstellt	5
erstellung	5
erwachen	5
erwecken	5
erweckt	5
erweist	5
erweitern	5
erweiterung	5
erwerb	5
erwerben	5
erwidern	5
erwiesen	5
erwischte	5
erwägung	5
erwähne	5
erwähnten	5
erwähnung	5
erwünscht	5
erwürgen	5
erwürgt	5
erzbischof	5
erziehen	5
erzielen	5
erzähler	5
erzählten	5
erzählung	5
erzählungen	5
eröffnung	5
erörtern	5
es ist zu beachten	5
eskorte	5
esszimmer	5
etablieren	5
etappe	5
ethel	5
ethik	5
eule	5
europas	5
europäer	5
evakuiert	5
evakuierung	5
everett	5
evolution	5
ewigkeiten	5
ex-mann	5
exemplar	5
exfrau	5
exil	5
exklusiv	5
expedition	5
expertin	5
explodierte	5
explosionen	5
export	5
express	5
externe	5
extreme	5
exzellent	5
eyes	5
ezra	5
face	5
facebook	5
fachkräfte	5
fahndung	5
fahnen	5
fahrbahn	5
fahrkarte	5
fahrten	5
fahrzeuge	5
faith	5
fakt	5
faktisch	5
faktor	5
faktoren	5
fakultät	5
falke	5
fallenlassen	5
fallschirm	5
falten	5
fandest	5
fantasien	5
fargo	5
faschismus	5
fassade	5
fassung	5
fat	5
faulen	5
favorit	5
fazit	5
feature	5
feedback	5
feel	5
feen	5
fehl	5
fehlende	5
fehlenden	5
fehlern	5
feiertag	5
feiertage	5
feindes	5
feindliche	5
feindlichen	5
feinen	5
feines	5
felder	5
feldwebel	5
fels	5
feminismus	5
feng	5
fenstern	5
ferdinand	5
ferguson	5
fernando	5
fernbedienung	5
fernen	5
ferner	5
fernzuhalten	5
ferrari	5
fersen	5
fertigstellung	5
festgelegt	5
festival	5
festland	5
festlegen	5
festnahme	5
festplatte	5
feststellung	5
festzuhalten	5
festzustellen	5
fetter	5
fettes	5
fettsack	5
fetzen	5
feuchtigkeit	5
feuert	5
feuerwehrmann	5
fi	5
fickst	5
filialen	5
filmstar	5
filter	5
final	5
finanzen	5
finanziell	5
finanzielle	5
finanziellen	5
finanzieren	5
finanziert	5
finanzierung	5
finanzminister	5
finnland	5
fish	5
fitness	5
fitzgerald	5
five	5
fix	5
flachgelegt	5
fledermaus	5
fleissig	5
fleming	5
fliegende	5
fliegenden	5
flieht	5
fliessen	5
flint	5
flirten	5
flogen	5
flora	5
florence	5
florenz	5
floyd	5
floß	5
fluchen	5
flugplatz	5
flyer	5
flynn	5
fläschchen	5
flöte	5
flüchtig	5
flüchtigen	5
flüchtling	5
flüchtlinge	5
flüge	5
flügeln	5
fokus	5
folgst	5
folgten	5
fonds	5
forbes	5
forderung	5
foreman	5
foren	5
forge	5
formal	5
format	5
formation	5
formular	5
formulare	5
formulieren	5
formulierung	5
forscher	5
forschungen	5
forst	5
fortan	5
fortfahren	5
fortgehen	5
fortsetzung	5
fotograf	5
fotografen	5
fotografie	5
foundation	5
four	5
fowler	5
fracht	5
frachter	5
fraglich	5
fraktion	5
franc	5
frances	5
francesca	5
franco	5
franken	5
frankenstein	5
frankfurter	5
frankreichs	5
franks	5
franzose	5
französischer	5
fraß	5
freaks	5
frechheit	5
frederick	5
freiem	5
freies	5
freigabe	5
freigegeben	5
freilassung	5
freilich	5
freitagabend	5
freitags	5
freiwillige	5
freiwilligen	5
freud	5
freundeskreis	5
freundliche	5
freundlichen	5
freundlicher	5
freundlichkeit	5
freya	5
friede	5
friedens	5
friedliche	5
friedrich	5
frieren	5
frischer	5
friss	5
frist	5
frucht	5
frust	5
frustriert	5
fry	5
fröhliches	5
frösche	5
frühe	5
frühere	5
frühjahr	5
frühzeitig	5
fuer	5
fulda	5
fuller	5
fund	5
fundament	5
funktionierte	5
furchtbarer	5
furchtbares	5
fusion	5
fussballer	5
fussgänger	5
fußboden	5
fã	5
fäden	5
fähre	5
fährte	5
fällst	5
förmlich	5
fügen	5
fühlten	5
führ	5
fülle	5
füllt	5
fünfzehn	5
fünfzig	5
fürchtest	5
fürchtete	5
fürsorge	5
fürsten	5
füsse	5
gabel	5
gabrielle	5
gabst	5
gail	5
gaius	5
galaxien	5
galgen	5
gallagher	5
galt	5
game	5
gange	5
gangs	5
garde	5
gardner	5
garth	5
gastfreundschaft	5
gastgeber	5
gastronomie	5
gatte	5
gatten	5
gattin	5
gattung	5
gavin	5
geahnt	5
gebieter	5
gebildet	5
gebirge	5
geblasen	5
geborene	5
gebot	5
gebrannt	5
gebrauch	5
gebrochene	5
gebrochenen	5
gebumst	5
geburtstagsgeschenk	5
geburtstagsparty	5
gebäudes	5
gebühr	5
gebührt	5
gecheckt	5
gedeckt	5
gedemütigt	5
gedenken	5
gedruckt	5
gedrängt	5
geeinigt	5
geerbt	5
gefangenschaft	5
geflüchtet	5
gefordert	5
gefrühstückt	5
gefährdung	5
gefährliches	5
gefällig	5
gefällst	5
gefüttert	5
gegebenenfalls	5
gegeneinander	5
gegenleistung	5
gegenmittel	5
gegenstände	5
gegenwärtig	5
geguckt	5
gehaltserhöhung	5
gehauen	5
geheimer	5
geheimes	5
geheimnisvoll	5
gehirne	5
gehirnerschütterung	5
gehirns	5
gehirnwäsche	5
gehn	5
gehorcht	5
gehorsam	5
gehäuse	5
gehör	5
gehörten	5
geige	5
geile	5
geiler	5
geistern	5
geistig	5
geistige	5
geistigen	5
geklingelt	5
geklopft	5
geknackt	5
gekonnt	5
gelangweilt	5
gelaunt	5
geldbeutel	5
gelder	5
gelingen	5
gelockt	5
gelohnt	5
gelsenkirchen	5
geltend	5
gelähmt	5
gelübde	5
gemahl	5
gemeinderat	5
gemeine	5
gemeiner	5
gemeinsames	5
gemischt	5
genannten	5
genauen	5
genehmigen	5
generalsekretär	5
generator	5
generell	5
genesung	5
genetisch	5
genetische	5
genf	5
geniale	5
genies	5
geniesst	5
genieß	5
genre	5
genuss	5
genäht	5
georgie	5
geparkt	5
gepflegt	5
geprügelt	5
geputzt	5
gequält	5
gerald	5
gerard	5
geraubt	5
gereicht	5
gereinigt	5
gereizt	5
gerichts	5
gerichtshof	5
gerichtsmediziner	5
gerichtssaal	5
gering	5
geritten	5
germania	5
gerochen	5
gerry	5
geräumt	5
gerüchten	5
gesamtes	5
geschadet	5
gescheitert	5
geschissen	5
geschluckt	5
geschmeckt	5
geschmeichelt	5
geschmiert	5
geschmissen	5
geschockt	5
geschweige	5
geschwätz	5
geschäften	5
geschäftliches	5
geschäftsführung	5
geschäftspartner	5
geschätzt	5
geschöpf	5
gesellschafter	5
gesendet	5
gesetzen	5
gesetzes	5
gesetzgeber	5
gesetzgebung	5
gesetzlich	5
gesichtet	5
gesichtsausdruck	5
gesindel	5
gespart	5
gespeichert	5
gespendet	5
gespenst	5
gespenster	5
gesprengt	5
gestaltet	5
gestaltung	5
gestehe	5
gestimmt	5
gestochen	5
gestohlene	5
gestohlenen	5
gestolpert	5
gestossen	5
gesunde	5
gesunden	5
gesunken	5
gesündigt	5
getauft	5
getauscht	5
getraut	5
getreide	5
getrennte	5
getränk	5
gewagt	5
gewaltige	5
gewehrt	5
geweiht	5
gewerbe	5
gewettet	5
gewidmet	5
gewillt	5
gewirkt	5
gewissermaßen	5
gewissheit	5
gewitter	5
gewiß	5
gewohnheit	5
gewohnheiten	5
gewundert	5
gewährleisten	5
gewässer	5
gewöhnliche	5
gewöhnlichen	5
gewöhnlicher	5
gezielt	5
gibson	5
gier	5
gierig	5
giessen	5
gießen	5
giftig	5
gil	5
gilmore	5
gingst	5
ginny	5
giovanni	5
gips	5
girls	5
gittern	5
give	5
glanz	5
glatze	5
glaubens	5
gleichberechtigung	5
gleichgültig	5
gleicht	5
gleichwohl	5
gleis	5
gliederung	5
global	5
glückliches	5
glücklichste	5
glücksbringer	5
glücksspiel	5
glückstag	5
gnädig	5
gnädiger	5
godsey	5
godzilla	5
golden	5
gorilla	5
gotham	5
gottesdienst	5
gottverdammte	5
gottverdammten	5
gps	5
gracias	5
gracie	5
grades	5
grady	5
grafen	5
grafik	5
grammatik	5
granate	5
granaten	5
gratulation	5
graue	5
grauenhaft	5
grauenvoll	5
grausame	5
grausamkeit	5
graz	5
great	5
gregory	5
greife	5
greta	5
gretchen	5
griechen	5
griechischen	5
griffen	5
grill	5
grillen	5
grimm	5
grinsen	5
groll	5
gross	5
grossbritannien	5
grossen	5
grosser	5
grossstadt	5
grossteil	5
grossvater	5
grosszügig	5
grove	5
großartiges	5
großbritannien	5
großeltern	5
großgezogen	5
großteil	5
großvaters	5
großzügigkeit	5
grube	5
gruft	5
grundlagen	5
grundlegend	5
grundlos	5
grundsatz	5
grundschule	5
gruss	5
gruß	5
gräber	5
gründer	5
gründung	5
grüner	5
grüsse	5
grüssen	5
gucke	5
gummi	5
gunnar	5
gunst	5
gunsten	5
gustav	5
gutachten	5
gutmachen	5
gutschein	5
gutscheine	5
gymnasium	5
gänge	5
gänsehaut	5
gänzlich	5
gästen	5
gästezimmer	5
gönnen	5
göttingen	5
göttliche	5
gültig	5
günstig	5
güter	5
gütig	5
haarschnitt	5
hacker	5
haftung	5
hagen	5
haha	5
haie	5
halber	5
halbinsel	5
halbjahr	5
halbwegs	5
halbzeit	5
hale	5
haley	5
halfen	5
halluzinationen	5
hallöchen	5
halskette	5
haltestelle	5
halts	5
ham	5
hamlet	5
handball	5
handbuch	5
handelte	5
handle	5
handlungen	5
handschuh	5
handtücher	5
handvoll	5
handwerk	5
handwerker	5
hang	5
hannes	5
hansen	5
hanson	5
harald	5
harbor	5
hardcastle	5
hardware	5
harlan	5
harlem	5
harley	5
harmonie	5
hartes	5
hartnäckig	5
harz	5
hassan	5
haube	5
haue	5
haufenweise	5
haupt	5
hauptbahnhof	5
hauptrolle	5
hauptstrasse	5
hausarbeit	5
hausfrau	5
haushälterin	5
haustier	5
haustiere	5
haustür	5
haven	5
hawk	5
hawkins	5
hayley	5
healey	5
hebamme	5
hebe	5
hebel	5
heer	5
heft	5
heh	5
heidelberg	5
heilbronn	5
heiligabend	5
heiliges	5
heimatstadt	5
heimspiel	5
heimweh	5
heinz	5
heirateten	5
heiratsantrag	5
heitere	5
heizung	5
hektar	5
heldin	5
helene	5
helfer	5
helga	5
helle	5
hellseher	5
hemden	5
hengst	5
henrik	5
herab	5
herausfand	5
herausforderungen	5
herausgeber	5
herausgestellt	5
herauskommen	5
herb	5
herbei	5
herbringen	5
hereinkommen	5
hergeholt	5
hergeschickt	5
herkam	5
herkomme	5
herkommst	5
hermann	5
herrliche	5
herstellung	5
herumlaufen	5
hervorheben	5
hervorragende	5
herzanfall	5
herzchen	5
herzogin	5
herzustellen	5
hetero	5
heu	5
heuchler	5
heuer	5
hexerei	5
hicks	5
hierhergekommen	5
hierzulande	5
himmlisch	5
hinbekommen	5
hindernis	5
hindert	5
hindurch	5
hingabe	5
hingebracht	5
hingefallen	5
hingegen	5
hingehe	5
hingehst	5
hingeht	5
hingehört	5
hingekriegt	5
hingelegt	5
hingezogen	5
hinhalten	5
hinkommen	5
hinkriegen	5
hinnehmen	5
hinreißend	5
hinsehen	5
hinstellen	5
hintereinander	5
hinteren	5
hintergangen	5
hintergehen	5
hintergründe	5
hinterkopf	5
hinterlasse	5
hinterm	5
hinzufügen	5
hirsch	5
his	5
historie	5
historiker	5
historisch	5
historischen	5
hits	5
hob	5
hobbs	5
hochschule	5
hochwürden	5
hochzeiten	5
hochzeitsreise	5
hoffman	5
hold	5
holden	5
holland	5
hollow	5
holocaust	5
holstein	5
holten	5
homeland	5
homo	5
homosexualität	5
homosexuell	5
homöopathie	5
honey	5
hong	5
hook	5
horde	5
horizont	5
hormone	5
horror	5
horst	5
howie	5
hr	5
hu	5
hubert	5
huch	5
hughes	5
human	5
hunderten	5
hungern	5
hupe	5
hupt	5
hutch	5
hydra	5
hygiene	5
hype	5
hypnose	5
hypothek	5
hysterisch	5
häftling	5
häftlinge	5
häh	5
hähnchen	5
händchen	5
härte	5
häschen	5
hässlichen	5
häufiger	5
häuschen	5
höchster	5
höchstpersönlich	5
höchstwahrscheinlich	5
höflichkeit	5
höhen	5
höhlen	5
höllisch	5
hörer	5
hörner	5
hü	5
hüften	5
hüpfen	5
hürde	5
hüten	5
hüter	5
ice	5
ich-ich	5
ichs	5
ida	5
identisch	5
ideologie	5
idiotin	5
idiotisch	5
ignoriere	5
igor	5
ihrerseits	5
ii	5
il	5
illegalen	5
illinois	5
illusionen	5
im folgenden	5
im mittelpunkt steht	5
image	5
imitiert	5
immernoch	5
immobilie	5
immobilien	5
immun	5
immunität	5
imperium	5
impfstoff	5
improvisieren	5
impuls	5
imstande	5
inakzeptabel	5
indes	5
index	5
indiana	5
indirekt	5
individuell	5
individuen	5
industrielle	5
industries	5
inflation	5
info	5
infolge	5
informatik	5
informiere	5
infrastruktur	5
ingolstadt	5
ingrid	5
inhaber	5
inhaltlich	5
initialen	5
inmitten	5
inn	5
innenminister	5
innenstadt	5
innerlich	5
innern	5
innovation	5
innsbruck	5
inoffiziell	5
insassen	5
inseln	5
insider	5
insofern	5
insolvenz	5
inspektion	5
instabil	5
installation	5
installieren	5
installiert	5
instanz	5
instinkte	5
institution	5
instrument	5
instrumentalmusik	5
instrumente	5
inszeniert	5
inszenierung	5
intakt	5
integrieren	5
integrität	5
intelligente	5
intensiv	5
intensivstation	5
interaktion	5
interessanten	5
interessiere	5
interessierst	5
interessierte	5
intern	5
internat	5
interne	5
internetseite	5
interpol	5
interpretation	5
interviews	5
intuition	5
investition	5
investor	5
investoren	5
inwieweit	5
iran	5
iren	5
irgendjemandem	5
irgendjemanden	5
irgendwem	5
irgendwen	5
irgendwoher	5
irina	5
iron	5
ironisch	5
irrelevant	5
irrenhaus	5
irrsinn	5
irrt	5
irving	5
isabel	5
isabella	5
isolieren	5
isoliert	5
istanbul	5
italienische	5
italienischen	5
ivy	5
iwan	5
izzy	5
jace	5
jackett	5
jacks	5
jacqueline	5
jade	5
jaffa	5
jage	5
jagte	5
jahrbuch	5
jahrestag	5
jahrgang	5
jahrhunderte	5
jaja	5
janeway	5
janice	5
jap	5
japanisch	5
japanische	5
japanischen	5
jared	5
jarvis	5
java	5
javier	5
jazz	5
jeb	5
jedermann	5
jedesmal	5
jedi	5
jeglicher	5
jem	5
jemandes	5
jenen	5
jenes	5
jennings	5
jens	5
jensen	5
jep	5
jeremiah	5
jerome	5
jerusalem	5
jessi	5
jesu	5
jetzigen	5
jin	5
joggen	5
joghurt	5
johan	5
johann	5
johanna	5
johns	5
joint	5
joker	5
jorge	5
jose	5
josie	5
josé	5
journal	5
journalismus	5
journalistin	5
jr	5
jubelt	5
jubiläum	5
jugendamt	5
jugendlichen	5
juliet	5
julio	5
jungfrauen	5
junioren	5
jupiter	5
jura	5
jurist	5
justine	5
justiz	5
justizministerium	5
juwel	5
jägerin	5
jänner	5
jüdische	5
jüdischen	5
jüngere	5
jüngeren	5
kabinett	5
kacken	5
kader	5
kahn	5
kaiserin	5
kaiserliche	5
kaisers	5
kaiserslautern	5
kakao	5
kakerlaken	5
kalb	5
kaliber	5
kaltblütig	5
kaltes	5
kamerad	5
kamm	5
kampfes	5
kandidat	5
kang	5
kantine	5
kanton	5
kanzler	5
kanzlerin	5
kanäle	5
kap	5
kapazität	5
kapiere	5
kapieren	5
kapital	5
kapitalismus	5
kaplan	5
kappe	5
kapsel	5
kaputte	5
kaputten	5
karate	5
karev	5
karin	5
karlsruhe	5
karma	5
karneval	5
kartell	5
karton	5
kasino	5
kassel	5
kassette	5
kassieren	5
kat	5
katalog	5
katharina	5
katholiken	5
katholisch	5
kathryn	5
katja	5
katrina	5
katz	5
kauen	5
kaufhaus	5
kaufmann	5
kauften	5
kavallerie	5
kaviar	5
kay	5
keen	5
keep	5
kehre	5
kehrte	5
kelch	5
kennenlernte	5
kenneth	5
kenntnisse	5
kentucky	5
keramik	5
kerker	5
kerlchen	5
kerlen	5
kermit	5
kessel	5
ketchup	5
keuchen	5
kgb	5
ki	5
kick	5
kicker	5
kiefer	5
kiel	5
kiew	5
kiki	5
kilogramm	5
kindergarten	5
kindermädchen	5
kinderzimmer	5
kippe	5
kippen	5
kirby	5
kirchengemeinde	5
kita	5
kitt	5
klagenfurt	5
klammern	5
klappern	5
klara	5
klarheit	5
klarkommen	5
klarmachen	5
klassik	5
klassisch	5
klatsch	5
klatschen	5
klebeband	5
kleben	5
kleidern	5
kleinanzeigen	5
kleinere	5
kleinigkeiten	5
kleinstadt	5
kleinsten	5
klempner	5
klick	5
klicken	5
klickt	5
klientin	5
klima	5
klimaschutz	5
klimawandel	5
klingel	5
kliniken	5
klippe	5
klon	5
kluger	5
kluges	5
klugscheißer	5
kläger	5
kläre	5
knabe	5
knete	5
knoblauch	5
knox	5
ko	5
koalition	5
koblenz	5
kobra	5
kochst	5
kodex	5
kohl	5
kollektion	5
kolonie	5
kolonien	5
kombi	5
komiker	5
komitee	5
komma	5
kommandanten	5
kommandeur	5
kommenden	5
kommentieren	5
kommune	5
kommunist	5
kompass	5
kompetenz	5
kompletten	5
komplikationen	5
komplize	5
komplizierte	5
komponente	5
komposition	5
kompromiss	5
komödie	5
kondom	5
kondome	5
konferenzraum	5
konfrontiert	5
konkret	5
konntet	5
konrad	5
konsequent	5
konsequenz	5
konstant	5
konstanz	5
konstruktion	5
konsul	5
konsulat	5
konsum	5
kontext	5
kontinent	5
kontinuierlich	5
kontrast	5
kontrolliere	5
konversation	5
konzeption	5
konzern	5
kooperation	5
kopenhagen	5
kopfgeld	5
kopfgeldjäger	5
kopfhörer	5
kopftuch	5
kopieren	5
kopiert	5
korn	5
korridor	5
korrigieren	5
korrupt	5
korruption	5
koste	5
kostete	5
kotze	5
kotzt	5
kraftfeld	5
krallen	5
kramer	5
krankenhäuser	5
krankenkasse	5
krankenversicherung	5
kranker	5
krankes	5
kratzt	5
kreativ	5
kreativität	5
krefeld	5
kreise	5
kreislauf	5
kreuzen	5
kreuzfahrt	5
kriegte	5
krim	5
krimi	5
kriminalität	5
kriminell	5
krimineller	5
kripo	5
kristall	5
kriterien	5
kriterium	5
kritiker	5
kritisch	5
kritisieren	5
kroatien	5
krug	5
krypton	5
kräftigen	5
kräuter	5
krönung	5
kröte	5
kröten	5
kuckuck	5
kulissen	5
kult	5
kulturen	5
kundin	5
kundschaft	5
kunstwerk	5
kupfer	5
kurier	5
kurse	5
kurven	5
kurzes	5
kurzfristig	5
kutscher	5
kämpften	5
käpt	5
kärnten	5
köhler	5
kölner	5
köpfchen	5
körperliche	5
köter	5
kühlen	5
küken	5
kümmerte	5
kündigung	5
künftig	5
künste	5
künstlerin	5
künstlich	5
künstliche	5
kürbis	5
kürzer	5
küsste	5
küstenwache	5
labyrinth	5
lachend	5
lachs	5
lachte	5
lad	5
lagern	5
lagerraum	5
lambert	5
lampen	5
lan	5
landeshauptstadt	5
landesregierung	5
landest	5
landgericht	5
landrat	5
landschaft	5
landstrasse	5
landtag	5
landtagswahl	5
landwirtschaft	5
langeweile	5
langley	5
langsame	5
langweile	5
langweilige	5
langweilt	5
lanze	5
lapd	5
lappen	5
lara	5
laser	5
lasten	5
latein	5
latte	5
laufbahn	5
laufzeit	5
laurent	5
laurie	5
lautete	5
lautlos	5
lavon	5
lawson	5
league	5
lebeau	5
lebensform	5
lebensformen	5
lebensjahr	5
lebenslänglich	5
lebensqualität	5
lebensraum	5
lebensstil	5
lebensunterhalt	5
lebensversicherung	5
lebensweise	5
lebenszeichen	5
leckt	5
led	5
leder	5
leeres	5
legenden	5
legten	5
lehne	5
lehnen	5
lehnt	5
lehnte	5
lehrt	5
lehrte	5
leibwächter	5
leichenhalle	5
leichenschauhaus	5
leichnam	5
leichten	5
leichtsinnig	5
leidenschaftlich	5
leidest	5
leila	5
leinwand	5
leiste	5
leistet	5
leistungen	5
leistungsfähigkeit	5
leitete	5
leitungen	5
leland	5
len	5
lenkrad	5
lenkt	5
lern	5
leroy	5
lesben	5
lesung	5
letztlich	5
leuchtet	5
leverkusen	5
liberalen	5
libyen	5
lichtjahre	5
lichts	5
liebenswürdig	5
liebevoll	5
liechtenstein	5
liefere	5
ließe	5
lift	5
lili	5
lilly	5
limit	5
limousine	5
lina	5
lindern	5
lindsay	5
line	5
linien	5
linker	5
linus	5
linz	5
lippe	5
lire	5
lisbon	5
list	5
listen	5
litt	5
liu	5
lizzie	5
lizzy	5
lo	5
lob	5
lockhart	5
log	5
logbuch	5
logische	5
logistik	5
logo	5
lokale	5
lokalen	5
lokalisieren	5
lolle	5
londoner	5
lopez	5
lords	5
lordschaft	5
lorenzo	5
lorraine	5
lose	5
losfahren	5
losgeht	5
lost	5
lot	5
louie	5
louisiana	5
lover	5
lu	5
luc	5
luca	5
lucia	5
lucie	5
lucien	5
lucifer	5
lucrezia	5
luder	5
ludwigshafen	5
luftwaffe	5
luisa	5
lulu	5
luna	5
lunch	5
lupe	5
lustiges	5
luther	5
lutschen	5
lux	5
luxemburg	5
luzern	5
luzifer	5
lyle	5
lyrik	5
lächelst	5
lächerliche	5
lächle	5
längere	5
lästig	5
läufer	5
läßt	5
löhne	5
löse	5
löste	5
lübeck	5
lücke	5
lücken	5
maas	5
machbar	5
machtlos	5
mack	5
maddie	5
made	5
madeleine	5
madeline	5
madonna	5
madrid	5
mae	5
maestro	5
magazine	5
magdeburg	5
magier	5
magisch	5
magnus	5
mahlzeiten	5
mailand	5
maine	5
make	5
makler	5
malerei	5
malibu	5
malik	5
malley	5
mallorca	5
malone	5
malt	5
malte	5
mamas	5
management	5
manchester	5
mandat	5
mangels	5
mannheim	5
mannschaften	5
manuela	5
manuskript	5
manöver	5
mara	5
marathon	5
marburg	5
marcie	5
marcy	5
margot	5
marihuana	5
marionette	5
marketing	5
markieren	5
marks	5
marktplatz	5
markus	5
marlene	5
marmelade	5
marokko	5
marquis	5
marseille	5
marta	5
martinez	5
martini	5
maryann	5
masche	5
maschinenbau	5
mass	5
massage	5
massaker	5
massen	5
massgeblich	5
massiv	5
massstab	5
match	5
materialien	5
materie	5
mathematik	5
matratze	5
matrix	5
matrosen	5
matthews	5
matty	5
maureen	5
maurer	5
maut	5
maximal	5
maxwell	5
mayday	5
maß	5
maße	5
mccormick	5
mccoy	5
mcdonald	5
mckay	5
medaille	5
medaillon	5
medikamenten	5
medium	5
mediziner	5
medizinisch	5
medizinisches	5
mehl	5
mehrheitlich	5
mehrzahl	5
mei	5
meiden	5
meier	5
meintest	5
meinungen	5
meinungsfreiheit	5
meisterschaft	5
meisterwerk	5
meldete	5
memo	5
memphis	5
men	5
mengen	5
menschenleben	5
mentor	5
menü	5
merkmal	5
merkwürdiges	5
messung	5
messungen	5
metapher	5
metern	5
meth	5
methodisch	5
metro	5
metropolis	5
metzger	5
mexico	5
mexikanischen	5
meyer	5
mh	5
michaels	5
michigan	5
micki	5
mieses	5
mieter	5
migration	5
migrationshintergrund	5
migräne	5
mikro	5
mikrofon	5
mikrowelle	5
milde	5
militärische	5
militärischen	5
milliarde	5
millie	5
millimeter	5
millionär	5
mimi	5
mina	5
minderheit	5
mindeste	5
mindestlohn	5
minen	5
ming	5
minimum	5
ministerpräsident	5
minnie	5
miriam	5
misch	5
mischt	5
missbrauch	5
misshandelt	5
mississippi	5
misstrauen	5
missverstanden	5
missy	5
mistkerle	5
mitarbeit	5
mitarbeiterin	5
mitbewohnerin	5
mitgekommen	5
mitgekriegt	5
mitgemacht	5
mitgeteilt	5
mitgliedschaft	5
mithalten	5
mitkommst	5
mitteilung	5
mittelalter	5
mittelmeer	5
mittelpunkt	5
mittendrin	5
mitunter	5
mitzukommen	5
mm-hm	5
mmh	5
mo	5
mobil	5
mobile	5
mobilität	5
mochtest	5
models	5
moderator	5
modern	5
modernisierung	5
modus	5
moe	5
moira	5
moms	5
monarchie	5
monatelang	5
monatlich	5
monika	5
monitor	5
montana	5
monte	5
montgomery	5
montreal	5
monty	5
moon	5
moralisch	5
moralische	5
moran	5
mordkommission	5
mordwaffe	5
morgengrauen	5
moritz	5
morphium	5
morty	5
moschee	5
moss	5
motherfucker	5
motivation	5
motive	5
motiviert	5
motoren	5
mount	5
mozart	5
ms	5
much	5
munter	5
murdock	5
murmeln	5
murmelt	5
muscheln	5
museen	5
musical	5
musikalisch	5
muslime	5
mutige	5
mutiger	5
mutters	5
mußte	5
mysteriöse	5
mysteriösen	5
mythos	5
mächte	5
mängel	5
männchen	5
männlichen	5
märtyrer	5
mässig	5
mäuschen	5
möcht	5
möchtet	5
mögt	5
mönche	5
möpse	5
mörders	5
mühle	5
mühsam	5
mülleimer	5
nachdenke	5
nachdruck	5
nacheinander	5
nachfolge	5
nachforschungen	5
nachfrage	5
nachgeben	5
nachgehen	5
nachgesehen	5
nachhaltigkeit	5
nachlass	5
nachlesen	5
nachname	5
nachschauen	5
nachschub	5
nachteil	5
nachträglich	5
nachtschicht	5
nachvollziehbar	5
nachvollziehen	5
nachweis	5
nachweisen	5
nachwuchs	5
nackten	5
nadeln	5
nadine	5
nahen	5
naht	5
namentlich	5
nanny	5
nanu	5
nasa	5
nash	5
nat	5
nationalmannschaft	5
nationalpark	5
nationalsozialismus	5
nationen	5
nato	5
naturschutz	5
natürlichen	5
nazi	5
neapel	5
nebeneinander	5
nebenwirkungen	5
nebst	5
neckar	5
neela	5
neelix	5
negative	5
neger	5
neid	5
neigen	5
neigt	5
nell	5
nels	5
neonazis	5
nerv	5
nervensäge	5
nervenzusammenbruch	5
nervig	5
nervst	5
net	5
netto	5
neuanfang	5
neubau	5
neuem	5
neuerdings	5
neuigkeit	5
neuseeland	5
neustadt	5
neutral	5
neuzeit	5
nevada	5
never	5
neville	5
newton	5
nichtmal	5
nico	5
nicolas	5
niedergeschlagen	5
niedersachsen	5
niederschlag	5
niederösterreich	5
nieren	5
niete	5
nigel	5
nigeria	5
nigga	5
niki	5
nikolaus	5
nils	5
nimmer	5
ninja	5
nippel	5
nixon	5
nonnen	5
nordamerika	5
nordkorea	5
nordsee	5
norm	5
norris	5
norwegen	5
notar	5
notarzt	5
notieren	5
notiert	5
notizbuch	5
nottingham	5
notwehr	5
notwendigkeit	5
nsa	5
nu	5
nummernschild	5
nunmehr	5
nuss	5
nutzte	5
nächten	5
nötigen	5
obdachlosen	5
ober	5
oberbürgermeister	5
obere	5
oberflächlich	5
oberhalb	5
oberliga	5
oberösterreich	5
obhut	5
objekte	5
objektiv	5
odo	5
off	5
offenbart	5
offenbarung	5
offener	5
offenes	5
offensive	5
offiziellen	5
oftmals	5
ohh	5
ohnmacht	5
ohrringe	5
olaf	5
oldenburg	5
ole	5
oleson	5
olga	5
olive	5
olsen	5
olympia	5
onkels	5
only	5
opposition	5
ops	5
optik	5
optimal	5
optimistisch	5
optisch	5
or	5
orangen	5
orangensaft	5
orbit	5
orchester	5
order	5
oregon	5
organ	5
organismus	5
orgasmus	5
orgel	5
ori	5
orientieren	5
orientierung	5
originell	5
orson	5
ortsteil	5
os	5
osnabrück	5
ostern	5
osteuropa	5
ostküste	5
ostsee	5
oswald	5
otaru	5
otis	5
our	5
oxford	5
p	5
packst	5
packte	5
packung	5
paddy	5
padre	5
page	5
pakistan	5
pakt	5
palace	5
palm	5
pamela	5
panama	5
panne	5
panorama	5
paolo	5
papagei	5
papas	5
parallel	5
paranoia	5
parasiten	5
parfum	5
pariser	5
parks	5
part	5
parteien	5
parteitag	5
partie	5
partnerschaft	5
pascal	5
pascha	5
passagier	5
passau	5
passende	5
passenden	5
passte	5
pasta	5
pate	5
patricia	5
patriot	5
patronen	5
patrouille	5
patterson	5
paulie	5
pauline	5
pausen	5
paypal	5
paß	5
pc	5
pearson	5
peitsche	5
peking	5
pelz	5
penelope	5
pennsylvania	5
pentagon	5
penthouse	5
people	5
pepper	5
perfekter	5
perfektion	5
performance	5
periode	5
perkins	5
perle	5
permanent	5
perspektive	5
pervers	5
perverser	5
pesos	5
peters	5
petition	5
petrus	5
pfadfinder	5
pfalz	5
pfanne	5
pfeffer	5
pfeile	5
pfiff	5
pflaster	5
pflege	5
pflegen	5
pfleger	5
pfui	5
phantasie	5
phantastisch	5
phantom	5
phasen	5
phaser	5
philipp	5
philippinen	5
phillips	5
phyllis	5
physik	5
physisch	5
pi	5
picasso	5
piep	5
piepsen	5
piggy	5
pike	5
pilz	5
pilze	5
pinguin	5
pirat	5
pisse	5
pisser	5
pistolen	5
pittsburgh	5
pkw	5
place	5
plage	5
plakat	5
plans	5
planst	5
planänderung	5
plastik	5
plattform	5
plattformen	5
platzieren	5
platzt	5
plaza	5
please	5
plänen	5
plätzchen	5
plötzliche	5
plündern	5
podcast	5
poesie	5
pokal	5
pol	5
politikerin	5
polizeiarbeit	5
polizeichef	5
polizeirevier	5
poltern	5
pony	5
pope	5
porno	5
porsche	5
port	5
portal	5
portemonnaie	5
portier	5
portion	5
portland	5
porto	5
porträt	5
portugal	5
positionen	5
poster	5
potential	5
potenzial	5
potsdam	5
powell	5
powers	5
prag	5
praktikum	5
pratt	5
prediger	5
predigt	5
preisen	5
premier	5
pressemitteilung	5
preston	5
pretty	5
preussen	5
primär	5
prinzipiell	5
prioritäten	5
privatdetektiv	5
privates	5
privileg	5
probiere	5
problematik	5
problematisch	5
problemlos	5
produkte	5
produzent	5
produzenten	5
professionelle	5
professoren	5
profitieren	5
programme	5
projekte	5
promotion	5
propaganda	5
prophet	5
propheten	5
prostitution	5
protest	5
prototyp	5
provinz	5
provinzen	5
provozieren	5
provoziert	5
prozesse	5
präsent	5
präsentation	5
präsentiere	5
präsenz	5
prüfe	5
prüfungen	5
psychiatrie	5
psychisch	5
psycho	5
psychologie	5
psychologische	5
psychopath	5
psychopathen	5
pub	5
publikation	5
publikationen	5
pudding	5
puff	5
puh	5
pulli	5
pumpe	5
pumpen	5
punk	5
pur	5
pure	5
puste	5
putz	5
putzfrau	5
putzt	5
puzzle	5
pyjama	5
pädagogik	5
pärchen	5
pässe	5
q	5
qualen	5
qualifikation	5
qualifiziert	5
qualitativ	5
qualitäten	5
quark	5
quartal	5
quarterback	5
que	5
queens	5
quietscht	5
quittung	5
quote	5
quält	5
rabatt	5
rabbi	5
radikal	5
radikale	5
radweg	5
rafael	5
raffiniert	5
ragnar	5
raj	5
ramon	5
rande	5
rankommen	5
rap	5
raquel	5
rasiert	5
rassismus	5
rast	5
ratet	5
ratgeber	5
ratschlag	5
rauben	5
raubüberfall	5
rausbringen	5
rausch	5
rausgeschmissen	5
raushalten	5
rauskomme	5
rauskommst	5
rauskriegen	5
rauslassen	5
rausschmeißen	5
raven	5
razzia	5
reaktionen	5
reaktor	5
realisieren	5
realisierung	5
realistisch	5
really	5
realschule	5
rebellion	5
rechenschaft	5
recherchiert	5
rechne	5
rechter	5
rechtlich	5
rechtsanwalt	5
rechtsprechung	5
rechtsstaat	5
redakteur	5
redaktion	5
reddington	5
redner	5
reduziert	5
referendum	5
reflektieren	5
reform	5
reformation	5
regal	5
regelung	5
regenbogen	5
regensburg	5
regiert	5
regierungen	5
regierungschef	5
regime	5
regiment	5
regional	5
regionalliga	5
register	5
registrierung	5
regle	5
regst	5
reiben	5
reiches	5
reichstag	5
reichte	5
reife	5
reihen	5
reihenfolge	5
reines	5
reingefallen	5
reingelassen	5
reinkommt	5
reinlassen	5
reinziehen	5
reinzukommen	5
reisende	5
reissen	5
reisst	5
reiste	5
reiz	5
reiße	5
rektor	5
relevanz	5
religiös	5
religiöse	5
remington	5
ren	5
renaissance	5
rendite	5
renee	5
renne	5
rennst	5
renovieren	5
rentner	5
reparatur	5
reparaturen	5
repariere	5
report	5
republikaner	5
reserve	5
reservierung	5
resolution	5
respektlos	5
reste	5
resultat	5
resultate	5
rettest	5
revision	5
revue	5
reyes	5
rezension	5
rezeption	5
rheinland	5
rhetorik	5
richards	5
richmond	5
richterin	5
richtlinie	5
richtungen	5
riech	5
riese	5
riesiger	5
riesiges	5
riggs	5
riker	5
rinder	5
ringen	5
rip	5
ripper	5
riskiere	5
ritt	5
robbins	5
robby	5
roberto	5
roch	5
rod	5
rodrigo	5
rohre	5
rohstoffe	5
rolf	5
roller	5
rollt	5
romane	5
romantik	5
romantischen	5
romanze	5
roms	5
ronald	5
room	5
roosevelt	5
rosalie	5
rostock	5
rothaarige	5
rotwein	5
rouge	5
router	5
rover	5
royce	5
ruck	5
rudel	5
rudern	5
rudi	5
rue	5
ruhigen	5
ruhr	5
ruhrgebiet	5
ruinen	5
ruinierst	5
rumhängen	5
rumsitzen	5
rumänien	5
run	5
rundfunk	5
rundschau	5
runtergefallen	5
runtergehen	5
runterkommen	5
rupert	5
russ	5
russe	5
russischer	5
rutsch	5
rutscht	5
räder	5
räum	5
räumt	5
römische	5
römischen	5
rüberkommen	5
rück	5
rückblick	5
rückendeckung	5
rückgang	5
rückgrat	5
rücksichtslos	5
rücksitz	5
rückstand	5
rückt	5
rücktritt	5
rührend	5
rüstung	5
saarbrücken	5
saarland	5
sabine	5
sabotage	5
sabotieren	5
sabrina	5
sachlich	5
sachverhalt	5
sadie	5
saga	5
sagtet	5
sahne	5
said	5
saint	5
saloon	5
salut	5
salvatore	5
salzburg	5
salzburger	5
sammle	5
sammler	5
sammlungen	5
sams	5
samson	5
samstagabend	5
samt	5
sanchez	5
sanders	5
sandwiches	5
sanierung	5
santiago	5
sarge	5
sasha	5
satellit	5
satire	5
sattel	5
satzung	5
sauberen	5
sauberer	5
sauberes	5
sauce	5
sauerei	5
saugen	5
sauna	5
sausen	5
savage	5
savannah	5
sawyer	5
say	5
sayid	5
scan	5
scannen	5
scanner	5
scarlett	5
schacht	5
schaffung	5
scham	5
scharfen	5
scharfschützen	5
schaufel	5
schauspiel	5
schauspielern	5
scheiben	5
scheich	5
scheidet	5
scheinwerfer	5
scheißdreck	5
scheißt	5
schenkel	5
schenkst	5
scheppern	5
scheren	5
schert	5
scherzen	5
scheußlich	5
schichten	5
schicksals	5
schiebt	5
schiedsrichter	5
schiefgehen	5
schiene	5
schiessen	5
schiffen	5
schiffs	5
schilder	5
schildkröte	5
schilling	5
schlager	5
schlagzeile	5
schlagzeilen	5
schlank	5
schlappschwanz	5
schlauch	5
schlechteste	5
schleicht	5
schleier	5
schleife	5
schleifen	5
schleppen	5
schlicht	5
schliefen	5
schliesse	5
schliessung	5
schließfach	5
schlimmere	5
schlinge	5
schlitten	5
schlucht	5
schluchzen	5
schlugen	5
schlussfolgerung	5
schluß	5
schlägerei	5
schlösser	5
schlüsse	5
schmeissen	5
schmelzen	5
schmerzmittel	5
schmetterling	5
schmetterlinge	5
schmilzt	5
schmuggeln	5
schmutz	5
schmutziges	5
schnarchen	5
schnarcht	5
schnattert	5
schnecke	5
schnecken	5
schneewittchen	5
schneit	5
schnellen	5
schnelles	5
schnellste	5
schnellsten	5
schnellstens	5
schnitzel	5
schnur	5
schockierend	5
schonen	5
schossen	5
schreck	5
schreiber	5
schreibmaschine	5
schreist	5
schrieben	5
schriften	5
schriftlich	5
scht	5
schuf	5
schuft	5
schuldigen	5
schuljahr	5
schulzeit	5
schurke	5
schurken	5
schutzengel	5
schwaben	5
schwache	5
schwamm	5
schwangere	5
schwanzlutscher	5
schwarm	5
schwarzmarkt	5
schwarzwald	5
schweben	5
schwebt	5
schweig	5
schweigt	5
schweinchen	5
schweinehund	5
schweinerei	5
schweiß	5
schwelle	5
schwerin	5
schwerkraft	5
schwerpunkt	5
schwerter	5
schwesterchen	5
schwiegermutter	5
schwiegersohn	5
schwiegervater	5
schwierigen	5
schwimmbad	5
schwindelig	5
schwindler	5
schwindlig	5
schwing	5
schwitzt	5
schwor	5
schwuler	5
schwur	5
schwäbisch	5
schwächer	5
schwägerin	5
schwört	5
schäfer	5
schäm	5
schämst	5
schämt	5
schöpfer	5
schöpfung	5
schülerin	5
schülerinnen	5
schülern	5
scofield	5
scotland	5
sd-6	5
seavers	5
sechsten	5
secret	5
seemann	5
seen	5
segnen	5
sehn	5
sehne	5
sehnen	5
seide	5
seile	5
seinerzeit	5
seinetwegen	5
seins	5
seitlich	5
sekretär	5
sekt	5
sekte	5
sektion	5
selbstbewusstsein	5
selbstständig	5
selbstvertrauen	5
selbständig	5
selig	5
seltene	5
semester	5
seminar	5
senatorin	5
sende	5
sendet	5
senf	5
senior	5
senken	5
senor	5
sentimental	5
serbien	5
serge	5
serum	5
server	5
servus	5
sessel	5
session	5
seuche	5
seufzen	5
sexualität	5
sexueller	5
seymour	5
señora	5
señorita	5
shanghai	5
shelley	5
shelly	5
shepherd	5
sheppard	5
sheridan	5
sheriffs	5
sherman	5
shh	5
shoppen	5
shorts	5
sicheres	5
sicherheitssystem	5
sicherste	5
sichert	5
sicherung	5
sicherzugehen	5
sicherzustellen	5
sichtbar	5
sichtkontakt	5
siebten	5
siedlung	5
siehe	5
sierra	5
signor	5
signore	5
silvester	5
simpel	5
simulation	5
sinclair	5
singles	5
singst	5
sinkt	5
sinnen	5
sisko	5
sitzungen	5
skala	5
skalpell	5
skeptisch	5
ski	5
skinner	5
skipper	5
sklaverei	5
sklavin	5
skript	5
sky	5
skye	5
slade	5
slim	5
sloane	5
smart	5
smoking	5
socke	5
soda	5
sofia	5
sofortige	5
sog	5
sogenannten	5
sol	5
solidarität	5
solide	5
solo	5
solomon	5
sonde	5
sonderbar	5
sonderlich	5
sonia	5
sonnenbrille	5
sonnenlicht	5
sonntags	5
sorgerecht	5
sorgte	5
sortiment	5
soul	5
sound	5
souverän	5
sowjetunion	5
sozial	5
soziale	5
sozialen	5
sozialismus	5
soziologie	5
space	5
spaghetti	5
spaltung	5
spam	5
spanier	5
spanische	5
spanischen	5
spannungsvolle	5
sparkasse	5
spart	5
spartacus	5
spaßig	5
speed	5
speer	5
speicher	5
speichern	5
speisekarte	5
speisen	5
spektrum	5
spence	5
spender	5
sperma	5
sperre	5
sperrt	5
spezialeinheit	5
spezialisiert	5
spezialisten	5
spezielles	5
spielplatz	5
spielraum	5
spiels	5
spieltag	5
spielzeit	5
spieß	5
spind	5
spionin	5
spitz	5
spitzel	5
spitzen	5
spitzname	5
spitznamen	5
sportler	5
sportlich	5
spot	5
sprachlos	5
springe	5
springer	5
springfield	5
springs	5
sprit	5
spritztour	5
sprüche	5
sprünge	5
spucke	5
spucken	5
spuckt	5
spurensicherung	5
spurlos	5
späten	5
spür	5
spürbar	5
ss	5
st	5
staates	5
staatlich	5
staatsbürgerschaft	5
staatssekretär	5
stabilität	5
stacey	5
stacy	5
stadion	5
stadium	5
stadtgebiet	5
stadtteil	5
stadtverwaltung	5
stalag	5
stalin	5
stalker	5
stanford	5
stapel	5
starbuck	5
starling	5
starr	5
starrst	5
starrt	5
starsky	5
starte	5
startklar	5
statement	5
stationen	5
stationiert	5
statistik	5
statistisch	5
stattfindet	5
stattgefunden	5
stau	5
staubsauger	5
staunen	5
steaks	5
stecker	5
steckten	5
steiermark	5
steigern	5
steigerung	5
steigst	5
steil	5
steinen	5
stellvertreter	5
steph	5
sterbenden	5
sterblichen	5
sterling	5
stetig	5
stetson	5
steuerbord	5
steuert	5
steuerung	5
steuerzahler	5
stewart	5
sticht	5
stichwort	5
stiefmutter	5
stiefvater	5
stiegen	5
stier	5
stieß	5
stiles	5
stillhalten	5
stimmts	5
stinken	5
stinksauer	5
stinkst	5
stockholm	5
stockwerk	5
stockwerke	5
stopfen	5
stossen	5
stottert	5
stoß	5
strafen	5
straftat	5
strahl	5
strahlen	5
strassburg	5
strassenbahn	5
strassenverkehr	5
strauss	5
straßenseite	5
streben	5
strecken	5
streiche	5
streicheln	5
streichholz	5
streichhölzer	5
streife	5
streifenwagen	5
streik	5
streitet	5
streitkräfte	5
strenge	5
strick	5
strike	5
stripperin	5
stritten	5
stromausfall	5
struktur	5
strümpfe	5
studentin	5
studien	5
studiengang	5
studiere	5
studierenden	5
studierte	5
studios	5
stumme	5
städten	5
stämme	5
ständer	5
stärkste	5
stärksten	5
stärkung	5
störst	5
störungen	5
stösst	5
stößt	5
stückchen	5
stücken	5
stühle	5
stünde	5
stürmen	5
stürmer	5
stützen	5
stützpunkt	5
su	5
subbed	5
substanz	5
substanzen	5
sugar	5
sunny	5
supergirl	5
superheld	5
sur	5
surfen	5
surren	5
susanne	5
sushi	5
susie	5
suspendiert	5
suzanne	5
swan	5
sweet	5
symbole	5
sympathisch	5
syndrom	5
syrer	5
systematisch	5
systems	5
szenario	5
säcke	5
säge	5
sängerin	5
sätze	5
säubern	5
säufer	5
säule	5
säulen	5
säure	5
söldner	5
süd	5
südafrika	5
südamerika	5
südkorea	5
südtirol	5
südwesten	5
sündenbock	5
süsse	5
süssen	5
süsser	5
süssigkeiten	5
t-shirts	5
tabak	5
tabelle	5
tabellen	5
tablett	5
tabu	5
tagelang	5
tagesanbruch	5
tagesordnung	5
tagesschau	5
tageszeitung	5
tagung	5
takt	5
taktik	5
talente	5
talentiert	5
talk	5
tammy	5
tango	5
tanken	5
tanya	5
tapfere	5
tapferen	5
tapferer	5
tapferkeit	5
tarif	5
tarzan	5
taschengeld	5
taschenlampe	5
tassen	5
tastatur	5
tattoos	5
tau	5
tauben	5
taufe	5
taugt	5
tausenden	5
tausendmal	5
taxifahrer	5
te	5
technische	5
technischen	5
teich	5
teilte	5
telefonbuch	5
telefonzelle	5
tell	5
temperament	5
temperaturen	5
tendenz	5
terrasse	5
territorium	5
terror	5
terrorismus	5
tessa	5
teuren	5
texte	5
thailand	5
thematik	5
themen	5
then	5
theologie	5
therapeut	5
therapeuten	5
therapeutin	5
theresa	5
these	5
thor	5
thornton	5
three	5
thriller	5
thüringen	5
thüringer	5
tick	5
tickt	5
tiefsten	5
tiffany	5
timothy	5
tippen	5
tirol	5
tiroler	5
tische	5
titeln	5
titelseite	5
titus	5
tobias	5
todesurteil	5
toi	5
toiletten	5
tok	5
tokyo	5
toleranz	5
tomas	5
tonne	5
too	5
tool	5
toren	5
torpedos	5
totes	5
toto	5
tourismus	5
tournee	5
town	5
trab	5
traditionell	5
traditionen	5
tragische	5
tragt	5
trailer	5
trainiere	5
tranken	5
transfer	5
transformation	5
transparent	5
transparenz	5
transportiert	5
traurigen	5
trauriger	5
trauriges	5
traurigkeit	5
trauzeuge	5
treff	5
trefft	5
treib	5
trend	5
trennt	5
trent	5
treppen	5
treppenhaus	5
tretet	5
treuer	5
trey	5
triebwerke	5
trikot	5
trinkwasser	5
trio	5
trish	5
tristan	5
trittst	5
triumph	5
trockenen	5
trocknen	5
trommel	5
trophäe	5
trugen	5
truhe	5
träger	5
träum	5
träumst	5
tschechien	5
tuck	5
tugend	5
turk	5
tuvok	5
twilight	5
ty	5
typische	5
tyson	5
täten	5
tätigen	5
tätowierung	5
täuscht	5
täuschung	5
tödlichen	5
töne	5
töricht	5
tübingen	5
türe	5
türglocke	5
türken	5
türkisch	5
uhm	5
uhren	5
ultimative	5
umarme	5
umarmt	5
umbau	5
umfang	5
umfangreich	5
umfassen	5
umfassend	5
umfasst	5
umfeld	5
umfrage	5
umgedreht	5
umgeht	5
umgekommen	5
umhang	5
umsatz	5
umsetzen	5
umsetzung	5
umstand	5
umstellt	5
umstellung	5
umstritten	5
umweg	5
umweltschutz	5
umzingelt	5
umzug	5
umzugehen	5
unabhängigkeit	5
unangebracht	5
unangenehme	5
unannehmlichkeiten	5
unbekannter	5
unbemerkt	5
unberechenbar	5
unbesiegbar	5
unbesorgt	5
unbewaffnet	5
undercover	5
underwood	5
unendliche	5
unentschieden	5
unerhört	5
unfug	5
unfälle	5
ungeachtet	5
ungeduldig	5
ungefährlich	5
ungeschickt	5
ungestört	5
ungewöhnliche	5
unglaublichen	5
unglaubliches	5
unheil	5
unheilvolle	5
united	5
university	5
unklar	5
unkraut	5
unmögliche	5
uno	5
unordnung	5
unruhe	5
unruhen	5
unruhig	5
unschuldiger	5
unsicherheit	5
unsichtbare	5
unsterblichkeit	5
unterbewusstsein	5
unterbrechung	5
unterbringen	5
unterbringung	5
unterdrücken	5
unterdrückt	5
unterdrückung	5
untereinander	5
unteren	5
untergebracht	5
untergeht	5
untergrund	5
unterhalb	5
unterhalt	5
unterhose	5
unterhosen	5
unterliegen	5
unternommen	5
unterrichte	5
unters	5
untersagt	5
unterscheidet	5
unterscheidung	5
unterschiede	5
unterschiedlich	5
unterschiedliche	5
unterschlupf	5
unterschreib	5
unterschreibe	5
unterschätzen	5
unterstellt	5
unterstütze	5
unterstützer	5
untersuche	5
untertitelung	5
unterwelt	5
unverletzt	5
unverschämt	5
unverschämtheit	5
unversehrt	5
unverständliche	5
unverständliches	5
unverändert	5
unvorstellbar	5
unwohl	5
unzufrieden	5
unzählige	5
update	5
ups	5
ur	5
urin	5
urkunde	5
ursachen	5
ursprung	5
ursprünglichen	5
ursula	5
urteilsvermögen	5
vage	5
val	5
vampiren	5
vance	5
vargas	5
variante	5
vase	5
vaterland	5
vatikan	5
vaughn	5
vega	5
venezuela	5
venus	5
ver	5
verabreden	5
verabreicht	5
verabschiede	5
verachten	5
veranlassen	5
veranlasst	5
veranschaulichen	5
veranstalter	5
veranstaltet	5
verantworten	5
verantwortlichen	5
verarbeitung	5
verarsch	5
verarschst	5
verbesserungen	5
verbiete	5
verbietet	5
verbinde	5
verbirgt	5
verblutet	5
verblüffend	5
verbockt	5
verborgenen	5
verbrachten	5
verbrannte	5
verbrauch	5
verbraucher	5
verbraucht	5
verbrechens	5
verbreitung	5
verbrenne	5
verbrennungen	5
verbringst	5
verbrochen	5
verbündete	5
verbündeten	5
verdeckt	5
verdiente	5
verdoppeln	5
verdoppelt	5
verdreht	5
verehrer	5
verehrt	5
verehrte	5
vereinbaren	5
vereinen	5
vereinigung	5
vereinzelt	5
verfallen	5
verfasst	5
verfassungsschutz	5
verfehlt	5
verfickte	5
verfickten	5
verflixt	5
verfolgst	5
verfolgte	5
verfolgung	5
verfügen	5
verfügt	5
verführt	5
vergebe	5
vergeblich	5
vergebt	5
vergeudet	5
vergewaltigen	5
vergewaltiger	5
vergleichbar	5
vergleichsweise	5
vergnügt	5
vergossen	5
vergrössern	5
vergrößern	5
verhafte	5
verhandelt	5
verheilt	5
verheimlicht	5
verheiratete	5
verheirateten	5
verhext	5
verhungere	5
verhältnismässig	5
verhältst	5
verkehrsunfall	5
verklagt	5
verkleiden	5
verkleidung	5
verknüpft	5
verkraften	5
verkünden	5
verkündet	5
verlangst	5
verlangte	5
verlassenen	5
verlasst	5
verlegenheit	5
verleger	5
verleihen	5
verleiht	5
verleihung	5
verliebte	5
verliehen	5
verlier	5
verlockend	5
verlorenen	5
verlängern	5
verlängerung	5
verläuft	5
vermehrt	5
vermeintlich	5
vermieten	5
vermieter	5
vermittelt	5
vermittlung	5
vermutungen	5
vermächtnis	5
vernachlässigt	5
vernichtung	5
vernon	5
vernünftige	5
verordnung	5
verpackung	5
verpasste	5
verpfiffen	5
verpflichten	5
verpflichtung	5
verpflichtungen	5
verpissen	5
verpisst	5
verrecken	5
verriegelt	5
verringern	5
verrotten	5
verrätst	5
vers	5
versammeln	5
verschickt	5
verschlafen	5
verschließen	5
verschluss	5
verschlüsselt	5
verschonen	5
verschrieben	5
verschwanden	5
verschweigen	5
verschwende	5
verschwendest	5
verschüttet	5
versehentlich	5
versenken	5
versenkt	5
versiegelt	5
versionen	5
versorgung	5
verspricht	5
verspätet	5
versteckten	5
verstopft	5
verstoss	5
verstossen	5
verstoß	5
verstreut	5
verstummt	5
verständigen	5
verstärken	5
verstärkt	5
verstört	5
verstößt	5
versäumt	5
vertauscht	5
verteidige	5
verteidiger	5
verteidigungsministerium	5
verteilung	5
vertrete	5
vertretung	5
vertrieben	5
vertritt	5
verträge	5
vertuschen	5
verursachte	5
verurteile	5
verurteilung	5
verwalter	5
verwandlung	5
verwandter	5
verwechseln	5
verweigern	5
verweis	5
verweisen	5
verwende	5
verwirklichen	5
verwirren	5
verwirrung	5
verwundbar	5
verwundeten	5
verwöhnt	5
verzaubert	5
verzeichnen	5
verzeichnis	5
verzeihe	5
verzichte	5
verzögerung	5
veränderte	5
verärgern	5
veröffentlichung	5
verübeln	5
verübt	5
vetter	5
vicki	5
vieler	5
vielfach	5
vielfalt	5
vielzahl	5
viermal	5
vierzig	5
village	5
vinnie	5
viper	5
viren	5
virgil	5
vitamin	5
vitamine	5
vito	5
vize	5
vizepräsident	5
vogt	5
voilà	5
vollbracht	5
vollbringen	5
vollem	5
vollendet	5
volles	5
volleyball	5
vollständige	5
vollzeit	5
volumen	5
vor diesem hintergrund	5
vorab	5
vorarlberg	5
vorausgesetzt	5
voraussetzen	5
voraussichtlich	5
vorbehalten	5
vorbeischauen	5
vorbereitung	5
vorbereitungen	5
vordergrund	5
voreilig	5
vorenthalten	5
vorfeld	5
vorführen	5
vorführung	5
vorgang	5
vorgefallen	5
vorgehensweise	5
vorgelesen	5
vorgenommen	5
vorgeschichte	5
vorgesehen	5
vorgesetzter	5
vorgestern	5
vorgetäuscht	5
vorgänge	5
vorgänger	5
vorhänge	5
vorjahr	5
vorkommt	5
vorladung	5
vorlage	5
vorlagen	5
vorlesung	5
vorlesungen	5
vorliebe	5
vorliegen	5
vorläufig	5
vormachen	5
vormittag	5
vormund	5
vornamen	5
vornehmlich	5
vorpommern	5
vorrangig	5
vorrat	5
vors	5
vorschrift	5
vorschuss	5
vorsichtiger	5
vorsitz	5
vorsitzende	5
vorspielen	5
vorstellungen	5
vorstellungsgespräch	5
vorstrafen	5
vorträge	5
vorurteile	5
vorwarnung	5
vorwerfen	5
vorwiegend	5
vorwort	5
vorwurf	5
vorzeitig	5
vorziehen	5
vous	5
vulkanier	5
vögelchen	5
vögelt	5
völker	5
wachs	5
wachsam	5
wachstum	5
wachtmeister	5
waffeln	5
waffenstillstand	5
wag	5
wagens	5
wagner	5
wagst	5
wahlbeteiligung	5
wahlen	5
wahlkampf	5
wahrhaft	5
wahrhaftig	5
wahrlich	5
wahrnehmen	5
wahrnehmung	5
wahrscheinlichkeit	5
waise	5
waisen	5
walden	5
wale	5
walsh	5
walters	5
walzer	5
wanda	5
wandel	5
wandert	5
wanderung	5
wange	5
wangen	5
wanna	5
wanze	5
wappen	5
warfen	5
warmen	5
warmes	5
warner	5
warnte	5
warschau	5
warteten	5
waschbecken	5
wasche	5
waschmaschine	5
wat	5
watt	5
weaver	5
webber	5
weber	5
webster	5
wechselgeld	5
wechselt	5
weck	5
weckt	5
wegbringen	5
weggefahren	5
weggerannt	5
weggeschickt	5
wegkommen	5
wegrennen	5
wegzukommen	5
wegzulaufen	5
weht	5
wehtut	5
weibchen	5
weiblich	5
weide	5
weiden	5
weigere	5
weigern	5
weigert	5
weigerte	5
weilchen	5
weis	5
weiser	5
weisser	5
weitaus	5
weitem	5
weiterbildung	5
weiterentwicklung	5
weiterfahren	5
weitergeben	5
weitergegeben	5
weiterhelfen	5
weiterzumachen	5
weitgehend	5
weizen	5
well	5
wellness	5
weltall	5
weltcup	5
weltmeister	5
weltmeisterschaft	5
wendet	5
werben	5
werke	5
werken	5
werkzeuge	5
werner	5
werten	5
wertung	5
wertvolles	5
werwolf	5
wesentliche	5
weser	5
western	5
westfalen	5
westlich	5
westlichen	5
weston	5
wheeler	5
where	5
whirlpool	5
whitney	5
whoo	5
why	5
wider	5
widerfahren	5
widersetzen	5
widersetzt	5
widerspruch	5
wiederfinden	5
wiedergeboren	5
wiedergutmachen	5
wiedergutmachung	5
wiederholung	5
wiederkommt	5
wiederum	5
wiedervereinigung	5
wiege	5
wiegen	5
wiehern	5
wiehert	5
wies	5
wiesbaden	5
wiese	5
wieviele	5
wikinger	5
wildes	5
wilhelm	5
willens	5
willis	5
wimmelt	5
winchester	5
winde	5
windel	5
winzige	5
winzigen	5
wirbel	5
wirbelsäule	5
wirklichen	5
wirksam	5
wirksamkeit	5
wirtschaftlich	5
wisch	5
wischen	5
wissens	5
wissenschaftlich	5
wissenschaftliche	5
wissenschaftlichen	5
witzbold	5
wochenenden	5
wochenlang	5
wohlauf	5
wohle	5
wohler	5
wohlstand	5
wohnhaus	5
wohnort	5
wohnraum	5
wohnsitz	5
wohnten	5
wolfsburg	5
woman	5
won	5
wood	5
woods	5
woody	5
worin	5
would	5
wright	5
wunderschöner	5
wundervollen	5
wundervoller	5
wundervolles	5
wuppertal	5
wurdet	5
wusstet	5
wählerisch	5
währenddessen	5
währung	5
wäldern	5
wänden	5
wärest	5
wärmer	5
wärs	5
wäscht	5
wöchentlich	5
wörterbuch	5
wörtlich	5
würdigen	5
würfel	5
würmer	5
würzburg	5
xavier	5
xi	5
yacht	5
yakuza	5
yankee	5
yankees	5
yen	5
yep	5
yoga	5
yu	5
yuki	5
yuri	5
yvonne	5
zac	5
zahlte	5
zahlung	5
zahnbürste	5
zane	5
zart	5
zaubern	5
zauberspruch	5
zeh	5
zeichnung	5
zeigten	5
zeile	5
zeilen	5
zeitalter	5
zeitgleich	5
zeitlich	5
zeitmaschine	5
zeitschriften	5
zeitweise	5
zensur	5
zentral	5
zentralen	5
zerbrechlich	5
zerbricht	5
zerquetscht	5
zerreißen	5
zerschlagen	5
zerstöre	5
zerstörte	5
zerstörten	5
zeugenstand	5
zeugnis	5
zeugs	5
zeus	5
zicke	5
ziegen	5
zielperson	5
zielscheibe	5
zielt	5
ziemliche	5
ziemlicher	5
zigarren	5
zigeuner	5
zimmermann	5
zimmern	5
zimmerservice	5
zinsen	5
zitat	5
zitieren	5
zitrone	5
zivilisationen	5
zocken	5
zonen	5
zoom	5
zornig	5
zubehör	5
zuflucht	5
zufriedenheit	5
zufälligerweise	5
zufügen	5
zugefügt	5
zugehörigkeit	5
zugenommen	5
zugesagt	5
zugeschlagen	5
zugesehen	5
zugeteilt	5
zugreifen	5
zugrunde	5
zugunsten	5
zugänglich	5
zuhört	5
zukünftig	5
zukünftigen	5
zulassung	5
zulässig	5
zumeist	5
zumute	5
zunahme	5
zurechtkommen	5
zurückbekommen	5
zurückbleiben	5
zurückfahren	5
zurückgegeben	5
zurückgerufen	5
zurückgezogen	5
zurückhaben	5
zurückkehrt	5
zurückkommst	5
zurücknehmen	5
zurückschicken	5
zurückverfolgen	5
zurückzahlen	5
zurückzubringen	5
zurückzugeben	5
zurückzuholen	5
zurückzukommen	5
zusammenbleiben	5
zusammenbruch	5
zusammenfassung	5
zusammengearbeitet	5
zusammengebrochen	5
zusammengefasst	5
zusammenhänge	5
zusammenleben	5
zusammenreißen	5
zusammenschluss	5
zusammensetzung	5
zusatz	5
zuschauen	5
zusteht	5
zustoßen	5
zutaten	5
zutreffend	5
zuverlässig	5
zuversichtlich	5
zuzugeben	5
zuzuhören	5
zuzusehen	5
zwangsläufig	5
zwecke	5
zwecken	5
zwecklos	5
zwecks	5
zweieinhalb	5
zweier	5
zweifle	5
zwiebeln	5
zwilling	5
zwing	5
zwingend	5
zwischendurch	5
zwischenfall	5
zwischenzeitlich	5
zäh	5
zähl	5
zärtlich	5
zünden	5
zünder	5
ähnelt	5
ähnliche	5
ähnlichen	5
älterer	5
änderst	5
änderungen	5
ängste	5
ära	5
ärgerlich	5
ärgert	5
ärzten	5
ärztliche	5
ästhetik	5
ätzend	5
äussern	5
äusserungen	5
äußere	5
äußeren	5
äußern	5
öde	5
öffnung	5
öfters	5
ökonomie	5
örtliche	5
örtlichen	5
östlich	5
übe	5
überarbeitet	5
überblick	5
übereinstimmung	5
überfordert	5
überfällig	5
übergabe	5
übergebe	5
übergeschnappt	5
überholt	5
überlebte	5
überlässt	5
übermitteln	5
übernachtet	5
übernahm	5
übernahme	5
übernimm	5
überprüf	5
überprüfung	5
überquert	5
überreichen	5
überschreiten	5
überschritten	5
übersee	5
übersetzen	5
übersetzer	5
überstürzen	5
übertreib	5
übertreibst	5
überwachungskameras	5
überwiegend	5
überwunden	5
überwältigend	5
überzeugung	5
üblen	5
übler	5
üblicherweise	5
übt	5
übungen	5
--	6
---	6
0h	6
0k	6
50er	6
50ern	6
60er	6
60ern	6
70er	6
70ern	6
80er	6
80ern	6
90er	6
90ern	6
aaah	6
aachener	6
aal	6
aalen	6
aar	6
aare	6
aargau	6
aas	6
abarbeiten	6
abartig	6
abbauen	6
abbe	6
abbey	6
abbezahlen	6
abbie	6
abbieg	6
abbild	6
abbilden	6
abblasen	6
abbott	6
abbremsen	6
abbrennen	6
abbringen	6
abbuchen	6
abc	6
abdankung	6
abdecken	6
abdeckung	6
abdichtung	6
abdomen	6
abdrehen	6
abdrucken	6
abdrängen	6
abdul	6
abed	6
abendblatt	6
abenddämmerung	6
abende	6
abendkasse	6
abendkleid	6
abendland	6
abendmahl	6
abendprogramm	6
abendschule	6
abendstunden	6
abendzeitung	6
abenteuerlich	6
abenteurer	6
aberdeen	6
aberglaube	6
aberglauben	6
abergläubisch	6
aberkannen	6
aberkennung	6
abfackeln	6
abfahren	6
abfalel	6
abfallentsorgung	6
abfallwirtschaft	6
abfangen	6
abfassung	6
abfertigen	6
abfertigung	6
abfinden	6
abflachen	6
abfliessen	6
abfluss	6
abfolge	6
abfrage	6
abfragen	6
abfucken	6
abfällig	6
abführen	6
abführmittel	6
abfüllen	6
abgas	6
abgeblasen	6
abgebog	6
abgebogen	6
abgebrannen	6
abgedeckt	6
abgedichten	6
abgedrehen	6
abgedreht	6
abgedrückt	6
abgefackelt	6
abgefallen	6
abgefunden	6
abgegangen	6
abgeglichen	6
abgegolten	6
abgegrenzen	6
abgegriffen	6
abgehacken	6
abgehandeln	6
abgehen	6
abgehoben	6
abgeholzt	6
abgehängt	6
abgekauft	6
abgeknallt	6
abgekommen	6
abgekriegt	6
abgekürzt	6
abgelade	6
abgeladen	6
abgelassen	6
abgelegen	6
abgeleiten	6
abgelichten	6
abgeliefern	6
abgeliefert	6
abgeltungssteuer	6
abgemageren	6
abgemahnen	6
abgeneigt	6
abgeordneen	6
abgeordnet	6
abgeordnete	6
abgeordneten	6
abgeordnetenhaus	6
abgeraten	6
abgereisen	6
abgerufen	6
abgerundet	6
abgerutscht	6
abgesang	6
abgeschauen	6
abgeschickt	6
abgeschieden	6
abgeschiedenheit	6
abgeschleppt	6
abgeschoben	6
abgeschrecken	6
abgeschrieben	6
abgeschätzt	6
abgesessen	6
abgesichert	6
abgespalen	6
abgespeicheren	6
abgesperrt	6
abgesprochen	6
abgesprungen	6
abgestempeln	6
abgestieg	6
abgestimmt	6
abgestochen	6
abgestossen	6
abgestritten	6
abgestuft	6
abgesägen	6
abgetaucht	6
abgetrennt	6
abgetrieben	6
abgewandelt	6
abgewaschen	6
abgewiche	6
abgewickeln	6
abgewogen	6
abgeworfen	6
abgezog	6
abgeändern	6
abgleich	6
abgleichen	6
abgreifen	6
abgrenzen	6
abgrundtief	6
abgründe	6
abgänge	6
abhacken	6
abhaken	6
abhaltung	6
abhandlung	6
abhandlungen	6
abhang	6
abhaut	6
abhilfe	6
abhoben	6
abholt	6
abholung	6
abholzung	6
abhält	6
abhängigen	6
abhängt	6
abhören	6
abiturienen	6
abiturienten	6
abiturprüfung	6
abkassieren	6
abkaufen	6
abkehr	6
abklatsch	6
abklinge	6
abklären	6
abklärung	6
abkoppeln	6
abkömmling	6
abkühlen	6
abkühlung	6
abkürzen	6
abkürzungen	6
abladen	6
ablage	6
ablagern	6
ablagerung	6
ablass	6
ablassen	6
ablaufdatum	6
ableben	6
ablecken	6
ableger	6
ablehnend	6
ableiten	6
ableitung	6
ableitungen	6
ablenkungen	6
ablenkungsmanöv	6
ablenkungsmanöver	6
ablesbar	6
ablesen	6
ablichen	6
ablieferung	6
ablösefrei	6
ablösen	6
ablösesummen	6
ablösung	6
abmachen	6
abmachungen	6
abmagerung	6
abmahnung	6
abmahnungen	6
abmelden	6
abmeldung	6
abmessungen	6
abmontiert	6
abnahme	6
abnehmer	6
abneigung	6
abnormal	6
abnutzen	6
abnutzung	6
abonnement	6
abonnent	6
abonnieren	6
abordnung	6
abpfiff	6
abraten	6
abrechnen	6
abrechnung	6
abrede	6
abreissen	6
abrieb	6
abriegeln	6
abruf	6
abrufbar	6
abrufen	6
abrupt	6
abrutschen	6
abräumen	6
abrücken	6
abrüstung	6
absatzmarkt	6
absaufen	6
absaug	6
absaugen	6
abschaltung	6
abscheu	6
abscheuliche	6
abschicken	6
abschiebehaft	6
abschieben	6
abschiebung	6
abschieder	6
abschiedsbrief	6
abschiedsgeschenk	6
abschiedsspiel	6
abschiessen	6
abschießen	6
abschirmen	6
abschirmung	6
abschlachten	6
abschlag	6
abschlagen	6
abschleppdienst	6
abschleppe	6
abschleppen	6
abschliegen	6
abschlussarbeit	6
abschlussarbeiten	6
abschlussbericht	6
abschlussfeier	6
abschlussprüfung	6
abschlussprüfungen	6
abschlusstraining	6
abschlüsse	6
abschmecken	6
abschminken	6
abschneten	6
abschnitte	6
abschotten	6
abschottung	6
abschrecken	6
abschreckend	6
abschreckung	6
abschreiben	6
abschreibung	6
abschreibungen	6
abschrift	6
abschriften	6
abschuss	6
abschwächen	6
abschwächung	6
abschätzen	6
abschätzung	6
abschütteln	6
absegnen	6
absehbar	6
absehen	6
abseilen	6
absend	6
absenden	6
absender	6
absenken	6
absenkung	6
absessen	6
absetzbar	6
absetzung	6
absichen	6
absichern	6
absicherung	6
absichtserklärung	6
absinken	6
absitzen	6
absoluten	6
absolutes	6
absolution	6
absolutismus	6
absolvent	6
absolventin	6
absolvierung	6
absondern	6
absorbieren	6
absorbiert	6
absorption	6
abspaltung	6
abspann	6
absperren	6
absperrung	6
abspielen	6
absprach	6
absprache	6
absprechen	6
abspringen	6
abspritzen	6
absprung	6
abspülen	6
abstammen	6
abstammung	6
abstatten	6
abstauben	6
abstech	6
abstechen	6
abstecken	6
absteig	6
absteigen	6
abstellgleis	6
abstellraum	6
absterben	6
abstiegskampf	6
abstimmungen	6
abstinenz	6
abstossen	6
abstossend	6
abstoßend	6
abstrafen	6
abstrahieren	6
abstrakt	6
abstrakten	6
abstraktion	6
abstrein	6
abstreiten	6
abstrich	6
abstrus	6
abstufung	6
abstufungen	6
abstumpfen	6
absturzstelle	6
abstände	6
abstürz	6
abstürzen	6
abstützen	6
absuchen	6
absurde	6
absurdität	6
absätze	6
abtasten	6
abtauchen	6
abtei	6
abteil	6
abteilungen	6
abteilungsleiter	6
abtrage	6
abtragen	6
abtransport	6
abtransportieren	6
abtreiben	6
abtreibungen	6
abtrenn	6
abtrennen	6
abtrennung	6
abtreten	6
abtretung	6
abtritt	6
abtrockn	6
abtropfen	6
abträglich	6
abtrünnig	6
abtrünnigen	6
abtun	6
abverkauf	6
abverlangen	6
abwahl	6
abwandern	6
abwanderung	6
abwandlung	6
abwandlungen	6
abwasch	6
abwaschen	6
abwasser	6
abwechselnd	6
abwechslungsreich	6
abwegig	6
abwehren	6
abwehrspieler	6
abweichen	6
abweichend	6
abweichung	6
abweichungen	6
abweisen	6
abweisend	6
abweisung	6
abwenden	6
abwendung	6
abwerfen	6
abwerten	6
abwertend	6
abwertung	6
abwesenden	6
abwickeln	6
abwicklung	6
abwinken	6
abwisch	6
abwischen	6
abwurf	6
abwägen	6
abwägung	6
abwählen	6
abwärme	6
abwärts	6
abwärtsspiral	6
abwärtstrend	6
abwässer	6
abzeichn	6
abzeichnen	6
abzielen	6
abzocke	6
abzocken	6
abzocker	6
abzuhängen	6
abzulegen	6
abzulehnen	6
abzunehmen	6
abzuschalten	6
abzuziehen	6
abzweig	6
abzweigen	6
abzweigung	6
abzüge	6
abzüglich	6
abändern	6
abänderung	6
academy	6
accessoir	6
accessoire	6
ace	6
aceton	6
achen	6
achillessehne	6
achmed	6
achsel	6
achseln	6
achsen	6
achtel	6
achtelfinal	6
achter	6
achterbahn	6
achterbahnfahren	6
achtlos	6
achtmal	6
achtsam	6
achtsamkeit	6
achtzehn	6
achtzig	6
achtziger	6
acid	6
ackerbau	6
ackerfläch	6
ackerland	6
ackern	6
acryl	6
act	6
actionfilm	6
ada	6
adagio	6
adalind	6
adama	6
adapter	6
adaptieren	6
adaption	6
addieren	6
addison	6
addition	6
additive	6
addy	6
adelaide	6
adelig	6
adeligen	6
adeln	6
adelstitel	6
ader	6
aderlass	6
adipositas	6
adjektiv	6
adjektive	6
adjutant	6
adjutanten	6
adl	6
adlig	6
adligen	6
adliger	6
administrator	6
administratoren	6
adobe	6
adonis	6
adressaen	6
adressat	6
adressbuch	6
adressieren	6
adria	6
adriana	6
adrien	6
adult	6
advent	6
adventskalender	6
adventszeit	6
advokat	6
adäquat	6
aerobic	6
aerodynamik	6
aeufwin	6
affekt	6
affinität	6
affront	6
affären	6
afghan	6
afghane	6
afrikan	6
afrikanisch	6
afrikanische	6
afrikanischen	6
afroamerikan	6
ag	6
aga	6
again	6
agamemnon	6
agar	6
agatha	6
agency	6
agenden	6
aggregat	6
aggression	6
aggressivität	6
aggressor	6
agiert	6
agil	6
agilität	6
agitation	6
agora	6
agrarpolitik	6
agrarwirtschaft	6
ahhh	6
ahlen	6
ahm	6
ahmed	6
ahmet	6
ahn	6
ahnden	6
ahne	6
ahnst	6
ahnt	6
ahnungslos	6
ahnungslosigkeit	6
ahornsirup	6
ahsoka	6
aidan	6
aiden	6
ain	6
airbag	6
airbus	6
aires	6
airlines	6
airport	6
aj	6
akademien	6
akademik	6
akademisch	6
aken	6
aki	6
akira	6
akkord	6
akkorde	6
akkordeon	6
akkreditieren	6
akkreditierung	6
akkulaufzeit	6
akkumulation	6
akkurat	6
akkus	6
akkusativ	6
akne	6
akquise	6
akquisition	6
akribie	6
akribisch	6
akrobatik	6
akronym	6
akropolis	6
akteneinsicht	6
aktenkoffer	6
aktentasch	6
aktentasche	6
aktenzeichen	6
akteur	6
akteuren	6
aktienfonds	6
aktiengesellschafen	6
aktiengesellschaft	6
aktienindex	6
aktienkurs	6
aktienmarkt	6
aktienmärkte	6
aktionismus	6
aktionsplan	6
aktionstag	6
aktionstage	6
aktionär	6
aktiva	6
aktive	6
aktiven	6
aktiviere	6
aktivierung	6
aktivismus	6
aktivist	6
aktivistin	6
aktivistinnen	6
aktualisiern	6
aktualisierung	6
aktualität	6
akupunktur	6
akustik	6
akustisch	6
akut	6
akzentuieren	6
akzeptabel	6
akzeptierst	6
alabama	6
alaric	6
alarmbereitschaft	6
alarmglocken	6
alarmieren	6
alarmierend	6
alarmiert	6
alarmierung	6
alarmstuf	6
alb	6
albaner	6
albanien	6
albanisch	6
albatros	6
albernen	6
alberta	6
albino	6
albion	6
albuquerque	6
alchemie	6
alden	6
ale	6
alemannen	6
aleppo	6
alessandro	6
alexanderplatz	6
alexandre	6
alexandria	6
alfie	6
alfonso	6
alfredo	6
alge	6
algebra	6
algerien	6
algerier	6
algier	6
algorithmen	6
algorithmus	6
alistair	6
alkoholgehalt	6
alkoholikerin	6
alkoholismus	6
alkoholkonsum	6
alkoholmissbrauch	6
alkoholproblem	6
alkoholverbot	6
alldem	6
alledem	6
allegorie	6
allegro	6
alleinerziehend	6
alleinerziehenden	6
alleingang	6
alleinherrschaft	6
alleinsein	6
alleinstehend	6
alleinstellungsmerkmal	6
alleinunterhalt	6
allenthalben	6
allerbeste	6
allerer	6
allererst	6
allerersten	6
allererster	6
allergie	6
allergien	6
allergik	6
allerhand	6
allerheiligen	6
allerletzte	6
allerorten	6
allgegenwärtig	6
allgemeinbildung	6
allgemeine	6
allgemeinmedizin	6
allgemeinwissen	6
allgemeinwohl	6
allheilmittel	6
allianzen	6
alligator	6
alliieren	6
alljährlich	6
allmacht	6
allmächtig	6
allmächtige	6
allmächtigen	6
allrad	6
allradantrieb	6
allround	6
allseits	6
alltagsleben	6
alltäglich	6
allwissend	6
allzeit	6
allzeithoch	6
alm	6
almanach	6
almanzo	6
alp	6
alpaka	6
alpenraum	6
alpenverein	6
alphabet	6
alphabetisch	6
alphonse	6
alpträume	6
alsbald	6
altarraum	6
altbacken	6
altbau	6
altbauen	6
altem	6
altenheim	6
altenpfleg	6
altenpflegen	6
alteren	6
altern	6
alternativmedizin	6
altersarmut	6
altersbedingt	6
altersbeschränkung	6
altersdurchschnitt	6
altersgenossen	6
altersgrenze	6
altersgruppe	6
altersheim	6
altersklasse	6
altersklassen	6
altersschwäch	6
altersstruktur	6
altersstufen	6
altersunterschied	6
altersversorgung	6
altersvorsorge	6
altertum	6
altertumskund	6
alterung	6
altlasen	6
altmeist	6
altmodische	6
altpapier	6
alufolie	6
alvin	6
always	6
alzheimer	6
ama	6
amara	6
amateure	6
amazonas	6
amazone	6
amazonen	6
amberg	6
ambienen	6
ambition	6
ambitionen	6
ambitioniern	6
ambivalent	6
ambivalenz	6
amboss	6
ambrose	6
ambulant	6
ambulanz	6
ameise	6
amerikanisch	6
amerikanisches	6
ames	6
amethyst	6
amigos	6
amin	6
aminosäure	6
aminosäuren	6
amis	6
amman	6
amme	6
ammen	6
ammersee	6
ammoniak	6
amnestie	6
amok	6
amoklauf	6
amokläuf	6
amor	6
amp	6
ampeln	6
amphetamin	6
amphetamine	6
amphibie	6
amphitheat	6
amplitude	6
ampull	6
ampullen	6
amputation	6
amputieren	6
amsel	6
amtes	6
amtlich	6
amtsantreten	6
amtsarzt	6
amtsbezirk	6
amtsblatt	6
amtseid	6
amtseinführung	6
amtsenthebung	6
amtsführung	6
amtsgerichen	6
amtsgeschäfen	6
amtshandlung	6
amtshilfe	6
amtsinhaber	6
amtskollege	6
amtsmissbrauch	6
amtsperiode	6
amtsrichter	6
amtssitz	6
amtssprach	6
amtsträger	6
amtsvorgänger	6
amüsier	6
amüsiere	6
amüsierst	6
anakin	6
analogie	6
analogien	6
analphabeet	6
analsex	6
analverkehr	6
analyst	6
analytik	6
analytiker	6
analytisch	6
anamnese	6
anana	6
ananas	6
anarchie	6
anarchisen	6
anarchismus	6
anarchist	6
anatolien	6
anatomie	6
anatomisch	6
anbauen	6
anbaufläch	6
anbei	6
anbeissen	6
anbelangen	6
anberaumen	6
anbeten	6
anbetung	6
anbietet	6
anbinden	6
anbran	6
anbrennen	6
anbringen	6
anbruch	6
andacht	6
andalusien	6
andant	6
andauern	6
anden	6
anderenfall	6
andernorts	6
andersdenkend	6
andersherum	6
anderweitig	6
andeut	6
andeutung	6
andeutungen	6
andi	6
andocken	6
andorra	6
andrang	6
andrehen	6
andrej	6
androhen	6
androhung	6
androiden	6
andromeda	6
andächtig	6
aneignen	6
aneignung	6
aneinanderreihung	6
anekdote	6
anekdoten	6
anerkennen	6
anerkennend	6
aneurysma	6
anfahren	6
anfahrt	6
anfallen	6
anfangsbuchstaben	6
anfangsphase	6
anfangsverdacht	6
anfecht	6
anfechtung	6
anfeindung	6
anfertigen	6
anfertigung	6
anfeuern	6
anfingen	6
anflehen	6
anforder	6
anfordern	6
anforderung	6
anforderungsprofil	6
anfreunden	6
anfäll	6
anfälle	6
anfällig	6
anfälligkeit	6
anfäng	6
anfängerin	6
anfänglich	6
anfüg	6
anfügen	6
anführ	6
anführen	6
anführerin	6
anführungszeichen	6
anfüllen	6
angangen	6
ange	6
angebissen	6
angeblichen	6
angeboren	6
angebroch	6
angedacht	6
angedeutet	6
angefeindet	6
angefertigt	6
angefeuert	6
angefleht	6
angeflogen	6
angefochten	6
angefordern	6
angefragt	6
angefressen	6
angeführt	6
angegeben	6
angeglichen	6
angeguckt	6
angehängt	6
angehäuft	6
angehörig	6
angekettet	6
angeklagen	6
angeklagter	6
angeklicken	6
angeknüpft	6
angekreuzt	6
angelangt	6
angelassen	6
angeleiten	6
angelica	6
angeliefert	6
angelina	6
angelpunkt	6
angels	6
angelsachsen	6
angelus	6
angemalt	6
angemelden	6
angemessene	6
angemessenheit	6
angenähert	6
angeprangern	6
angepriesen	6
angepöbeln	6
angerannt	6
angeraten	6
angereicheren	6
angeschlagen	6
angeschnallen	6
angeschnitten	6
angeschwollen	6
angespannen	6
angespieln	6
angesprungen	6
angestachelt	6
angesteckt	6
angestelln	6
angesteuern	6
angestiftet	6
angestossen	6
angestrengt	6
angetreffen	6
angetreten	6
angetrieben	6
angetrunken	6
angewachseer	6
angewohnheiten	6
angeworben	6
angezapft	6
angezweifelt	6
angina	6
angleichen	6
angleichung	6
angler	6
angliedern	6
angliederung	6
anglistik	6
anglizisme	6
angola	6
angreifbar	6
angrenzend	6
angriffs	6
angriffsfläch	6
angriffskreigen	6
angsthase	6
angststörung	6
angststörungen	6
angstzuständ	6
anhaltend	6
anhalter	6
anhaltspunken	6
anhaltspunkt	6
anheben	6
anhebung	6
anheften	6
anheizen	6
anheuern	6
anhält	6
anhäng	6
anhängerschaft	6
anhängig	6
anhänglich	6
anhängsel	6
anhäufen	6
anhäufung	6
anhöhe	6
animation	6
animationsfilm	6
animieren	6
anis	6
anja	6
ankara	6
ankauf	6
ankaufen	6
ankern	6
anketten	6
anklagebank	6
anklageschrifen	6
anklang	6
anklopfen	6
ankläger	6
anknüpfen	6
anknüpfungspunken	6
ankommend	6
ankreuzen	6
ankunftszeit	6
ankurbeln	6
ankämpfen	6
ankündigen	6
anlagen	6
anlagenbau	6
anlagevermögen	6
anlasse	6
anlasser	6
anlasten	6
anlauf	6
anlaufen	6
anlaufpunken	6
anlaufstellen	6
anlegestell	6
anlehnen	6
anlehnung	6
anleihe	6
anlieferung	6
anlieg	6
anlocken	6
anlässe	6
anläufen	6
anmach	6
anmarsch	6
anmassend	6
anmassung	6
anmeld	6
anmeldeschluss	6
anmeldungen	6
anmerken	6
anmiet	6
anmieten	6
anmietung	6
anmut	6
anmutig	6
annabelle	6
annabeth	6
annale	6
annalise	6
annas	6
annehmbar	6
annehme	6
annehmlichkeien	6
annektiern	6
annette	6
annexion	6
annimmt	6
annonce	6
annullieren	6
annullierung	6
annähern	6
annäherung	6
anomalien	6
anonyme	6
anonymer	6
anonymisiern	6
anonymität	6
anordnen	6
anordnungen	6
anpacken	6
anpassungen	6
anpassungsfähigkeit	6
anpfiff	6
anpflanzen	6
anprangern	6
anprobe	6
anprobieren	6
anraen	6
anrainer	6
anrechnen	6
anrechnung	6
anrecht	6
anred	6
anrede	6
anregen	6
anregend	6
anregung	6
anreicherung	6
anreise	6
anreisen	6
anreiz	6
anrichen	6
anrufbeantwort	6
anrufung	6
anrücken	6
anrühren	6
ansag	6
ansagen	6
ansager	6
ansah	6
ansammeln	6
ansammlung	6
ansammlungen	6
ansatzpunken	6
ansatzpunkt	6
ansatzweise	6
anschaffen	6
anschaffung	6
anschaffungskost	6
anschalen	6
anschalten	6
anschaulich	6
anschaut	6
anschauung	6
anschauungen	6
anschiessen	6
anschlussstell	6
anschlussstellen	6
anschlusstreff	6
anschläge	6
anschlüsse	6
anschnall	6
anschreiben	6
anschreien	6
anschrift	6
anschuldigung	6
anschwellen	6
ansehnlich	6
ansetzen	6
ansichtskart	6
ansichtskarte	6
ansichtssach	6
ansiedeln	6
ansiedlung	6
ansiedlungen	6
ansinn	6
anspannung	6
anspielen	6
anspielung	6
anspielungen	6
ansporn	6
ansprach	6
ansprechend	6
ansprechpartnerin	6
anspringen	6
anspruchslos	6
anstalen	6
anstandslos	6
anstecken	6
ansteckung	6
ansteckungsgefahr	6
anstehen	6
ansteig	6
ansteigen	6
ansteigend	6
anstellt	6
anstellung	6
ansteuer	6
anstieg	6
anstiege	6
anstiften	6
anstiftung	6
anstossen	6
anstreben	6
anstreng	6
anstrengung	6
anstrengungen	6
anstrich	6
ansturm	6
anstösse	6
anstössig	6
ansuchen	6
ansässig	6
antagonist	6
antalya	6
antanzen	6
antarktis	6
antat	6
anteilig	6
anteilnahmen	6
anteilseigner	6
antenne	6
anthologie	6
anthologien	6
anthrazit	6
anthropologen	6
anthropologie	6
anthroposophie	6
antibiotikum	6
antichrist	6
antidepressiva	6
antifaschisen	6
antifaschismus	6
antifaschist	6
antifaschistisch	6
antigen	6
antik	6
antiken	6
antikörper	6
antillen	6
antilopen	6
antiochia	6
antiochie	6
antipathie	6
antiqua	6
antiquariat	6
antiquität	6
antisemien	6
antisemit	6
antisemitisch	6
antlitz	6
antoinette	6
antonia	6
antragsteller	6
antragstellung	6
antreiben	6
antrieben	6
antriebstechnik	6
antrittsrede	6
anträge	6
antust	6
antwerpe	6
anubis	6
anus	6
anvisieren	6
anwachsen	6
anwaltskanzlei	6
anwaltskosn	6
anwendbar	6
anwendbarkeit	6
anwender	6
anwendungsbereich	6
anwendungsentwicklung	6
anwendungsfall	6
anwendungsgebien	6
anwerben	6
anwesende	6
anwesenden	6
anwidern	6
anwärter	6
anya	6
anzapfen	6
anzeich	6
anzeig	6
anzeigetafel	6
anzetteln	6
anziehend	6
anzieht	6
anziehung	6
anziehungskraft	6
anziehungspunken	6
anzufassen	6
anzuhalten	6
anzuhängen	6
anzulegen	6
anzulügen	6
anzupassen	6
anzuschauen	6
anzuschließen	6
anzusprechen	6
anzutreten	6
anzutun	6
anzweifeln	6
anämie	6
anästhesie	6
aorta	6
apach	6
apart	6
apathie	6
apathisch	6
aperitif	6
apex	6
apfelbaum	6
apfelkuchen	6
apfelmus	6
apfelsaft	6
apfelstrudel	6
apfelwein	6
aphrodit	6
apologet	6
apophis	6
apostel	6
apostelgeschichen	6
apothek	6
apotheker	6
apothekerin	6
apparate	6
apparatur	6
appell	6
appellen	6
appellieren	6
appetitlich	6
applaudieren	6
applaudiert	6
apple	6
applikation	6
applikationen	6
approbation	6
aprikosen	6
aprilscherz	6
apsis	6
apt	6
apuli	6
aquarell	6
aquarellen	6
aquarie	6
aquarium	6
ara	6
arabischen	6
aras	6
arbeiterbewegung	6
arbeiterin	6
arbeiterinnen	6
arbeiterklasse	6
arbeitern	6
arbeiterpartei	6
arbeiterwohlfahrt	6
arbeitgeberverband	6
arbeitsabläufe	6
arbeitsagentur	6
arbeitsalltag	6
arbeitsamt	6
arbeitsaufwand	6
arbeitsbeginn	6
arbeitsbelastung	6
arbeitsbereich	6
arbeitsblatt	6
arbeitsbuch	6
arbeitseinsatz	6
arbeitsentgelt	6
arbeitserlaubnis	6
arbeitsfeld	6
arbeitsfähig	6
arbeitsfähigkeit	6
arbeitsgang	6
arbeitsgebiet	6
arbeitsgemeinschaft	6
arbeitsgericht	6
arbeitsgruppe	6
arbeitskampf	6
arbeitskleidung	6
arbeitsklima	6
arbeitskollegen	6
arbeitskollegin	6
arbeitskosten	6
arbeitskraft	6
arbeitskreis	6
arbeitskreise	6
arbeitskräfte	6
arbeitslag	6
arbeitsleben	6
arbeitsleistung	6
arbeitslohn	6
arbeitslosen	6
arbeitslosengeld	6
arbeitslosenquote	6
arbeitslosenversicherung	6
arbeitslosenzahl	6
arbeitsloser	6
arbeitsmarktpolitik	6
arbeitsmedizin	6
arbeitsminister	6
arbeitsmoral	6
arbeitsorganisation	6
arbeitsort	6
arbeitsplätze	6
arbeitsprozess	6
arbeitsrecht	6
arbeitsschritt	6
arbeitsschutz	6
arbeitssicherheit	6
arbeitsspeich	6
arbeitsstelle	6
arbeitsstellen	6
arbeitsstunden	6
arbeitsstätn	6
arbeitsstätte	6
arbeitssuch	6
arbeitssuchend	6
arbeitstag	6
arbeitstage	6
arbeitsteilung	6
arbeitstitel	6
arbeitsumfeld	6
arbeitsunfall	6
arbeitsunfähig	6
arbeitsunfähigkeit	6
arbeitsverhältnis	6
arbeitsvermittlung	6
arbeitsvertrag	6
arbeitsweg	6
arbeitsweise	6
arbeitsweln	6
arbeitswoch	6
arbeitszeugnis	6
archibald	6
archipel	6
architekten	6
architektin	6
architektonisch	6
architekturbüro	6
architekturbüros	6
archivar	6
archiven	6
archivieren	6
archiviert	6
archivierung	6
archäologe	6
archäologen	6
archäologie	6
ardenn	6
arenen	6
argentinier	6
argon	6
argumentativ	6
argwohn	6
argwöhnisch	6
arie	6
ariel	6
arien	6
arier	6
aristokraten	6
aristokratie	6
arithmetik	6
arkade	6
arkansas	6
arktis	6
arlene	6
armada	6
armand	6
armatur	6
armaturen	6
armaturenbrett	6
armbanduhr	6
armbanduhren	6
armbrust	6
armbänder	6
armenhaus	6
armenien	6
armenier	6
arminius	6
armläng	6
arms	6
armselig	6
armseligen	6
armutsgrenze	6
armutszeugnis	6
arne	6
arnheim	6
arno	6
aroma	6
aromen	6
around	6
arrangement	6
arroganter	6
arroganz	6
arschgeig	6
arschgesicht	6
arschlöch	6
arschlöchern	6
arsen	6
artagnan	6
artefakt	6
artefakte	6
artenschutz	6
artenvielfalt	6
arterie	6
arterien	6
arterioskleros	6
artgenossen	6
artgerecht	6
arthritis	6
arthros	6
artig	6
artikulation	6
artikulieren	6
artillerie	6
artisen	6
artist	6
artus	6
arznei	6
arzneien	6
arzneimittel	6
arztbesuch	6
arztes	6
arzthelferin	6
arztpraxen	6
arztpraxis	6
arzttermin	6
asbest	6
asch	6
aschaffenburg	6
aschenbech	6
aschenbecher	6
aschenbrödel	6
aschenputtel	6
aschermittwoch	6
aserbaidschan	6
asgard	6
asher	6
ashton	6
asiat	6
asiaten	6
asiatin	6
asiatisch	6
asiatische	6
askese	6
asklepios	6
asozial	6
aspeken	6
aspekte	6
asphalt	6
asphaltiert	6
asse	6
assessor	6
assi	6
assimilation	6
assimiliern	6
assistenen	6
assistenz	6
assistenzarzt	6
assistieren	6
assoziation	6
assoziationen	6
assoziieren	6
assyr	6
astana	6
asterix	6
asteroid	6
asteroiden	6
asthma	6
astrologie	6
astronauen	6
astronom	6
astronomie	6
astronomisch	6
astrophysik	6
astrophysiker	6
asylant	6
asylanten	6
asylantrag	6
asylbewerberheim	6
asylpolitik	6
asylrecht	6
asylsuchend	6
asylsuchende	6
asylverfahren	6
asylwerber	6
asymmetrie	6
asymmetrisch	6
ateliers	6
atemberaubend	6
atemlos	6
atemlufen	6
atemnot	6
atempause	6
atemschutz	6
atemwegen	6
atemzüge	6
atheisen	6
atheismus	6
atheist	6
athena	6
athener	6
athlet	6
athleten	6
athletik	6
athletin	6
athletinn	6
athos	6
atlantik	6
atlantikkü	6
atlas	6
atmest	6
atmosphärisch	6
atoll	6
atom	6
atomausstieg	6
atomenergie	6
atomkraft	6
atomkraftwerk	6
atomkrieg	6
atommüll	6
atomstrom	6
atomwaffen	6
atrium	6
attacken	6
attackieren	6
attackiert	6
attentate	6
attersee	6
attest	6
attestieren	6
atticus	6
attika	6
attitüde	6
attraktion	6
attraktive	6
attraktiver	6
attraktivität	6
attrappe	6
attribut	6
aubergin	6
auckland	6
audienz	6
audimax	6
aue	6
auen	6
aufarbeiten	6
aufarbeitung	6
aufatmen	6
aufbauend	6
aufbegehren	6
aufbereit	6
aufbereiten	6
aufbereitung	6
aufbewahrung	6
aufbieten	6
aufblitzen	6
aufblühen	6
aufbruch	6
aufbürden	6
aufdecken	6
aufdeckung	6
aufdrehen	6
aufdringlich	6
aufdruck	6
aufdrängen	6
aufdrücken	6
aufeinandertreffen	6
aufenthaltsdauer	6
aufenthaltserlaubnis	6
aufenthaltsgenehmigung	6
aufenthaltsraum	6
aufenthaltsrechen	6
auferlegen	6
auferstanden	6
auferstehen	6
auferstehung	6
aufessen	6
auffahren	6
auffahrt	6
auffahrunfall	6
auffallend	6
auffangen	6
auffassen	6
auffindbar	6
auffinden	6
auffordern	6
aufforstung	6
auffressen	6
auffrischen	6
auffrischung	6
auffällt	6
aufführen	6
auffüllen	6
aufgabenbereich	6
aufgabengebiet	6
aufgabenstellung	6
aufgabenstellungen	6
aufgang	6
aufgebauscht	6
aufgeblasen	6
aufgeblähen	6
aufgebot	6
aufgeboten	6
aufgebraucht	6
aufgedeckt	6
aufgedrehen	6
aufgedreht	6
aufgedruckt	6
aufgedrängen	6
aufgedrücken	6
aufgefahren	6
aufgefasst	6
aufgefordert	6
aufgefressen	6
aufgefrischt	6
aufgefunde	6
aufgegang	6
aufgegangen	6
aufgegessen	6
aufgegriffen	6
aufgehen	6
aufgekaufen	6
aufgekleben	6
aufgeklären	6
aufgekommen	6
aufgelade	6
aufgeladen	6
aufgelese	6
aufgelesen	6
aufgelockeren	6
aufgerieben	6
aufgerufen	6
aufgeräumen	6
aufgerüsten	6
aufgeschlagen	6
aufgeschlossen	6
aufgeschlüsselt	6
aufgeschmissen	6
aufgeschnappen	6
aufgeschnitten	6
aufgesetzt	6
aufgespalten	6
aufgesprung	6
aufgestiegen	6
aufgestossen	6
aufgesucht	6
aufgetauen	6
aufgeteilt	6
aufgetreten	6
aufgetrieben	6
aufgewecken	6
aufgeweicht	6
aufgewerten	6
aufgewogen	6
aufgewühlen	6
aufgezeichnen	6
aufgezeigt	6
aufgezwung	6
aufgibst	6
aufgibt	6
aufgreifen	6
aufguss	6
aufheitern	6
aufhellen	6
aufholen	6
aufholjagd	6
aufhorchen	6
aufhäng	6
aufhängung	6
aufhöre	6
aufhörte	6
aufkaufen	6
aufkleben	6
aufkläre	6
aufklärungsarbeit	6
aufkreuzen	6
aufladung	6
auflauf	6
auflaufen	6
aufleben	6
aufleuchen	6
auflistung	6
aufm	6
aufmacht	6
aufmachung	6
aufmarsch	6
aufmerksame	6
aufmischen	6
aufmuntern	6
aufmunterung	6
aufmärsch	6
aufnahmeprüfung	6
aufnimmt	6
aufpasser	6
aufpreis	6
aufrechnung	6
aufrechterhalten	6
aufrechterhaltung	6
aufregende	6
aufregender	6
aufregendes	6
aufregt	6
aufreihen	6
aufreiss	6
aufreizend	6
aufrichten	6
aufrichtiger	6
aufrichtigkeit	6
aufriss	6
aufrollen	6
aufrufen	6
aufräumarbein	6
aufrüsten	6
aufrüstung	6
aufsagen	6
aufsammeln	6
aufsaugen	6
aufschieben	6
aufschlag	6
aufschlagen	6
aufschliessen	6
aufschlitzen	6
aufschluss	6
aufschlussreich	6
aufschläge	6
aufschneid	6
aufschneiden	6
aufschrecken	6
aufschrei	6
aufschrift	6
aufschub	6
aufseh	6
aufsichtsbehörde	6
aufsichtspflicht	6
aufsichtsratsvorsitzender	6
aufspaltung	6
aufspielen	6
aufspringen	6
aufsteig	6
aufsteigend	6
aufstellungen	6
aufstiegschancen	6
aufstinden	6
aufstocken	6
aufstockung	6
aufstossen	6
aufstrich	6
aufständ	6
aufständisch	6
aufsätzen	6
auftaktspiel	6
auftaktveranstaltung	6
auftanken	6
auftauchst	6
auftauen	6
aufteilung	6
auftischen	6
auftragen	6
auftragnehm	6
auftragsarbeit	6
auftragskill	6
auftragskiller	6
auftragslage	6
auftrieb	6
auftritte	6
aufwache	6
aufwachst	6
aufwandsentschädigung	6
aufwartung	6
aufweichung	6
aufwenden	6
aufwendig	6
aufwendungen	6
aufwerfen	6
aufwerten	6
aufwertung	6
aufwieg	6
aufwuch	6
aufwuchs	6
aufwächst	6
aufwändig	6
aufwärts	6
aufwärtstrend	6
aufzeichnen	6
aufzeigen	6
aufzucht	6
aufzudecken	6
aufzuheben	6
aufzuklären	6
aufzumachen	6
aufzuregen	6
aufzuräumen	6
aufzustellen	6
aufzutauchen	6
aufzutreiben	6
aufzutreten	6
aufzuwachen	6
aufzuziehen	6
aufzwingen	6
aufzählen	6
aufzählung	6
aufzüge	6
augapfel	6
augenarzen	6
augenblicke	6
augenblicklich	6
augenfarb	6
augenheilkund	6
augenhöhe	6
augenkontaken	6
augenkontakt	6
augenlichen	6
augenlid	6
augenmass	6
augenmerk	6
augenschein	6
augenscheinlich	6
augentropfen	6
augenwinkel	6
augenwischerei	6
augenzeug	6
augenzwinkern	6
augustus	6
auktionshaus	6
aula	6
aura	6
ausarbeiten	6
ausarbeitung	6
ausart	6
ausbaufähig	6
ausbesser	6
ausbeuen	6
ausbeuten	6
ausbeuter	6
ausbeutung	6
ausbezahlt	6
ausbilden	6
ausbilder	6
ausbildungsberuf	6
ausbildungsbetrieb	6
ausbildungsjahr	6
ausbildungsplatz	6
ausbildungsstätt	6
ausbildungszeit	6
ausbildungszentrum	6
ausbleiben	6
ausblend	6
ausblenden	6
ausblicke	6
ausbluten	6
ausbreiten	6
ausbreitung	6
ausbremsen	6
ausbricht	6
ausbringen	6
ausbrüch	6
ausbuhen	6
auschecken	6
ausdauer	6
ausdauernd	6
ausdehn	6
ausdehnen	6
ausdehnung	6
ausdienen	6
ausdrucken	6
ausdrucksformen	6
ausdruckskraft	6
ausdrucksweise	6
ausdrücke	6
auseinandergenommen	6
auseinandergesetzt	6
auseinandersetzen	6
auserkoren	6
auserwählen	6
auserwählte	6
auserwählten	6
ausfahren	6
ausfahrt	6
ausfahrten	6
ausfallend	6
ausfertigung	6
ausfliegen	6
ausflippe	6
ausflugszallen	6
ausflugsziele	6
ausfluss	6
ausflüge	6
ausfuhr	6
ausfäll	6
ausführend	6
ausgangsbasis	6
ausgangslage	6
ausgangsmaterial	6
ausgangsposition	6
ausgangssituation	6
ausgangssperre	6
ausgebessern	6
ausgebeuten	6
ausgebrannt	6
ausgeburt	6
ausgedachen	6
ausgedruckt	6
ausgeesehen	6
ausgefahren	6
ausgefochten	6
ausgefüllt	6
ausgeglichen	6
ausgeglichener	6
ausgeglichenheit	6
ausgegraben	6
ausgehalen	6
ausgehalten	6
ausgehe	6
ausgehebelen	6
ausgehoben	6
ausgeholfen	6
ausgehungeren	6
ausgekleiden	6
ausgekommen	6
ausgelacht	6
ausgelaugen	6
ausgelegt	6
ausgelesen	6
ausgelost	6
ausgemalt	6
ausgemerzt	6
ausgemusteren	6
ausgepackt	6
ausgepeitscht	6
ausgeprägt	6
ausgereift	6
ausgerichtet	6
ausgerissen	6
ausgerollt	6
ausgeruht	6
ausgeräumt	6
ausgerüstet	6
ausgesandt	6
ausgeschildert	6
ausgeschlafen	6
ausgeschmücken	6
ausgeschnitter	6
ausgeschütten	6
ausgesetzen	6
ausgespart	6
ausgesperrt	6
ausgespieln	6
ausgestalten	6
ausgestaltung	6
ausgestorben	6
ausgestoss	6
ausgetrocknet	6
ausgewachsen	6
ausgewasch	6
ausgewerten	6
ausgewichen	6
ausgewogen	6
ausgewogenheit	6
ausgezahlt	6
ausgezeichneter	6
ausgibt	6
ausgiebig	6
ausging	6
ausgleichen	6
ausgliedern	6
ausgliederung	6
ausgraben	6
ausgrabung	6
ausgrenzen	6
ausgrenzung	6
ausgäng	6
aushandeln	6
aushang	6
ausharren	6
ausheben	6
aushelfen	6
aushilfe	6
aushilfen	6
ausholen	6
aushändigen	6
aushängeschild	6
aushöhlen	6
aushöhlung	6
auskennt	6
ausklammern	6
ausklang	6
auskosten	6
auskünfen	6
auslachen	6
ausladen	6
auslage	6
auslagen	6
auslagern	6
auslagerung	6
auslandsaufenthalt	6
auslandseinsatz	6
auslandseinsätze	6
auslandsreisen	6
auslandssemest	6
auslassen	6
auslastung	6
auslauf	6
auslaufen	6
ausleg	6
auslege	6
auslegen	6
ausleih	6
ausleihe	6
auslese	6
auslesen	6
ausleuchten	6
auslieferung	6
auslosung	6
ausloten	6
ausländeranteil	6
ausländerbehörde	6
ausländerfeindlichkeit	6
ausländische	6
ausländischen	6
ausläuf	6
auslös	6
auslöschung	6
auslöst	6
auslösung	6
ausmalen	6
ausmassen	6
ausmisen	6
ausnahmefall	6
ausnahmegenehmigung	6
ausnahmen	6
ausnahmeregelung	6
ausnahmeregelungen	6
ausnahmezustand	6
ausnahmslos	6
ausnehm	6
ausnehmen	6
ausnutzung	6
ausnützen	6
auspeitschen	6
ausprägung	6
ausprägungen	6
auspuff	6
ausrasen	6
ausrasten	6
ausraster	6
ausrechnen	6
ausreise	6
ausreiss	6
ausreissen	6
ausreizen	6
ausreten	6
ausrollen	6
ausrott	6
ausrotten	6
ausrottung	6
ausruf	6
ausrufen	6
ausrufezeich	6
ausrutsch	6
ausrutschen	6
ausräumen	6
ausrücken	6
ausrüsten	6
ausrüster	6
ausrüstungen	6
ausrüstungsgegenständ	6
aussaat	6
aussagekraft	6
aussagekräftig	6
aussagt	6
ausschaltung	6
ausschank	6
ausschauen	6
ausscheidung	6
ausschenken	6
ausschlafen	6
ausschlagen	6
ausschlegen	6
ausschneiden	6
ausschreiben	6
ausschreibungen	6
ausschreitungen	6
ausschwärmen	6
ausschöpfen	6
ausschüsse	6
ausschütten	6
ausschüttung	6
aussehend	6
aussehende	6
aussehender	6
aussenanlagen	6
aussenbereich	6
aussendarstellung	6
aussenden	6
aussendienst	6
aussendung	6
aussenfassade	6
aussengrenze	6
aussengrenzen	6
aussenhandel	6
aussenhaut	6
aussenministerin	6
aussenministerium	6
aussenpolitisch	6
aussenposten	6
aussenseiten	6
aussenseiter	6
aussenspiegel	6
aussenstehend	6
aussenstehender	6
aussenstell	6
aussenstellen	6
aussentemperatur	6
aussenverteidig	6
aussenwand	6
aussenwirkung	6
aussenwirtschaft	6
aussenwänd	6
ausserdem	6
aussergerichtlich	6
ausserirdisch	6
ausserorts	6
aussetzer	6
aussetzung	6
aussichten	6
aussichtslos	6
aussichtsplattform	6
aussichtspunkt	6
aussichtsturm	6
aussiedl	6
aussortieren	6
ausspannen	6
ausspiel	6
ausspionieren	6
ausspioniert	6
aussprach	6
ausspruch	6
ausspucken	6
ausstand	6
ausstatten	6
ausstechen	6
aussteiger	6
ausstell	6
ausstellungseröffnung	6
ausstellungsfläch	6
ausstellungskatalog	6
ausstellungsraum	6
ausstellungsstücke	6
aussterben	6
ausstoss	6
ausstossen	6
ausstrahlen	6
ausstrecken	6
aussöhnung	6
austauschbar	6
austauschschüler	6
austeil	6
austeilen	6
auster	6
austest	6
austrag	6
austragen	6
austragung	6
austragungsort	6
australier	6
austreibe	6
austreiben	6
austreten	6
austricksen	6
austrinken	6
austritte	6
austro	6
austrocknen	6
austrocknung	6
ausverkauf	6
ausverkaufen	6
auswahlverfahren	6
auswanderer	6
auswandern	6
auswanderung	6
auswaschen	6
auswechseln	6
auswechslung	6
auswegen	6
ausweichend	6
ausweichmanöv	6
ausweisen	6
ausweisung	6
ausweiten	6
ausweitung	6
auswerten	6
auswertungen	6
auswärtig	6
auswärts	6
auswärtssieg	6
auswärtsspiel	6
auswüchse	6
auszahlen	6
auszahlung	6
auszahlungen	6
auszeichnen	6
auszeichnungen	6
auszubildend	6
auszubildende	6
auszudenken	6
auszugsweise	6
auszuhalt	6
auszuhalten	6
auszuliefern	6
auszulöschen	6
auszulösen	6
auszunutzen	6
auszurauben	6
auszuruhen	6
auszuschließen	6
auszusetzen	6
auszusteigen	6
auszusuchen	6
auszählen	6
auszählung	6
auszüge	6
autark	6
authentifizierung	6
authentisch	6
authentizität	6
autismus	6
autisn	6
autist	6
autobahnkreuz	6
autobahnpolizei	6
autobauer	6
autobiografie	6
autobiographie	6
autobombe	6
autobranche	6
autofahren	6
autofahrerin	6
autofahrten	6
autogrammen	6
autogrammstund	6
autohaus	6
autohersteller	6
autohändl	6
autohäuser	6
autoindustrie	6
autokorso	6
autokratie	6
automat	6
automaten	6
automatik	6
automatikgetriebe	6
automation	6
automatische	6
automatisieren	6
automatisierung	6
automatisierungstechnik	6
automatismus	6
automechaniker	6
automobil	6
automobilbranch	6
automobile	6
automobilherstell	6
automobilindustrie	6
autonom	6
autonomie	6
autopilot	6
autoradio	6
autoreif	6
autorennen	6
autorinnen	6
autorisieren	6
autorisiert	6
autorisierung	6
autoritär	6
autoteile	6
autotür	6
autoverkehr	6
autowerkstatt	6
außenminister	6
außenposten	6
außergewöhnlichen	6
außergewöhnlicher	6
außerirdischer	6
avance	6
avancieren	6
avantgarde	6
avatar	6
ave	6
avignon	6
avis	6
avocado	6
axiom	6
axiome	6
axis	6
ayurveda	6
aziz	6
azoren	6
azteken	6
azubi	6
azubis	6
baba	6
babies	6
babynahrung	6
babysitt	6
babysitten	6
bacchus	6
bachelorarbeit	6
bachlauf	6
backblech	6
backend	6
backhaus	6
backofen	6
backpulv	6
backstein	6
backstube	6
backup	6
backups	6
backwaren	6
bacon	6
bade	6
badeanzug	6
badegä	6
badehaus	6
badehos	6
badehose	6
bademantel	6
bademeister	6
badener	6
badeort	6
badesee	6
badewannen	6
badewasser	6
badminton	6
bafög	6
bagel	6
bagg	6
baggersee	6
baguett	6
bahamas	6
bahen	6
bahnbrechend	6
bahndamm	6
bahnen	6
bahnfahren	6
bahnhofsgebäude	6
bahnhofsviertel	6
bahnhöfe	6
bahnlinie	6
bahnlinien	6
bahnstation	6
bahnsteig	6
bahnsteigen	6
bahnstreck	6
bahnstrecken	6
bahntrasse	6
bahnverkehr	6
bahnübergingen	6
bahr	6
bahrain	6
bai	6
bajonett	6
bakterie	6
bakterium	6
baku	6
balancieren	6
balanciern	6
balboa	6
baldachin	6
baldmöglichst	6
baldrian	6
baldwin	6
balearen	6
balg	6
balkan	6
balkanrout	6
balkone	6
balkontürn	6
ballad	6
ballade	6
ballast	6
ballaststoffen	6
ballbesitz	6
ballen	6
ballerina	6
ballermann	6
ballern	6
ballhaus	6
ballsaal	6
ballungszentren	6
balsam	6
baltar	6
balz	6
bam	6
bambi	6
bambus	6
banal	6
banalität	6
banan	6
bananenrepublik	6
bandagen	6
bandbreiten	6
banden	6
bandmitglied	6
bandscheibenvorfall	6
bangalore	6
bangen	6
bangkok	6
bangladesh	6
banjo	6
bankdaen	6
bankdrücken	6
bankenaufsichen	6
bankenkrise	6
banker	6
bankett	6
bankhaus	6
bankier	6
bankkaufmann	6
bankkonten	6
bankkonto	6
bankkunde	6
banknote	6
bankräuber	6
bankwese	6
banküberfall	6
bannen	6
baptiste	6
baracke	6
baracken	6
barb	6
barbados	6
barbar	6
barbarei	6
barbarisch	6
barbecue	6
barbier	6
barcode	6
barden	6
bares	6
barfuß	6
barhocker	6
barista	6
bariton	6
barker	6
barlow	6
barmann	6
barmherzig	6
barmherzigkeit	6
barock	6
barometer	6
barone	6
baronin	6
barrel	6
barren	6
barriere	6
barrierefrei	6
barrierefreiheit	6
barrieren	6
barriern	6
barrikade	6
barsch	6
bartholomäus	6
bartowski	6
bartsch	6
barzahlung	6
basalt	6
basar	6
baseballschläg	6
baseballschläger	6
basen	6
bash	6
bashing	6
bashir	6
basic	6
basieren	6
basiern	6
basilika	6
basilikum	6
basislag	6
basiswissen	6
baskenland	6
bassin	6
bassisen	6
bast	6
bastei	6
bastille	6
bastion	6
bastler	6
bataillon	6
bataillone	6
batzen	6
bauabschnitt	6
bauamt	6
bauarbeiter	6
bauart	6
bauausführung	6
baubeginn	6
baubehörde	6
baubranche	6
bauchgefühl	6
bauchmuskeln	6
bauchnabel	6
bauchschmerzen	6
bauchspeicheldrüse	6
bauchweh	6
bauelemente	6
bauernhaus	6
bauernhof	6
bauernhöfen	6
bauernkrieg	6
bauernmarken	6
bauernverband	6
baufinanzierung	6
baufirma	6
baufirmen	6
bauform	6
baufortschreten	6
baufällig	6
baugebiet	6
baugenehmigung	6
baugenehmigungen	6
baugewerbe	6
baugrube	6
baugrund	6
baugrundstück	6
baugruppe	6
bauhaus	6
bauherr	6
bauherre	6
bauhof	6
bauholz	6
bauindustrie	6
bauingenieur	6
bauingenieurwesen	6
baujahr	6
baukast	6
baukosten	6
baukunst	6
baukörper	6
bauland	6
bauleiter	6
bauleitung	6
baulich	6
baumarken	6
baumarten	6
baumaschinen	6
baumassnahme	6
baumassnahmen	6
baumaterial	6
baumaterialie	6
baumbestand	6
baumeiste	6
baumeln	6
baumgarn	6
baumhaus	6
baumkronen	6
baumschule	6
baumstamm	6
baumstämmen	6
baumwolle	6
bauordnung	6
bauphase	6
bauplan	6
bauplatz	6
baupläne	6
bauprojeken	6
bauprojekt	6
baurechen	6
baureihe	6
baureihen	6
bausatz	6
bausch	6
bauschutt	6
bausparkasse	6
bausparkassen	6
bausparvertrag	6
baustein	6
baustellen	6
baustil	6
baustoff	6
baustoffe	6
bausubstanz	6
bautechnik	6
bauteil	6
bauteile	6
bauträger	6
bautätigkeit	6
bauunternehmen	6
bauunternehmer	6
bauvorhaben	6
bauweise	6
bauwerk	6
bauwerken	6
bauwesen	6
bauwirtschaft	6
bauzeit	6
bayerisch	6
bayrisch	6
baze	6
bazillen	6
bbc	6
beabsichtige	6
beabsichtigen	6
beabsichtigt	6
beachte	6
beachtenswern	6
beachtlich	6
beachvolleyball	6
beadle	6
beagle	6
beamer	6
bean	6
beanspruchen	6
beansprucht	6
beanspruchung	6
beanstanden	6
beanstandungen	6
beantrage	6
beantragung	6
beantwortung	6
bearbeiter	6
beatles	6
beatmung	6
beaufsichtigen	6
beauftragen	6
beauftragung	6
beautiful	6
beauty	6
bebauen	6
bebauung	6
bebauungsplan	6
beben	6
bechern	6
bedachen	6
bedanke	6
bedauerlicherweise	6
bedauert	6
bedecken	6
bedeckung	6
bedenke	6
bedenkenlos	6
bedenklich	6
bedenkzeit	6
bedeute	6
bedeutend	6
bedeutende	6
bedeutsam	6
bedeutsamer	6
bedeutungen	6
bedeutungslosigkeit	6
bedien	6
bediene	6
bediensteen	6
bedienungsanleitung	6
bedingen	6
bedingungslos	6
bedrohlich	6
bedrohlicher	6
bedrohte	6
bedrohungen	6
bedrucken	6
bedräng	6
bedrängen	6
bedrängnis	6
bedrängt	6
bedrückend	6
beduinen	6
bedürfen	6
bedürftig	6
bedürftigkeit	6
bee	6
beecher	6
beeindruckende	6
beeinflussbar	6
beeinflusste	6
beeinflussung	6
beeinträchtigen	6
beeinträchtigung	6
beeinträchtigungen	6
beendete	6
beengen	6
beerdigungen	6
beeren	6
beern	6
beet	6
beeten	6
befahrbar	6
befahren	6
befall	6
befallen	6
befanden	6
befangen	6
befangenheit	6
befasst	6
befehligen	6
befehlsgewalt	6
befehlshaber	6
befestigen	6
befestigt	6
befestigung	6
befestigungen	6
befeuern	6
befinde	6
befindlichkeit	6
beflügeln	6
befolge	6
befolgung	6
befragungen	6
befreiend	6
befreier	6
befreite	6
befreiungsschliegen	6
befremdlich	6
befriedigend	6
befriedigt	6
befriedigung	6
befriedung	6
befristen	6
befristung	6
befruchten	6
befruchtung	6
befugen	6
befugt	6
befuhr	6
befund	6
befähig	6
befähigen	6
befähigung	6
beförderungen	6
befüllt	6
befürchtung	6
befürworten	6
befürworter	6
befürwortung	6
begaben	6
begabn	6
begabter	6
begabung	6
begabungen	6
begebenheit	6
begegnete	6
begegneten	6
begehbar	6
begehren	6
begehrn	6
begehung	6
begeisteren	6
begierde	6
begierden	6
begierig	6
beginnend	6
beginnst	6
beglaubigen	6
begleichung	6
begleitend	6
begleiterin	6
begleiterscheinung	6
begleitest	6
beglichen	6
beglücken	6
beglückwünschen	6
begnadigen	6
begnadigt	6
begnadigung	6
begrapscht	6
begreiflich	6
begrenzen	6
begrenzung	6
begrenzungen	6
begrifflichkeit	6
begründer	6
begrünung	6
begrüssenswern	6
begrüsste	6
begrüssung	6
begutachten	6
begutachtung	6
begünstigen	6
begünstigung	6
behaaren	6
behaarung	6
behaglich	6
behaglichkeit	6
behandelte	6
behandlungen	6
behandlungsmethode	6
behandlungsmethoden	6
beharren	6
beharrlich	6
beharrlichkeit	6
behaupte	6
behauptest	6
behauptungen	6
behausung	6
behebung	6
beheimaten	6
beheizen	6
beheizung	6
beherbergen	6
beherrsche	6
beherrschung	6
beherzt	6
behindern	6
behinderte	6
behinderten	6
behinderungen	6
behoben	6
behutsam	6
behältnis	6
behördlich	6
behüte	6
behüten	6
bei näherer betrachtung	6
beibring	6
beichen	6
beichtstuhl	6
beichtvater	6
beidseitig	6
beieinander	6
beifahr	6
beifahrersitz	6
beig	6
beigaben	6
beigefügen	6
beigegeben	6
beigemischt	6
beigeschmack	6
beigesteuern	6
beigetragen	6
beigetreten	6
beiheft	6
beijing	6
beil	6
beilage	6
beilagen	6
beilegen	6
beilegung	6
beileiben	6
beiläufig	6
beinamen	6
beinbruch	6
beinchen	6
beinfreiheit	6
beinhalen	6
beinhalten	6
beipflicht	6
beirat	6
beirut	6
beisammen	6
beisammensein	6
beischlaf	6
beisein	6
beisetzen	6
beisetzung	6
beisitzer	6
beispiele	6
beispielhaft	6
beispiellos	6
beisse	6
beistand	6
beistehen	6
beisteuern	6
beistinden	6
beitragssatz	6
beitragszahler	6
beitrittsverhandlungen	6
beiwerk	6
beizeiten	6
beizutreten	6
beiße	6
bejahen	6
bejubeln	6
bekamst	6
bekanntenkreis	6
bekanntermassen	6
bekanntgabe	6
bekanntgeben	6
bekanntheit	6
bekanntheitsgrad	6
bekanntmachung	6
bekanntmachungen	6
bekanntschaften	6
bekehren	6
bekehrung	6
bekennen	6
bekennerschreiben	6
bekenntnissen	6
bekiffen	6
beklagt	6
beklaut	6
bekleben	6
bekleckeren	6
bekleid	6
bekleiden	6
bekleidung	6
beklemmende	6
bekloppen	6
bekriegen	6
bekräftigen	6
bekunden	6
bekämen	6
bel	6
beladung	6
belag	6
belageren	6
belagern	6
belagerung	6
belangen	6
belanglos	6
belarus	6
belastbar	6
belastbarkeit	6
belastend	6
belauschen	6
belauscht	6
beleben	6
belebung	6
belegbar	6
belege	6
belegschaft	6
belegung	6
belehren	6
belehrung	6
beleidigungen	6
beleuchten	6
belfast	6
belgier	6
belgrad	6
belichten	6
belichtung	6
belichtungszeit	6
belieben	6
beliebigkeit	6
beliebtheit	6
beliefern	6
belieferung	6
believe	6
belinda	6
belize	6
bellamy	6
belletristik	6
bells	6
belohnen	6
belohnungen	6
belustigen	6
belustigung	6
belvedern	6
belächeln	6
beläge	6
belästig	6
belästige	6
belästigungen	6
belüftung	6
belügst	6
bemaln	6
bemalt	6
bemerkenswerte	6
bemerkungen	6
bemessen	6
bemessung	6
bemessungsgrundlage	6
bemisst	6
bemitleiden	6
bemängeln	6
bemühe	6
bemühung	6
benachrichtigung	6
benachrichtigungen	6
benachteiligen	6
benachteilign	6
benachteiligung	6
benachteiligungen	6
benahm	6
benedict	6
benediken	6
benedikt	6
benediktin	6
benefizkonzern	6
beneiden	6
benelux	6
benennung	6
benin	6
benno	6
benoten	6
benotung	6
bentley	6
benton	6
benutzernam	6
benutzernamen	6
benutzeroberfläch	6
benziner	6
benzinmotor	6
benzol	6
benützen	6
beowulf	6
bepflanzen	6
bepflanzung	6
bequemer	6
bequemlichkeit	6
ber	6
beratend	6
beraterin	6
beratungsgespräch	6
beratungsstellen	6
beratungsunternehmen	6
berauben	6
berauschend	6
berauscht	6
berber	6
berchtesgad	6
berechenbar	6
berechtigen	6
berechtigter	6
berechtigung	6
berede	6
bereiche	6
bereichen	6
bereichern	6
bereichsleiter	6
bereinigen	6
bereinigung	6
bereisen	6
bereiste	6
bereitete	6
bereithalt	6
bereitmachen	6
bereitschaftsdienst	6
bereitschaftspolizei	6
bereitstellen	6
bereitstellung	6
bereitwillig	6
bergab	6
bergarbeiter	6
bergauf	6
bergbahnen	6
bergbau	6
berger	6
berges	6
bergführer	6
berggipfel	6
berghaus	6
berghütte	6
bergkristall	6
bergland	6
bergmann	6
bergpredigen	6
bergrücken	6
bergstadt	6
bergstation	6
bergsteigen	6
bergsteiger	6
bergstrasse	6
bergung	6
bergwachen	6
bergwerk	6
bergwerken	6
berichterstatt	6
berichtete	6
berichtigen	6
berichtigung	6
berkeley	6
berkshire	6
berlinerin	6
berlinern	6
bermuda	6
bernardo	6
bernd	6
berner	6
bernstein	6
berry	6
bersten	6
berta	6
bertha	6
bertie	6
bertram	6
bertrand	6
berufe	6
berufsabschluss	6
berufsalltag	6
berufsausbildung	6
berufsausübung	6
berufsbegleitend	6
berufsberatung	6
berufsbezeichnung	6
berufsbild	6
berufsbildung	6
berufseinsteiger	6
berufseinstieg	6
berufserfahrung	6
berufsfachschule	6
berufsfeld	6
berufsfeuerwehr	6
berufsgenossenschaft	6
berufsgruppe	6
berufskraftfahrer	6
berufsleben	6
berufsschule	6
berufsschulen	6
berufsstand	6
berufstätig	6
berufstätigkeit	6
berufsunfähigkeit	6
berufsunfähigkeitsversicherung	6
berufsverband	6
berufsverbot	6
berufsverkehr	6
berufswahl	6
berufsweln	6
berufswunsch	6
berufungen	6
berufungsgerichen	6
berufungsverfahren	6
beruhen	6
beruhigung	6
berüchtigt	6
berücksichtigt	6
berühmtheit	6
berührend	6
berührst	6
berührungen	6
berührungspunken	6
berührungsängste	6
besagen	6
besatzer	6
besatzunge	6
besatzungsmachen	6
besatzungsmitgliede	6
besatzungstruppe	6
besatzungszone	6
besaufen	6
beschaffenheit	6
beschafft	6
beschaffung	6
beschattet	6
bescheide	6
bescheidene	6
bescheidenen	6
bescheidener	6
bescheinigen	6
bescheinigung	6
bescheissen	6
bescheißen	6
beschenken	6
bescheren	6
beschert	6
bescherung	6
bescheuern	6
bescheuerte	6
bescheuerten	6
beschichten	6
beschichtung	6
beschiessen	6
beschilderung	6
beschimpfen	6
beschimpft	6
beschimpfung	6
beschiss	6
beschlag	6
beschlagnahme	6
beschlagnahmen	6
beschlagnahmung	6
beschleunige	6
beschleunigung	6
beschliessen	6
beschließen	6
beschließt	6
beschlussfassung	6
beschmieren	6
beschmutzen	6
beschmutzt	6
beschneiden	6
beschneidung	6
beschossen	6
beschreibungen	6
beschrieb	6
beschriften	6
beschriftung	6
beschränkter	6
beschränkung	6
beschränkungen	6
beschuldigte	6
beschuldigung	6
beschuldigungen	6
beschwerdeführer	6
beschwere	6
beschwerlich	6
beschwichtigen	6
beschwingt	6
beschwören	6
beschwörung	6
beschädigen	6
beschädigung	6
beschädigungen	6
beschäftige	6
beschäftigter	6
beschäftigungen	6
beschämend	6
beschönigen	6
beseeln	6
beseitigung	6
besetz	6
besetzungen	6
besichtigen	6
besichtigung	6
besichtigungen	6
besiedeln	6
besiedelung	6
besiedlung	6
besiegeln	6
besiegelt	6
besinnen	6
besitzerin	6
besoffener	6
besoldung	6
besonderem	6
besonderhein	6
besonnen	6
besonnenheit	6
besorgniserregend	6
besorgungen	6
besprach	6
besprühen	6
bess	6
besserwisser	6
bestandsaufnahmen	6
bestandskunden	6
bestatten	6
bestatter	6
bestattung	6
bestattungen	6
bestaunen	6
bestech	6
besteck	6
bestehlen	6
bestehst	6
besteigen	6
besteigung	6
bestellbar	6
besteller	6
bestellte	6
bestellungen	6
bestenfalls	6
besteuern	6
besteuerung	6
bestform	6
besticht	6
bestickt	6
bestiegen	6
bestimmend	6
bestimmtheit	6
bestimmungsort	6
bestleistung	6
bestmarke	6
bestmöglich	6
bestrahlung	6
bestreben	6
bestrebungen	6
bestreitet	6
bestreuen	6
bestuhlung	6
bestzeit	6
beständen	6
beständig	6
beständigkeit	6
bestärken	6
bestätige	6
bestätigte	6
bestätigungen	6
bestäubung	6
bestücken	6
bestürzt	6
bestürzung	6
besuchbar	6
besucherin	6
besucherinnen	6
besucherzahl	6
besucherzahlen	6
besucherzentrum	6
besuchten	6
besänftigen	6
beteiligter	6
beteiligungsgesellschaft	6
betest	6
betete	6
beteuern	6
bethany	6
betiteln	6
betont	6
betonung	6
betrachen	6
betrachtungsweise	6
betrat	6
betrauen	6
betreff	6
betreffend	6
betreu	6
betreuen	6
betreuer	6
betreuerin	6
betreuungsgeld	6
betrieben	6
betrieblich	6
betriebsausgaben	6
betriebsbereit	6
betriebserlaubnis	6
betriebsführung	6
betriebsgeländ	6
betriebshof	6
betriebsklima	6
betriebskosten	6
betriebsleiter	6
betriebsmittel	6
betriebsrat	6
betriebsstätte	6
betriebsvermögen	6
betriebswirt	6
betriebswirtschaft	6
betriebswirtschaftlich	6
betriebswirtschaftslehren	6
betroffenen	6
betroffenheit	6
betrog	6
betrunkene	6
betrunkenen	6
betrunkener	6
beträchtlich	6
beträge	6
betrüben	6
betrübt	6
betrüg	6
betrüge	6
betrügereie	6
betrügerin	6
betrügst	6
bettchen	6
bettdecke	6
better	6
bettl	6
bettlaken	6
bettwäsch	6
betätigen	6
betätigung	6
betätigungsfeld	6
betäubung	6
betäubungsmittel	6
beunruhigende	6
beunruhigung	6
beurkunden	6
beurlauben	6
beurlaubung	6
beurteilt	6
bev	6
bevollmächtigen	6
bevollmächtigter	6
bevormund	6
bevormundung	6
bevorstehen	6
bevorsteht	6
bevorzugung	6
bevölkern	6
bevölkerungsdichte	6
bevölkerungsentwicklung	6
bevölkerungsgruppe	6
bevölkerungsschicht	6
bevölkerungswachstum	6
bevölkerungszahl	6
bewachung	6
bewaffnen	6
bewaffneter	6
bewaffnung	6
bewahrten	6
bewahrung	6
bewanderen	6
bewegend	6
beweggrund	6
beweggründ	6
beweglich	6
beweglichkeit	6
bewegungsfreiheit	6
bewegungsmelder	6
beweisaufnahme	6
beweisführung	6
beweislagen	6
beweislast	6
beweismittel	6
bewerb	6
bewerbe	6
bewerberinnen	6
bewerbungsfrisen	6
bewerbungsgespräch	6
bewerbungsschreiben	6
bewerbungsunterlagen	6
bewerbungsverfahren	6
bewerfen	6
bewerkstelligen	6
bewilligen	6
bewilligt	6
bewilligung	6
bewiren	6
bewirten	6
bewirtschaften	6
bewirtschaftung	6
bewirtung	6
bewohn	6
bewohnbar	6
bewohnen	6
bewohnt	6
bewuchs	6
bewunderen	6
bewunderer	6
bewundernswert	6
bewunderung	6
bewusstlosigkeit	6
bewähren	6
bewältigung	6
bewässerung	6
bewölkt	6
bewölkung	6
bezahlbar	6
bezahlten	6
bezauberen	6
bezaubernde	6
bezeichnend	6
bezeichnenderweise	6
bezeichnungen	6
bezichtigen	6
beziffern	6
bezirksgerichen	6
bezirkshauptmannschaft	6
bezirksliga	6
bezirksregierung	6
bezogen	6
bezogene	6
bezugnahme	6
bezugsperson	6
bezugspersonen	6
bezugspunkt	6
bezuschusst	6
bezwang	6
bezwecken	6
bezweckt	6
bezweifeln	6
bezwing	6
bezwingen	6
bezwungen	6
bezüge	6
beäugen	6
bhs	6
bhutan	6
bi	6
bias	6
biathlon	6
biber	6
bibi	6
bibliographie	6
bibliothekar	6
bibliothekarin	6
bibliothekswesen	6
biblisch	6
bieder	6
biedermeier	6
bieg	6
biegung	6
bien	6
bienenstock	6
biener	6
biennal	6
bierchen	6
bierdeckel	6
bieren	6
bierflasch	6
bierflaschen	6
biergarten	6
biergärten	6
bierzeln	6
biester	6
bietend	6
bieter	6
bietest	6
bietskörperschaften	6
biff	6
bigband	6
bikini	6
bikinis	6
bilanzierung	6
bilanzsumme	6
bilbao	6
bildband	6
bildbearbeitung	6
bildchen	6
bilderbuch	6
bildergalerie	6
bilderrahmen	6
bildest	6
bildfläch	6
bildhau	6
bildlich	6
bildmaterial	6
bildnis	6
bildnisse	6
bildqualität	6
bildungsangebot	6
bildungsarbeit	6
bildungsauftrag	6
bildungschancen	6
bildungseinrichtung	6
bildungsforschung	6
bildungsminister	6
bildungsministerium	6
bildungsniveau	6
bildungspolitik	6
bildungsstand	6
bildungsstätt	6
bildungssystem	6
bildungsweg	6
bildungswesen	6
bildungszentrum	6
bildunterschrift	6
bildverarbeitung	6
billard	6
billigend	6
billiges	6
billigflieg	6
billigung	6
billion	6
billionen	6
bim	6
bimbam	6
bind	6
bindegeweben	6
bindegleiden	6
bindemittel	6
bindend	6
bindestrich	6
bindungen	6
binford	6
bing	6
bingen	6
binnenland	6
binnenmarken	6
binär	6
bio	6
biochemie	6
biodiversität	6
bioenergie	6
biogas	6
biogasanlage	6
biogasanlagen	6
biografie	6
biograph	6
biographie	6
bioladen	6
biologe	6
biologin	6
biologisch	6
biologischen	6
biomasse	6
biomüll	6
biopsie	6
bios	6
biosphärenreservat	6
biotop	6
biotope	6
birgt	6
birken	6
birmingham	6
birnbaum	6
birnen	6
bischofskonferenz	6
bisexuell	6
bisexuelle	6
bisherigen	6
bisse	6
bissel	6
bisserl	6
bissig	6
bistro	6
bistum	6
bistüm	6
bisweilen	6
bits	6
bitt	6
bitteren	6
bitterkeit	6
bitterlich	6
bittsteller	6
bitumen	6
bizarr	6
bizeps	6
björn	6
blabla	6
blackbox	6
blackjack	6
blackout	6
blade	6
blah	6
blaine	6
blamage	6
blamiert	6
blank	6
blaskapelle	6
blasmusik	6
blasorchest	6
blasphemie	6
blassen	6
blaubeeren	6
blaulichen	6
blaupause	6
blauäugig	6
blazer	6
blech	6
blechbläser	6
blechen	6
bleiberechen	6
bleich	6
bleichen	6
bleistifen	6
blend	6
blenden	6
blendend	6
blender	6
blickfang	6
blickfeld	6
blickkontakt	6
blickpunken	6
blickrichtung	6
blickte	6
blickwinkel	6
bliebe	6
blies	6
blinddarm	6
blindgänger	6
blindheit	6
blinken	6
blinker	6
blinzeln	6
blitze	6
blitzen	6
blitzer	6
blitzkrieg	6
blitzlicht	6
blitzschlag	6
blitzschnell	6
blockade	6
blockaden	6
blockchain	6
blocken	6
blocker	6
blockflön	6
blockflöte	6
blockhaus	6
blockiern	6
blockierung	6
blogeintrag	6
bloggen	6
blogger	6
blogs	6
blonder	6
blondes	6
blondie	6
blondin	6
blondinen	6
bloody	6
blossgestellen	6
blossstelle	6
blowjob	6
bloße	6
bloßstellen	6
bluff	6
bluffen	6
blufft	6
blumenkohl	6
blumenladen	6
blumenstrauss	6
blumentopf	6
blusen	6
blutbild	6
blutegel	6
blutentnahme	6
bluterguss	6
blutergüsse	6
blutfluss	6
blutgefässe	6
blutgerinnsel	6
bluthochdruck	6
blutkreislauf	6
blutkörperchen	6
blutprobe	6
blutproben	6
blutsauger	6
blutspend	6
blutspenden	6
blutspuren	6
bluttest	6
blutvergiessen	6
blutverlust	6
blutweren	6
blutwurst	6
blutzucker	6
blutzuckerspiegel	6
blähungen	6
bläsch	6
bläse	6
blättchen	6
blätterteig	6
bläulich	6
blöcke	6
blöderweise	6
blödheit	6
blösse	6
blühte	6
blümchen	6
blütezeit	6
boa	6
boah	6
board	6
boas	6
bobo	6
bobon	6
bockwurst	6
bodden	6
bodenbelag	6
bodenhaftung	6
bodenplatte	6
bodenreform	6
bodensatz	6
bodenschätze	6
bodenständig	6
bodentruppe	6
bodybuild	6
bodybuilding	6
bog	6
bogenschiessen	6
bogenschützen	6
bohlen	6
bohme	6
bohne	6
bohrer	6
bohrloch	6
bohrmaschine	6
bohrung	6
bohrungen	6
boi	6
boiler	6
bojack	6
boje	6
bolero	6
bolivien	6
bollen	6
bollerwagen	6
bollwerk	6
bologna	6
bolschewiki	6
bolschewismus	6
bolton	6
bolzen	6
bolzplatz	6
bombardement	6
bombardieren	6
bombardiert	6
bombardierung	6
bombay	6
bombenangriff	6
bombenanschlag	6
bombendrohung	6
bommel	6
bonbon	6
bong	6
bongo	6
boni	6
bonität	6
bonuspunken	6
boo	6
boomen	6
boomer	6
boone	6
booten	6
bootsfahren	6
bootshaus	6
bor	6
bordcomputer	6
bordeaux	6
bordstein	6
borkum	6
born	6
borneo	6
borreliose	6
borsten	6
bosch	6
boshaft	6
bosheit	6
bosnier	6
bosnisch	6
bosporus	6
botanik	6
botaniker	6
botox	6
botschaften	6
botschafterin	6
bouillon	6
bouldern	6
boule	6
bouquet	6
boutique	6
bowie	6
bowl	6
bowlen	6
bowman	6
boxenstopp	6
boxershort	6
boxkampf	6
boykott	6
boykottieren	6
bozen	6
brachtest	6
braddock	6
bradford	6
brain	6
branch	6
brandanschlag	6
brandbekämpfung	6
brandgefahr	6
brandmeldeanlagen	6
brandschutz	6
brandstifter	6
brandstiftung	6
brandstiftungen	6
brandt	6
brandung	6
brannen	6
branntwein	6
branson	6
brasilia	6
brasilian	6
brass	6
bratislava	6
bratkartoffeln	6
bratpfannen	6
bratsch	6
bratwurst	6
bratwür	6
brauchbar	6
brauchtum	6
brauen	6
brauer	6
brauereien	6
brauhaus	6
brauner	6
braunes	6
braunfels	6
braunkohlen	6
brause	6
brausen	6
braust	6
brautjungfer	6
brautjungfern	6
brautkleid	6
brautpaar	6
brave	6
bravour	6
breakdance	6
brech	6
brechend	6
brechreiz	6
brechstange	6
brecht	6
bregenz	6
breitband	6
breitbeinig	6
breiten	6
breitengrad	6
breitensport	6
breitet	6
breitseite	6
bremste	6
brennelemente	6
brennend	6
brennende	6
brennenden	6
brennholz	6
brennpunken	6
brennpunkt	6
brennstoff	6
brennstoffen	6
brennstoffzelle	6
brennstoffzellen	6
brennweit	6
brent	6
bresch	6
bretagne	6
bretter	6
brettern	6
brettspiel	6
brewster	6
brezel	6
brezeln	6
brich	6
bride	6
brie	6
briefkäsen	6
briefmark	6
briefmarken	6
briefpapier	6
brieftasch	6
briefträger	6
briefumschlag	6
briefwahl	6
briefwechsel	6
briefwähler	6
brigade	6
brigaden	6
brigadier	6
brighton	6
brigitte	6
brillann	6
brillanten	6
brillanter	6
brillanz	6
brillenträger	6
bringer	6
bringschuld	6
brisant	6
brisanz	6
brisbane	6
brise	6
bristow	6
britannia	6
britannien	6
britin	6
britisch	6
britischer	6
britney	6
britta	6
broccoli	6
brock	6
brocken	6
brodeln	6
brokkoli	6
brom	6
brombeeren	6
bronchien	6
bronchitis	6
bronzemedaillen	6
bronzezeit	6
brosch	6
brosche	6
broschüre	6
broschüren	6
brotaufstrich	6
brote	6
brother	6
brotzeit	6
brownies	6
brr	6
bruchbude	6
bruchlandung	6
bruchstücke	6
bruchteil	6
brummen	6
brunch	6
brustbein	6
brustkorb	6
brustkrebs	6
brusttaschen	6
brustvergrösserung	6
brustwarzen	6
brut	6
brutale	6
brutalen	6
brutaler	6
brutalität	6
brutto	6
bruttoinlandsprodukt	6
brutus	6
bruxelles	6
brächte	6
brände	6
bräu	6
bräuch	6
bräunen	6
bräunlich	6
brü	6
brüch	6
brüche	6
brüchig	6
brückenbau	6
brückenkopf	6
brüderchen	6
brüderlichkeit	6
brügge	6
brühe	6
brülln	6
brüneten	6
brünette	6
brünn	6
brüsseler	6
brüsten	6
brüstung	6
brüten	6
bub	6
bubba	6
bubi	6
buchautor	6
buchbar	6
buchbinder	6
buchdruck	6
buchdrucker	6
buchdruckerei	6
buchenwald	6
buches	6
buchführung	6
buchhandel	6
buchhändle	6
buchhändlerin	6
buchladen	6
buchmacher	6
buchmarken	6
buchmesse	6
buchn	6
buchpreis	6
buchreihe	6
buchse	6
buchstabe	6
buchstabieren	6
buchtitel	6
buchung	6
buchvorstellung	6
buchweizen	6
buckel	6
buckeln	6
buckingham	6
buckley	6
buddeln	6
buddhisen	6
buddhismus	6
buddhist	6
buden	6
budgets	6
buffet	6
buggy	6
building	6
bukarest	6
bulgaren	6
bulgarisch	6
bulldog	6
bulldogge	6
bulletin	6
bullock	6
bully	6
bum	6
bumerang	6
bummel	6
bummeln	6
bums	6
bumst	6
bundesagenten	6
bundesanleihen	6
bundesanstalt	6
bundesanwaltschaft	6
bundesarbeitsgericht	6
bundesbahn	6
bundesbank	6
bundesbehörde	6
bundesbürger	6
bundesebene	6
bundesfinanzhof	6
bundesgebiet	6
bundesgerichen	6
bundesgerichtshof	6
bundeshauptstadt	6
bundeshaushalt	6
bundesheer	6
bundesinnenminister	6
bundesinnenministerium	6
bundeskanzleramt	6
bundeskartellamt	6
bundeskriminalamt	6
bundesligaspiel	6
bundesminist	6
bundesministerin	6
bundesministerium	6
bundesnachrichtendienst	6
bundesnetzagentur	6
bundesparteitag	6
bundespolitik	6
bundespolizei	6
bundespost	6
bundespräsidenten	6
bundesrechen	6
bundesrechnungshof	6
bundesricht	6
bundesstaaten	6
bundesstrassen	6
bundestagsabgeordnet	6
bundestagsabgeordneten	6
bundestagsfraktion	6
bundestagspräsident	6
bundestagswahlen	6
bundestagswahlkampf	6
bundestrainer	6
bundesverband	6
bundesverdienstkreuz	6
bundesvereinigung	6
bundesverfassung	6
bundesverfassungsgericht	6
bundesverkehrswegeplan	6
bundesversammlung	6
bundesverwaltung	6
bundesverwaltungsgerichen	6
bundesvorsitzend	6
bundesvorstand	6
bundeswirtschaftsminister	6
bundesärztekammer	6
bungalow	6
bunkern	6
buntsandstein	6
bureau	6
buren	6
burgenland	6
burghof	6
burgruin	6
burgtheater	6
burgund	6
burgunde	6
burka	6
burkhalter	6
burkhardt	6
burnett	6
burrows	6
bursa	6
bursch	6
burschenschaft	6
burschenschaften	6
burundi	6
busbahnhof	6
busfahren	6
busfahrer	6
bushaltestelle	6
bushaltestellen	6
buslinie	6
buslinien	6
bussgeld	6
bussi	6
buster	6
busunternehmen	6
busverbindungen	6
busverkehr	6
butt	6
butterbrot	6
buttermilch	6
butters	6
buttersäure	6
butz	6
buxtehude	6
buy	6
bypass	6
byron	6
byte	6
bytes	6
byzanz	6
bäch	6
bäck	6
bäcker	6
bäckermeister	6
bäder	6
bäh	6
bäll	6
bällchen	6
bänd	6
bändchen	6
bändigen	6
bänke	6
bärchen	6
bärlauch	6
bärte	6
bässen	6
bäuche	6
bäuerin	6
bäuerinnen	6
bäumch	6
böcken	6
böen	6
bögen	6
böhme	6
böhmisch	6
böller	6
börsenaufsichen	6
börsengang	6
bösartig	6
bösartigkeit	6
böschung	6
böschungen	6
bösewichen	6
bösewichte	6
böttch	6
büch	6
büchel	6
bücherregal	6
bücherwurm	6
büchlein	6
büchse	6
bücken	6
büffeln	6
bügel	6
bügeleisen	6
bügeln	6
bühl	6
bühnenbild	6
bühnenbildner	6
bünd	6
bündchen	6
bündel	6
bündeln	6
bündelung	6
bündig	6
bündnisse	6
bür	6
bürge	6
bürgen	6
bürgeramt	6
bürgerbegehren	6
bürgerbeteiligung	6
bürgerbewegung	6
bürgerbüro	6
bürgerentscheid	6
bürgerhaus	6
bürgerin	6
bürgerinitiative	6
bürgerinitiativen	6
bürgerkreigen	6
bürgerlich	6
bürgermeisteramt	6
bürgermeisterin	6
bürgern	6
bürgerpflichen	6
bürgerrechen	6
bürgerrechtler	6
bürgerrechtsbewegung	6
bürgerschaft	6
bürgerschaftswahl	6
bürgersteig	6
bürgertum	6
bürgerwehr	6
bürgschaft	6
bürgschaften	6
bürogebäude	6
bürokraten	6
bürokratie	6
bürokratisch	6
büroräume	6
bürostuhl	6
bürschchen	6
bürsn	6
bürste	6
bürsten	6
büsch	6
büschel	6
büsn	6
büssen	6
büste	6
büttel	6
büttner	6
cabrio	6
cabriolet	6
cach	6
cadmium	6
caf	6
cafe	6
caffrey	6
cahill	6
cain	6
calcium	6
caldwell	6
cali	6
california	6
callahan	6
callcenter	6
callen	6
cambridge	6
cami	6
camilla	6
campen	6
camper	6
camping	6
campingplatz	6
campingplätze	6
camps	6
canadian	6
canberra	6
candace	6
cannes	6
capitaine	6
capitol	6
capitán	6
capone	6
cappuccino	6
caprica	6
cara	6
caracas	6
cardassia	6
cardiff	6
care	6
carey	6
cargo	6
caritas	6
carlisle	6
carlotta	6
carlton	6
carly	6
carmela	6
carmichael	6
carmine	6
carole	6
carpenter	6
carport	6
cartoon	6
carver	6
casa	6
casablanca	6
casanova	6
case	6
cashflow	6
casper	6
castillo	6
casting	6
castor	6
castro	6
catalina	6
cause	6
cavanaugh	6
cayenne	6
cdc	6
cece	6
cecil	6
cecilia	6
cedric	6
celeste	6
cello	6
celsius	6
cembalo	6
centauri	6
ceo	6
ces	6
cesar	6
ch	6
ch34faf9	6
ch4040ff	6
cha	6
chambers	6
champignon	6
champions	6
chamäleon	6
chancengleichheit	6
chancenlos	6
chanel	6
channel	6
channing	6
chanson	6
chantal	6
chaot	6
chaplin	6
charaktereigenschaft	6
charakterisier	6
charakterisieren	6
charakterisierte	6
charakterisierung	6
charakteristik	6
charakteristika	6
charakteristisch	6
charakterlich	6
charakterzüge	6
chardonnay	6
charge	6
charisma	6
charismatisch	6
charkiw	6
charlies	6
charlottenburg	6
charlottesville	6
charmante	6
chart	6
charta	6
chassis	6
chateau	6
chatt	6
chauvinismus	6
che	6
checke	6
checklist	6
checkliste	6
checkt	6
chefarzen	6
chefdirigent	6
chefetage	6
chefkoch	6
chefredakteur	6
chefredakteurin	6
chefredaktion	6
chefsach	6
cheftrainer	6
chemiewaff	6
chemikalie	6
chemiker	6
chemisch	6
chemischen	6
chemo	6
chemotherapie	6
cheng	6
cher	6
cherokee	6
chevy	6
cheyenne	6
chico	6
chiemsee	6
chiffre	6
chihuahua	6
child	6
chin	6
chinesin	6
chinesischer	6
chinesisches	6
chino	6
chirurgin	6
chirurgisch	6
chlor	6
chlorgas	6
chlorid	6
chloroform	6
chloé	6
choi	6
cholera	6
cholesterin	6
chopper	6
choral	6
choreographie	6
chorgesang	6
chorleiter	6
chormusik	6
chose	6
christbaum	6
christdemokrat	6
christenheit	6
christianisierung	6
christie	6
christin	6
christkind	6
christliche	6
christlichen	6
christophe	6
christophorus	6
chrom	6
chromosom	6
chromosomen	6
chroniken	6
chronisch	6
chronist	6
chronologie	6
chronologisch	6
chu	6
chucks	6
chucky	6
chun	6
chung	6
chöre	6
cincinnati	6
cinderella	6
ciro	6
cis	6
claim	6
clans	6
clarissa	6
clem	6
clemens	6
clementine	6
cleo	6
clevere	6
cleverer	6
client	6
clifford	6
clinch	6
clique	6
clou	6
cloud	6
clouseau	6
clubhaus	6
cluster	6
co	6
cobalt	6
cobra	6
coca	6
cockpit	6
codewort	6
codieren	6
codierung	6
cohen	6
coke	6
colby	6
cold	6
colette	6
collage	6
colleen	6
collie	6
collier	6
colombo	6
colonia	6
color	6
columbus	6
combo	6
comic	6
coming	6
commodore	6
compagnie	6
compiler	6
compton	6
computern	6
computerprogramm	6
computerspiel	6
computerspiele	6
computersystem	6
con	6
concierge	6
conner	6
connors	6
conny	6
constantine	6
containern	6
contra	6
control	6
controller	6
controlling	6
conway	6
cook	6
cookies	6
coolste	6
cord	6
cordoba	6
corey	6
corinne	6
cornelius	6
corner	6
cornflakes	6
cornwall	6
corporation	6
corps	6
cortez	6
cosima	6
cosmo	6
cotton	6
couchtisch	6
couleur	6
counsellor	6
count	6
coupe	6
coupon	6
courage	6
court	6
couscous	6
cousinen	6
cover	6
cracker	6
crash	6
crashkurs	6
crawley	6
cremen	6
cremes	6
cremig	6
crews	6
crichton	6
cristal	6
crixus	6
croissant	6
croissants	6
cromwell	6
crow	6
crown	6
crpes	6
crusher	6
crème	6
cuddy	6
cuina	6
cullen	6
cumberland	6
cupcakes	6
curie	6
curling	6
curly	6
curriculum	6
curry	6
currywurst	6
cutler	6
cutter	6
cuxhave	6
cyborg	6
dabeihaben	6
dachau	6
dachbod	6
dachdecker	6
dachfenst	6
dachgeschoss	6
dachgeschosswohnung	6
dachkonstruktion	6
dachorganisation	6
dachs	6
dachschaden	6
dachstuhl	6
dacht	6
dachtet	6
dachverband	6
dachziegel	6
dackel	6
dada	6
dag	6
dagelassen	6
daherkommen	6
dahingehend	6
dahintersteckt	6
dahlia	6
dai	6
dakar	6
dakota	6
daleks	6
dalli	6
dalmatien	6
damaskus	6
damenmannschaft	6
damentoilette	6
dampfbad	6
dampfen	6
dampflok	6
dampfmaschin	6
dampfmaschinen	6
dandy	6
dane	6
dankend	6
dankenweln	6
danksagung	6
danvers	6
danzig	6
daraus lässt sich ableiten	6
darbien	6
darbietung	6
darby	6
darein	6
darfur	6
dargeboten	6
dargelegen	6
dargestellt	6
darhk	6
dario	6
dark	6
darla	6
darlegen	6
darlegung	6
darlene	6
darmflora	6
darmkrebs	6
darmspiegelung	6
darnell	6
darstell	6
darstellbar	6
darsteller	6
darstellerin	6
darstellerinnen	6
dart	6
darts	6
dasein	6
daseinsberechtigung	6
daselbst	6
dash	6
dashboard	6
dasitzen	6
dasjenig	6
dateisyst	6
datenanalyse	6
datenaustausch	6
datenbanken	6
datenbasisn	6
datenblatt	6
datenerfassung	6
datenerhebung	6
datenlagen	6
datenmeng	6
datenmengen	6
datensammlung	6
datensatz	6
datenschutzbeauftragen	6
datenschutzbeauftragten	6
datenschützer	6
datensicherheit	6
datensicherung	6
datensätzen	6
datenträg	6
datenverarbeitung	6
datenverkehr	6
datenvolumen	6
datenübertragung	6
datieren	6
datierung	6
dativ	6
datteln	6
dau	6
dauerausstellung	6
dauerbrenn	6
dauereinsatz	6
dauerkaren	6
dauerkarn	6
dauerregen	6
dauerschleifen	6
dauerzustand	6
dauphin	6
davenport	6
davids	6
davidson	6
davidstern	6
davies	6
davongekommen	6
davongelaufen	6
davongetrag	6
davontrag	6
davy	6
days	6
dazugeben	6
dazugehören	6
dazugelernen	6
dazukommen	6
dazumal	6
ddr	6
ddt	6
dealen	6
deanna	6
debakel	6
debaten	6
debattieren	6
deborah	6
debra	6
dechant	6
deckblatt	6
deckeln	6
deckmantel	6
deckname	6
decknamen	6
decks	6
deckungsgleich	6
deeks	6
deeskalation	6
defeken	6
defensiv	6
defensiven	6
defiant	6
defibrillator	6
definiert	6
defizit	6
deflation	6
deftig	6
deg	6
degen	6
degeneration	6
degenerieren	6
deggendorf	6
degradieren	6
dehnen	6
dehnung	6
dei	6
deiben	6
deich	6
deienn	6
deinerseits	6
deinstallieren	6
deinstallierer	6
deka	6
dekad	6
dekade	6
dekadent	6
dekadenz	6
dekanat	6
deke	6
deklaration	6
deklarieren	6
deklination	6
deko	6
dekollet	6
dekonstruktion	6
dekor	6
dekoration	6
dekorationen	6
dekorativ	6
dekorieren	6
dekret	6
delaney	6
delawaren	6
delegationen	6
delegieren	6
delegierter	6
delfin	6
delfine	6
delia	6
delikatesse	6
delikatessen	6
deliken	6
delikt	6
dell	6
della	6
delle	6
dellen	6
delphi	6
delphin	6
demagog	6
dementi	6
dementieren	6
demenz	6
demgegenüber	6
demografie	6
demographie	6
demokraen	6
demokrat	6
demokraten	6
demokratien	6
demokratisierung	6
demolieren	6
demonstrant	6
demonstranten	6
demonstrativ	6
demonstriern	6
demontage	6
demontieren	6
demut	6
demütig	6
demütigend	6
demütigung	6
demütigungen	6
denis	6
denkanstoss	6
denkend	6
denker	6
denkfabrik	6
denkfehler	6
denkmalpflegen	6
denkmalschutz	6
denkmust	6
denkmäler	6
denkschrifen	6
denkweise	6
denkzettel	6
dent	6
dental	6
denunziation	6
denunzieren	6
denv	6
deo	6
deplatzieren	6
deponie	6
deponieren	6
deportation	6
deportationen	6
deportieren	6
depperen	6
depressiver	6
deprimieren	6
derartig	6
derartige	6
derb	6
derbe	6
deregulierung	6
dereinst	6
derivat	6
dermassen	6
dermatologie	6
derrasseken	6
derwisch	6
derzeitig	6
derzeitigen	6
desast	6
deserteure	6
desgleichen	6
designer	6
designerin	6
designieren	6
desinfektion	6
desinfektionsmittel	6
desinfizieren	6
desinformation	6
desinteresse	6
desinteressiert	6
despot	6
despoten	6
dessau	6
desseren	6
desserts	6
dessous	6
destabilisieren	6
destabilisierung	6
destillation	6
destiny	6
destruktiv	6
detailfragen	6
detailliert	6
detektei	6
detektive	6
detektor	6
detektoren	6
detonation	6
deutlichkeit	6
deutsches	6
deutschkenntnisse	6
deutschkurs	6
deutschlehrer	6
deutschlehrerin	6
deutschsprachig	6
deutschunterrichen	6
deutung	6
deutungshoheit	6
dev	6
devil	6
devise	6
devisen	6
devlin	6
dezent	6
dezentral	6
dezentralisierung	6
dezernat	6
dezibel	6
dezidiert	6
dezimieren	6
dia	6
diabet	6
diabetes	6
diabetiker	6
diadem	6
diagnosen	6
diagnostik	6
diagnostizieren	6
diagnostiziert	6
diagonal	6
diagonalen	6
diagramm	6
diagrammen	6
diakon	6
diakonie	6
dialektik	6
dialoge	6
dialyse	6
diamanen	6
diametral	6
diamond	6
diaspora	6
dichen	6
dichn	6
dichte	6
dichterin	6
dichtkunst	6
dichtmachen	6
dichtung	6
dickdarm	6
dickens	6
dickes	6
dickichen	6
dickie	6
dickköpfig	6
did	6
didaktik	6
didaktisch	6
didi	6
dieben	6
diebesgut	6
diebin	6
diebstahls	6
diebstähle	6
dieburg	6
diehen	6
diele	6
dielen	6
dien	6
diene	6
dienerin	6
dienlich	6
dienstagabend	6
dienstags	6
dienstboen	6
dienstgrad	6
dienstherr	6
dienstleister	6
dienstleistung	6
dienstleistungssektor	6
dienstleistungsunternehmen	6
dienstlich	6
dienstmarke	6
dienstpflicht	6
dienstplan	6
dienstreise	6
dienstreisen	6
dienststell	6
dienststelle	6
dienststellen	6
dienstverhältnis	6
dienstwaffe	6
dienstwagen	6
dienstzeit	6
dieselmotor	6
dieselmotoren	6
diesseits	6
dieter	6
diffamieren	6
diffamierung	6
differential	6
differentialgleichungen	6
differenzierung	6
diffusion	6
digge	6
digital	6
digitale	6
digitalisieren	6
digitalkamera	6
dijon	6
diktat	6
diktator	6
diktatorer	6
diktaturen	6
diktieren	6
diktierer	6
dildo	6
dilemma	6
dill	6
dillon	6
dimensionieren	6
dimitri	6
dina	6
dinah	6
dings	6
dinkel	6
dino	6
dinozzo	6
dion	6
dionysos	6
dip	6
diphtherie	6
diplomarbeit	6
diplomat	6
diplomaten	6
diplomatie	6
diplomatisch	6
diplomatische	6
diplomatischen	6
direkter	6
direktion	6
direktive	6
direktkandidat	6
direktkandidaten	6
direktmandat	6
direktoren	6
direktorium	6
direktors	6
direktwahl	6
dirigent	6
dirigier	6
dirigieren	6
dirn	6
dirndl	6
dirty	6
dis	6
disco	6
discount	6
diskette	6
disketten	6
disko	6
diskothek	6
diskotheken	6
diskreditieren	6
diskrepanz	6
diskrepanzen	6
diskriminieren	6
diskriminierend	6
diskurse	6
diskus	6
diskussionsrunden	6
disney	6
disneyland	6
displays	6
dispo	6
disposition	6
disput	6
disqualifizieren	6
diss	6
dissens	6
dissertatione	6
dissidenten	6
dissonanz	6
distanzieren	6
distanziert	6
distanzierung	6
distel	6
distribution	6
distrikt	6
disziplinarverfahren	6
disziplinieren	6
diva	6
diverse	6
diverser	6
diversifikation	6
diversifizierung	6
dividende	6
divisionen	6
dixie	6
diäen	6
diözese	6
diözesen	6
dobbs	6
dock	6
dodo	6
doge	6
doggett	6
dogma	6
dogmatik	6
dogmatisch	6
dogmen	6
dogs	6
doha	6
doing	6
doktorand	6
doktorarbeit	6
doktoren	6
doktortitel	6
doktrin	6
dokumenen	6
dokumentarfilm	6
dokumentarfilme	6
dokumentationen	6
dokumentieren	6
dokumentiern	6
dokumentiert	6
dokus	6
dolan	6
dollen	6
dolmetsch	6
dolmetscher	6
dolmetscherin	6
dolomien	6
dome	6
domina	6
dominanen	6
dominant	6
dominanten	6
dominanz	6
dominieren	6
dominik	6
dominikaner	6
dominique	6
domino	6
domizil	6
domkapitel	6
domplatz	6
domäne	6
domänen	6
donezk	6
dong	6
donnelly	6
donneren	6
donnergrollen	6
donnern	6
donnerstagabend	6
donnerstags	6
doo	6
doofe	6
door	6
dopamin	6
doping	6
doppelbett	6
doppeldecker	6
doppelgäng	6
doppelhaushälfen	6
doppelleben	6
doppelmoral	6
doppelmord	6
doppelpass	6
doppelpunken	6
doppelsieg	6
doppelter	6
doppelzimmer	6
doppl	6
dorado	6
doreen	6
dorfbewohn	6
dorfes	6
dorffest	6
dorfgemeinschaft	6
dorfkirch	6
dorfleben	6
dorfplatz	6
dormagen	6
dorn	6
dornbusch	6
dornen	6
dornröschen	6
dorota	6
dorsch	6
dos	6
dosieren	6
dosierer	6
dosierung	6
dossier	6
dossiers	6
dost	6
dotieren	6
dotiern	6
dottie	6
dotty	6
dougie	6
dover	6
downloaden	6
downton	6
dozenn	6
dozent	6
dozentin	6
drach	6
dragon	6
dragoner	6
drahen	6
drahtesel	6
drahtlos	6
drahtzieh	6
drain	6
drainagen	6
dramatik	6
dramatiker	6
dramaturg	6
dramaturgie	6
dramaturgisch	6
dramen	6
drangsalieren	6
drankriegen	6
drastisch	6
drau	6
draufgänge	6
drauflegen	6
dream	6
drechsler	6
drecksau	6
dreckschwein	6
dreckskerle	6
drecksloch	6
dreharbeien	6
dreharbeiten	6
drehbar	6
drehbuchautor	6
drehbüch	6
drehkreuz	6
drehleiter	6
drehmoment	6
drehort	6
drehscheiben	6
drehtag	6
drehung	6
drehungen	6
drehzahl	6
drehzahlen	6
dreidimensional	6
dreieck	6
dreiecke	6
dreieckig	6
dreieinhalb	6
dreifach	6
dreifaltigkeit	6
dreihunderen	6
dreijährig	6
dreiklang	6
dreiländereck	6
dreirad	6
dreist	6
dreister	6
dreistigkeit	6
dreizehnen	6
dresch	6
dresche	6
dress	6
dressing	6
dressur	6
drifen	6
drift	6
drill	6
drillingen	6
dringen	6
dringender	6
dringendes	6
dringlich	6
dringlichkeit	6
drittanbieter	6
dritteln	6
drittgrössten	6
drittstaat	6
drogenabhängig	6
drogenfahndung	6
drogenhandel	6
drogenhändler	6
drogenkonsum	6
drogenmissbrauch	6
drogensuchen	6
drogentest	6
drogerie	6
droiden	6
drollig	6
drop	6
drops	6
droriemarken	6
drossel	6
drosseln	6
drosselung	6
druckerei	6
druckereien	6
drucklufen	6
drucksach	6
druckwelle	6
druide	6
drumherum	6
drähen	6
drähte	6
drängeln	6
dröge	6
dröhnen	6
drüsen	6
dschihad	6
dschihadisen	6
dsl	6
dualismus	6
duane	6
dub	6
dubai	6
dubiose	6
dubois	6
dubrovnik	6
ducken	6
dud	6
dude	6
dudelsack	6
dudley	6
duellen	6
duett	6
dufen	6
duffy	6
dufte	6
duftet	6
duisburger	6
dukat	6
dukaten	6
dulde	6
duldung	6
dumas	6
dummchen	6
dummerweise	6
dummköpfe	6
dumpfbacke	6
dumpfer	6
dunbar	6
dung	6
dunham	6
dunkelblau	6
dunkelgrün	6
dunkelrot	6
dunkelsten	6
dunn	6
dunst	6
duos	6
dur	6
durant	6
durban	6
durcharbeien	6
durchblick	6
durchblutung	6
durchbohren	6
durchbrach	6
durchbrennen	6
durchbricht	6
durchbringen	6
durchbroch	6
durchbrochen	6
durchdenken	6
durchdreh	6
durchdringen	6
durchdringung	6
durchdrung	6
durchfahren	6
durchfall	6
durchfallen	6
durchfluss	6
durchführbar	6
durchgangsverkehr	6
durchgearbeiten	6
durchgebrannen	6
durchgedrehen	6
durchgedrung	6
durchgefallen	6
durchgehalten	6
durchgekommen	6
durchgelesen	6
durchgerechnen	6
durchgeschnitten	6
durchgesehen	6
durchgesickeren	6
durchgespieln	6
durchgestrichen	6
durchgezogen	6
durchgreifen	6
durchgängen	6
durchgängig	6
durchhalen	6
durchhaltevermögen	6
durchkommt	6
durchkreuzen	6
durchkreuzt	6
durchkämmen	6
durchlassen	6
durchlauchen	6
durchlaucht	6
durchlauf	6
durchlaufen	6
durchleben	6
durchleuchten	6
durchlässig	6
durchlässigkeit	6
durchmachst	6
durchmacht	6
durchmarsch	6
durchmesse	6
durchmesser	6
durchmischung	6
durchnässt	6
durchqueren	6
durchreise	6
durchsagen	6
durchschaubar	6
durchschlagen	6
durchschlagskraft	6
durchschneid	6
durchschneiden	6
durchschnittsalter	6
durchschnittseinkommen	6
durchschnittsgeschwindigkeit	6
durchschnittspreis	6
durchschnittstemperatur	6
durchschnittsweren	6
durchsehen	6
durchsetzbar	6
durchsetzung	6
durchsetzungsvermög	6
durchsichen	6
durchsichtig	6
durchspielen	6
durchstarten	6
durchsteh	6
durchstöbern	6
durchsuche	6
durchsuchten	6
durchsuchung	6
durchsuchungen	6
durchtrennt	6
durchwachsen	6
durchweg	6
durchwegs	6
durchzog	6
durchzug	6
durchzusetzen	6
durchzustehen	6
durchzuziehen	6
dus	6
dusch	6
duschgel	6
dustin	6
dusty	6
dutt	6
duzen	6
dynamisch	6
dynamische	6
dynamo	6
dynastie	6
dynastien	6
dystopie	6
däch	6
dämliches	6
dämme	6
dämmern	6
dämmerung	6
dämmung	6
dämpfe	6
dämpfen	6
dämpfer	6
dämpfung	6
dän	6
däne	6
dänen	6
dänisch	6
dödel	6
dörf	6
dörfch	6
dörfl	6
dübel	6
düfen	6
dümmer	6
dümmlich	6
dün	6
dünen	6
düng	6
düngemittel	6
dünger	6
düngung	6
dünndarm	6
dünnen	6
dünner	6
dünnschiss	6
dürftig	6
dürre	6
dürren	6
düse	6
düsen	6
earp	6
ebay	6
ebbe	6
ebben	6
ebenbürtig	6
ebendies	6
ebenerdig	6
ebenholz	6
ebensolch	6
eber	6
ebnen	6
ebola	6
echos	6
echse	6
echsen	6
echtheit	6
eckball	6
eckdan	6
eckig	6
eckpfeiler	6
eckpunken	6
eckstein	6
eclair	6
ecstasy	6
eddies	6
edding	6
edel	6
edelmann	6
edelmetall	6
edelstahl	6
edelstein	6
edelsteine	6
edelweiss	6
edikt	6
edinburgh	6
edison	6
editieren	6
editionen	6
editor	6
edmond	6
eduard	6
eduardo	6
edwin	6
eeg	6
eeinzelkin	6
efeun	6
effeken	6
effekten	6
effektivität	6
effektvoll	6
effizient	6
effizienzsteigerung	6
egli	6
egoisen	6
egoismus	6
egoisten	6
ehebruch	6
ehedem	6
ehegaten	6
eheleuen	6
ehemalig	6
ehepartner	6
eheschliessung	6
ehevertrag	6
ehm	6
ehrenamt	6
ehrenamtlich	6
ehrenamtlichen	6
ehrenbürg	6
ehrengast	6
ehrengä	6
ehrenhaft	6
ehrenkodex	6
ehrenmal	6
ehrenmann	6
ehrenmedaille	6
ehrenmitgleiden	6
ehrenmitglied	6
ehrenplatz	6
ehrenpreis	6
ehrensach	6
ehrentag	6
ehrentitel	6
ehrenvoll	6
ehrenwerte	6
ehrenzeichen	6
ehrfurchen	6
ehrfurcht	6
ehrfürchtig	6
ehrlichen	6
ehrn	6
ehrt	6
ehrung	6
ehrungen	6
eiablage	6
eiche	6
eichel	6
eicheln	6
eichen	6
eichenholz	6
eidechse	6
eidechsen	6
eidgenossen	6
eidgenossenschaft	6
eierkuch	6
eierlikör	6
eierstöcken	6
eifel	6
eifer	6
eifersuchen	6
eiffelturm	6
eifrig	6
eiförmig	6
eigelb	6
eigenanteil	6
eigenaren	6
eigenartige	6
eigenbederfen	6
eigendynamik	6
eigenem	6
eigengewichen	6
eigenheim	6
eigenhein	6
eigenhändig	6
eigeninitiativen	6
eigeninteresse	6
eigenkapital	6
eigenkompositionen	6
eigenleben	6
eigenleistung	6
eigenmarken	6
eigenmächtig	6
eigennamen	6
eigennutz	6
eigenproduktion	6
eigenschafen	6
eigensinnig	6
eigenständig	6
eigenständigkeit	6
eigentlichen	6
eigentor	6
eigentumsrechen	6
eigentumswohnung	6
eigentümerin	6
eigentümlich	6
eigenverantwortlich	6
eigenverantwortung	6
eigenverbrauch	6
eigenwerbung	6
eigenwillig	6
eigner	6
eignet	6
eignung	6
eiland	6
eileen	6
eilen	6
eilmeldung	6
eilverfahren	6
einarbeitung	6
einbahnstrasse	6
einband	6
einbau	6
einbauen	6
einbauküch	6
einbauten	6
einbehalten	6
einberufung	6
einbestellen	6
einbetten	6
einbettung	6
einbeziehen	6
einbeziehung	6
einbezug	6
einbinden	6
einbindung	6
einblend	6
einblendung	6
einblicken	6
einbrech	6
einbringung	6
einbrüche	6
einbussen	6
einbürgern	6
einbürgerung	6
einbüssen	6
einchecken	6
eincremen	6
eindeutige	6
eindeutigkeit	6
eindimensional	6
eindringlich	6
eindrucksvoll	6
eindrucksvoller	6
eindrücken	6
eindrücklich	6
eindämmen	6
eindämmung	6
einengen	6
einfachheit	6
einfachste	6
einfachsten	6
einfahren	6
einfalen	6
einfall	6
einfallsreich	6
einfallsreichtum	6
einfamilienhaus	6
einfamilienhäus	6
einfang	6
einfarbig	6
einfassen	6
einfassung	6
einfliegen	6
einfliessen	6
einflussbereich	6
einflussfaktoren	6
einflussnahmen	6
einflussreich	6
einfordern	6
einfrieren	6
einfuhr	6
einfälle	6
einfältig	6
einfügen	6
einfühlsam	6
einfühlungsvermögen	6
einführungen	6
eingabe	6
eingangs	6
eingangsbereich	6
eingangshallen	6
eingangstor	6
eingangstür	6
eingearbeiten	6
eingeatmen	6
eingeben	6
eingebilden	6
eingeblenden	6
eingeboren	6
eingeborenen	6
eingebracht	6
eingebrannen	6
eingebung	6
eingebüsst	6
eingechecken	6
eingecheckt	6
eingedeutscht	6
eingedrücken	6
eingefall	6
eingefunden	6
eingefädelt	6
eingefärben	6
eingeführt	6
eingegeben	6
eingegliederen	6
eingehalten	6
eingehend	6
eingeholt	6
eingehüllen	6
eingekauft	6
eingekehren	6
eingekleiden	6
eingeklemmt	6
eingeladenen	6
eingelageren	6
eingelegt	6
eingeleitet	6
eingelesen	6
eingeläuten	6
eingelösen	6
eingemauern	6
eingemeindung	6
eingemischt	6
eingenisten	6
eingeordnen	6
eingepacken	6
eingeplant	6
eingeprägen	6
eingerechnen	6
eingereden	6
eingeredet	6
eingereihen	6
eingerissen	6
eingerostet	6
eingesammeln	6
eingeschleppen	6
eingeschleust	6
eingeschläferen	6
eingeschmolzen	6
eingeschniten	6
eingeschoben	6
eingeschränkt	6
eingeschätzt	6
eingeschüchtern	6
eingeschüchtert	6
eingesehen	6
eingespennen	6
eingespieln	6
eingesprungen	6
eingestanden	6
eingesteckt	6
eingestehen	6
eingestiegen	6
eingestochen	6
eingestuft	6
eingeständnis	6
eingestürzen	6
eingetaucht	6
eingetauschen	6
eingetauscht	6
eingeteilt	6
eingewandern	6
eingeweiht	6
eingeweihte	6
eingewickelt	6
eingewiesen	6
eingewilligen	6
eingeworfen	6
eingewöhnung	6
eingezahlen	6
eingezeichnen	6
eingeäschern	6
eingeüben	6
eingliederung	6
eingraben	6
eingravieren	6
eingrenzen	6
eingrenzung	6
eingriffe	6
eingänge	6
eingängig	6
einheimisch	6
einheimische	6
einheitlich	6
einheitlichkeit	6
einheitsbrei	6
einhellig	6
einhergehend	6
einhorn	6
einhunderen	6
einhundert	6
einhörner	6
einigermaßen	6
einigkeit	6
einjagen	6
einkalkulieren	6
einkaufsliste	6
einkaufsmöglichkeiten	6
einkaufsstrasse	6
einkaufstasch	6
einkaufswagen	6
einkaufszentren	6
einkehr	6
einkehren	6
einkesseln	6
einklemmen	6
einkommenssteuer	6
einkommensteuer	6
einkommensverteilung	6
einkäufe	6
einkäufer	6
einkünfte	6
einladend	6
einlage	6
einlagen	6
einlagern	6
einlagerung	6
einlass	6
einlassung	6
einlauf	6
einlaufen	6
einlenken	6
einlese	6
einleucht	6
einleuchtend	6
einliefern	6
einlieferung	6
einloggen	6
einlässt	6
einläuten	6
einlösen	6
einlösung	6
einmaleins	6
einmalzahlung	6
einmarsch	6
einmarschieren	6
einmischung	6
einmündung	6
einmütig	6
einnahmequellen	6
einordnen	6
einordnung	6
einpflanzen	6
einplanen	6
einprägen	6
einquartieren	6
einrahmen	6
einreden	6
einreichung	6
einreise	6
einreisen	6
einreiseverbot	6
einreissen	6
einrichtungen	6
einrichtungsgegenständ	6
einräumen	6
einrücken	6
einsammeln	6
einsatzbereitschaft	6
einsatzfahrzeug	6
einsatzfähig	6
einsatzgebien	6
einsatzgebiet	6
einsatzkräften	6
einsatzleiter	6
einsatzleitung	6
einsatzmöglichkeit	6
einsatzort	6
einsatzzeit	6
einsatzzweck	6
einschaltquoten	6
einschaltung	6
einschenken	6
einschliegen	6
einschliessen	6
einschließen	6
einschluss	6
einschläfern	6
einschläge	6
einschlägig	6
einschneten	6
einschnitt	6
einschreiben	6
einschreiten	6
einschränken	6
einschub	6
einschulung	6
einschätzungen	6
einschüchter	6
einschüchterung	6
einsehbar	6
einseitigkeit	6
einsendeschluss	6
einsendung	6
einser	6
einsetzbar	6
einsetzung	6
einsichen	6
einsicht	6
einsichtig	6
einsiedl	6
einsortieren	6
einsparangen	6
einsparen	6
einsparung	6
einspeisen	6
einspeisung	6
einspiel	6
einspielen	6
einspielung	6
einspring	6
einspringen	6
einspritzung	6
einsprüch	6
einstand	6
einsteiger	6
einstimmen	6
einstimmig	6
einstimmung	6
einstmals	6
einstreich	6
einstudieren	6
einstufen	6
einstufung	6
einsturz	6
einstweilen	6
einstweilige	6
einstürzen	6
eintauchen	6
eintauschen	6
einteilen	6
einteilung	6
eintopf	6
eintrachen	6
eintragen	6
eintragung	6
eintragungen	6
eintreiben	6
eintrifft	6
eintrittskarn	6
eintrittspreis	6
eintönig	6
einvernehmen	6
einvernehmlich	6
einverständnis	6
einwand	6
einwanderer	6
einwandern	6
einwanderung	6
einwanderungsbehörde	6
einwanderungsland	6
einwandfrei	6
einwechseln	6
einwechslung	6
einweichen	6
einweihen	6
einweihung	6
einweisen	6
einweisung	6
einwendung	6
einwerfen	6
einwickeln	6
einwilligen	6
einwilligung	6
einwirken	6
einwirkung	6
einwirkungen	6
einwohnerzahl	6
einwurf	6
einzahlen	6
einzahlung	6
einzahlungen	6
einzelfälle	6
einzelgäng	6
einzelgänger	6
einzelheit	6
einzelhändler	6
einzelkind	6
einzelkämpfer	6
einzelner	6
einzelperson	6
einzelpersonen	6
einzelstück	6
einzelstücke	6
einzelteil	6
einzeltäter	6
einzelunternehmen	6
einzelwertung	6
einzelzimm	6
einziehung	6
einzigartigen	6
einzigartigkeit	6
einzubrechen	6
einzudringen	6
einzufangen	6
einzugsbereich	6
einzugsgebiet	6
einzuhalten	6
einzulassen	6
einzumischen	6
einzunehmen	6
einzuordn	6
einzusperren	6
eisbahn	6
eisberg	6
eisbrech	6
eisbär	6
eisbären	6
eiscrem	6
eisdielen	6
eisenbahnbrücken	6
eisenbahnen	6
eisenbahner	6
eisenbahngesellschaft	6
eisenechen	6
eisenerz	6
eisenhüttenstadt	6
eisenstadt	6
eisenzeit	6
eisern	6
eiserne	6
eisernen	6
eishallen	6
eisig	6
eiskunstlauf	6
eislaufen	6
eisleben	6
eismaschinen	6
eisprung	6
eisschnelllauf	6
eistee	6
eiswasse	6
eiswürfel	6
eiszeit	6
eitel	6
eitelkeit	6
eiter	6
eiweiss	6
eizell	6
ejakulation	6
ekelig	6
ekg	6
eklat	6
eklatant	6
ekstase	6
ekz	6
elan	6
elanna	6
elastisch	6
elastizität	6
elch	6
eldorado	6
elegante	6
eleganter	6
eleganz	6
elektrifizierung	6
elektrik	6
elektriker	6
elektrisch	6
elektrisches	6
elektrizitätswerk	6
elektroantreiben	6
elektroauto	6
elektroautos	6
elektrod	6
elektrode	6
elektrofahrzeug	6
elektrogeräte	6
elektroindustrie	6
elektrolyse	6
elektromobilität	6
elektromotor	6
elektron	6
elektronen	6
elektroniker	6
elektronisch	6
elektronischen	6
elektroschocker	6
elektroschrott	6
elektrotechnik	6
elektrotechniker	6
elemenen	6
elementar	6
elementarteilchen	6
elende	6
elenden	6
elendig	6
eleve	6
elfe	6
elfenbein	6
elfer	6
elfmet	6
elfmeterschiessen	6
elft	6
elia	6
eliminiert	6
eliminierung	6
elin	6
elitär	6
eliza	6
elle	6
ellenbogen	6
eller	6
elliott	6
ellipse	6
elliptisch	6
elmer	6
eloquent	6
elsass	6
else	6
elst	6
elsässer	6
elternabend	6
elterngeld	6
elternhaus	6
elternschaft	6
elternzeit	6
elton	6
elysium	6
emanzipation	6
emanzipieren	6
embargo	6
emblem	6
embryesen	6
embryo	6
embryonen	6
emerson	6
emigranen	6
emigration	6
emile	6
emilie	6
emilys	6
eminenen	6
emirat	6
emirate	6
emission	6
emissionshandel	6
emittent	6
emittieren	6
emmer	6
emoji	6
emotion	6
emotionalität	6
emotionslos	6
empathie	6
empathisch	6
empfehlenswern	6
empfehlungsschreiben	6
empfindlichkeit	6
empfindung	6
empfindungen	6
empfingen	6
empfänglich	6
empfängnis	6
empirie	6
empirisch	6
empor	6
empore	6
empören	6
empörend	6
empörte	6
ems	6
emsig	6
emu	6
emulator	6
endergebnis	6
endest	6
endgegn	6
endgeraten	6
endgeräte	6
endgültige	6
endkampf	6
endkund	6
endlag	6
endlagerung	6
endlichkeit	6
endlose	6
endlosen	6
endlosschleifen	6
endlösung	6
endphase	6
endprodukt	6
endpunken	6
endrunde	6
endsieg	6
endspiel	6
endspurt	6
endstadium	6
endstation	6
endstehen	6
endung	6
endungen	6
endverbrauch	6
endzeit	6
endziel	6
energetisch	6
energiebedarf	6
energieberatung	6
energiedichen	6
energieeffizienz	6
energieeinsparung	6
energieerzeugung	6
energiegewinnung	6
energiekonzern	6
energiekosn	6
energiepolitik	6
energiequelle	6
energiequellen	6
energiesparen	6
energiespeich	6
energietechnik	6
energieträg	6
energieunternehmen	6
energieverbrauch	6
energieversorg	6
energieversorgung	6
energiewend	6
energiewirtschaft	6
energisch	6
engadin	6
engagierte	6
engelchen	6
engeln	6
englischer	6
englischkenntnis	6
englischunterricht	6
english	6
engländerin	6
engpass	6
engpässe	6
engsten	6
enkelkind	6
enkelkinder	6
enkeltochter	6
enklave	6
enn	6
enormen	6
enrique	6
ent	6
entarten	6
entartet	6
entbehren	6
entbehrlich	6
entbehrungen	6
entbinden	6
entbindet	6
entbindung	6
entblösst	6
entbrennen	6
entbunden	6
entdecker	6
entdeckungen	6
entdeckungsreise	6
entehrt	6
enteignen	6
enteignung	6
entenn	6
enterprises	6
entertainer	6
entfachen	6
entfalten	6
entfaltung	6
entferne	6
entfernten	6
entfernter	6
entfernungen	6
entfesseln	6
entflammt	6
entfremden	6
entfremdung	6
entführ	6
entführte	6
entführten	6
entführungen	6
entgegengenommen	6
entgegengesetzen	6
entgegenkommen	6
entgegennahme	6
entgegennehmen	6
entgegensetzen	6
entgegenstellen	6
entgegenwirken	6
entgegnen	6
entgelen	6
entgeln	6
entgiftung	6
entging	6
entgleisen	6
entgleisung	6
enthaltsamkeit	6
enthaltung	6
enthaupten	6
enthauptung	6
enthielt	6
enthoben	6
enthusiasmus	6
enthusiasn	6
enthusiastisch	6
enthüllt	6
enthüllung	6
entität	6
entkamen	6
entkleid	6
entkleiden	6
entkommst	6
entkoppeln	6
entkräften	6
entlad	6
entladen	6
entladung	6
entlarven	6
entlarvt	6
entlasten	6
entlastet	6
entlastung	6
entleeren	6
entleern	6
entleerung	6
entlehnen	6
entlocken	6
entlohnen	6
entlohnung	6
entlässt	6
entmachten	6
entmachtung	6
entmutigen	6
entnahmen	6
entnervt	6
entnommen	6
entouragen	6
entpuppen	6
entreissen	6
entrichten	6
entrinnen	6
entropie	6
entrückt	6
entrüsten	6
entrüstung	6
entscheid	6
entscheidenden	6
entscheidungsfindung	6
entscheidungsfreiheit	6
entscheidungshilfe	6
entscheidungsprozess	6
entscheidungsprozesse	6
entscheidungsspiel	6
entscheidungsträg	6
entschliessung	6
entschlossenheit	6
entschlüsselt	6
entschlüsselung	6
entschädigen	6
entschädigungen	6
entschärft	6
entschärfung	6
entsenden	6
entsendung	6
entsetzen	6
entsichert	6
entsorgen	6
entsorgt	6
entsorgung	6
entspanne	6
entspannend	6
entsprechung	6
entspringen	6
entsprung	6
entstammen	6
entstehungsgeschichen	6
entstehungszeit	6
entstellen	6
enttarnen	6
enttarnt	6
enttäusche	6
enttäuschend	6
enttäuschten	6
enttäuschungen	6
entwachsen	6
entwaffnen	6
entwarf	6
entwarnung	6
entweichen	6
entwenden	6
entwendet	6
entwerfen	6
entwerten	6
entwertung	6
entwicklungen	6
entwicklungsgeschichen	6
entwicklungshilfe	6
entwicklungsland	6
entwicklungsländ	6
entwicklungsmöglichkeien	6
entwicklungsphase	6
entwicklungspolitik	6
entwicklungsprozess	6
entwicklungsstinden	6
entwicklungszeit	6
entwicklungszusammenarbeit	6
entwässerung	6
entwürfe	6
entziehung	6
entziffern	6
entzogen	6
entzugserscheinungen	6
entzücken	6
entzückende	6
entzünden	6
entzündung	6
entzündungen	6
enzyklopädie	6
enzym	6
enzymen	6
ep	6
epidemie	6
epidemiologie	6
epikn	6
epilepsie	6
epilog	6
episch	6
episoden	6
epizentrum	6
epos	6
erachten	6
erahnen	6
erarbeitung	6
erbarme	6
erbarmungslos	6
erbauen	6
erbauer	6
erbauung	6
erbeten	6
erbeuen	6
erbeuten	6
erbfolge	6
erbgut	6
erbin	6
erbitte	6
erbitten	6
erbittert	6
erblasser	6
erblich	6
erblichen	6
erblicken	6
erblinden	6
erblüh	6
erbost	6
erbrechen	6
erbringen	6
erbringung	6
erbschafen	6
erbschaft	6
erbschaftssteu	6
erbschaftsteuer	6
erbse	6
erbärmliche	6
erbärmlichen	6
erdachen	6
erdarbeien	6
erdatmosphär	6
erdball	6
erdboden	6
erderwärmung	6
erdgas	6
erdkru	6
erdkund	6
erdnuss	6
erdnüs	6
erdoberfläch	6
erdreich	6
erdrosseln	6
erdrutsch	6
erdrücken	6
erdrückend	6
erduld	6
erdöl	6
ere	6
ereignen	6
ereignet	6
ereilen	6
erektion	6
erfahrbar	6
erfahrener	6
erfahrungsaustausch	6
erfahrungsberichen	6
erfahrungsweren	6
erfas	6
erfinde	6
erfinderisch	6
erfindet	6
erfindungen	6
erfolge	6
erfolgreichen	6
erfolgsaussichen	6
erfolgschancen	6
erfolgserlebnis	6
erfolgsfaktor	6
erfolgsfaktoren	6
erfolgsgeschichen	6
erfolgsmodell	6
erfolgsquote	6
erfolgsrezept	6
erfolgsserie	6
erfolgsstory	6
erfolgversprechend	6
erfordernis	6
erforscht	6
erfragen	6
erfreulich	6
erfreulicherweise	6
erfreun	6
erfrieren	6
erfrischen	6
erfrischend	6
erfrischung	6
erfroren	6
erfülle	6
erfüllte	6
erg	6
ergattern	6
ergebe	6
ergebnislos	6
ergebt	6
ergehen	6
ergeht	6
ergiebig	6
ergiesst	6
ergo	6
ergotherapie	6
ergreifend	6
ergreifung	6
ergründen	6
ergänzend	6
ergänzungen	6
ergüssen	6
erhaben	6
erhaltungszustand	6
erhaschen	6
erheiterung	6
erhellen	6
erhitzen	6
erhobenen	6
erhoffen	6
erholsam	6
erhältst	6
erhängen	6
erhängt	6
erhärten	6
erhöhte	6
erhöhungen	6
erhören	6
erhört	6
erich	6
erinner	6
erinnerungskultur	6
eritrea	6
erkannten	6
erkenntnisgewinn	6
erkenntnistheorie	6
erkennung	6
erkennungszeichen	6
erker	6
erklimmen	6
erkling	6
erklingen	6
erklingt	6
erklommen	6
erklärbar	6
erkoren	6
erkranken	6
erkrankt	6
erkundigen	6
erkundigt	6
erkundung	6
erkundungen	6
erkälten	6
erkältungen	6
erkämpfen	6
erlangt	6
erlangung	6
erlass	6
erlasse	6
erlaubst	6
erlebbar	6
erlebe	6
erlebnisse	6
erlebnissen	6
erlebnisweln	6
erlebst	6
erlebte	6
erledigst	6
erledigung	6
erlegen	6
erlegt	6
erleichteren	6
erleichterungen	6
erlen	6
erlernen	6
erleuchn	6
erleuchten	6
erleuchtet	6
erliegen	6
erlischen	6
erlosch	6
erloschen	6
erlässt	6
erläuterung	6
erläuterungen	6
erlös	6
erlöschen	6
erlöse	6
erlöser	6
ermahnen	6
ermahnung	6
ermessen	6
ermittl	6
ermittlungsbehörden	6
ermittlungsverfahren	6
ermordeten	6
ermuntern	6
ermutigen	6
ermutigend	6
ermutigt	6
ermutigung	6
ermächtigen	6
ermächtigung	6
ermässigen	6
ermässigung	6
ermüden	6
ermüdend	6
ermüdung	6
ern	6
ernen	6
ernenne	6
ernennen	6
ernennung	6
ernest	6
ernesto	6
erneuern	6
erneuert	6
erniedrigen	6
erniedrigend	6
erniedrigt	6
erniedrigung	6
ernsten	6
ernstfall	6
ernstgenommen	6
ernsthaften	6
ernsthaftes	6
ernsthaftigkeit	6
ernstlich	6
ernstnehmen	6
erntedank	6
erntedankfest	6
erntehelf	6
erntezeit	6
ernährungsweise	6
ernüchternd	6
ernüchterung	6
erober	6
eroberung	6
eroberunge	6
erosion	6
erotisch	6
erpresser	6
erproben	6
erprobung	6
errang	6
errechnen	6
erreg	6
erregend	6
erregung	6
erreichbarkeit	6
erreichst	6
erreichten	6
errettung	6
erringen	6
errungenschafen	6
errungenschaft	6
ersatzbank	6
ersatzlos	6
ersatzmann	6
ersatzspiel	6
ersatzteil	6
ersatzteile	6
ersatzweise	6
ersaufen	6
erschafft	6
erscheine	6
erscheinungsbild	6
erscheinungsdatum	6
erscheinungsformen	6
erscheinungsjahr	6
erschiessen	6
erschiesst	6
erschiessung	6
erschliessen	6
erschliesst	6
erschliessung	6
erschloss	6
erschuf	6
erschweren	6
erschwerend	6
erschwinglich	6
erschöpfen	6
erschöpfung	6
erschüttern	6
erschütternd	6
erschütterung	6
erschütterungen	6
ersehen	6
ersehnt	6
ersetzbar	6
ersetzung	6
erspar	6
erspare	6
ersparnis	6
ersparnisse	6
ersparnissen	6
erstand	6
erstarken	6
erstarren	6
erstatn	6
erstattet	6
erstattung	6
erstaufführung	6
erstauflage	6
erstaunen	6
erstaunlicherweise	6
erstausgabe	6
erstausstrahlung	6
erstechen	6
erstehen	6
ersteigern	6
erstgeborene	6
ersthelfer	6
erstichen	6
ersticke	6
erstklassig	6
erstklassige	6
erstklässler	6
erstlingswerk	6
erstmalig	6
erstrahlen	6
erstrebenswern	6
erstrecken	6
erstsemester	6
erststimmen	6
erstürmung	6
ersuchen	6
ertappen	6
ertappt	6
erteile	6
erteilung	6
ertrag	6
ertrank	6
ertrinkt	6
ertrug	6
erträge	6
erträgen	6
erträglich	6
erträgt	6
ertränken	6
ertränkt	6
erträumt	6
ertönen	6
ertüchtigung	6
eruieren	6
eruption	6
erwachsenenalter	6
erwachsenenbildung	6
erwachsenwerden	6
erwachte	6
erwarteten	6
erwartung	6
erwartungshaltung	6
erwartungsvoll	6
erwartungswern	6
erweichen	6
erweiterbar	6
erweitert	6
erweiterungen	6
erweiterungsbau	6
erwerber	6
erwerbsarbeit	6
erwerbsleben	6
erwerbstätig	6
erwerbstätigen	6
erwerbstätigkeit	6
erwidert	6
erwiderung	6
erwiesenermassen	6
erwin	6
erwirken	6
erwirtschaften	6
erwog	6
erworben	6
erwägen	6
erwählt	6
erwähnenswern	6
erwähnst	6
erwähnungen	6
erwärmen	6
erwärmung	6
erz	6
erzbischöfe	6
erzbistum	6
erzdiözes	6
erzengel	6
erzeug	6
erzeugnis	6
erzeugung	6
erzfeind	6
erzgebirge	6
erzherziehen	6
erzieh	6
erzieherin	6
erzieherinnen	6
erziehungswissenschaft	6
erzielt	6
erzielung	6
erzittern	6
erzrivalen	6
erzwingen	6
erzählweise	6
erzürnen	6
eröffne	6
eröffnungsfeier	6
eröffnungsred	6
eröffnungsspiel	6
erörterung	6
erübrigen	6
es bedarf einer genaueren betrachtung	6
esch	6
eschen	6
escobar	6
eskalation	6
eskalieren	6
eskaliern	6
eskapaden	6
eskimo	6
eskorn	6
esoterik	6
espen	6
esperanto	6
espresso	6
esprit	6
ess	6
essay	6
essbar	6
essens	6
essensreste	6
essentiell	6
essenz	6
essenziell	6
esser	6
essex	6
essgewohnheiten	6
essig	6
essigsäuren	6
esslöffel	6
essstörungen	6
esstisch	6
esszimm	6
este	6
esteban	6
estelle	6
esten	6
ester	6
estlehen	6
estrich	6
eta	6
etablierung	6
etablissement	6
etagen	6
etappen	6
etat	6
etats	6
eth	6
ethanol	6
ethernen	6
ethikkommission	6
ethisch	6
ethnie	6
ethnisch	6
ethnizität	6
ethnologie	6
ethos	6
etienne	6
etiketn	6
etikett	6
etliche	6
etui	6
etymologie	6
eu	6
eucharistie	6
eugenik	6
eulen	6
eulenspiegel	6
euphemismus	6
euphorie	6
euphorisch	6
euphrat	6
europameister	6
europameisterin	6
europameisterschaft	6
europameisterschaften	6
europaparlamenen	6
europapokal	6
europapolitik	6
europarat	6
europarecht	6
europawahl	6
europawahlen	6
europaweit	6
europäisch	6
europäische	6
europäischen	6
euroraum	6
eurovision	6
eut	6
euthanasie	6
evaluation	6
evaluieren	6
evaluiert	6
evaluierung	6
evangelisch	6
evangelisen	6
evangelium	6
even	6
evenen	6
event	6
eventualitäen	6
ever	6
evergree	6
every	6
everybody	6
evidence	6
evidenz	6
evie	6
evil	6
evolutionstheorie	6
evolutionär	6
ewiger	6
ewiges	6
ewigkeien	6
ewing	6
ex-freund	6
ex-freundin	6
exakte	6
examen	6
excalibur	6
exegese	6
exekutieren	6
exekution	6
exempel	6
exemplare	6
exemplarisch	6
exfreund	6
exfreundin	6
existent	6
existenzberechtigung	6
existenzgrundlage	6
existenzgründer	6
existenzgründung	6
existenziell	6
existenzminimum	6
existiere	6
existierst	6
existierte	6
exklave	6
exklusivität	6
exkommunikation	6
exkurs	6
exkursion	6
exkursionen	6
exmann	6
exodus	6
exorbitant	6
exorzismus	6
exoten	6
exotisch	6
exotische	6
expandieren	6
expansion	6
expeditionen	6
experimenn	6
experimentell	6
experimenten	6
experimentieren	6
experimentiert	6
expertenkommission	6
expertinnen	6
expertise	6
explizit	6
explodier	6
exploration	6
explosiv	6
exponaten	6
exponenen	6
exponentiell	6
exporen	6
exporteur	6
exportieren	6
expos	6
exposition	6
expressionismus	6
exquisit	6
extension	6
extern	6
extrahieren	6
extrakt	6
extraktion	6
extras	6
extravagant	6
extremen	6
extremfall	6
extremisen	6
extremismus	6
extremitäten	6
exzellente	6
exzentrisch	6
exzess	6
exzesse	6
exzessiv	6
eye	6
eyeliner	6
fabel	6
fabelhafte	6
fabeln	6
fabelwesen	6
fabian	6
fabrikanen	6
fabrikarbeiter	6
fabrikation	6
fabriken	6
fabrizieren	6
facette	6
facettenreich	6
fachabitur	6
fachabteilung	6
fachabteilunge	6
fachanwalt	6
facharbeit	6
fachartikel	6
facharzen	6
fachbegriff	6
fachbegriffe	6
fachberat	6
fachbereich	6
fachbesuch	6
fachbuch	6
fachbüch	6
fachen	6
fachfrau	6
fachgebien	6
fachgebiet	6
fachgerechen	6
fachgeschäft	6
fachgruppe	6
fachhandel	6
fachhochschule	6
fachhochschulen	6
fachhochschulreifen	6
fachhändl	6
fachinformatik	6
fachjury	6
fachkenntnisse	6
fachkompetenz	6
fachkraft	6
fachkräftemangel	6
fachlehrer	6
fachleute	6
fachlich	6
fachliteratur	6
fachmagazin	6
fachmann	6
fachmesse	6
fachmännisch	6
fachoberschule	6
fachpersonal	6
fachpressen	6
fachrichtung	6
fachschaft	6
fachschule	6
fachsprach	6
fachtagung	6
fachverband	6
fachwelen	6
fachwerk	6
fachwerkhaus	6
fachwissen	6
fachzeitschrifen	6
fachärzen	6
fachärztin	6
fackel	6
fackeln	6
fad	6
fadenkreuz	6
fagott	6
fahnder	6
fahnenträger	6
fahranfänger	6
fahrbahnen	6
fahrbahnrand	6
fahrdienst	6
fahrenheit	6
fahrerflucht	6
fahrerlaubnis	6
fahrersitz	6
fahrgast	6
fahrgemeinschafen	6
fahrgestell	6
fahrgäste	6
fahrkarten	6
fahrlehr	6
fahrlässig	6
fahrlässigkeit	6
fahrplan	6
fahrradfahr	6
fahrradfahren	6
fahrradhelm	6
fahrradständ	6
fahrradtour	6
fahrradweg	6
fahrräd	6
fahrschein	6
fahrschule	6
fahrspur	6
fahrspuren	6
fahrstreifen	6
fahrtkosen	6
fahrtrichtung	6
fahrtwind	6
fahrverbot	6
fahrverhalten	6
fahrwasser	6
fahrweg	6
fahrweise	6
fahrwerk	6
fahrzeit	6
fahrzeugbau	6
fahrzeugführe	6
fahrzeughalter	6
faible	6
faire	6
fairen	6
fairer	6
fairness	6
faksimil	6
faktencheck	6
faktum	6
fakultäten	6
falafel	6
falcon	6
falcone	6
falk	6
falken	6
falkner	6
fallbeispiel	6
fallend	6
fallengelasse	6
falles	6
fallhöhe	6
fallon	6
fallout	6
fallschirmjäger	6
fallschirmspringer	6
fallstricke	6
fallstudie	6
fallweise	6
fallzahlen	6
faln	6
falschaussage	6
falschgeld	6
falschmeldung	6
falschmeldungen	6
faltblatt	6
falter	6
familienangehörig	6
familienangehörigen	6
familienbesitz	6
familienbetrieb	6
familiendrama	6
familienfeier	6
familienfeiern	6
familienfest	6
familienkreis	6
familienleben	6
familienministerin	6
familienmitglied	6
familienmitglieder	6
familiennachzug	6
familienname	6
familiennamen	6
familienplanung	6
familienpolitik	6
familienrechen	6
familientreffen	6
familienunternehmen	6
familienvater	6
familienzusammenführung	6
familiär	6
familiärer	6
family	6
fanartikel	6
fanatiker	6
fanatisch	6
fanatismus	6
fanclub	6
fanclubs	6
fanfar	6
fangemeinde	6
fantastischen	6
fantastischer	6
fantastisches	6
far	6
farbenspiel	6
farbgebung	6
farbig	6
farbige	6
farbigen	6
farbigkeit	6
farblos	6
farbstoff	6
farbstoffe	6
farbton	6
farce	6
farrell	6
farsi	6
fas	6
fasching	6
faschisen	6
faschisn	6
faschisten	6
faschistisch	6
faseln	6
fasen	6
faser	6
fasern	6
fassaden	6
fassbinder	6
fassungslos	6
fassungsvermögen	6
fastenzeit	6
fastfood	6
faszination	6
faszinieren	6
faszinierende	6
faszinierender	6
fasziniern	6
fatal	6
father	6
fauchen	6
faucht	6
faule	6
faulenz	6
fauler	6
faulheit	6
faun	6
fauna	6
faustregel	6
faustschliegen	6
fauxpa	6
favor	6
favorisieren	6
favoritin	6
fawlty	6
fax	6
faxe	6
faxen	6
fay	6
fayed	6
fbi-agent	6
fbi-agenten	6
fe	6
fechten	6
fechter	6
federal	6
federführend	6
federung	6
fegefeuer	6
fegen	6
fehde	6
fehlalarm	6
fehlanzeig	6
fehlbildungen	6
fehleinschätzung	6
fehlentscheidung	6
fehlentwicklungen	6
fehlerfrei	6
fehlerhaft	6
fehlerhafter	6
fehlermeldung	6
fehlerquelle	6
fehlerquote	6
fehlfunktion	6
fehlgeburt	6
fehlschlag	6
fehlschlagen	6
fehlstart	6
fehlten	6
fehltreiten	6
fehlverhaln	6
feiere	6
feierlich	6
feierlichkeit	6
feierlichkeiten	6
feierstund	6
feigen	6
feiger	6
feigheit	6
feil	6
feilen	6
feilschen	6
feindbild	6
feindlich	6
feindschaft	6
feindselig	6
feindseligkeien	6
feindseligkeit	6
feinfühlig	6
feingefühl	6
feinheien	6
feinheit	6
feinkost	6
feinschliff	6
feinschmeck	6
feinstaub	6
feinsten	6
feist	6
feldarbeit	6
feldern	6
feldherr	6
feldherren	6
feldmarschall	6
feldspieler	6
feldweg	6
feldzug	6
feldzüge	6
felge	6
felgen	6
felicia	6
felipe	6
felsbrocken	6
felsenfest	6
felswand	6
feminisn	6
feministin	6
feministinnen	6
feministisch	6
fen	6
fenchel	6
fend	6
fengen	6
fensterbank	6
fensterbrett	6
fensterläden	6
fensterrahmen	6
fensterscheiben	6
ferengi	6
ferienhaus	6
ferienhäus	6
ferienlag	6
ferienlager	6
ferienwohnung	6
ferienwohnungen	6
ferienzeit	6
ferkel	6
fernbeziehung	6
fernbleibe	6
fernbus	6
fernbussen	6
ferngehalen	6
ferngesteuert	6
fernglas	6
fernost	6
fernrohr	6
fernseh	6
fernsehfilm	6
fernsehpreis	6
fernsehprogramm	6
fernsehsender	6
fernsehsendung	6
fernsehserie	6
fernsehshow	6
fernsehturm	6
fernsehwerbung	6
fernsteuerung	6
fernstudium	6
fernverkehr	6
fernweh	6
fernwärme	6
ferris	6
fertigen	6
fertiger	6
fertiggemacht	6
fertighaus	6
fertigkeien	6
fertigkeit	6
fertigstell	6
fertigstellen	6
fertigung	6
fes	6
fesch	6
fessel	6
fesselen	6
fesselnd	6
fesselt	6
festakt	6
festanstellung	6
festes	6
festessen	6
festfahren	6
festgeld	6
festgemacht	6
festhall	6
festigen	6
festigkeit	6
festigung	6
festlegung	6
festlegungen	6
festlehen	6
festlich	6
festlichkeit	6
festmachen	6
festmahl	6
festnageln	6
festnehm	6
festnetz	6
festplaten	6
festplatz	6
festpreis	6
festred	6
festsaal	6
festschreiben	6
festschrifen	6
festsetzen	6
festsetzung	6
festsitzen	6
festspiel	6
festspielhaus	6
feststehen	6
feststellbar	6
festtag	6
festtage	6
festungen	6
festwochen	6
festzeln	6
festzug	6
festzunehmen	6
feta	6
fetisch	6
fettgeweben	6
fettig	6
fettleibigkeit	6
fettsäuren	6
feuchen	6
feuchte	6
feuchten	6
feuchtgebien	6
feudalismus	6
feueralarm	6
feuere	6
feuerkraft	6
feuerlösch	6
feuerlöscher	6
feuerpause	6
feuers	6
feuerstein	6
feuerstell	6
feuerstelle	6
feuerte	6
feuerwach	6
feuerwaffen	6
feuerwehreinsatz	6
feuerwehrhaus	6
feuerwehrleute	6
feuerwehrmänner	6
feuerwerkskörper	6
feuilleton	6
feurig	6
fiasko	6
fibel	6
fichn	6
fichtelgebirge	6
ficke	6
fidel	6
fidschi	6
fieberen	6
fieberhaft	6
fiebern	6
field	6
fields	6
fiese	6
fiesen	6
fieser	6
fiesta	6
fight	6
fihrpreis	6
fiktion	6
fiktiv	6
filet	6
filial	6
filiale	6
filialleit	6
filigran	6
filmaufnahmen	6
filmbranch	6
filmemach	6
filmemacher	6
filmemacherin	6
filmfestival	6
filmfestspieln	6
filmgeschichte	6
filmgeschäfen	6
filmindustrie	6
filmkunst	6
filmmaterial	6
filmmusik	6
filmpreis	6
filmpremiere	6
filmproduktion	6
filmregisseur	6
filmt	6
filmteam	6
filmtiger	6
filterblase	6
filtern	6
filterung	6
filz	6
filzen	6
fimilienstanden	6
finalisen	6
finalisten	6
finalrunde	6
finalspallen	6
finanzamen	6
finanzamt	6
finanzausgleich	6
finanzausschuss	6
finanzberat	6
finanzbranch	6
finanzdienstleister	6
finanzdienstleistungen	6
finanzierbar	6
finanzkraft	6
finanzkrise	6
finanzlage	6
finanzmarken	6
finanzministerium	6
finanzmittel	6
finanzmärkte	6
finanzplanung	6
finanzpolitik	6
finanzproduken	6
finanzsektor	6
finanzspritze	6
finanzsystem	6
finanzverwaltung	6
finanzvorstand	6
finanzwesen	6
finanzwirtschaft	6
finanzämter	6
fine	6
finen	6
fingerabdruck	6
fingerabdrücken	6
fingernagel	6
fingernägel	6
fingernägeln	6
fingerspitzen	6
fingerspitzengefühl	6
fingerzeig	6
fink	6
finne	6
finnen	6
finnisch	6
finst	6
finster	6
finsteren	6
finsterer	6
fire	6
firewall	6
firlefanz	6
firmenchef	6
firmengelände	6
firmengeschichen	6
firmengruppe	6
firmengründer	6
firmenkunden	6
firmennamen	6
firmensitz	6
firmenwagen	6
firmieren	6
firmung	6
fis	6
fischaren	6
fischerdorf	6
fischerei	6
fischfilet	6
fischfingen	6
fischmarken	6
fischstäbche	6
fisk	6
fiskus	6
fitnesscenter	6
fitnessstudio	6
fitnessstudios	6
fixen	6
fixer	6
fixieren	6
fixiert	6
fixierung	6
fixkosen	6
fixpunken	6
fixt	6
fjord	6
flachdach	6
flachland	6
flachlegen	6
flachs	6
flackern	6
fladenbrot	6
flaggen	6
flaggschiff	6
flair	6
flak	6
flam	6
flamenco	6
flamingo	6
flamingos	6
flammenwerf	6
flandern	6
flanieren	6
flank	6
flanke	6
flanken	6
flankieren	6
flaschengeist	6
flaschenhals	6
flaschenpost	6
flatrate	6
flatteren	6
flattern	6
flauschig	6
flaute	6
flechen	6
flechten	6
fleckche	6
fledermäuse	6
flehen	6
flehte	6
fleischer	6
fleischerei	6
fleischfresser	6
fleischhauer	6
fleiss	6
flex	6
flexibel	6
flexibilisierung	6
flexibilität	6
flicken	6
flied	6
fliegerbombe	6
fliegerei	6
fliegerhorst	6
fliese	6
fliesenleg	6
fliessband	6
fliessend	6
fließend	6
flimmern	6
flinen	6
flink	6
flinte	6
flipper	6
flippt	6
flirt	6
flirtet	6
flittch	6
flitzer	6
flocken	6
flohen	6
flohmarken	6
flohmarkt	6
flop	6
flops	6
flor	6
florentiner	6
florieren	6
florrick	6
floskel	6
floskeln	6
floss	6
flosse	6
flossen	6
flott	6
fluchtartig	6
fluchtgefahr	6
fluchtversuch	6
fluchtweg	6
fluchtwegen	6
fluen	6
flugangst	6
flugbahn	6
flugbegleiter	6
flugbetreiben	6
flugblatt	6
flugblätt	6
flugblätter	6
flugfeld	6
fluggerät	6
fluggesellschaft	6
fluggesellschaften	6
fluggä	6
flughäfen	6
flughöhe	6
fluglinie	6
fluglärm	6
flugreisen	6
flugs	6
flugsicherung	6
flugstunden	6
flugticket	6
flugverkehr	6
flugzeit	6
flugzeugabsturz	6
flugzeugen	6
flugzeugträger	6
fluid	6
fluktuation	6
fluor	6
fluoreszenz	6
fluorid	6
flurbereinigung	6
fluren	6
flurs	6
flussabwärts	6
flussaufwärt	6
flussbett	6
flusses	6
flussufer	6
fluten	6
flutlichen	6
flutwell	6
fly	6
flächenbrand	6
flächendeckend	6
flächennutzungsplan	6
flöen	6
flöhe	6
flüch	6
flüchtige	6
flüchtlingsheim	6
flüchtlingsheime	6
flüchtlingshilfe	6
flüchtlingslager	6
flüchtlingspolitik	6
flüchtlingsstrom	6
flüchtlingsströme	6
flüchtlingsunterkunft	6
flüchtlingsunterkünfte	6
flügge	6
flüssch	6
flüsse	6
flüssig	6
flüssiggas	6
flüssigkeiten	6
flüsternd	6
fock	6
fohlen	6
fokussieren	6
fokussiern	6
fokussierung	6
foley	6
folgejahr	6
folgekosten	6
folgend	6
folgendermassen	6
folgendermaßen	6
folgenlos	6
folgeren	6
folgerichtig	6
folgern	6
folgerung	6
folgerungen	6
folgeschäden	6
folgetag	6
folgezeit	6
folie	6
folio	6
folklore	6
folteren	6
fon	6
fond	6
fondsmanag	6
fondue	6
fong	6
food	6
forcieren	6
fordernd	6
forderte	6
forell	6
forellen	6
forensik	6
forest	6
forever	6
formaldehyd	6
formalitän	6
formalität	6
formalitäten	6
formatieren	6
formatierung	6
formationen	6
formell	6
formeln	6
formensprach	6
former	6
formgebung	6
formieren	6
formiern	6
formlos	6
formuliert	6
formulierungen	6
forrest	6
forsch	6
forschen	6
forschergruppe	6
forscherin	6
forschungsarbeien	6
forschungsarbeit	6
forschungsbericht	6
forschungseinrichtung	6
forschungsergebnisse	6
forschungsförderung	6
forschungsgebaten	6
forschungsgemeinschaft	6
forschungsgruppe	6
forschungsinstitun	6
forschungsinstitut	6
forschungsprogramm	6
forschungsprojeken	6
forschungsprojekt	6
forschungsstand	6
forschungsvorhaben	6
forschungszentrum	6
forstamt	6
forsthaus	6
forstverwaltung	6
forstwirtschaft	6
fortbestand	6
fortbestehen	6
fortbewegen	6
fortbewegung	6
fortbewegungsmittel	6
fortbildung	6
forte	6
fortführen	6
fortführung	6
fortgang	6
fortgeführen	6
fortgeh	6
fortgeschritn	6
fortgeschritten	6
fortgesetzt	6
fortlaufend	6
fortpflanzen	6
fortpflanzung	6
forts	6
fortschreibung	6
fortschreiten	6
fortschrittlich	6
fortsetzungen	6
fortwährend	6
fortzusetzen	6
fossil	6
fossilien	6
fotoalben	6
fotoalbum	6
fotoapparat	6
fotoausstellung	6
fotobuch	6
fotogalerie	6
fotografin	6
fotografisch	6
fotoserie	6
fotoshooting	6
fotostrecken	6
fototermin	6
fotz	6
fotzen	6
foul	6
foulelfmeter	6
fouls	6
fourier	6
foyer	6
fozzie	6
fr	6
frachen	6
frachtraum	6
frachtschiff	6
frack	6
fragebogen	6
fragebögen	6
fragend	6
fragenkatalog	6
fragestellung	6
fragezeeichen	6
fraglos	6
fragmenen	6
fragment	6
fragmentierung	6
fragwürdig	6
fraktionschef	6
fraktionsvorsitzend	6
fraktur	6
frakturen	6
fram	6
frames	6
france	6
francesco	6
franchise	6
franck	6
francois	6
franko	6
franky	6
fransen	6
franziskaner	6
franzos	6
französin	6
französisches	6
françoise	6
fraser	6
fratze	6
frauchen	6
frauenarzen	6
frauenbewegung	6
frauenbild	6
frauenchor	6
frauenfeindlich	6
frauenfussball	6
frauenhaus	6
frauenheilkund	6
frauenhäuser	6
frauenkirch	6
frauenklinik	6
frauenquot	6
frauenstimme	6
frauenwahlrechen	6
frauenzimmer	6
freche	6
free	6
freeman	6
freewar	6
freeway	6
fregatte	6
freibad	6
freiberufl	6
freiberuflich	6
freibetrag	6
freibeträge	6
freibeuter	6
freibier	6
freibraufen	6
freibäder	6
freidenker	6
freifläche	6
freigang	6
freigeben	6
freigehaln	6
freigeisen	6
freigelegen	6
freigeschalten	6
freigesetzt	6
freigesprochen	6
freigestellen	6
freihalen	6
freihandel	6
freihandelsabkomm	6
freihandelszone	6
freiheien	6
freiheiten	6
freiheitlich	6
freiheitsberaubung	6
freiheitskampf	6
freiheitskämpfer	6
freiheitsrechen	6
freiheitsstatue	6
freiheitsstrafe	6
freiheitsstrafen	6
freiherr	6
freikaren	6
freikaufen	6
freiland	6
freilichtbühnen	6
freilichtmuseum	6
freimachen	6
freimaur	6
freimaurerei	6
freimütig	6
freiraum	6
freiräume	6
freisetzen	6
freisetzung	6
freising	6
freisprechen	6
freispruch	6
freistaat	6
freistehend	6
freistellung	6
freistil	6
freistoss	6
freitagmorgen	6
freitagnachmittag	6
freitod	6
freiwild	6
freiwilligendienst	6
freiwilliger	6
freiwilligkeit	6
freizeichen	6
freizeitaktivitäen	6
freizeitangebot	6
freizeitbeschäftigung	6
freizeitgestaltung	6
freizeitpark	6
freizulassen	6
freizügig	6
freizügigkeit	6
fremdenfeindlichkeit	6
fremdenhass	6
fremdenlegion	6
fremdenverkehr	6
fremdes	6
fremdgehen	6
fremdkapital	6
fremdkörper	6
fremdschämen	6
fremdsprach	6
fremdsprache	6
fremdwort	6
fremdwörter	6
french	6
frequentieren	6
frequenzbereich	6
frequenzen	6
fresken	6
fresko	6
frettchen	6
freudentränen	6
freudig	6
freundlicherweise	6
freundschaften	6
freundschaftlich	6
freundschaftsspiel	6
freundschaftsspiele	6
freute	6
frevel	6
fried	6
frieda	6
friedensbewegung	6
friedenskonferenz	6
friedensnobelpreis	6
friedenspreis	6
friedensrichter	6
friedensschluss	6
friedensverhandlungen	6
friedensvertrag	6
friedenszeiten	6
friedlichen	6
friedrichshafen	6
friedrichstadt	6
friend	6
friere	6
frierpunken	6
friert	6
fries	6
friese	6
friesen	6
friesland	6
frikadelle	6
frisbee	6
frischfleisch	6
frischhaltefolie	6
frischkäse	6
frischlufen	6
friseure	6
friseurin	6
friseursalon	6
frisieren	6
frisn	6
fristgerecht	6
fristlos	6
frisuren	6
frisör	6
friten	6
fritten	6
frittieren	6
frivol	6
frohsinn	6
fromm	6
fronen	6
fronleichnam	6
frontal	6
frontalzusammenstoss	6
fronten	6
frontscheiben	6
frontseit	6
fruchen	6
fruchtbar	6
fruchtbarkeit	6
fruchtfleisch	6
fruchtig	6
fruchtsaft	6
frustration	6
frustrieren	6
frustrierend	6
fränkisch	6
fräsen	6
fröhlichen	6
fröhlicher	6
fröhlichkeit	6
frömmigkeit	6
frönen	6
frösch	6
früchen	6
früchtchen	6
frühaufsteh	6
früherer	6
früherkennung	6
frühestens	6
frühgeschicht	6
frühjahrsputz	6
frühlingsfest	6
frühschichen	6
frühschoppe	6
frühstückstisch	6
fucking	6
fuerteventura	6
fuessballspiele	6
fuge	6
fugen	6
fuhrmann	6
fuhrpark	6
full	6
fummeln	6
fun	6
fundamental	6
fundamentalisen	6
fundamentalismus	6
fundbüro	6
fundgrube	6
fundieren	6
fundorn	6
fundort	6
fundraising	6
fundstelle	6
fundstück	6
fundstücken	6
fundus	6
fungieren	6
funke	6
funkeln	6
funker	6
funkgeräte	6
funkkontakt	6
funkspruch	6
funkstill	6
funkstille	6
funktional	6
funktionalität	6
funktionell	6
funktionen	6
funktionsfähig	6
funktionsfähigkeit	6
funktionstüchtig	6
funktionsumfingen	6
funktionsweis	6
funktionär	6
funktionäre	6
funkturm	6
funky	6
furch	6
furchen	6
furchterregend	6
furchtlos	6
furore	6
furt	6
furz	6
furzen	6
fusco	6
fusionen	6
fusionieren	6
fussabdruck	6
fussballclub	6
fussballmannschaft	6
fussballplatz	6
fussballprofi	6
fussballschuhe	6
fussballspiel	6
fussballspieler	6
fussballstadion	6
fussballtrain	6
fussballverband	6
fussballverein	6
fussballweltmeisterschaft	6
fussbode	6
fussbodenheizung	6
fussböd	6
fussfessel	6
fussgängerbrücke	6
fussgängerzon	6
fussgängerzone	6
fussnot	6
fussnoten	6
fussnägel	6
fusssohlen	6
fussstapfen	6
fussvolk	6
fussweg	6
fusswegen	6
futsch	6
futt	6
futtermittel	6
futtern	6
futur	6
fuzzy	6
fußabdrücke	6
fußspuren	6
fußstapfen	6
fäch	6
fächer	6
fächeren	6
fähnchen	6
fähr	6
fähren	6
fährmann	6
fährn	6
fäkalien	6
fälligkeit	6
fällung	6
fälsch	6
fälschen	6
fälschlich	6
fälschlicherweise	6
fälschungen	6
fänden	6
fängnisstrafen	6
färben	6
färber	6
färbung	6
färöer	6
fässer	6
fäulnis	6
fäuste	6
fäusten	6
föderalismus	6
föhn	6
fön	6
förde	6
förderer	6
fördergeld	6
förderkreis	6
förderlich	6
fördermittel	6
fördermöglichkein	6
förderpreis	6
förderprogramm	6
förderschule	6
fördert	6
förderungen	6
förderverein	6
förster	6
försterei	6
fötus	6
füchse	6
füge	6
fügt	6
fügung	6
fühlbar	6
fühler	6
fühlsweln	6
führend	6
führende	6
führenden	6
führerhaus	6
führerin	6
führers	6
führerscheine	6
führungen	6
führungsebene	6
führungskraft	6
führungskräfte	6
führungsposition	6
führungspositionen	6
führungsqualitän	6
führungsriegen	6
führungsrolle	6
führungsstil	6
führungstreffer	6
führungszeugnis	6
füll	6
füller	6
füllung	6
füllungen	6
fünfer	6
fünfhunderen	6
fünfkampf	6
fünfmal	6
fünftel	6
fünfter	6
fünftes	6
fünfundzwanzig	6
fünfziger	6
fünkchen	6
fürchterliche	6
fürsn	6
fürsorglich	6
fürsprach	6
fürsprech	6
fürstentum	6
fürstin	6
fürstlich	6
fürwahr	6
füsschen	6
füttere	6
füttert	6
fütterung	6
gabby	6
gabeln	6
gabelstapl	6
gabi	6
gackern	6
gaffen	6
gaffer	6
gag	6
gage	6
gaines	6
gala	6
galant	6
galaxis	6
gale	6
galen	6
galiläa	6
galizien	6
galle	6
gallenblase	6
galli	6
gallien	6
gallier	6
gallo	6
galopp	6
gambia	6
gamera	6
gamma	6
gan	6
gandhi	6
gangart	6
ganov	6
ganoven	6
ganzheit	6
ganzheitlich	6
ganzjährig	6
ganztagsschule	6
ganztagsschulen	6
ganztägig	6
gao	6
garak	6
garanen	6
garant	6
garantien	6
garbe	6
gardasee	6
garden	6
gardinen	6
gareth	6
garfield	6
garibaidi	6
garnelen	6
garnieren	6
garnison	6
garnitur	6
garrison	6
gartenanlage	6
gartenarbeit	6
gartenbau	6
gartenhaus	6
gartenlaube	6
gartenmöbel	6
gartenschau	6
gartenschlauch	6
gartenstadt	6
gartenzaun	6
garvey	6
gase	6
gasen	6
gasflaschen	6
gaskammer	6
gaskraftwerke	6
gasometer	6
gaspedal	6
gassi	6
gastarbeiter	6
gastbeitrag	6
gastfamilie	6
gastfreundlich	6
gastgeberin	6
gastgewerbe	6
gasthaus	6
gasthof	6
gasthäuser	6
gastieren	6
gastland	6
gaston	6
gastronom	6
gastronomen	6
gastspiel	6
gastspiele	6
gaststätte	6
gaststätten	6
gastwirt	6
gastwirtschaft	6
gateway	6
gatsby	6
gatter	6
gau	6
gaukler	6
gaul	6
gauleiter	6
gaumen	6
gay	6
gazell	6
geachtet	6
geangelt	6
gebadet	6
gebaren	6
gebastelt	6
gebein	6
geber	6
gebiete	6
gebieten	6
gebietsreform	6
gebilde	6
gebiss	6
geblendet	6
geblutet	6
gebläse	6
geborgen	6
geborgenheit	6
geborgt	6
gebote	6
gebrandmarkt	6
gebrat	6
gebraten	6
gebrauchsanweisung	6
gebrauchsgegenständ	6
gebrauchsspuren	6
gebrauchtwag	6
gebrech	6
gebrochenes	6
gebräuchlich	6
gebrüder	6
gebrüll	6
geburtenrat	6
geburtsdatum	6
geburtshaus	6
geburtshelf	6
geburtshilfe	6
geburtsjahr	6
geburtsort	6
geburtsstadt	6
geburtsstund	6
geburtstage	6
geburtstagsfeier	6
geburtstagskind	6
geburtsurkund	6
geburtsurkunde	6
gebäck	6
gebälk	6
gebärden	6
gebärdensprache	6
gebären	6
gebärmutt	6
gebärmutter	6
gebäudekomplex	6
gebäuden	6
gebäudetechnik	6
gebäudeteil	6
gebühren	6
gebührend	6
gebührenfrei	6
gebührenordnung	6
gebürtig	6
gebüsch	6
gedachen	6
gedankenaustausch	6
gedankengang	6
gedankengut	6
gedankenlos	6
gedankt	6
gedarm	6
gedeck	6
gedeihen	6
gedenkfeier	6
gedenkstein	6
gedenkstätte	6
gedenktafel	6
gedenktag	6
gedenkveranstaltung	6
gedichen	6
gedichtband	6
gediegen	6
gedopt	6
gedräng	6
gedulden	6
geduscht	6
gedächtnisverlust	6
gedöns	6
geehrte	6
geehrter	6
geendet	6
geest	6
gefahrenabwehr	6
gefahrenzone	6
gefahrlos	6
gefalle	6
gefallenen	6
gefallener	6
gefangenenlag	6
gefangennahme	6
gefasel	6
gefeit	6
gefieder	6
gefilde	6
geflirtet	6
geflissentlich	6
geflochten	6
geflügel	6
gefolge	6
gefolgschaft	6
gefolgsleuter	6
geformt	6
gefreiter	6
gefrierfach	6
gefrierschrank	6
gefroren	6
gefährder	6
gefähren	6
gefährlichkeit	6
gefährlichste	6
gefährlichsten	6
gefährt	6
gefährten	6
gefährtin	6
gefällen	6
gefälligkeit	6
gefälschte	6
gefälschten	6
gefängnisse	6
gefängnisstrafe	6
gefärbt	6
gefäss	6
gefässen	6
gefäß	6
gefüge	6
gefügig	6
gefühlsmässig	6
gefühlvoll	6
gefühlvolle	6
gefürchtet	6
gegebenheiten	6
gegenangriff	6
gegenargument	6
gegenbeispiel	6
gegenbewegung	6
gegenbeweis	6
gegendarstellung	6
gegenden	6
gegenentwurf	6
gegenfrage	6
gegengift	6
gegenkandidat	6
gegenpart	6
gegenpol	6
gegenreformation	6
gegenrichtung	6
gegenschliegen	6
gegenseit	6
gegenseitigkeit	6
gegenspieler	6
gegenstimme	6
gegenstück	6
gegensätz	6
gegensätzlich	6
gegentor	6
gegentreffer	6
gegenverkehr	6
gegenvorschlag	6
gegenwartsliteratur	6
gegenwehr	6
gegenwind	6
gegenüberstehen	6
gegenüberstellung	6
geglätten	6
gegnerin	6
gegnerschaft	6
gegossen	6
gegraben	6
gegriffen	6
gegrillt	6
gegucken	6
gehabe	6
gehange	6
gehegen	6
geheilen	6
geheiligt	6
geheimdien	6
geheimhaltung	6
geheimnissen	6
geheimnisvollen	6
geheimpolizei	6
geheimrat	6
geheimtipp	6
geheimtipps	6
geheimwaffe	6
geheimwaffen	6
geheiss	6
gehend	6
gehetzt	6
geheule	6
geheult	6
gehilfe	6
gehilfen	6
gehirnwäsch	6
gehirnzellen	6
gehobener	6
gehorche	6
gehsteig	6
gehstock	6
gehweg	6
gehwegen	6
gehält	6
gehänseln	6
gehässig	6
gehäufen	6
gehöft	6
gehölz	6
gehölze	6
gehörend	6
gehörig	6
gehüten	6
geig	6
geiger	6
geigerin	6
geilen	6
geiles	6
geilheit	6
geiselnahme	6
geiselnehmer	6
geiss	6
geissel	6
geissler	6
geiste	6
geisterbahn	6
geisterfahrer	6
geisterstadt	6
geistesgeschichen	6
geisteshaltung	6
geisteskrank	6
geisteskrankheit	6
geisteswissenschaft	6
geistlich	6
geistlichkeit	6
geistreich	6
geiz	6
geizhals	6
geizig	6
gejamm	6
gekidnappt	6
gekillt	6
geklettert	6
geklungen	6
geknallt	6
gekotzt	6
gekratzt	6
gekrochen	6
gekränkt	6
geköpft	6
gel	6
gelaber	6
gelagert	6
gelangweilen	6
gelassenheit	6
gelatine	6
gelber	6
gelblich	6
geldanlage	6
geldautomaen	6
geldautomat	6
geldbusse	6
geldbörse	6
geldgeb	6
geldgier	6
geldmangel	6
geldmengen	6
geldmittel	6
geldpolitik	6
geldschein	6
geldsorgen	6
geldstraf	6
geldstrafe	6
geldverdienen	6
geldverschwendung	6
geldwäsch	6
geleckt	6
gelee	6
geleert	6
gelegenheiten	6
gelehrn	6
gelehrsamkeit	6
gelehrter	6
geleit	6
geleiten	6
geleitwort	6
gelenk	6
gelenken	6
gelieben	6
geliebn	6
geliebtes	6
gelinde	6
gell	6
gelog	6
geltendmachung	6
geltung	6
geltungsbereich	6
gelächelt	6
geländ	6
geländer	6
geländewagen	6
geläufig	6
geläutet	6
gelöbnis	6
gelüste	6
gemach	6
gemahlen	6
gemahlin	6
gemahnen	6
gemarkung	6
gemeindegebiet	6
gemeindehaus	6
gemeindemitglieder	6
gemeinderatswahl	6
gemeinderät	6
gemeindesaal	6
gemeindevertretung	6
gemeindeverwaltung	6
gemeindezentrum	6
gemeinen	6
gemeinheit	6
gemeinhin	6
gemeinnützig	6
gemeinnützigkeit	6
gemeinsamer	6
gemeinsamkeit	6
gemeinsamkeiten	6
gemeinschaftlich	6
gemeinschaftsgefühl	6
gemeinschaftsprojekt	6
gemeinschaftsraum	6
gemeinschaftsschule	6
gemeinwesen	6
gemeisselen	6
gemessen	6
gemetzel	6
gemieden	6
gemisch	6
gemobben	6
gemurmel	6
gemächer	6
gemächlich	6
gemäld	6
gemäldegalerie	6
gemässigen	6
gemässigt	6
gemäuer	6
gemüsegarten	6
gemüt	6
gemütlichkeit	6
gemütszustand	6
genannte	6
genargumenen	6
genaues	6
genaugenommen	6
genauigkeit	6
gendarm	6
gendarmerie	6
genden	6
genealogie	6
genehm	6
genehmig	6
genehmigungen	6
genehmigungsverfahren	6
geneigt	6
genera	6
generalbundesanwalt	6
generaldirektion	6
generaldirektor	6
generalfeldmarschall	6
generalkonsul	6
generalkonsulat	6
generalleutnant	6
generalmajor	6
generalmusikdirektor	6
generaloberst	6
generalprobe	6
generals	6
generalsekretärin	6
generalstaatsanwalt	6
generalstaatsanwaltschaft	6
generalstab	6
generalstabschef	6
generalstreik	6
generalversammlung	6
generalvikar	6
generationswechsel	6
generatoren	6
generieren	6
generierung	6
generika	6
generäle	6
genese	6
genesen	6
genesis	6
genetik	6
genetischen	6
gengewichen	6
genialen	6
genialer	6
genialität	6
geniessbar	6
geniesser	6
geniestreich	6
genital	6
genitalien	6
genitiv	6
genius	6
genmassnahmen	6
genom	6
genoss	6
genossenschaft	6
genossin	6
genossinn	6
genozid	6
gensteuern	6
gentechnik	6
gentechnisch	6
gentrifizierung	6
genua	6
genugtuung	6
genuin	6
genus	6
genussmittel	6
genwern	6
genübergestellen	6
genüge	6
genüsslich	6
geoff	6
geoffrey	6
geografie	6
geografisch	6
geograph	6
geographie	6
geographisch	6
geologe	6
geologie	6
geologisch	6
geometrie	6
geometrisch	6
geopolitik	6
geordi	6
geordnet	6
georgen	6
georgetown	6
georgien	6
georgina	6
geortet	6
geothermie	6
geowissenschaften	6
gepasst	6
gepfiffen	6
gepflanzt	6
gepflogenheit	6
gepflücken	6
gepflückt	6
gepinkelt	6
gepisst	6
geplaudert	6
geplänkel	6
geplündert	6
gepostet	6
gepriesen	6
geprobt	6
geprägt	6
gepusht	6
gepäckträger	6
gequatsch	6
gequatsche	6
ger	6
geradewegs	6
geradlinig	6
gerammt	6
gerber	6
gerda	6
gerechte	6
gerechten	6
gerechtfertigt	6
gered	6
geregnet	6
gerhard	6
geriatrie	6
gerichen	6
gerichte	6
gerichtlich	6
gerichtsbarkeit	6
gerichtsbeschluss	6
gerichtsgebäude	6
gerichtskosen	6
gerichtsmedizin	6
gerichtsprozess	6
gerichtsstand	6
gerichtstermin	6
gerichtsurteil	6
gerichtsverfahren	6
gerichtsverhandlung	6
gerichtsvollzieh	6
gerieben	6
gerieten	6
geringe	6
geringer	6
geringfügig	6
geringschätzung	6
geriten	6
germanie	6
germanisch	6
germanist	6
germanistik	6
geronimo	6
gertrude	6
geruchssinn	6
gerächt	6
gerätehaus	6
gerätschaft	6
geräumig	6
geräuschkulisse	6
geräuschlos	6
geröll	6
gerösten	6
gerüch	6
gerüchteküch	6
ges	6
gesamtausgabe	6
gesamtbetrag	6
gesamtbevölkerung	6
gesamtbild	6
gesamteindruck	6
gesamtergebnis	6
gesamtflach	6
gesamtheit	6
gesamthöhe	6
gesamtkonzept	6
gesamtkosten	6
gesamtkunstwerk	6
gesamtleistung	6
gesamtlänge	6
gesamtmasse	6
gesamtmenge	6
gesamtpaket	6
gesamtschule	6
gesamtsieg	6
gesamtsituation	6
gesamtsumme	6
gesamtsyst	6
gesamtumsatz	6
gesamtwerk	6
gesamtwertung	6
gesamtzahl	6
gesanden	6
gesandt	6
gesandte	6
gesandter	6
gesandtschaft	6
gesangbuch	6
gescannt	6
geschehe	6
geschehnisse	6
gescheit	6
gescheiter	6
geschenkartikel	6
geschenken	6
geschenkidee	6
geschenkideen	6
geschenkpapi	6
geschichtenerzähler	6
geschichtlich	6
geschichtsbuch	6
geschichtsforschung	6
geschichtslehrer	6
geschichtsschreiber	6
geschichtsschreibung	6
geschichtsverein	6
geschichtswissenschaft	6
geschick	6
geschicklichkeit	6
geschiedene	6
geschirrspüler	6
geschlachtet	6
geschlechterverhältnis	6
geschlechtskrankheit	6
geschlechtsorgane	6
geschlechtsverkehr	6
geschleifen	6
geschleppt	6
geschlichen	6
geschlossene	6
geschlossenen	6
geschlossenheit	6
geschmacklich	6
geschmacklos	6
geschmacksach	6
geschmacksrichtung	6
geschmacksrichtungen	6
geschmackssach	6
geschmackvoll	6
geschmeidig	6
geschmiedet	6
geschminkt	6
geschmisse	6
geschmolzen	6
geschmuggelt	6
geschmäck	6
geschnallt	6
geschneit	6
geschnitzt	6
geschoben	6
geschor	6
geschoss	6
geschosse	6
geschubst	6
geschuftet	6
geschummelt	6
geschwader	6
geschwafel	6
geschwiegen	6
geschwind	6
geschwindigkeitsbegrenzung	6
geschwollen	6
geschwommen	6
geschworene	6
geschwungen	6
geschwächt	6
geschwängert	6
geschwänzen	6
geschwür	6
geschwüren	6
geschädigten	6
geschäftliche	6
geschäftlichen	6
geschäfts	6
geschäftsbanke	6
geschäftsbereich	6
geschäftsbetrieb	6
geschäftsbeziehung	6
geschäftsbeziehunge	6
geschäftsfeld	6
geschäftsfrau	6
geschäftsführerin	6
geschäftshau	6
geschäftsidee	6
geschäftsjahr	6
geschäftskund	6
geschäftsleben	6
geschäftsleitung	6
geschäftsleute	6
geschäftsordnung	6
geschäftspartn	6
geschäftspraktiken	6
geschäftsprozesse	6
geschäftsraum	6
geschäftsreis	6
geschäftsreise	6
geschäftsstelle	6
geschäftstätigkeit	6
geschämt	6
geschätzte	6
geschätzter	6
geschöpfe	6
geschüttelt	6
geschütz	6
geschütze	6
gesehene	6
gesellen	6
gesellig	6
geselligkeit	6
gesellschaftlich	6
gesellschaftsform	6
gesellschaftskritik	6
gesellschaftsordnung	6
gesellschaftsschicht	6
gesellschaftsvertrag	6
gesen	6
gesetzbuch	6
gesetzentwurf	6
gesetzesentwurf	6
gesetzeshüter	6
gesetzeslage	6
gesetzesvorlage	6
gesetzgebungsverfahren	6
gesetzmässigkeien	6
gesichtern	6
gesichtserkennung	6
gesichtsmaske	6
gesichtspunken	6
gesiegt	6
gesinnung	6
gesoffen	6
gespann	6
gespenstisch	6
gesponn	6
gespritzt	6
gesprächen	6
gesprächig	6
gesprächspartn	6
gesprächsrund	6
gesprächsstoff	6
gesprächsthema	6
gespült	6
gespür	6
gestaltungsmöglichkeien	6
gestand	6
gesteht	6
gestein	6
gestell	6
gesten	6
gesteuert	6
gestik	6
gestopft	6
gestraft	6
gestrandet	6
gestrigen	6
gestrüpp	6
geständnisse	6
gestüt	6
gesuch	6
gesunder	6
gesundes	6
gesundheitlich	6
gesundheitsamt	6
gesundheitsbehörde	6
gesundheitsbereich	6
gesundheitsförderung	6
gesundheitsmanagement	6
gesundheitsminister	6
gesundheitsministerium	6
gesundheitspolitik	6
gesundheitsreform	6
gesundheitsschutz	6
gesundheitsschädlich	6
gesundheitssystem	6
gesundheitsversorgung	6
gesundheitsvorsorge	6
gesundheitszentrum	6
gesundheitszustand	6
gesundung	6
gesängen	6
gesäss	6
gesäubert	6
gesünd	6
gesünder	6
getarnt	6
geti	6
getreu	6
getreuen	6
getriebe	6
getrost	6
getränken	6
geträumen	6
getue	6
getätigt	6
getöse	6
getöten	6
getümmel	6
gewagen	6
gewaltanwendung	6
gewaltbereit	6
gewaltbereitschaft	6
gewaltenteilung	6
gewaltherrschaft	6
gewaltigen	6
gewaltiger	6
gewaltsam	6
gewalttat	6
gewalttäter	6
gewalttätige	6
gewalttätigen	6
gewalttätigkeit	6
gewand	6
gewandt	6
gewannen	6
geweben	6
gewehren	6
geweigert	6
geweih	6
gewendet	6
gewerbebetrieb	6
gewerbebetrieben	6
gewerbegebaten	6
gewerbegebiet	6
gewerbeordnung	6
gewerbepark	6
gewerbesteuer	6
gewerbetreibend	6
gewerblich	6
gewerkschaften	6
gewerkschafter	6
gewerkschaftlich	6
gewerkschaftsbund	6
gewichen	6
gewichtheb	6
gewichtig	6
gewichtsklasse	6
gewichtsverlust	6
gewichtszunahme	6
gewichtung	6
gewickelt	6
gewind	6
gewinnbringend	6
gewinnerin	6
gewinnmaximierung	6
gewinnspallen	6
gewinnspiele	6
gewinnung	6
gewissenhaft	6
gewissensbisse	6
gewissermassen	6
gewisses	6
gewittern	6
gewohnheien	6
gewohnheitsrecht	6
gewächs	6
gewächse	6
gewächshaus	6
gewächshäuser	6
gewählter	6
gewähr	6
gewähre	6
gewährleistung	6
gewährung	6
gewänd	6
gewöhn	6
gewöhne	6
gewöhnliches	6
gewöhnung	6
gewölbe	6
gewürz	6
geysir	6
gezeien	6
gezerrt	6
gezeugt	6
gezweifelt	6
gezögert	6
gezündet	6
geächten	6
geärgert	6
geäußert	6
ghana	6
ghetto	6
ghost	6
ghostwriter	6
gianni	6
gibbons	6
gibraltar	6
gicht	6
giebel	6
giesserei	6
giesskanne	6
giesst	6
gießt	6
giftgas	6
giftige	6
giftstoffe	6
gig	6
gigabit	6
gigabyte	6
gigant	6
gigantisch	6
gigantische	6
gigantischen	6
gigi	6
gigs	6
gilde	6
gilden	6
gill	6
gilles	6
gillian	6
gino	6
giorgio	6
gipfelkreuz	6
gipfeln	6
gipfelt	6
gipfeltreffen	6
giraff	6
giraffe	6
giraffen	6
girlanden	6
giro	6
girokonten	6
girokonto	6
gis	6
gisborne	6
gisburne	6
gisela	6
gitarren	6
gitarrenmusik	6
gitarrist	6
giulia	6
gladiator	6
gladiatore	6
gladys	6
glamour	6
glanzleistung	6
glarus	6
glaser	6
glasfaser	6
glasgow	6
glashaus	6
glashütt	6
glashütten	6
glasklar	6
glaskugel	6
glasplatt	6
glass	6
glasscheiben	6
glasscherben	6
glastür	6
glasur	6
glatteis	6
glatter	6
glatzen	6
glatzkopf	6
glaubensbekenntnis	6
glaubensgemeinschaft	6
glaubhaft	6
glaubwürdig	6
glaubwürdiger	6
glaubwürdigkeit	6
glee	6
gleichaltrig	6
gleichaltrigen	6
gleichauf	6
gleichbedeutend	6
gleichbehandlung	6
gleichberechtigt	6
gleichbleibend	6
gleicher	6
gleichermaßen	6
gleichgesetzt	6
gleichgesinnt	6
gleichgesinnte	6
gleichgültigkeit	6
gleichheit	6
gleichmässig	6
gleichmäßig	6
gleichnis	6
gleichsam	6
gleichschaltung	6
gleichschritt	6
gleichsetz	6
gleichsetzung	6
gleichstand	6
gleichstellen	6
gleichstellung	6
gleichstellungsbeauftragen	6
gleichstrom	6
gleichung	6
gleichwertig	6
gleichwertigkeit	6
gleisbett	6
gleise	6
gleit	6
gleiten	6
gleitgel	6
gletsch	6
glich	6
glied	6
glieder	6
gliedern	6
gliedert	6
gliedmassen	6
gliedmaßen	6
glimpflich	6
glitzern	6
glitzert	6
globale	6
globalen	6
globalisierung	6
globus	6
glockenläuten	6
glockenspiel	6
glockenturm	6
glorreichen	6
glory	6
glossar	6
glossen	6
glotz	6
glotzen	6
glukos	6
glut	6
glutamat	6
glutenfrei	6
glycerin	6
glyphosat	6
glänzen	6
glänzend	6
glänzende	6
glänzt	6
gläschen	6
gläsern	6
glätte	6
glätten	6
gläubig	6
gläubige	6
gläubigen	6
gläubiger	6
glöckchen	6
glöckner	6
glücken	6
glücklichsten	6
glücks	6
glücksbring	6
glückseligkeit	6
glücksfall	6
glücksgefühl	6
glücksrad	6
glückssträhne	6
glückwünsch	6
glückwünsche	6
glühbirne	6
glühbirner	6
glühen	6
glühend	6
glühlampe	6
glühwein	6
glühwürmche	6
gmbh	6
gnadenlos	6
gnomen	6
gnu	6
goalie	6
gockel	6
god	6
goen	6
goes	6
going	6
goldbarren	6
golde	6
goldener	6
goldenes	6
goldfisch	6
goldgelb	6
goldgrube	6
goldig	6
goldmedaille	6
goldmedaillen	6
goldmünzen	6
goldrausch	6
goldrichtig	6
goldschmied	6
goldschmiede	6
golfclub	6
golfkrieg	6
golfplatz	6
golfstaat	6
goliath	6
gomez	6
gon	6
gondel	6
gondeln	6
gone	6
gong	6
gonzales	6
gonzo	6
goodman	6
goofy	6
googeln	6
google	6
gorillas	6
gorman	6
goslar	6
gospel	6
gosse	6
gotik	6
gotteshau	6
gotteshäus	6
gotteslästerung	6
gottesstaat	6
gottheit	6
gottlob	6
gottverdammter	6
gouda	6
gourmet	6
gouvernant	6
gouvernement	6
gouvernements	6
gouverneurs	6
grabe	6
grabhügel	6
grabmal	6
grabstein	6
grabstäten	6
grabstätte	6
grabungen	6
gradmesser	6
graffiti	6
grafikdesign	6
grafiker	6
grafikkaren	6
grafikkarten	6
grafisch	6
grafschaft	6
grafschaften	6
gral	6
gram	6
grammatikalisch	6
grammophon	6
granat	6
granatapfel	6
grande	6
grandios	6
granger	6
granit	6
granny	6
grantham	6
grantig	6
granulat	6
grapefruit	6
graph	6
graphik	6
graphit	6
grasen	6
grat	6
gratuliert	6
gratwanderung	6
graubünden	6
grauenvollen	6
grauer	6
grausamen	6
grausamer	6
grausig	6
graut	6
grauzonen	6
graves	6
gravierend	6
gravitation	6
gravur	6
graysons	6
grazie	6
greene	6
greenpeace	6
greenwich	6
greer	6
gregor	6
greifbar	6
greifst	6
greifvögel	6
greis	6
greise	6
grell	6
grellen	6
gremien	6
gremium	6
grenadier	6
grenoble	6
grenzbereich	6
grenzenlos	6
grenzer	6
grenzgebiet	6
grenzgäng	6
grenzkontrolle	6
grenzregion	6
grenzschutz	6
grenzstadt	6
grenzt	6
grenzweren	6
grenzwert	6
grenzwertig	6
grenzzaun	6
grenzziehung	6
grenzöffnung	6
grenzübergang	6
grenzüberschreitung	6
grenzübertritt	6
gretel	6
griech	6
griechisch	6
griechische	6
griffbereit	6
griffe	6
griffel	6
griffith	6
grille	6
grillfest	6
grillparty	6
grimassen	6
grimes	6
grimmig	6
grin	6
grind	6
gringo	6
grinsend	6
grinst	6
grip	6
grips	6
gro	6
grobe	6
groko	6
grollen	6
gros	6
groschen	6
grossbrehen	6
grossbuchstaben	6
grosseinsatz	6
grosselter	6
grossenteil	6
grossereignis	6
grosses	6
grossfamilie	6
grossflächig	6
grossgezogen	6
grossglockner	6
grossgrundbesitzer	6
grosshandel	6
grosshändler	6
grosskonzern	6
grosskunden	6
grossmacht	6
grossmeist	6
grossmutt	6
grossmächen	6
grossmütter	6
grossonkel	6
grossprojekt	6
grossprojekte	6
grossraum	6
grossstädte	6
grosstanen	6
grossunternehmen	6
grossveranstaltung	6
grossvät	6
grossziehen	6
grosszügigkeit	6
grosz	6
groten	6
grotesk	6
grott	6
grottenschlecht	6
groupies	6
großmaul	6
großstadt	6
großziehen	6
großzuziehen	6
großzügige	6
grub	6
gruben	6
gruber	6
grundausbildung	6
grundausstattung	6
grundbedürfnisse	6
grundbegriffe	6
grundbesitz	6
grundbildung	6
grundbuch	6
grundeigentümer	6
grundeinstellung	6
grundfarbe	6
grundfläch	6
grundform	6
grundfragen	6
grundfreiheiten	6
grundgebühr	6
grundgedanken	6
grundgehalt	6
grundgerüst	6
grundgesamtheit	6
grundgütiger	6
grundhaltung	6
grundidee	6
grundkenntnisse	6
grundkonzept	6
grundkurs	6
grundlagenforschung	6
grundlegung	6
grundlinie	6
grundmauern	6
grundnahrungsmittel	6
grundordnung	6
grundpfeiler	6
grundprinzip	6
grundprinzipien	6
grundproblem	6
grundrechen	6
grundrecht	6
grundregel	6
grundregeln	6
grundrenen	6
grundriss	6
grundrisse	6
grundsatzprogramm	6
grundschulen	6
grundschullehrer	6
grundschül	6
grundsicherung	6
grundstein	6
grundsteinlegung	6
grundsteuer	6
grundstimmung	6
grundstruktur	6
grundstudium	6
grundton	6
grundversorgung	6
grundvoraussetzung	6
grundwasser	6
grundwert	6
grundwissen	6
grundzug	6
grunge	6
grunz	6
grunzen	6
grunzt	6
gruppenarbeit	6
gruppenbild	6
gruppendynamik	6
gruppenfoto	6
gruppenführer	6
gruppenleit	6
gruppenphase	6
gruppensex	6
gruppenspiel	6
gruppenspiele	6
gruppenzwang	6
gruppieren	6
gruppierung	6
gruselige	6
gruseliger	6
grusswort	6
gräb	6
gräben	6
gräberfeld	6
gräbt	6
gräs	6
grässlich	6
gräuel	6
gräueltaen	6
gröber	6
grönland	6
gröss	6
grössenordnung	6
grössenwahn	6
grösst	6
grösstenteil	6
grösstes	6
größen	6
größerem	6
größerer	6
größtenteils	6
größtes	6
grübchen	6
grübeln	6
grünanlage	6
grünanlagen	6
gründerin	6
gründerzeit	6
gründete	6
gründlichkeit	6
gründonnerstag	6
gründungen	6
gründungsjahr	6
gründungsmitgleiden	6
gründungsmitglied	6
grünfläch	6
grünkohl	6
grünland	6
grünlich	6
grünzeug	6
grüppchen	6
grütze	6
grüßt	6
guangzhou	6
guatemala	6
guerrero	6
guido	6
guillaume	6
guillotine	6
guinea	6
guinness	6
gulag	6
gulasch	6
gulden	6
gummersbach	6
gummibärchen	6
gummis	6
gummistiefel	6
gun	6
gunn	6
gunther	6
gurgel	6
gurke	6
gurken	6
gurt	6
guru	6
guss	6
gusseisen	6
gusto	6
gutacht	6
gutachter	6
gutaussehend	6
gutdünken	6
gutgeheissen	6
gutgehen	6
gutgeschrieben	6
guthaben	6
gutheissen	6
gutmensch	6
gutmenscher	6
gutmütig	6
gutsbesitz	6
gutschrift	6
gutshof	6
guttun	6
gutzumachen	6
guyana	6
gymnasiallehr	6
gymnasiasen	6
gymnasien	6
gymnastik	6
gynäkolog	6
gynäkologe	6
gynäkologie	6
gäb	6
gähnen	6
gängig	6
gänse	6
gänseblümchen	6
gären	6
gärten	6
gärtn	6
gärtnerei	6
gärtnern	6
gärung	6
gästebuch	6
gästehaus	6
gästeliste	6
gérard	6
gönn	6
göre	6
gören	6
göring	6
göteborg	6
götterdämmerung	6
göttinn	6
göttlich	6
göttlichen	6
götz	6
götzen	6
gülle	6
gültigkeit	6
günstiger	6
günther	6
gürtellinie	6
güterbahnhof	6
gütersloh	6
güterverkehr	6
güterwag	6
güterzug	6
güterzüge	6
gütesiegel	6
haarausfall	6
haarfarbe	6
haarfarben	6
haargenau	6
haarig	6
haarscharf	6
haarspray	6
habgier	6
habichen	6
habilitation	6
habilitationsschrifen	6
habitaen	6
habitus	6
habsburg	6
habseligkeien	6
hach	6
hack	6
hackbraten	6
hacke	6
hackerangriff	6
hackfleisch	6
hackt	6
had	6
hadar	6
hadern	6
hades	6
hafenbecken	6
hafenstadt	6
hafer	6
haff	6
hafner	6
haftanstalt	6
haftbar	6
haftbedingungen	6
haftbefehlen	6
haften	6
haftpflichen	6
haftpflichtversicherung	6
haftrichter	6
haftstrafe	6
haftstrafen	6
hag	6
hagedorn	6
hagel	6
hageln	6
haiku	6
hailey	6
hain	6
haiti	6
hakenkreuz	6
hakt	6
halbbrud	6
halbbruder	6
halbem	6
halbfinal	6
halbherzig	6
halbieren	6
halbierung	6
halbjährlich	6
halbkreis	6
halblang	6
halbleiter	6
halbmarathon	6
halbmond	6
halbnacken	6
halbpension	6
halbschwester	6
halbtags	6
halbwertszeit	6
halbwissen	6
halbzeitpause	6
halde	6
halden	6
hallelujah	6
hallen	6
hallenbad	6
halligalli	6
halluzination	6
halm	6
halogen	6
halsband	6
halse	6
halsschmerzen	6
halstuch	6
halswirbelsäule	6
haltbar	6
haltbarkeit	6
haltend	6
haltepunken	6
halter	6
halterung	6
haltestellen	6
halteverbot	6
haltlos	6
haltungen	6
halunke	6
halunken	6
hammel	6
hampelmann	6
hampshire	6
hampton	6
hamptons	6
hamster	6
hamsterrad	6
handarbeien	6
handarbeit	6
handbremse	6
handbücher	6
handelnd	6
handelsabkommen	6
handelsbeziehungen	6
handelsblatt	6
handelsgesellschaft	6
handelskammer	6
handelskammern	6
handelsministerium	6
handelspartner	6
handelsplatz	6
handelspolitik	6
handelsrecht	6
handelsregister	6
handelsschule	6
handelsunternehmen	6
handelsvertreter	6
handfeuerwaffen	6
handfläch	6
handflächen	6
handgelenken	6
handgemenge	6
handgepäck	6
handgranaen	6
handgranate	6
handgreiflich	6
handgriff	6
handhabe	6
handhaben	6
handhabung	6
handlang	6
handlanger	6
handlungsbedarf	6
handlungsempfehlungen	6
handlungsfreiheit	6
handlungsfähigkeit	6
handlungsmöglichkeien	6
handlungsspielraum	6
handlungssträngen	6
handlungsweise	6
handrücken	6
handschlag	6
handschrifen	6
handschriftlich	6
handschuhen	6
handschuhfach	6
handspiel	6
handtasch	6
handtaschen	6
handumdrehen	6
handwerklich	6
handwerksbetrieben	6
handwerkskammer	6
handwerkskunst	6
handwerksmeister	6
handwörterbuch	6
handyklingeln	6
handynummer	6
handzeiche	6
hanf	6
hangar	6
hanglage	6
hannoveran	6
hanoi	6
hanse	6
hanseaen	6
hansestadt	6
hanswurst	6
hantieren	6
hap	6
happen	6
hara	6
hard	6
hardcov	6
harding	6
hardliner	6
hardman	6
hardrock	6
hare	6
harfen	6
harken	6
harmlose	6
harmon	6
harmonielehre	6
harmonien	6
harmonieren	6
harmonik	6
harmonika	6
harmonisch	6
harmonischen	6
harmonisierung	6
harmony	6
harnisch	6
harnröhren	6
harnstoff	6
harrington	6
harrys	6
harsch	6
hartley	6
hartnäckigkeit	6
hartplatz	6
has	6
hasch	6
haschisch	6
hasel	6
haselnuss	6
haselnüsse	6
hasser	6
hasserfüllen	6
hassprediger	6
haste	6
hastig	6
hats	6
hattie	6
hattrick	6
hauben	6
hauchdünn	6
hauer	6
hauptamtlich	6
hauptanliegen	6
hauptargument	6
hauptattraktion	6
hauptaufgabe	6
hauptaufgaben	6
hauptaugenmerk	6
hauptberuf	6
hauptberuflich	6
hauptbestandteil	6
hauptdarstell	6
hauptdarstellerin	6
haupteingang	6
hauptfach	6
hauptfigur	6
hauptfiguren	6
hauptgebäude	6
hauptgerichen	6
hauptgeschäftsführer	6
hauptgewinn	6
hauptgingen	6
hauptgrund	6
hauptgründ	6
haupthaus	6
hauptkommissar	6
hauptperson	6
hauptpersonen	6
hauptplatz	6
hauptpreis	6
hauptproblem	6
hauptquelle	6
hauptrollen	6
hauptsach	6
hauptsatz	6
hauptschulabschluss	6
hauptschule	6
hauptschulen	6
hauptseite	6
hauptsitz	6
hauptsponsor	6
hauptstelle	6
hauptstidten	6
hauptstrassen	6
hauptstraße	6
hauptteil	6
hauptthema	6
hauptthemen	6
haupttribün	6
hauptursache	6
hauptverhandlung	6
hauptversammlung	6
hauptverwaltung	6
hauptwerk	6
hauptwerken	6
hauptwohnsitz	6
hauptziel	6
hausarzen	6
hausaufgabe	6
hausbesetzer	6
hausbesitzer	6
hausbesuch	6
hausbewohner	6
hausboot	6
hausdurchsuchung	6
hauseingang	6
hausen	6
hauser	6
hausflur	6
hausfrauen	6
hausfriedensbruch	6
hausgemacht	6
haushalen	6
haushaltsausschuss	6
haushaltseinkommen	6
haushaltsführung	6
haushaltsgerät	6
haushaltshilfe	6
haushaltsjahr	6
haushaltsplan	6
hausherr	6
hausherren	6
haushoch	6
hausieren	6
hauskatzen	6
hauslehr	6
hausmann	6
hausmannskost	6
hausmittel	6
hausmädch	6
hausmädchen	6
hausmüll	6
hausnummer	6
hausnummern	6
hausordnung	6
hausrat	6
hausratversicherung	6
hausrechen	6
hausschuhe	6
haustechnik	6
hausverbot	6
hausverwaltung	6
hauswand	6
hauswirtschaft	6
hausärzte	6
hautarzen	6
haute	6
hautfarbe	6
hautfarben	6
hautkrebs	6
hautnah	6
hautpflegen	6
havanna	6
havarie	6
havel	6
hawks	6
hawthorne	6
hayden	6
hazel	6
head	6
headset	6
healy	6
hear	6
heaven	6
hebamm	6
hebammen	6
hebebühnen	6
heber	6
hebräisch	6
hebst	6
hebung	6
hecht	6
heck	6
hecke	6
hecken	6
heckklappe	6
heckscheiben	6
hedgefonds	6
heeresgruppe	6
heerführer	6
hefe	6
hefen	6
heferflocken	6
hefeteig	6
heftch	6
hefte	6
heften	6
heftige	6
heftigen	6
heftiger	6
heftiges	6
hege	6
hegel	6
hegemonie	6
hegen	6
heger	6
hegt	6
hehl	6
hehler	6
hei	6
heiden	6
heights	6
heikel	6
heikle	6
heiland	6
heilbar	6
heile	6
heiler	6
heiligenschein	6
heiligsprechung	6
heiligtum	6
heiligtümer	6
heilkraft	6
heilkund	6
heilpflanzen	6
heilpraktiker	6
heilpraktikerin	6
heilsam	6
heilungsprozess	6
heimagenen	6
heimarbeit	6
heimatgemeind	6
heimathafen	6
heimatkunden	6
heimatlieben	6
heimatlos	6
heimatmuseum	6
heimatort	6
heimatschutz	6
heimatverein	6
heimbringen	6
heime	6
heimfahren	6
heimgehen	6
heimgesucht	6
heimisch	6
heimkehr	6
heimkehren	6
heimkommen	6
heimliche	6
heimmannschaft	6
heimreise	6
heimsieg	6
heimstätten	6
heimsuchen	6
heimsuchung	6
heimtückisch	6
heimvorteil	6
heimwerker	6
heimzahlen	6
heini	6
heinze	6
heiser	6
heisse	6
heisshunger	6
heissluftballon	6
heiter	6
heiterem	6
heiterkeit	6
heizen	6
heizer	6
heizkoste	6
heizkörper	6
heizungen	6
heizungsanlage	6
heizöl	6
heißeste	6
hej	6
hektik	6
hektisch	6
hektoliter	6
hektor	6
heldenhaft	6
heldentaten	6
heldinnen	6
helfend	6
helferin	6
heli	6
helium	6
helix	6
hellblau	6
hellbraun	6
hellen	6
helles	6
hellgrau	6
hellhörig	6
helligkeit	6
helllichten	6
hello	6
hellseh	6
hellsehen	6
helmpflicht	6
helmut	6
help	6
helsinki	6
hemisphären	6
hemm	6
hemmen	6
hemmschwellen	6
hemmung	6
hemmungen	6
hemmungslos	6
hendricks	6
hendrix	6
henkel	6
henne	6
hennen	6
henning	6
henrietta	6
henrys	6
hepatitis	6
herablassend	6
herabsetzen	6
herabsetzung	6
herakles	6
herangeführen	6
herangehensweise	6
herangetragen	6
herangetreten	6
herangewachsen	6
herankommen	6
heranwachsen	6
heranwachsend	6
heranwachsende	6
heranzieh	6
heranziehen	6
herauf	6
heraufbeschwören	6
herausarbeiten	6
herausbekommen	6
herausbildung	6
herausbringen	6
herausfinde	6
herausforderer	6
herausfordern	6
herausfordernd	6
herausgabe	6
herausgeben	6
herausgeberin	6
herausgefordert	6
herausgekommen	6
herausgerissen	6
herausgeschniten	6
herausgesuchen	6
herausgezogen	6
heraushole	6
herausholen	6
herauskommt	6
herauslesen	6
herauslösen	6
herausnehmen	6
herausragend	6
herausstellen	6
herausstellt	6
herausstellte	6
herausziehen	6
herbe	6
herbeiführen	6
herbeigeführen	6
herber	6
herberge	6
herbestellt	6
herbie	6
herbstferien	6
herbstlich	6
herbstwetter	6
hercule	6
hercules	6
herden	6
herdplatte	6
hereingelegt	6
hereinspaziert	6
hergang	6
hergeben	6
hergebeten	6
hergefahren	6
hergeleiten	6
hergerichten	6
hergezogen	6
herholen	6
hering	6
herkamen	6
herkuler	6
herkules	6
herkunftsland	6
herkunftsländer	6
herleiten	6
herleitung	6
hermeneutik	6
hermes	6
hermetisch	6
hermine	6
hernandez	6
hernehmen	6
hero	6
herold	6
herpes	6
herrchen	6
herrenhaus	6
herrenrasse	6
herrichen	6
herrlichen	6
herrlicher	6
herrliches	6
herrlichkeit	6
herrschte	6
herstell	6
hersteller	6
herstellungskosen	6
hertz	6
herumfahren	6
herumführen	6
herumliegen	6
herumsitzen	6
herumstehen	6
herunterfahren	6
heruntergefahren	6
heruntergekommen	6
heruntergeladen	6
herunterladen	6
hervorbringen	6
hervorgehen	6
hervorhebung	6
hervorragender	6
hervorrufen	6
hervortreen	6
hervortreten	6
herzblatt	6
herzblut	6
herzensangelegenheit	6
herzenswunsch	6
herzfehler	6
herzfrequenz	6
herzhaft	6
herziehen	6
herzig	6
herzinfarken	6
herzinsuffizienz	6
herzklopfen	6
herzliches	6
herzlichkeien	6
herzlos	6
herzogtum	6
herzrasen	6
herzschliegen	6
herzschmerz	6
herzschrittmach	6
herzschwäch	6
herzstillstand	6
herzstück	6
herzubringen	6
herzversagen	6
herzöge	6
herüber	6
hesse	6
hessisch	6
heterogen	6
heterogenität	6
heterosexuell	6
heterosexuellen	6
hetzen	6
hetzer	6
hetzjagd	6
hetzt	6
heuchelei	6
heucheln	6
heuchlerisch	6
heuhaufen	6
heul	6
heulend	6
heulst	6
heuschnupfen	6
heuschrecken	6
hexenjagd	6
hexenmeister	6
hexer	6
hieb	6
hieben	6
hierarchie	6
hierarchisch	6
hierauf	6
hieraus	6
hierdurch	6
hiergeblieben	6
hiergegen	6
hierherkommen	6
hierin	6
hierlassen	6
hiernach	6
hieroglyphen	6
hieronymus	6
hierüber	6
hiesigen	6
hieven	6
hieße	6
hießen	6
higgins	6
high-school	6
hihi	6
hilary	6
hilda	6
hilfeleistung	6
hilfen	6
hilferuf	6
hilferufe	6
hilfestellung	6
hilflose	6
hilflosen	6
hilflosigkeit	6
hilfsarbeiter	6
hilfsbereit	6
hilfsbereitschaft	6
hilfskonvoi	6
hilfskraft	6
hilfskräfte	6
hilfsmittel	6
hilfsorganisation	6
hilfsorganisationen	6
hilfssheriff	6
hilfswerk	6
hillary	6
hilton	6
him	6
himalaja	6
himalaya	6
himbeeren	6
himmelblau	6
himmelreich	6
himmelskörper	6
himmelsrichtung	6
himmlische	6
himmlischen	6
hinab	6
hinarbeiten	6
hinausgehen	6
hinauslaufen	6
hinauszögern	6
hinderlich	6
hindernisse	6
hindi	6
hindu	6
hinduismus	6
hindus	6
hinegehen	6
hineingehen	6
hineingezogen	6
hineinziehen	6
hinfällig	6
hinführen	6
hinführt	6
hingearbeiten	6
hingeben	6
hingefahren	6
hingegeben	6
hingehalten	6
hingehören	6
hingen	6
hingerissen	6
hingeschaut	6
hingeschickt	6
hingestellen	6
hingucker	6
hinhören	6
hinken	6
hinlänglich	6
hinreichend	6
hinreissend	6
hinrichten	6
hinrichtungen	6
hinrunden	6
hinschauen	6
hinschicken	6
hinspiel	6
hinterachse	6
hinterausgang	6
hinterbeine	6
hinterblieben	6
hintere	6
hintereingang	6
hinterflügel	6
hinterfragen	6
hintergedanken	6
hintergrundbild	6
hintergrundinformation	6
hintergrundmusik	6
hintergrundwissen	6
hinterherlaufen	6
hinterhof	6
hinterhältig	6
hinterlassenschaft	6
hinterlassenschaften	6
hinterlasst	6
hinterlegen	6
hinterlegt	6
hintermänn	6
hinterrad	6
hinters	6
hinterteil	6
hintertürn	6
hinterwäldler	6
hinterzimmer	6
hinunt	6
hinwegkommen	6
hinziehen	6
hinzugeben	6
hinzugefügt	6
hinzugehen	6
hinzugeziehen	6
hinzukommen	6
hinzuzufügen	6
hip	6
hiphop	6
hipp	6
hippe	6
hippie	6
hippies	6
hirnforschung	6
hirngespinst	6
hirntod	6
hirntot	6
hirntumor	6
hiro	6
hiroshima	6
hirse	6
hirt	6
hirte	6
hirten	6
hisbollah	6
hissen	6
histamin	6
histologie	6
historikerin	6
historische	6
historismus	6
hitlergruss	6
hitlerjugend	6
hitlers	6
hitzewelle	6
hitzig	6
hive	6
hm-hm	6
hmmm	6
hobbys	6
hobel	6
hochachtung	6
hochachtungsvoll	6
hochaltar	6
hochbahn	6
hochbau	6
hochbegaben	6
hochburg	6
hochdeutsch	6
hochdruck	6
hocheben	6
hocherfreuen	6
hochfahren	6
hochgebirge	6
hochgefahren	6
hochgehalen	6
hochgeladen	6
hochgezogen	6
hochglanz	6
hochgradig	6
hochhaus	6
hochheben	6
hochhäuser	6
hochinteressant	6
hochkant	6
hochkommen	6
hochkonjunktur	6
hochkultur	6
hochladen	6
hochland	6
hochmut	6
hochofen	6
hochrechnen	6
hochrechnung	6
hochrechnungen	6
hochsaison	6
hochschulabschluss	6
hochschulabsolvenen	6
hochschullehrer	6
hochschulreifen	6
hochschulschrifen	6
hochschulstudium	6
hochschwarzwald	6
hochsommer	6
hochspannung	6
hochsprung	6
hochstapler	6
hochstetter	6
hochstifen	6
hochstrasse	6
hochtouren	6
hochverrat	6
hochwald	6
hochwasser	6
hochwasserschutz	6
hochwertig	6
hochwertiger	6
hochzeitsfeier	6
hochzeitsgeschenk	6
hochzeitskleid	6
hochzeitsnachen	6
hochzeitsnacht	6
hochziehen	6
hocke	6
hocken	6
hocker	6
hockey	6
hockt	6
hod	6
hoden	6
hodensack	6
hodgins	6
hofburg	6
hofe	6
hoff	6
hoffnungsloser	6
hoffnungslosigkeit	6
hoffnungsschimmer	6
hoffnungsträg	6
hoffnungsvoll	6
hoffst	6
hofften	6
hofgarn	6
hofieren	6
hofladen	6
hofmeister	6
hofstaat	6
hoftheater	6
hoheitsgebiet	6
hohem	6
hohepriester	6
hohl	6
hohlraum	6
hohlräume	6
hohn	6
hoi	6
hokkaido	6
hokuspokus	6
hola	6
holder	6
holding	6
holger	6
holiday	6
holl	6
holla	6
hollehen	6
hollis	6
holländer	6
holländisch	6
holm	6
holodeck	6
hologramm	6
holprig	6
holunder	6
holzapfel	6
holzbalken	6
holzbau	6
holzfäller	6
holzhaus	6
holzhäuser	6
holzkohlen	6
holzschnitt	6
holzschnitte	6
holzweg	6
homburg	6
homepages	6
homie	6
hommage	6
homogen	6
homogenität	6
homopheben	6
homophobie	6
homosexuelle	6
homosexueller	6
honduras	6
honigbienen	6
honorar	6
honoratioren	6
honorieren	6
hooligan	6
hoover	6
hop	6
hopfen	6
hopkins	6
hopper	6
horace	6
horatio	6
horchen	6
horden	6
horen	6
horizonen	6
horizontal	6
horizontalen	6
hormon	6
hornhaut	6
hornissen	6
hornung	6
horoskop	6
horrorfilm	6
horse	6
hort	6
horten	6
hos	6
hosenscheißer	6
hosentasch	6
hosentasche	6
hosentaschen	6
hosenträg	6
hospiz	6
hosting	6
hotdog	6
hotdogs	6
hotelier	6
hotelkette	6
hotellerie	6
hotspot	6
hour	6
howdy	6
hoyt	6
huang	6
hub	6
huf	6
hufe	6
hufeisen	6
hugenotten	6
huggy	6
huhu	6
hui	6
huldig	6
huldigung	6
hulk	6
humaner	6
humanisen	6
humanismus	6
humanistisch	6
humanität	6
humanmedizin	6
humbug	6
humm	6
hummel	6
hummeln	6
humoristisch	6
humorlos	6
humorvoll	6
humus	6
hundebesitzer	6
hundefutter	6
hundegebell	6
hundehalter	6
hundekot	6
hunderter	6
hundertjährig	6
hundertjährigen	6
hundertmal	6
hundertprozentig	6
hundertschaft	6
hundertschaften	6
hundertstel	6
hundes	6
hunen	6
hung	6
hungersnot	6
hungersnöte	6
hungerstreik	6
hunnen	6
hunsrück	6
hurensöhne	6
hurley	6
hurrikan	6
hurtig	6
husaren	6
husch	6
hustensaft	6
hutchinson	6
hutmacher	6
hutt	6
hybrid	6
hybride	6
hybriden	6
hybris	6
hyde	6
hydranten	6
hydraulik	6
hydraulisch	6
hydrolyse	6
hygienisch	6
hymne	6
hymnen	6
hyperbel	6
hyperinflation	6
hyperion	6
hyperraum	6
hypertonie	6
hypnos	6
hypnotisiert	6
hypotheken	6
hypothese	6
hypothesen	6
hypothetisch	6
hysterie	6
hyäne	6
hã	6
häf	6
hähne	6
häkchen	6
häkeln	6
hälften	6
hälst	6
häme	6
hämisch	6
hämmer	6
hämmeren	6
hämmern	6
hämmert	6
hämmerte	6
hämoglobin	6
hämorrheiden	6
händedruck	6
händeringend	6
händeschütteln	6
händewaschen	6
händisch	6
hängebrücken	6
hängematte	6
hängenbleiben	6
hängend	6
häppchen	6
hären	6
häresie	6
häretiker	6
härteste	6
härtesten	6
hässlicher	6
hässliches	6
hässlichkeit	6
häufchen	6
häufen	6
häufigkeit	6
häufung	6
häuptlinge	6
häusch	6
häuslich	6
häut	6
häuten	6
hélène	6
höchstes	6
höchstform	6
höchstgeschwindigkeit	6
höchstleistungen	6
höchstmass	6
höchststand	6
höchststrafe	6
höchstweren	6
höcker	6
höfe	6
höflicher	6
höhenangst	6
höhendifferenz	6
höhenflug	6
höhenlage	6
höhenmeter	6
höhenunterscheiden	6
höhepunken	6
höllen	6
hölzern	6
hörbar	6
hörbuch	6
hörbüch	6
hörensagen	6
hörfunk	6
hörgerät	6
hörgeräte	6
hörnch	6
hörsaal	6
hörspiel	6
hörspiele	6
hörtest	6
hüa	6
hübscheste	6
hüfen	6
hügelland	6
hügeln	6
hühnern	6
hühnerstall	6
hüllen	6
hülse	6
hülsen	6
hülsenfrüchen	6
hündin	6
hüpf	6
hüpfburg	6
hüpft	6
hüpfte	6
hürrem	6
hütten	6
i-ich	6
ibo	6
ibuprofen	6
ich-	6
idaho	6
idealbild	6
idealen	6
idealerweise	6
idealfall	6
idealisen	6
idealismus	6
idealisten	6
idealistisch	6
ident	6
identifikation	6
identifizierbar	6
identifizierung	6
identitäten	6
ideologe	6
ideologisch	6
idioen	6
idiotie	6
idiotischen	6
idol	6
idyll	6
idyllisch	6
ig	6
igel	6
igen	6
igeten	6
ignorant	6
ignorante	6
ignoranz	6
ignorier	6
ignorierst	6
ihresgleichen	6
iii	6
ikarus	6
ikone	6
ikonen	6
ikonographie	6
ill	6
ille	6
illegaler	6
illegales	6
illegalität	6
illusorisch	6
illustration	6
illustrationen	6
illustrator	6
illustrieren	6
ilona	6
ilsa	6
imagination	6
imago	6
imam	6
imbiss	6
imitation	6
imitieren	6
imker	6
imkerei	6
immens	6
immersion	6
immigranen	6
immigration	6
immobilienfonds	6
immobilienmakler	6
immobilienmarkt	6
immobilienpreise	6
immunsyst	6
immunsystem	6
imperativ	6
imperator	6
imperialismus	6
impfen	6
impfgegn	6
impfpflichen	6
impfstoffen	6
impfung	6
implantat	6
implantaten	6
implantation	6
implantiert	6
implementieren	6
implementierung	6
implikation	6
implikationen	6
implizieren	6
implizit	6
imponieren	6
import	6
importeur	6
importieren	6
importiert	6
imposant	6
impotenz	6
impression	6
impressionismus	6
impressum	6
improvisation	6
improvisationen	6
improvisier	6
impulse	6
impulsiv	6
in diesem zusammenhang ist hervorzuheben	6
inaktiv	6
inaktivität	6
inanspruchnahme	6
inbegriff	6
inbegriffen	6
inbetriebnahm	6
inbrunst	6
inder	6
indessen	6
indianapolis	6
indianern	6
indigo	6
indikation	6
indikator	6
indikatoren	6
indio	6
indisch	6
indische	6
indischen	6
individualisierung	6
individualismus	6
individualisten	6
individualität	6
individualverkehr	6
individuum	6
indiz	6
indizien	6
indizieren	6
indoktrination	6
indonesien	6
indonesisch	6
induktion	6
indus	6
industrialisierung	6
industrieanlagen	6
industriebetrieben	6
industriegebiet	6
industriekaufmann	6
industriell	6
industrieländer	6
industrienation	6
industriepark	6
industrieproduktion	6
industriestaat	6
industriestadt	6
industrieunternehmen	6
industriezweig	6
induzieren	6
ineffizient	6
ineinander	6
infanterie	6
infarkt	6
infekt	6
infektionen	6
infektionskrankheit	6
inferior	6
inferno	6
infiltrieren	6
infinitiv	6
infizieren	6
infizierten	6
infizierter	6
inflationsrate	6
inflationär	6
influenza	6
infografik	6
infolgedesse	6
informanen	6
informatiker	6
informationsaustausch	6
informationsbeschaffung	6
informationsdienst	6
informationsfluss	6
informationsfreiheit	6
informationsgesellschaft	6
informationsmaterial	6
informationsquellen	6
informationssystem	6
informationssysteme	6
informationstechnik	6
informationstechnologie	6
informationsveranstaltung	6
informationsverarbeitung	6
informationszentrum	6
informativ	6
informell	6
informierte	6
infostand	6
infotainment	6
infrarot	6
infusion	6
infusionen	6
inge	6
ingenieurbüro	6
ingenieure	6
ingenieurin	6
ingenieurwese	6
ingenieurwissenschaften	6
inger	6
ingwer	6
inhaberin	6
inhaftieren	6
inhaftiert	6
inhaftierung	6
inhalieren	6
inhaltsangabe	6
inhaltsstoffe	6
inhaltsverzeichnis	6
initial	6
initiation	6
initiator	6
initiatoren	6
initiieren	6
initiiert	6
injektion	6
injizieren	6
injiziert	6
inka	6
inkarnation	6
inkasso	6
inkludieren	6
inklusion	6
inkompetent	6
inkompetenz	6
inkonsequent	6
inkontinenz	6
inkrafttrete	6
inkubationszeit	6
inne	6
innehaben	6
innehalt	6
innenarchitektur	6
innenausbau	6
innenausschuss	6
innenausstattung	6
innenbereich	6
innendienst	6
inneneinrichtung	6
innenhof	6
innenleben	6
innenministerium	6
innenpolitik	6
innenpolitisch	6
innenraum	6
innenräume	6
innenseien	6
innensenator	6
innenstädte	6
innenverteidig	6
innereien	6
innerer	6
inneres	6
innerorts	6
innerst	6
innerste	6
innersten	6
innig	6
innovationen	6
innovativ	6
innung	6
input	6
inquisition	6
inquisitor	6
insasse	6
inschrifen	6
inschrift	6
insekt	6
insekte	6
inselgruppe	6
inselstaat	6
inserat	6
insgeheim	6
insignien	6
insolvenez	6
insolvent	6
insolvenzantrag	6
insolvenzverfahr	6
insolvenzverwalt	6
inspektoren	6
inspiratione	6
inspirieren	6
inspirierend	6
inspizieren	6
instabilität	6
installateur	6
installationen	6
instandhaltung	6
instandsetzung	6
instanzen	6
instinken	6
instinktiv	6
institutionell	6
instruktion	6
instruktionen	6
instrumental	6
instrumentalisieren	6
instrumentalisierung	6
instrumentarium	6
inständig	6
insulan	6
insulin	6
inszenieren	6
integ	6
integral	6
integrationspolitik	6
integrierbar	6
integriern	6
intellekt	6
intellektuell	6
intellektuelle	6
intelligenter	6
intendant	6
intensität	6
intensiver	6
intensivieren	6
intensivierung	6
intensivmedizin	6
intention	6
interagieren	6
interaktiv	6
interdisziplinär	6
interessanterweise	6
interessengemeinschaft	6
interessengruppen	6
interessenkonfliken	6
interessenkonflikt	6
interessent	6
interessenvertretung	6
interface	6
interferenz	6
interieur	6
intermezzo	6
internationaler	6
internationalisierung	6
internationalität	6
interneen	6
internen	6
internetanbiet	6
internetanschluss	6
internetauftriten	6
internetforen	6
internetpräsenz	6
internetverbindung	6
internetzugang	6
internieren	6
internierungslag	6
internisen	6
internist	6
interpreen	6
interpret	6
interpretieren	6
interpunktion	6
intersect	6
intervall	6
intervalle	6
intervenieren	6
interveniert	6
intervention	6
interventionen	6
interviewe	6
interviewen	6
interviewer	6
interviewpartn	6
interviewte	6
intim	6
intimbereich	6
intimität	6
into	6
intolerant	6
intoleranz	6
intonation	6
intranen	6
intravenös	6
intrig	6
intrigen	6
intuitiv	6
invasoren	6
inventar	6
inventur	6
invers	6
investitionen	6
investitionskosten	6
investmentbank	6
investmentfonds	6
involvieren	6
inzest	6
inzidenz	6
inzucht	6
io	6
ion	6
ionen	6
iowa	6
ip	6
iq	6
iraker	6
irdischen	6
ire	6
irisch	6
irische	6
irischen	6
irrational	6
irreführend	6
irreführung	6
irrenanstalt	6
irreversibel	6
irrglaube	6
irritation	6
irritieren	6
irritierend	6
irritiert	6
irrsinnig	6
irrte	6
irrtümer	6
irrtümlich	6
irrweg	6
isa	6
isaiah	6
isak	6
isar	6
isdn	6
isis	6
islamabad	6
islamisch	6
islamisen	6
islamisierung	6
islamismus	6
islamistisch	6
islamophobie	6
isle	6
isländer	6
isländisch	6
isobel	6
isolation	6
isolierten	6
isolierung	6
isotope	6
israeli	6
israelisch	6
istja	6
italienerin	6
item	6
iv	6
ives	6
jacht	6
jacken	6
jackentascher	6
jackpot	6
jacky	6
jacobs	6
jadzia	6
jag	6
jagdhund	6
jagst	6
jagten	6
jaguar	6
jahrbüch	6
jahresabschluss	6
jahresbeginn	6
jahresbeitrag	6
jahresbericht	6
jahresdurchschnitt	6
jahreseinkommen	6
jahresende	6
jahresgehalt	6
jahreshauptversammlung	6
jahreskaren	6
jahresrückblick	6
jahrestagung	6
jahresumsatz	6
jahresverlauf	6
jahresversammlung	6
jahreswechsel	6
jahreszahl	6
jahreszahlen	6
jahrgangsstufe	6
jahrgänge	6
jahrhundern	6
jahrhundertelang	6
jahrhundertwende	6
jahrmarkt	6
jahrtausend	6
jahrtausendwenden	6
jahrzehnen	6
jahrzehnt	6
jahrzehnte	6
jahrzehntelang	6
jahrzehnten	6
jaime	6
jak	6
jakarta	6
jakobsweg	6
jalousien	6
jamaika	6
jamal	6
jameson	6
jammert	6
jana	6
janey	6
janine	6
japanerin	6
japp	6
jargon	6
jasmin	6
jasmine	6
jasons	6
jau	6
jault	6
jawoll	6
jean-louis	6
jean-luc	6
jeanette	6
jed	6
jedermanns	6
jedweder	6
jeglichen	6
jein	6
jemen	6
jepp	6
jericho	6
jesaja	6
jesiden	6
jesuit	6
jesuiten	6
jesuskind	6
jethro	6
jetlag	6
jets	6
jewel	6
jiddisch	6
jimbo	6
jj	6
joanie	6
joanna	6
joanne	6
joaquin	6
jobangebot	6
jobbörse	6
jobsuch	6
jobwechsel	6
jocelyn	6
joch	6
jockey	6
jod	6
joes	6
jogger	6
jogging	6
jogginghose	6
johannesburg	6
johanniter	6
jojo	6
jolly	6
jonesy	6
jonglieren	6
jonny	6
jor-el	6
jordanien	6
josephine	6
joule	6
journalistinn	6
journalistisch	6
jt	6
ju	6
juanita	6
jubelnd	6
jubilar	6
jubiläen	6
jubiläumsjahr	6
jucken	6
juckreiz	6
judah	6
judas	6
judd	6
judenhass	6
judentum	6
judo	6
jugendalter	6
jugendarbeit	6
jugendarbeitslosigkeit	6
jugendbereich	6
jugendbewegung	6
jugendbuch	6
jugendbüch	6
jugendfeuerwehr	6
jugendfreund	6
jugendgruppe	6
jugendgruppen	6
jugendherberg	6
jugendherberge	6
jugendhilfe	6
jugendkriminalität	6
jugendkultur	6
jugendlich	6
jugendlicher	6
jugendliebe	6
jugendliteratur	6
jugendmannschaft	6
jugendorganisation	6
jugendorganisationen	6
jugendschutz	6
jugendspracher	6
jugendstil	6
jugendstrafrecht	6
jugendtrainer	6
jugendzeit	6
jugendzentrum	6
jugoslawien	6
juice	6
jukebox	6
jumper	6
jun	6
jungbrunnen	6
jungfer	6
jungfraue	6
jungfräulichkeit	6
junggeselle	6
junggesellen	6
junggesellenabschied	6
junggeseller	6
jungspund	6
jungtier	6
jungtiern	6
juniorinn	6
juniorpartner	6
junker	6
junkies	6
juno	6
junta	6
jurastudium	6
juristin	6
juristisch	6
juristische	6
juristischen	6
juror	6
juroren	6
jus	6
juso	6
justizminister	6
justizministerin	6
justizpalast	6
justizvollzugsanstalt	6
jutebeutel	6
juter	6
juwelier	6
jux	6
jägermeister	6
jäh	6
jämmerlich	6
jérôme	6
jüdin	6
jüdisch	6
jüngling	6
jünglinge	6
jüngst	6
jüngster	6
jüngstes	6
ka	6
kabal	6
kabarett	6
kabarettisen	6
kabarettist	6
kabarettistin	6
kabelbind	6
kabelfernsehen	6
kabeln	6
kabul	6
kachel	6
kadav	6
kadaver	6
kadenz	6
kadeten	6
kadett	6
kadetten	6
kaff	6
kaffeebech	6
kaffeebohn	6
kaffeehaus	6
kaffeemaschine	6
kaffeemaschinen	6
kaffeepause	6
kaffeetassen	6
kaffeetrinke	6
kahl	6
kahlschlag	6
kain	6
kairo	6
kaiserlich	6
kaiserlichen	6
kaiserreich	6
kaiserstuhl	6
kaisertum	6
kaiserzeit	6
kajak	6
kakerlake	6
kaktee	6
kaktus	6
kal-el	6
kalabrien	6
kalauer	6
kaleidoskop	6
kalend	6
kalenderjahr	6
kalenderwoch	6
kali	6
kalibrierung	6
kalif	6
kalifat	6
kalium	6
kalk	6
kalkstein	6
kalkulation	6
kalkulieren	6
kalkutta	6
kalkül	6
kalle	6
kalorie	6
kalorien	6
kalter	6
kambodscha	6
kamel	6
kameln	6
kameradschaft	6
kameramann	6
kamerateam	6
kamerun	6
kameruner	6
kaminen	6
kammerdiener	6
kammergericht	6
kammerjäger	6
kammermusik	6
kammerorchester	6
kamp	6
kampfansage	6
kampfeinsatz	6
kampfflugzeuge	6
kampfgeisen	6
kampfgeist	6
kampfhandlungen	6
kampfhubschrauber	6
kampfkraft	6
kampfkunst	6
kampfpanzer	6
kampfsport	6
kamt	6
kamui	6
kanadier	6
kanadierin	6
kanalisation	6
kanalisieren	6
kanaren	6
kandidatin	6
kandidatinnen	6
kandidatur	6
kandidieren	6
kanen	6
kaninch	6
kanister	6
kanne	6
kannen	6
kannibalen	6
kannibalismus	6
kanns	6
kanon	6
kantaen	6
kantat	6
kante	6
kantersieg	6
kantig	6
kantinen	6
kantonspolizei	6
kantor	6
kanu	6
kanus	6
kanuten	6
kanzel	6
kanzleien	6
kanzleramt	6
kanzlerkandidat	6
kanzlerkandidaten	6
kapell	6
kapellmeister	6
kapern	6
kapitalanlag	6
kapitalanlage	6
kapitalerhöhung	6
kapitalertrag	6
kapitalgesellschaft	6
kapitalisen	6
kapitalistisch	6
kapitalmarken	6
kapitan	6
kapitol	6
kapitulation	6
kapitulieren	6
kappa	6
kappen	6
kapseln	6
kapstadt	6
kaputtgemacht	6
kaputtmach	6
kaputtmachen	6
kapuze	6
kapuzen	6
kapuzin	6
kar	6
karabiner	6
karambolage	6
karamell	6
karaoke	6
karat	6
karaten	6
karawane	6
karbon	6
kardinäle	6
kardiologen	6
kardiologie	6
karfreitag	6
karg	6
karibik	6
karies	6
karikatur	6
karikaturen	6
karlsbad	6
karn	6
karo	6
karosserie	6
karoten	6
karotte	6
karotten	6
karpaen	6
karpfen	6
karren	6
karrierechance	6
karriereleiter	6
karrieren	6
kart	6
kartei	6
karteikaren	6
kartellamt	6
kartelle	6
kartellrechen	6
kartenhaus	6
kartenmaterial	6
kartenspallen	6
kartenspiel	6
karthago	6
kartierung	6
kartoffel	6
kartoffelbrei	6
kartoffelsalat	6
kartographie	6
kartons	6
kartusch	6
karussell	6
kasachstan	6
kasan	6
kaschieren	6
kaschmir	6
kasern	6
kaserne	6
kasper	6
kasperl	6
kassa	6
kassandra	6
kasseten	6
kassetten	6
kassier	6
kassierer	6
kassiererin	6
kassiert	6
kast	6
kastanie	6
kastanien	6
kaste	6
kastell	6
kastenwagen	6
kastration	6
kastrieren	6
kasu	6
katakombe	6
katalanisch	6
kataloge	6
katalonien	6
katalysator	6
katalysatoren	6
katamaran	6
katapult	6
katapultieren	6
katar	6
katarina	6
katast	6
katastrophal	6
katastrophen	6
katastrophenhilfe	6
katastrophenschutz	6
katechismus	6
kategorisch	6
kategorisieren	6
kategorisierung	6
kathedrale	6
katheter	6
kathleen	6
katholik	6
katholische	6
katholischen	6
katholizismus	6
katione	6
katrin	6
kattowitz	6
katy	6
katzenfutter	6
katzensprung	6
kauder	6
kauderwelsch	6
kaufempfehlung	6
kaufentscheidung	6
kauffrau	6
kaufkraft	6
kaufleuten	6
kaufoption	6
kaufpreis	6
kaufverhalen	6
kaufvertrag	6
kaukasus	6
kausalität	6
kautschuk	6
kauz	6
kavalier	6
kavaliersdelikt	6
keating	6
kebab	6
keck	6
kegel	6
kegelbahn	6
kehlen	6
kehlkopf	6
kehr	6
kehrseite	6
kehrst	6
kehrten	6
kehrtwend	6
keil	6
keim	6
keime	6
keimen	6
keimzellen	6
kek	6
kel	6
kelle	6
kellergeschoss	6
kellern	6
kellnern	6
kelso	6
kelt	6
kelter	6
kelvin	6
kempt	6
kendall	6
kendra	6
kenia	6
kenian	6
kenji	6
kennengelernen	6
kennenlernten	6
kenntlich	6
kenntnisstand	6
kennung	6
kennwort	6
kennzahl	6
kennzahlen	6
kennzeichnen	6
kennzeichnend	6
kennzeichnung	6
kennzeichnungspflicht	6
kennziffer	6
kensington	6
kentern	6
kepner	6
kera	6
kerbe	6
kerls	6
kernaussage	6
kernbereich	6
kerne	6
kernel	6
kernenergie	6
kerngeschäft	6
kerngesund	6
kernkompetenz	6
kernkompetenzen	6
kernkraft	6
kernkraftwerk	6
kernpunkt	6
kernschmelze	6
kernstadt	6
kernstück	6
kernthemen	6
kernwaffen	6
kerosinn	6
kerry	6
kerzenlicht	6
kerzenschein	6
kes	6
kettenreaktion	6
kettensag	6
kettensäge	6
ketzer	6
ketzerei	6
keuchhusen	6
keule	6
keusch	6
keuschheit	6
kev	6
key	6
keyboard	6
kichererbsen	6
kickboxen	6
kicken	6
kickstarter	6
kidnapper	6
kiefern	6
kieme	6
kiera	6
kieran	6
kies	6
kiesel	6
kiez	6
kiff	6
kiffen	6
kilimandscharo	6
kill	6
killen	6
kilometern	6
kilometerweit	6
kilowatt	6
kilowattstunde	6
kilowattstunden	6
kimberly	6
kimono	6
kinch	6
kindch	6
kindchen	6
kinderarbeit	6
kinderarmut	6
kinderarzt	6
kinderaugen	6
kinderbetreuung	6
kinderbuch	6
kinderbüch	6
kinderchor	6
kinderdorf	6
kindererziehung	6
kinderfest	6
kinderfilm	6
kindergart	6
kindergeburtstag	6
kindergeld	6
kindergären	6
kindergärtnerin	6
kinderheilkunde	6
kinderheim	6
kinderklinik	6
kinderkrankheien	6
kinderkrippe	6
kinderleicht	6
kinderlieder	6
kinderlos	6
kinderlähmung	6
kindermädch	6
kinderpornografie	6
kinderprogramm	6
kinderschänd	6
kindersitz	6
kindersoldaen	6
kinderspielplatz	6
kinderspielzeug	6
kindersterblichkeit	6
kindertageseinrichtung	6
kindertagesstäten	6
kinderwagen	6
kinderwunsch	6
kinderzimm	6
kinderärztin	6
kindesalter	6
kindesmissbrauch	6
kindeswohl	6
kindgerecht	6
kindheitserinnerungen	6
kindlich	6
kings	6
kingston	6
kinofilm	6
kinos	6
kinosaal	6
kinostart	6
kiosk	6
kipper	6
kirchen	6
kirchenchor	6
kirchengeschichen	6
kirchenglocken	6
kirchenjahr	6
kirchenkreis	6
kirchenmusik	6
kirchenrechen	6
kirchenschiff	6
kirchensteuer	6
kirchentag	6
kirchenvorstand	6
kirchgemeind	6
kirchhof	6
kirchlich	6
kirchner	6
kirchplatz	6
kirchspiel	6
kirchturm	6
kirchweih	6
kirmes	6
kirsch	6
kirschbaum	6
kirschen	6
kisen	6
kiss	6
kitas	6
kitsch	6
kitschig	6
kittel	6
kitten	6
kitzeln	6
kitzelt	6
kitzl	6
kiwi	6
kjeld	6
klack	6
klaffen	6
klagt	6
klamauk	6
klamm	6
klammer	6
klammeren	6
klan	6
klapperen	6
klappert	6
klappte	6
klaps	6
klapse	6
klares	6
klargemacht	6
klarineten	6
klarinette	6
klarkomme	6
klarstellung	6
klartext	6
klarzukommen	6
klarzustellen	6
klassen	6
klassenfahren	6
klassenkamerad	6
klassenkampf	6
klassenlehrer	6
klassenlehrerin	6
klassenraum	6
klassenräume	6
klassenstufen	6
klassentreffen	6
klassenzimm	6
klassenzimmer	6
klassifikation	6
klassifiziere	6
klassifizieren	6
klassifizierung	6
klassischen	6
klassischer	6
klassizismus	6
klatscht	6
klaue	6
klausel	6
klaust	6
klausur	6
klausuren	6
klaute	6
klavieren	6
klavierkonzern	6
klavierspiel	6
klavierunterrichen	6
kleber	6
klebrig	6
klebstoff	6
klee	6
kleeblatt	6
kleidchen	6
kleiden	6
kleiderordnung	6
kleiderschrank	6
kleidungsstil	6
kleidungsstück	6
kleidungsstücke	6
kleinanleg	6
kleinasien	6
kleinbauer	6
kleinbetrieben	6
kleinbus	6
kleineren	6
kleingären	6
kleingärtn	6
kleinigkeien	6
kleinkind	6
kleinkram	6
kleinkreigen	6
kleinkunst	6
kleinlaut	6
kleinlich	6
kleinod	6
kleinschreibung	6
kleinster	6
kleinstädte	6
kleintransport	6
kleinwag	6
kleisen	6
klemmen	6
kleriker	6
klerus	6
klettere	6
kletterer	6
klettersteig	6
klettert	6
klienen	6
klientel	6
klimaanlagen	6
klimaforsch	6
klimaforschung	6
klimakatastrophe	6
klimapolitik	6
klimatisch	6
klimatisiern	6
klingelte	6
klingelton	6
klinikum	6
klinisch	6
klinke	6
klinker	6
klippen	6
klirrt	6
klischee	6
klischeehaft	6
klischees	6
klitoris	6
kloake	6
klone	6
klonen	6
klopapier	6
klopfte	6
klopften	6
kloppe	6
kloss	6
klosterhof	6
klosterkirche	6
klotz	6
klubobmann	6
klufen	6
klugen	6
klugheit	6
klugscheiss	6
klumpen	6
klägerin	6
kläglich	6
klär	6
kläranlage	6
kläranlagen	6
klärn	6
klärt	6
klärung	6
klösse	6
klöster	6
klötzen	6
klügste	6
knabbern	6
knaben	6
knacker	6
knackig	6
knackiger	6
knackpunken	6
knackt	6
knaller	6
knallhart	6
knappe	6
knappheit	6
knarrt	6
knauf	6
knebel	6
knebeln	6
knechen	6
knecht	6
knechtschaft	6
kneifen	6
kneipen	6
knen	6
knesset	6
knick	6
knicken	6
knicks	6
kniebeugen	6
kniegelenk	6
kniend	6
kniescheiben	6
kniet	6
kniff	6
kniffe	6
knifflig	6
knigge	6
knipsen	6
knirps	6
knirsch	6
knirschen	6
knistern	6
knochenbrüche	6
knochenmark	6
knoen	6
knolle	6
knopfdruck	6
knorpel	6
knospe	6
knospen	6
knotenpunken	6
knuddeln	6
knusprig	6
knut	6
knutschen	6
knäuel	6
knödel	6
knöllch	6
knöpfen	6
knüll	6
knüller	6
knüpfen	6
knüppel	6
koala	6
koalieren	6
koalitione	6
koalitionspartner	6
koalitionsverhandlung	6
koalitionsvertrag	6
kobalt	6
kobold	6
kobolde	6
kochbuch	6
kochbüch	6
kochkunst	6
kochkurs	6
kochlöffel	6
kochsalz	6
kochsalzlösung	6
kochte	6
kochtopf	6
kodieren	6
kodierung	6
koeffizienen	6
koexistenz	6
koffein	6
kognitiv	6
kohlekraftwerk	6
kohlen	6
kohlendioxid	6
kohlenhydrate	6
kohlenmonoxid	6
kohlenstoff	6
kohlensäur	6
kohlenwasserstoffe	6
kohlrabi	6
kohorte	6
kohärent	6
kohärenz	6
kojoten	6
kokon	6
kokosnuss	6
kol	6
kolben	6
kolibri	6
kollabieren	6
kollabiert	6
kollaboration	6
kollag	6
kollaps	6
kollateralschade	6
kollateralschäde	6
kolleg	6
kolleginnen	6
kollegium	6
kollektiv	6
kollektivvertrag	6
koller	6
kollidieren	6
kollidiern	6
kollision	6
kollisionen	6
kolloquium	6
kolonialismus	6
kolonialzeit	6
kolonisation	6
kolonisierung	6
kolonist	6
kolonne	6
kolonnen	6
koloss	6
kolosseum	6
kolportieren	6
kolumbianer	6
kolumbien	6
kolumne	6
kolumnen	6
kolumnisen	6
kombinationen	6
kombinieren	6
kombiniern	6
kombiniert	6
kombis	6
komeen	6
komet	6
kometen	6
komfort	6
komfortabl	6
komfortzone	6
komik	6
komischerweise	6
komitees	6
kommandanen	6
kommandeure	6
kommandieren	6
kommanditgesellschaft	6
kommandos	6
kommandozentrale	6
kommend	6
kommentarfunktion	6
kommentarlos	6
kommentator	6
kommentatoren	6
kommentierung	6
kommerzialisierung	6
kommerziell	6
kommerzieller	6
kommiliton	6
kommissaren	6
kommissariat	6
kommissarin	6
kommissarisch	6
kommissionspräsident	6
kommode	6
kommunal	6
kommunalpolitik	6
kommunalpolitiker	6
kommunalwahl	6
kommunikationsmittel	6
kommunikationstechnik	6
kommunikationswissenschaft	6
kommunikativ	6
kommunion	6
kommunisen	6
kommunismus	6
kommunistisch	6
kommuniziert	6
kompakt	6
kompanien	6
kompatibel	6
kompatibilität	6
kompendium	6
kompensation	6
kompensieren	6
kompetent	6
kompetenzzentrum	6
komplementär	6
kompletter	6
komplettes	6
komplettieren	6
komplexe	6
komplexität	6
komplikation	6
komplimente	6
komplizin	6
komplott	6
komponenen	6
komponieren	6
komponisen	6
kompositionen	6
kompost	6
kompression	6
kompressor	6
komprimieren	6
kompromisse	6
kompromisslos	6
kompromittiern	6
kompromittiert	6
kondensation	6
kondensator	6
kondensatoren	6
kondition	6
konditionen	6
konditionierung	6
konditor	6
konditorei	6
kondomen	6
konfession	6
konfessionell	6
konfetti	6
konfiguration	6
konfigurationen	6
konfigurieren	6
konfirmation	6
konfiszieren	6
konfisziert	6
konfliken	6
konflikte	6
konfliktlösung	6
konformität	6
konfrontation	6
konfrontationen	6
konfrontieren	6
konfus	6
konfuzius	6
konföderation	6
konglomerat	6
kongo	6
kongregation	6
kongresse	6
kongresszentrum	6
konisch	6
konjunktion	6
konjunktiv	6
konjunktur	6
konkav	6
konkretes	6
konkretisieren	6
konkretisierung	6
konkurrenen	6
konkurrent	6
konkurrenten	6
konkurrenzdruck	6
konkurrenzfähig	6
konkurrenzkampf	6
konkurrieren	6
konkurs	6
konnen	6
konnotation	6
konnt	6
konsens	6
konsequenterweise	6
konservatismus	6
konservativ	6
konservatorium	6
konserve	6
konservieren	6
konservierung	6
konsistent	6
konsistenz	6
konsistorium	6
konsole	6
konsolen	6
konsolidieren	6
konsolidierung	6
konsonant	6
konsoren	6
konsortium	6
konstanen	6
konstanten	6
konstanter	6
konstantin	6
konstantinopel	6
konstatieren	6
konstellation	6
konstellationen	6
konstituieren	6
konstitution	6
konstruieren	6
konstruiert	6
konstrukt	6
konstrukte	6
konstrukteur	6
konstruktionen	6
konstruktiv	6
konstruktivismus	6
konsulaten	6
konsuln	6
konsultation	6
konsultationen	6
konsultieren	6
konsumenen	6
konsument	6
konsumgut	6
konsumieren	6
konsumverhalen	6
kontaktaufnahme	6
kontaktdaten	6
kontaktiere	6
kontaktlinsen	6
kontaktlos	6
kontaktmann	6
kontaktperson	6
kontaktpersonen	6
kontamination	6
kontaminieren	6
kontemplation	6
konter	6
konterkariern	6
kontern	6
kontextualisieren	6
kontinenen	6
kontingent	6
kontinuität	6
kontinuum	6
kontoauszug	6
kontoauszüge	6
kontodaten	6
kontonummer	6
kontor	6
kontostand	6
kontra	6
kontrabass	6
kontrahenen	6
kontrakt	6
kontraktion	6
kontraproduktiv	6
kontrapunken	6
kontrasen	6
kontrastieren	6
kontrastmittel	6
kontrollen	6
kontrolleur	6
kontrolleure	6
kontrollgruppe	6
kontrollraum	6
kontrollverlust	6
kontrovers	6
kontroverse	6
kontroversen	6
kontur	6
konturen	6
konvention	6
konventionell	6
konvergenz	6
konversationen	6
konversion	6
konverter	6
konvertien	6
konvertieren	6
konvertierung	6
konvex	6
konvoi	6
konvois	6
konvolut	6
konzentrat	6
konzentrationen	6
konzentrationslager	6
konzeptionell	6
konzeptionen	6
konzeren	6
konzernchef	6
konzerte	6
konzerthaus	6
konzertreihe	6
konzertsaal	6
konzession	6
konzil	6
konzipieren	6
kooperationspartner	6
kooperativ	6
kooperative	6
kooperativen	6
kooperiert	6
koordinatensystem	6
koordination	6
koordinator	6
koordinatorin	6
koordinieren	6
koordiniern	6
koordinierung	6
kopfball	6
kopfbedeckung	6
kopfend	6
kopfhauen	6
kopfhör	6
kopfkino	6
kopfkissen	6
kopflos	6
kopfschmerz	6
kopfschuss	6
kopfsteinpflast	6
kopftuchverbot	6
kopftüch	6
kopfverletzung	6
kopfverletzungen	6
kopfweh	6
kopfüb	6
kopierer	6
kopierschutz	6
koppel	6
koppeln	6
kopplung	6
koproduktion	6
korallen	6
koran	6
koreaner	6
koreanisch	6
korfu	6
koriander	6
korinth	6
kork	6
korken	6
kornfeld	6
korps	6
korpus	6
korrekte	6
korrektheit	6
korrektiv	6
korrekturen	6
korrelation	6
korrelieren	6
korrespondent	6
korrespondentin	6
korrespondenz	6
korrespondieren	6
korridore	6
korrosion	6
korrumpieren	6
korrupte	6
korrupten	6
korsak	6
korsett	6
korsika	6
kosch	6
koscher	6
kosmetik	6
kosmetika	6
kosmologie	6
kosmos	6
kosovo	6
kost	6
kostbar	6
kostbare	6
kostbaren	6
kostbarkeit	6
kostenaufwand	6
kostenfaktor	6
kostenfrei	6
kostengünstig	6
kostenlose	6
kostenpflichtig	6
kostenpunken	6
kostenrechnung	6
kostenvoranschlag	6
kostenübernahmen	6
kostprobe	6
kostspielig	6
kot	6
kotflügel	6
kovac	6
kowalski	6
krabbe	6
krabbeln	6
krabben	6
krachend	6
kracht	6
kraftakt	6
kraftfahr	6
kraftfahrzeug	6
kraftlos	6
kraftstoff	6
kraftstoffe	6
kraftstoffverbrauch	6
krafttraining	6
kraftvoll	6
kraftvoller	6
kraftwerk	6
kraftübertragung	6
krag	6
krain	6
krakau	6
krakauer	6
krake	6
kraken	6
krall	6
krampf	6
krampfhaft	6
kran	6
kranich	6
kranichen	6
krankenaken	6
krankenbett	6
krankengeld	6
krankengeschichen	6
krankenhausaufenthalt	6
krankenhauses	6
krankenhäusern	6
krankenpfleg	6
krankenschwestern	6
krankenstand	6
krankenversicherungen	6
krankenzimm	6
krankhaft	6
krankheien	6
krankheitsbedingen	6
krankheitsbild	6
krankheitserreger	6
krankheitsfall	6
krankheitsverlauf	6
kranz	6
krapfen	6
krasse	6
krat	6
krater	6
kratzbaum	6
kraulen	6
krause	6
kraut	6
krawall	6
krawalle	6
krawaten	6
krawatten	6
kreation	6
kreative	6
krebse	6
krebserkrankung	6
krebserregend	6
kredite	6
kreditgeber	6
kreditinstitun	6
kreditinstituten	6
kreditkaren	6
kreditkarn	6
kreditnehm	6
kreditvergabe	6
kreditwürdigkeit	6
kreide	6
kreieren	6
kreiert	6
kreiseben	6
kreisel	6
kreisförmig	6
kreissag	6
kreissparkassen	6
kreisssaal	6
kreisstadt	6
kreisstrasse	6
kreisstrassen	6
kreistag	6
kreisverband	6
kreisverkehr	6
kreisverwaltung	6
krem	6
krematorium	6
krempel	6
kremser	6
krepieren	6
kreta	6
kreuzband	6
kreuzbandriss	6
kreuzchen	6
kreuze	6
kreuzer	6
kreuzfahr	6
kreuzfahren	6
kreuzfahrten	6
kreuzfahrtschiff	6
kreuzfeuer	6
kreuzgang	6
kreuzigen	6
kreuzigung	6
kreuzkirch	6
kreuzritter	6
kreuzt	6
kreuzweise	6
kreuzworträtsel	6
kreuzzug	6
kreuzzüge	6
kribbeln	6
kriecht	6
kriegerdenkmal	6
kriegführung	6
kriegsausbruch	6
kriegsbeginn	6
kriegsend	6
kriegserklärung	6
kriegsfall	6
kriegsführung	6
kriegsgebiet	6
kriegsgefangener	6
kriegsgefangenschaft	6
kriegsgericht	6
kriegsgerät	6
kriegsjahre	6
kriegsmarine	6
kriegsminister	6
kriegsministerium	6
kriegsrechen	6
kriegsrichen	6
kriegsschauplatz	6
kriegsschiff	6
kriegsschiffe	6
kriegstreiber	6
kriegsverbrech	6
kriegsverbrechen	6
kriegszeit	6
kriegszustand	6
kriminalfall	6
kriminalisieren	6
kriminalitätsrate	6
kriminalpolizei	6
kriminalroman	6
kriminalstatistik	6
kriminologie	6
krimis	6
krippe	6
kris	6
krisenmanagement	6
krisensituation	6
krishna	6
kristalle	6
kristallen	6
kristallisieren	6
kristallkugel	6
kristen	6
kristina	6
kritiken	6
kritikpunken	6
kritischen	6
kritisiert	6
kroate	6
kroatisch	6
kroch	6
krokodil	6
krokodile	6
kronleuchter	6
kronprinz	6
kronprinzen	6
kronprinzessin	6
kropf	6
krumm	6
kruste	6
krusty	6
kruzifix	6
krypta	6
kryptonit	6
kryptowährung	6
kräftige	6
kräftiger	6
kräh	6
krähe	6
krähen	6
kräht	6
krämer	6
krämpfe	6
kräne	6
kränken	6
kränkung	6
kränze	6
krätze	6
kräutergart	6
kräutertee	6
krög	6
krönen	6
krücken	6
krüge	6
krümel	6
krümmen	6
krümmung	6
ku	6
kubaner	6
kubikmeter	6
kubus	6
kufen	6
kugelschreiber	6
kugelsichere	6
kugelstossen	6
kuhl	6
kuhle	6
kuhmilch	6
kuhstall	6
kulanz	6
kuli	6
kulinarisch	6
kulisse	6
kuln	6
kultivieren	6
kultiviert	6
kultivierung	6
kultstatus	6
kulturamt	6
kulturarbeit	6
kulturbesitz	6
kultureinrichtungen	6
kulturell	6
kulturerbe	6
kulturförderung	6
kulturgeschichte	6
kulturgut	6
kulturgüter	6
kulturhauptstadt	6
kulturhaus	6
kulturkampf	6
kulturkreis	6
kulturlandschaft	6
kulturleben	6
kulturpflanze	6
kulturpolitik	6
kulturprogramm	6
kulturraum	6
kulturrevolution	6
kulturschaffend	6
kulturschock	6
kulturszene	6
kulturwissenschaft	6
kulturwissenschaften	6
kulturzentrum	6
kultusgemeinde	6
kultusminister	6
kultusministerium	6
kultusministerkonferenz	6
kundenberater	6
kundenbetreuung	6
kundenbindung	6
kundendaten	6
kundendienst	6
kundenkontaken	6
kundenservice	6
kundenzufriedenheit	6
kundgebung	6
kundgebunge	6
kundig	6
kundinn	6
kundschafter	6
kundtun	6
kung-fu	6
kunstakademie	6
kunstausstellung	6
kunstform	6
kunstgegenständ	6
kunstgeschicht	6
kunstgewerbe	6
kunsthalle	6
kunsthandel	6
kunsthandwerk	6
kunsthandwerker	6
kunsthistoriker	6
kunsthistorikerin	6
kunsthochschule	6
kunsthändler	6
kunstleder	6
kunstmarken	6
kunstmuseum	6
kunstrasen	6
kunstsammler	6
kunstsammlung	6
kunstsammlungen	6
kunstschule	6
kunstschätzen	6
kunststoff	6
kunststück	6
kunststücke	6
kunstszen	6
kunstunterricht	6
kunstverein	6
kunstvoll	6
kunstweln	6
kunstwerke	6
kunstwissenschaft	6
kunterbunt	6
kupferstech	6
kupferstich	6
kuppe	6
kuppeln	6
kupplung	6
kupplungen	6
kur	6
kuratieren	6
kurator	6
kuratoren	6
kuratorin	6
kuratorium	6
kurbel	6
kurbeln	6
kurbelwell	6
kurde	6
kurdisch	6
kurdistan	6
kuren	6
kurfürsen	6
kurfürst	6
kurhaus	6
kurie	6
kurieren	6
kurios	6
kurioserweise	6
kuriosität	6
kurort	6
kurpark	6
kurpfalz	6
kursbuch	6
kursgewinne	6
kursieren	6
kursiv	6
kurstadt	6
kursteilnehmer	6
kursus	6
kurswechsel	6
kursziel	6
kurzarbeit	6
kurzbeschreibung	6
kurzerhand	6
kurzfassung	6
kurzfilm	6
kurzform	6
kurzgeschichen	6
kurzgeschichn	6
kurznachrichen	6
kurznachrichtendienst	6
kurzschluss	6
kurzsichtig	6
kurzsichtigkeit	6
kurzstrecken	6
kurztrip	6
kurzum	6
kurzurlaub	6
kurzweil	6
kurzweilig	6
kurzzeitig	6
kuschelig	6
kuscheln	6
kuscheltier	6
kuscheltiere	6
kusine	6
kutn	6
kutsch	6
kutschen	6
kutter	6
kuveren	6
kuwait	6
kwan	6
kybernetik	6
kylie	6
kyoto	6
kã	6
kälber	6
kälen	6
kälter	6
kämme	6
kämmen	6
kämmerer	6
kämpf	6
kämpferisch	6
kämst	6
känguru	6
kängurus	6
käptn	6
kärntn	6
käsekuchen	6
käsen	6
kästch	6
kästchen	6
käufe	6
käuflich	6
köch	6
köcheln	6
köd	6
ködern	6
köiserschnitten	6
kölsch	6
königinnen	6
königlich	6
königsberg	6
königshaus	6
königsklasse	6
königstochter	6
königtum	6
könn	6
körbch	6
körbe	6
körn	6
körnch	6
körperbau	6
körperflüssigkeien	6
körpergewichen	6
körpergrösse	6
körperhaltung	6
körperkontakt	6
körperlichen	6
körperlichkeit	6
körperlängen	6
körpermasse	6
körpern	6
körperpflege	6
körperschaft	6
körperschaftsteuer	6
körpersprachen	6
körperteil	6
körperteile	6
körpertemperatur	6
kübel	6
küchen	6
küchenchef	6
küchenfenst	6
küchenmesser	6
kügelchen	6
kühen	6
kühle	6
kühler	6
kühlergrill	6
kühlschränke	6
kühlung	6
kühlwasser	6
kühn	6
kühner	6
kühnheit	6
kümmel	6
kündbar	6
kündigt	6
kündigte	6
kündigungen	6
kündigungsfrisen	6
kündigungsschutz	6
künstlergruppe	6
künstlerhaus	6
künstlerinnen	6
künstlerisch	6
künstlernamen	6
künstlichen	6
kür	6
kürbiß	6
küren	6
kürzel	6
kürzen	6
kürzt	6
kürzung	6
küsen	6
küssche	6
küstenwach	6
küster	6
lab	6
label	6
labern	6
laberst	6
labil	6
laboratorie	6
laboratorium	6
labore	6
labs	6
lacher	6
lachgas	6
lachhaft	6
lachnummer	6
lachse	6
lachten	6
lack	6
lackieren	6
lackierer	6
lackiern	6
lackierung	6
ladefläch	6
ladegeraten	6
ladekabel	6
ladenbesitz	6
ladendieb	6
ladendiebstahl	6
ladengeschäft	6
ladenlokal	6
laderaum	6
ladestation	6
ladestationen	6
ladesäulen	6
ladet	6
ladungen	6
ladyschaft	6
lafayette	6
lageberichen	6
lagebericht	6
lageplan	6
lageren	6
lagerfeuer	6
lagerhalle	6
lagerhallen	6
lagerhaltung	6
lagerplatz	6
lagerräume	6
lagerstäten	6
lagerstätte	6
lagerung	6
lagos	6
lagst	6
lagunen	6
lahmen	6
lahmlegen	6
lahn	6
laib	6
laie	6
lakaien	6
lakritz	6
laktose	6
lala	6
lama	6
lamas	6
lambda	6
lamborghini	6
lamell	6
lampedusa	6
lampenfieber	6
lancelot	6
lanciern	6
landarbeiter	6
landauer	6
landbau	6
landbevölkerung	6
landeanflug	6
landebahn	6
landeinwärts	6
landeplatz	6
landesamt	6
landesanstalt	6
landesbank	6
landesbehörde	6
landesbehörden	6
landesbibliothek	6
landesebene	6
landesgartenschau	6
landesgericht	6
landesgrenz	6
landesgrenzen	6
landesherr	6
landesherren	6
landesinnern	6
landeskirch	6
landeskriminalamt	6
landeskunde	6
landesli	6
landesmeister	6
landesmeisterschaft	6
landesmuseum	6
landespolitik	6
landesrecht	6
landesregierungen	6
landessprach	6
landesstrasse	6
landesteile	6
landestheater	6
landesverband	6
landesverfassung	6
landesverreten	6
landesverteidigung	6
landesvertretung	6
landesweit	6
landeten	6
landflucht	6
landfriedensbruch	6
landgasthof	6
landgemeind	6
landgreffen	6
landgut	6
landhaus	6
landkaren	6
landkarte	6
landkarten	6
landkreise	6
landleben	6
landläufig	6
landmann	6
landmaschinen	6
landnahmen	6
landschafn	6
landschaftlich	6
landschaftsbau	6
landschaftsbild	6
landschaftspark	6
landschaftspflege	6
landschaftsschutzgebiet	6
landser	6
landshut	6
landsitz	6
landsleute	6
landsmannschaft	6
landstrassen	6
landstreicher	6
landstrich	6
landtagsabgeordnen	6
landtagsabgeordnet	6
landtechnik	6
landungen	6
landvogt	6
landweg	6
landwehr	6
landwiren	6
landwirt	6
landwirtschaftlich	6
landwirtschaftsminister	6
landzunge	6
langgeht	6
langhaus	6
langjährig	6
langlebigkeit	6
langobarde	6
langsamen	6
langsamkeit	6
langstrecke	6
langstrecken	6
langweiler	6
langweiligen	6
langweiliger	6
langweilst	6
langwierig	6
langzeitarbeitslose	6
langzeitarbeitslosen	6
lanzarote	6
lanzen	6
laos	6
lapidar	6
lappland	6
laptops	6
larson	6
larve	6
larven	6
lasagne	6
lasch	6
lasche	6
lasen	6
laserpoint	6
lasso	6
lastet	6
lastkraftwagen	6
lastschrifen	6
lateinamerika	6
lateinisch	6
latent	6
latenz	6
laterne	6
laternen	6
latex	6
latina	6
latino	6
latinum	6
latschen	6
latt	6
latz	6
lau	6
laub	6
laube	6
lauben	6
lauch	6
laudatio	6
lauer	6
laueren	6
lauern	6
lauert	6
laufband	6
laufend	6
laufende	6
laufleistung	6
laufrad	6
laufschuhe	6
laufsteg	6
lauftraining	6
laufwerk	6
laufwerke	6
lauge	6
launen	6
launer	6
launisch	6
laurence	6
laus	6
lauschen	6
lauscht	6
lausige	6
lausiger	6
lausitz	6
lauthals	6
lautstark	6
lautstärke	6
lauwarm	6
lava	6
lavendel	6
law	6
lawine	6
lawinen	6
lax	6
layout	6
lazarett	6
lazarus	6
ldbussen	6
ldbörsen	6
lea	6
leah	6
leasing	6
lebender	6
lebendige	6
lebendigem	6
lebendigen	6
lebendiger	6
lebendigkeit	6
lebensabend	6
lebensabschnitt	6
lebensart	6
lebensaufgabe	6
lebensbaum	6
lebensbedingung	6
lebensbedrohlich	6
lebensbereich	6
lebensdauer	6
lebenseinstellung	6
lebensende	6
lebensenden	6
lebenserfahrung	6
lebenserwartung	6
lebensfreude	6
lebensfähig	6
lebensführung	6
lebensgefahr	6
lebensgefähren	6
lebensgefährlich	6
lebensgefährten	6
lebensgefährtin	6
lebensgefühl	6
lebensgemeinschafen	6
lebensgemeinschaft	6
lebensgeschichte	6
lebensgestaltung	6
lebensgewohnheiten	6
lebensgrundlage	6
lebenshaltungskosten	6
lebenshilfe	6
lebensinhalt	6
lebensjahre	6
lebenskraft	6
lebenslage	6
lebenslang	6
lebenslust	6
lebensläufe	6
lebensmittelgeschäft	6
lebensmittelindustrie	6
lebensmittelpunken	6
lebensmittelsicherheit	6
lebensmüde	6
lebensnotwendig	6
lebenspartner	6
lebenspartnerschaft	6
lebensphase	6
lebensplanung	6
lebensrett	6
lebensräume	6
lebenssituation	6
lebenssituationen	6
lebensstandard	6
lebensumständ	6
lebensverhältnisse	6
lebenswandel	6
lebensweg	6
lebensweisheit	6
lebensweln	6
lebenswerk	6
lebenswern	6
lebenswichtig	6
lebenszeich	6
lebenszeit	6
lebensziel	6
lebenszyklus	6
leberwurst	6
leberzirrhos	6
lebhaft	6
lebhafte	6
lebkuch	6
leblos	6
lebwohl	6
lech	6
leckerbissen	6
leckere	6
leckereie	6
leckeren	6
leckerer	6
leckeres	6
leckerli	6
lecks	6
lecter	6
lederer	6
lederhos	6
lederjacke	6
ledig	6
leds	6
leeds	6
leela	6
leerer	6
leergewichen	6
leerlauf	6
leern	6
leerstand	6
leert	6
leerzeichen	6
lees	6
left	6
legale	6
legalisieren	6
legalisierung	6
legalität	6
legasthenie	6
legat	6
legend	6
legendär	6
legendäre	6
legendären	6
legging	6
leggins	6
legierung	6
legierungen	6
legion	6
legionell	6
legionen	6
legionär	6
legionäre	6
legislaturperiode	6
legislaturperioden	6
legitim	6
legitimation	6
legitimieren	6
legitimierung	6
legitimität	6
lehe	6
lehm	6
lehmann	6
lehn	6
lehramt	6
lehramtsstudium	6
lehranstalt	6
lehrauftrag	6
lehrbeauftragte	6
lehrberuf	6
lehrbuch	6
lehrbüch	6
lehrende	6
lehrerausbildung	6
lehrerbildung	6
lehrerinnen	6
lehrern	6
lehrerschaft	6
lehrerzimmer	6
lehrgang	6
lehrgeld	6
lehrgängen	6
lehrjahr	6
lehrjahren	6
lehrkraft	6
lehrkräfen	6
lehrkörper	6
lehrling	6
lehrlinge	6
lehrmeister	6
lehrmittel	6
lehrplan	6
lehrpläne	6
lehrreich	6
lehrstelle	6
lehrstuhl	6
lehrstunde	6
lehrstück	6
lehrstühle	6
lehrten	6
lehrtätigkeit	6
lehrveranstaltunge	6
lehrzeit	6
lei	6
leibarzen	6
leibe	6
leibeigenschaft	6
leiben	6
leiber	6
leibesübung	6
leicester	6
leichenhallen	6
leichtathleter	6
leichtathletik	6
leichtbau	6
leichtfertig	6
leichtgewicht	6
leichtigkeit	6
leichtsinn	6
leidend	6
leidende	6
leidenschafen	6
leidensdruck	6
leidlich	6
leidtun	6
leidtut	6
leier	6
leigh	6
leih	6
leiharbeit	6
leiharbeiter	6
leihe	6
leihgabe	6
leihst	6
leiht	6
leihweise	6
leim	6
leimen	6
lein	6
leinen	6
leinsamen	6
leinwände	6
leinöl	6
leiseste	6
leistungsbereitschaft	6
leistungsdruck	6
leistungsfähig	6
leistungsklasse	6
leistungskurs	6
leistungsniveau	6
leistungssport	6
leistungssteigerung	6
leistungsträger	6
leistungsvermögen	6
leitartikel	6
leitbild	6
leitende	6
leitender	6
leiterin	6
leitern	6
leitfaden	6
leitfähigkeit	6
leitkultur	6
leitlinie	6
leitmotiv	6
leitplanke	6
leitsatz	6
leitspruch	6
leitstelle	6
leitsätze	6
leitungswasser	6
leitzins	6
lektionen	6
lektor	6
lektorat	6
lektoren	6
lektüren	6
lem	6
lemma	6
leni	6
leningrad	6
leninismus	6
lenk	6
lenke	6
lenker	6
lenkung	6
lennox	6
lenore	6
lenz	6
lenzen	6
leonardo	6
leopard	6
leoparden	6
leopold	6
lepra	6
lerch	6
lernenden	6
lernfähig	6
lerngruppe	6
lerngruppen	6
lernort	6
lernprozess	6
lernprozesse	6
lesart	6
lesbar	6
lesbarkeit	6
lesbische	6
lesebuch	6
lesend	6
lesenswern	6
leseprobe	6
leserbrief	6
leserbriefe	6
leserschaft	6
lesesaal	6
lesestoff	6
lesezeichen	6
lest	6
lestrade	6
lesungen	6
lethargie	6
letn	6
lette	6
lettern	6
lettland	6
letzt	6
letztem	6
letztmals	6
leu	6
leuchen	6
leucht	6
leuchte	6
leuchtend	6
leuchtfeuer	6
leuchtkraft	6
leuchtmittel	6
leuchtturm	6
leuchttürmen	6
leugner	6
leugnung	6
leukämie	6
levante	6
leviathan	6
lew	6
lexi	6
lexie	6
lexika	6
lexikon	6
lhm	6
lhres	6
liaison	6
liane	6
libanese	6
libanon	6
libby	6
libellen	6
liberal	6
liberalisierung	6
liberalismus	6
liberalität	6
liberia	6
libero	6
liberty	6
libertär	6
libido	6
libretto	6
libyer	6
lichen	6
lichtbild	6
lichtblick	6
lichtblicken	6
lichterkette	6
lichtgeschwindigkeit	6
lichtquelle	6
lichtquellen	6
lichtschalter	6
lichtstrahl	6
lichtstärke	6
lichtung	6
lidschatt	6
liebchen	6
liebende	6
liebenden	6
liebensweren	6
liebenswert	6
liebesbeziehung	6
liebesbrief	6
liebesbriefe	6
liebeserklärung	6
liebesgeschichen	6
liebesgeschichte	6
liebeskumme	6
liebeskummer	6
liebesleben	6
liebesleiden	6
liebeslied	6
liebespaar	6
liebesroman	6
liebevolle	6
liebevoller	6
lieblich	6
liebliche	6
lieblinge	6
lieblingsbuch	6
lieblingsessen	6
lieblingsfarbe	6
lieblingsfilm	6
lieblingsplatz	6
lieblingsthema	6
lieblos	6
liebschafn	6
liebsen	6
liedchen	6
liederbuch	6
liedermach	6
lieferant	6
lieferanten	6
lieferbar	6
lieferdienst	6
lieferketten	6
lieferservice	6
lieferte	6
lieferungen	6
lieferzeit	6
lieg	6
liegend	6
liegender	6
liegenschafen	6
liegenschaft	6
liegeplatz	6
liegestuhl	6
liegestützen	6
lieh	6
liess	6
ließt	6
lifen	6
ligen	6
lightman	6
lightning	6
liiern	6
likör	6
lil	6
lilie	6
lilien	6
lilith	6
lille	6
lilli	6
lillian	6
lilys	6
lima	6
limbo	6
lime	6
limes	6
limitieren	6
limousinen	6
linc	6
lind	6
linden	6
linder	6
linderen	6
linderung	6
lindsey	6
lineal	6
linear	6
linguisen	6
linguisten	6
linguistik	6
linienbus	6
linienführung	6
linkes	6
linksaussen	6
linksextremismus	6
linksextremisn	6
linkshänd	6
linkshänder	6
linkskurve	6
linkspartei	6
linksradikal	6
linksradikalen	6
linse	6
linsen	6
lip	6
lippenstifen	6
liquidation	6
liquidieren	6
liquidität	6
liquor	6
lise	6
lisen	6
lissabon	6
listenplatz	6
listig	6
litauen	6
litauer	6
literarisch	6
literat	6
literaturgeschichen	6
literaturhaus	6
literaturkritik	6
literaturkritiker	6
literaturpreis	6
literaturverzeichnis	6
literaturwissenschaft	6
literaturwissenschaftler	6
literweise	6
lithium	6
lithographie	6
liturgie	6
livemusik	6
liverpool	6
liveticker	6
livia	6
livie	6
livland	6
livorno	6
liza	6
lizenzen	6
lizenzgebühren	6
lizenzieren	6
lizenzierung	6
ljubljana	6
lkws	6
lmmer	6
lobbyisen	6
lobbyismus	6
lobbyisn	6
loben	6
lobend	6
lobenswern	6
loblied	6
lockere	6
lockerer	6
lockern	6
lockerung	6
lockt	6
lockte	6
lockwood	6
locus	6
lodge	6
loft	6
loge	6
logen	6
loggia	6
logischerweise	6
logistiker	6
logistisch	6
logos	6
lohen	6
lohengrin	6
lohnarbeit	6
lohndumping	6
lohnen	6
lohnend	6
lohnerhöhung	6
lohnerhöhungen	6
lohnkosten	6
lohnnebenkosten	6
lohnsteuer	6
loire	6
lok	6
lokalisation	6
lokalisiert	6
lokalisierung	6
lokalität	6
lokführ	6
lokomotiven	6
lokomotivführe	6
loks	6
lolita	6
lombardei	6
lonnie	6
loomis	6
lorbeer	6
lorbeeren	6
lore	6
lorelei	6
loren	6
loretta	6
lorna	6
lorne	6
losgefahren	6
losgegangen	6
losgelassen	6
losgeschickt	6
losgeworden	6
losging	6
loslösen	6
loslösung	6
losschicken	6
losung	6
losziehen	6
loszulassen	6
lothringen	6
lotion	6
lotsen	6
lotte	6
lotterie	6
lotto	6
lottozahlen	6
lotus	6
louisa	6
lounge	6
lourder	6
louvre	6
lowell	6
lsd	6
lst	6
lt	6
luchs	6
lucille	6
lucius	6
luden	6
ludo	6
ludwigsburg	6
luftangriff	6
luftangriffe	6
luftaufnahmen	6
luftballon	6
luftballons	6
luftbild	6
luftbrücke	6
luftdichen	6
luftdruck	6
luftfahren	6
luftfeuchen	6
luftfeuchtigkeit	6
luftgewehr	6
luftig	6
luftlinie	6
luftqualität	6
luftraum	6
luftröhre	6
luftschiff	6
luftschleuse	6
luftstrom	6
lufttemperatur	6
luftverkehr	6
luftverschmutzung	6
luftwiderstand	6
luftzug	6
luigi	6
luise	6
luka	6
luken	6
lukes	6
lukrativ	6
lumen	6
lump	6
lumpen	6
lung	6
lungenembolie	6
lungenentzündung	6
lungenkrebs	6
lunte	6
lupus	6
lustgarten	6
lustigen	6
lustigerweise	6
lustlos	6
lustspiel	6
lustvoll	6
lutheraner	6
lutsch	6
lutscher	6
lutz	6
luv	6
luxuriös	6
luxushotel	6
luzif	6
lyla	6
lymphknoen	6
lymphozyten	6
lynch	6
lyndsey	6
lyon	6
lyra	6
lyrisch	6
lächelen	6
lächelnd	6
lächelte	6
lächerlichen	6
lächerlichkeit	6
lädst	6
läge	6
lähmen	6
lähmung	6
lämmchen	6
lämmer	6
lämpch	6
ländereien	6
ländersach	6
länderspiel	6
länderspieler	6
ländlich	6
läng	6
längen	6
längerfristig	6
länglich	6
längsachse	6
längsrichtung	6
längste	6
längsten	6
lärch	6
lärmbelästigung	6
lärmschutz	6
läsionen	6
lässig	6
lässigkeit	6
lästeren	6
lästern	6
läufen	6
läuse	6
löblich	6
löch	6
löchern	6
löffeln	6
löffler	6
löhnen	6
lösbar	6
lösch	6
lösche	6
löscht	6
löschung	6
löschzug	6
löslich	6
lösungen	6
lösungsansatz	6
lösungsansätze	6
lösungsmittel	6
lösungsvorschlag	6
lösungsvorschläge	6
löt	6
löwenanteil	6
löwin	6
lückenhaft	6
lückenlos	6
lüft	6
lüftchen	6
lüften	6
lüftung	6
lügenpresse	6
lügn	6
lümmel	6
lüttich	6
maar	6
mabel	6
macau	6
macbeth	6
mace	6
machart	6
machbarkeit	6
machbarkeitsstudie	6
machenschaften	6
machete	6
macheten	6
machine	6
macho	6
machs	6
machtbereich	6
machtergreifung	6
machtest	6
machthaber	6
machtkampf	6
machtkämpfe	6
machtmissbrauch	6
machtposition	6
machtstrukturen	6
machtwechsel	6
machtwort	6
machtübernahmen	6
machwerk	6
macke	6
macken	6
mackenzie	6
macro	6
macy	6
mad	6
madagaskar	6
maddox	6
maddy	6
madeira	6
maden	6
mads	6
mafiosi	6
magazinen	6
magd	6
magda	6
magdalena	6
magenschmerzen	6
magenta	6
mager	6
magersucht	6
maghreb	6
magic	6
magischer	6
magisches	6
magister	6
magistrat	6
magma	6
magnen	6
magnesium	6
magnet	6
magnetfeld	6
magnetisch	6
magnetismus	6
mahl	6
mahlen	6
mahlzeien	6
mahnen	6
mahnmal	6
mahnung	6
mahnungen	6
mahnwach	6
maibaum	6
maid	6
maiden	6
mails	6
mailserve	6
mailänd	6
mainboard	6
mainfranken	6
maja	6
majestätisch	6
makaber	6
makedonien	6
makel	6
makellos	6
makeup	6
makkaroni	6
makro	6
makulatur	6
malaria	6
malawi	6
malaysia	6
malediv	6
malerin	6
malerisch	6
malheur	6
mali	6
mall	6
mallory	6
malmö	6
malst	6
malta	6
malteser	6
malus	6
malz	6
mam	6
maman	6
mamie	6
mamma	6
mammut	6
managen	6
managerin	6
manch	6
mancher	6
mandala	6
mandantin	6
mandarin	6
mandarinen	6
mandel	6
mandeln	6
mandoline	6
mandschurei	6
manegen	6
manfred	6
mangan	6
mangelernährung	6
mangelhaft	6
mangelhafter	6
mangeln	6
mangelt	6
mangelware	6
mango	6
mangold	6
manie	6
manier	6
manifest	6
manifestation	6
manifestieren	6
maniküre	6
maniküren	6
manila	6
manipulation	6
manipulationen	6
manipulativ	6
manisch	6
manko	6
mannigfaltigkeit	6
manning	6
manns	6
mannschaftskapitän	6
mannschaftswertung	6
manolo	6
manschettenknöpfe	6
mantra	6
manu	6
manual	6
manuell	6
manufaktur	6
manufakturen	6
manus	6
manuskripen	6
manöve	6
manövrieren	6
mao	6
maori	6
mappe	6
maquis	6
marathonläufer	6
marcello	6
march	6
marcia	6
marcos	6
mard	6
marek	6
margarine	6
margarita	6
margen	6
margie	6
marginal	6
margo	6
marguerite	6
mari	6
mariana	6
marienkäf	6
marin	6
marinade	6
marionett	6
marionetten	6
marissa	6
maritim	6
marius	6
marjorie	6
markant	6
marken	6
markenname	6
markenzeichen	6
marker	6
markgrafen	6
markgreffen	6
markierung	6
markierungen	6
marko	6
marktanteil	6
marktanteile	6
markteinführung	6
marktforschung	6
marktführer	6
marktgemeind	6
markthalle	6
marktkapitalisierung	6
marktlücken	6
marktmachen	6
marktpreis	6
marktteilnehme	6
marktweren	6
marktwirtschaft	6
marlboro	6
marley	6
marlo	6
marlowe	6
marmor	6
marne	6
marode	6
marokkaner	6
marple	6
marquez	6
marquise	6
marrakesch	6
marschall	6
marschiert	6
marschmusik	6
marsha	6
marshals	6
marshmallows	6
marstall	6
martina	6
martine	6
martinique	6
martinis	6
martins	6
martyrium	6
marv	6
marx	6
marxisen	6
marxismus	6
marxist	6
marxistisch	6
maryland	6
marys	6
marzipan	6
masch	6
maschinell	6
maschinenbauer	6
maschinenfabrik	6
maschinengewehr	6
maschinenpistole	6
maschinenpistolen	6
maschinerie	6
maser	6
maskenball	6
maskerade	6
maskieren	6
maskottchen	6
massachusetts	6
massag	6
massakrieren	6
masseinheit	6
massengrab	6
massenhaft	6
massenmarken	6
massenmord	6
massenmörder	6
massenproduktion	6
massenschlägerei	6
massentierhaltung	6
massenvernichtungswaffen	6
massenweise	6
masseur	6
massgabe	6
massgebend	6
massgeschneideren	6
massieren	6
massig	6
massive	6
masslos	6
massstäbe	6
mast	6
masten	6
masterarbeit	6
masters	6
masterstudiengang	6
masterstudium	6
masturbation	6
masturbieren	6
materialismus	6
materialkosten	6
materiell	6
mathelehrer	6
mathematiker	6
mathematisch	6
mathias	6
mathieu	6
mathilde	6
matilda	6
matratzen	6
matrizen	6
matros	6
matrose	6
matsch	6
matschig	6
matte	6
matten	6
matterhorn	6
mattscheiben	6
matura	6
mau	6
maude	6
mauerbau	6
mauerfall	6
mauerwerk	6
maulkorb	6
maultasch	6
maultier	6
maulwürfen	6
mauren	6
mauritius	6
mauser	6
mausklick	6
mausoleum	6
maxima	6
maximale	6
maxime	6
maximieren	6
maximum	6
maxine	6
mayer	6
mayo	6
mayonnaise	6
mazedonien	6
mc	6
mcbride	6
mccarthy	6
mcgill	6
mcleod	6
mcmanus	6
mcqueen	6
mdr	6
mea	6
meadow	6
mean	6
mechanik	6
mechanisch	6
mechanisierung	6
mechanismen	6
mechanismus	6
mechatronik	6
mechatroniker	6
mechen	6
meckeren	6
meckern	6
medaillen	6
medaillenspiegel	6
medaillons	6
medea	6
medial	6
median	6
mediathek	6
mediation	6
mediator	6
medienberichen	6
medienberichterstattung	6
medienbranch	6
mediengestalter	6
medienkompetenz	6
medienlandschaft	6
medienrecht	6
medienunternehm	6
medienvertreter	6
medienwissenschaft	6
medikamenen	6
medikation	6
medina	6
meditation	6
meditieren	6
medizinischer	6
medizinproduken	6
medizinstudent	6
medizintechnik	6
meerblick	6
meere	6
meeren	6
meerenge	6
meeres	6
meeresboden	6
meeresfrüchte	6
meeresgrund	6
meereshöhe	6
meeresspiegel	6
meerjungfrau	6
meerjungfrauen	6
meersalz	6
meerschweinchen	6
meerwasser	6
meetings	6
megawatt	6
mehmet	6
mehrarbeit	6
mehraufwand	6
mehrausgaben	6
mehrbelastung	6
mehren	6
mehrfamilienhaus	6
mehrfamilienhäus	6
mehrheien	6
mehrheitsgesellschaft	6
mehrkampf	6
mehrkosten	6
mehrsprachigkeit	6
mehrweren	6
mehrwertsteuer	6
meilenstein	6
meilensteine	6
meilenweit	6
meineid	6
meinschaftsunternehmen	6
meinungsaustausch	6
meinungsbildung	6
meinungsmach	6
meinungsumfragen	6
meinungsverschiedenheit	6
meinungsvielfalt	6
meinungsäusserung	6
meinungsäusserungen	6
meissel	6
meisteren	6
meisterhaft	6
meisterin	6
meisterleistung	6
meisterlich	6
meistern	6
meisterprüfung	6
meisters	6
meisterschafen	6
meistersing	6
meisterstück	6
meistertitel	6
mekka	6
mekong	6
melancholie	6
melancholisch	6
melang	6
melbourne	6
meld	6
meldepflichen	6
melder	6
meldest	6
meldungen	6
melinda	6
melk	6
melken	6
melodien	6
melodisch	6
melody	6
melone	6
melonen	6
melrose	6
melvin	6
mem	6
membran	6
memel	6
memoiren	6
memorandum	6
memorial	6
mendez	6
mendoza	6
meningitis	6
menopause	6
mensa	6
menschenbild	6
menschenfleisch	6
menschenfreund	6
menschenhandel	6
menschenkenntnis	6
menschenkette	6
menschenleer	6
menschenmassen	6
menschenmenge	6
menschenmengen	6
menschenopf	6
menschenrecht	6
menschenrechtl	6
menschenrechtskonvention	6
menschenrechtsverletzung	6
menschenseele	6
menschenverachtend	6
menschenverachtung	6
menschenverstand	6
menschenwürde	6
menschheitsgeschicht	6
menstruation	6
mensur	6
mental	6
mentale	6
mentalität	6
mentoren	6
mephisto	6
mer	6
meran	6
mercer	6
mercy	6
meridian	6
merkbar	6
merkblatt	6
merklich	6
merkmale	6
merkten	6
merkur	6
merkwürdigen	6
merkwürdiger	6
merkwürdigerweise	6
merlyn	6
mesopotamie	6
messbar	6
messdat	6
messehall	6
messergebnisse	6
messerstecher	6
messerstecherei	6
messestand	6
messgeräen	6
messgeräte	6
messia	6
messias	6
messieurs	6
messing	6
messlatte	6
messtechnik	6
messverfahren	6
messweren	6
met	6
metadat	6
metallen	6
metallindustrie	6
metallisch	6
metallurgie	6
metamorphose	6
metamorphosen	6
metaph	6
metaphorisch	6
metaphysik	6
metastasen	6
meteor	6
meteorit	6
meteoriten	6
meteorologe	6
meteorologen	6
meteorologie	6
methadon	6
methan	6
methanol	6
methodik	6
methyl	6
metier	6
metrik	6
metronom	6
metropole	6
metropolen	6
mett	6
mettbrötchen	6
metzgerei	6
meute	6
meuter	6
meuterei	6
mexikanisch	6
mexikanische	6
mg	6
mi6	6
miau	6
miaut	6
micah	6
michaelis	6
michelangelo	6
michele	6
micky	6
micro	6
midnight	6
mien	6
miene	6
mienen	6
miener	6
mieteinnahmen	6
mieterhöhung	6
mieterhöhungen	6
mietpreis	6
mietrechen	6
mietshaus	6
mietspiegel	6
mietvertrag	6
mietwag	6
mietwagen	6
mietwohnung	6
miez	6
mieze	6
migrant	6
mika	6
mikado	6
mikael	6
mikes	6
mikrobe	6
mikrobiologie	6
mikroelektronik	6
mikrofonen	6
mikrogramm	6
mikrokosmos	6
mikrometer	6
mikroorganism	6
mikrophon	6
mikroskop	6
mikroskopie	6
mikroskopisch	6
mikrowell	6
mikrowellen	6
milady	6
milan	6
milben	6
milchproduken	6
milchreis	6
milchsäure	6
milchwirtschaft	6
mild	6
mildern	6
milieu	6
militanen	6
militant	6
militanter	6
militarisierung	6
militarismus	6
militärausgaben	6
militärbasis	6
militärdienst	6
militärdiktatur	6
militärisch	6
militärpolizei	6
militärputsch	6
militärregierung	6
militärs	6
miliz	6
milk	6
mill	6
millennium	6
milliardär	6
milliardäre	6
milligramm	6
milliliter	6
millionenfach	6
millionenstadt	6
millisekund	6
milly	6
milos	6
milt	6
milwaukee	6
milz	6
mime	6
mimen	6
mimik	6
mind	6
minder	6
minderheitsregierung	6
minderjährig	6
minderjährige	6
minderjährigen	6
mindern	6
minderung	6
minderwertig	6
mindestabstand	6
mindestalter	6
mindestanforderung	6
mindestmass	6
mindestsicherung	6
mindeststandard	6
mindy	6
minenfeld	6
mineral	6
mineralien	6
mineralogie	6
mineralwasser	6
mineralöl	6
minerva	6
mini	6
miniatur	6
minigolf	6
minimal	6
minimalismus	6
minimalistisch	6
minimieren	6
minimierung	6
minirock	6
ministerialrat	6
ministerin	6
ministerrat	6
minneapolis	6
minnesota	6
minor	6
minsk	6
minutenlang	6
minutentakt	6
minutiös	6
minze	6
mio	6
mira	6
mischa	6
mische	6
mischling	6
mischpult	6
mischungen	6
misen	6
miserabel	6
misere	6
missachten	6
missachtet	6
missachtung	6
missbrauchen	6
missbrauchten	6
missen	6
misserfolg	6
misserfolgen	6
misses	6
missfalle	6
missfiel	6
missfällen	6
missfällt	6
missgeburt	6
missgeschick	6
missgunst	6
misshandeln	6
misshandlung	6
misshandlungen	6
missionar	6
missionare	6
missionen	6
missionieren	6
misslingen	6
misslung	6
missouri	6
missstand	6
missstände	6
misst	6
misstrauensvotum	6
missverhältnis	6
missverstand	6
missversteh	6
missverstehen	6
missverständlich	6
missverständnisse	6
misswirtschaft	6
misthauf	6
misty	6
mitarbeiterinn	6
mitarbeitern	6
mitbegründer	6
mitbestimmung	6
mitbewerber	6
mitbewohne	6
mitbringsel	6
mitbürger	6
mitdenken	6
miteigentüm	6
miteinbeziehen	6
miterleben	6
mitfahrer	6
mitfahrgelegenheit	6
mitfiebern	6
mitfinanzieren	6
mitfühl	6
mitfühlend	6
mitführen	6
mitgearbeiten	6
mitgedachen	6
mitgefahren	6
mitgeführen	6
mitgegangen	6
mitgeholfen	6
mitgenomm	6
mitgerisse	6
mitgespieln	6
mitgespielt	6
mitgestalten	6
mitgetragen	6
mitgezählen	6
mitgift	6
mitgliedern	6
mitgliederversammlung	6
mitgliederzahl	6
mitgliedsbeitrag	6
mitgliedschafen	6
mitgliedsländ	6
mitgliedsstaat	6
mitgliedstaaen	6
mitgliedstaat	6
mitgründer	6
mithelfen	6
mitherausgeber	6
mithin	6
mithören	6
mitkomme	6
mitkommt	6
mitkriegen	6
mitlaufen	6
mitliefern	6
mitläufer	6
mitmach	6
mitmacht	6
mitmensche	6
mitmenschen	6
mitmischen	6
mitnahm	6
mitnahme	6
mitnichten	6
mitnimmt	6
mitochondrien	6
mitrechnen	6
mitreden	6
mitreisenden	6
mitreissen	6
mitreissend	6
mitsamt	6
mitschnitt	6
mitschnitte	6
mitschreiben	6
mitschuld	6
mitschüler	6
mitschülerin	6
mitsingen	6
mitspiel	6
mitspieler	6
mitsprachen	6
mitspracherecht	6
mitstreiter	6
mittagsschlaf	6
mittagstisch	6
mittagszeit	6
mitteilungsblatt	6
mittelalterlich	6
mittelamerika	6
mittelbar	6
mittelbau	6
mitteldeutschland	6
mitteleuropa	6
mittelfeld	6
mittelfeldspieler	6
mittelfinger	6
mittelfranken	6
mittelfristig	6
mittelgebirge	6
mittelhessen	6
mittelklasse	6
mittelkonsole	6
mittelland	6
mittellinie	6
mittellos	6
mittelmass	6
mittelmeerraum	6
mittelmässig	6
mittelpunken	6
mittelrhein	6
mittelschichen	6
mittelschule	6
mittelschulen	6
mittelsmann	6
mittelstand	6
mittelstreifen	6
mittelstufen	6
mittelständler	6
mittelstürmer	6
mittelteil	6
mittelweg	6
mittelwern	6
mittig	6
mittler	6
mittlere	6
mittragen	6
mittwochabend	6
mittwochs	6
mittäte	6
mitverantwortlich	6
mitverantwortung	6
mitwirken	6
mitwirkende	6
mitwirkenden	6
mitwirkung	6
mitzubringen	6
mitzumachen	6
mix	6
mixer	6
mixtur	6
mob	6
mobben	6
mobbing	6
mobiler	6
mobilfunk	6
mobilfunkanbieter	6
mobilfunknetz	6
mobiliar	6
mobilisieren	6
mobilisierung	6
mobilmachung	6
mobiltelefon	6
mobiltelefone	6
moby	6
mod	6
modalitäten	6
modehaus	6
modellbau	6
modelle	6
modelleisenbahn	6
modellieren	6
modelliern	6
modellierung	6
modellprojekt	6
modeln	6
modem	6
modenschau	6
moderat	6
moderation	6
moderatoren	6
moderatorin	6
moderiern	6
moderner	6
modernisieren	6
modernisiern	6
modernität	6
modi	6
modifikation	6
modifikationen	6
modifizieren	6
modisch	6
modischer	6
mods	6
modul	6
modulation	6
module	6
mofa	6
mogadischu	6
mohammed	6
mohn	6
mohr	6
moi	6
moin	6
mokka	6
mol	6
moldau	6
moldawien	6
mole	6
molekül	6
molke	6
molken	6
molkerei	6
moll	6
mollig	6
moloch	6
momenen	6
momentaufnahme	6
momentaufnahmen	6
momenten	6
momo	6
monaco	6
monarch	6
monarchen	6
monarchien	6
monatsend	6
monatskaren	6
monatsschrifen	6
monde	6
mondes	6
mondfinsternis	6
mondlandung	6
mondlicht	6
mondschein	6
mondsee	6
mongolei	6
mongolen	6
monieren	6
monique	6
monkey	6
monogamie	6
monogramm	6
monographie	6
monographium	6
monolog	6
monologe	6
monopol	6
monopolist	6
monopolstellung	6
monotonie	6
monsignore	6
monstern	6
monstrum	6
monsun	6
montagabend	6
montage	6
montagmorgen	6
montags	6
montenegro	6
monteur	6
montevideo	6
montieren	6
monumenen	6
moody	6
mooney	6
moor	6
moos	6
moose	6
moped	6
mops	6
moralapostel	6
morales	6
moralischen	6
moralvorstellung	6
morast	6
moratorium	6
mordanschlag	6
morddezernat	6
morddrohung	6
mordopfer	6
mordprozess	6
mordserie	6
mordversuch	6
moreno	6
moretti	6
morgana	6
morgendämmerung	6
morgenland	6
morgenröte	6
morgensonne	6
morgenster	6
morgenstunde	6
morgigen	6
moriarty	6
mormonen	6
morning	6
morphologie	6
morphologisch	6
morrison	6
mort	6
morton	6
mosaik	6
mosaiken	6
mosambik	6
moscheen	6
mose	6
mosel	6
moskauer	6
moskito	6
moslem	6
moslems	6
most	6
mother	6
motion	6
motivationen	6
motivieren	6
motivierend	6
motocross	6
motorboot	6
motorhaube	6
motorik	6
motorisiern	6
motorisierung	6
motorleistung	6
motorradfahrer	6
motorraum	6
motorroller	6
motorräder	6
motors	6
motorsag	6
motorschaden	6
motte	6
motten	6
motzen	6
mountainbike	6
mountainbiker	6
move	6
movie	6
mrt	6
mu	6
mucken	6
mucks	6
mud	6
mueller	6
muff	6
muffin	6
muffins	6
muh	6
muirfield	6
mulde	6
mulden	6
mulmig	6
multi	6
multikulti	6
multimillionär	6
multiplikation	6
multiplikatoren	6
multiplizieren	6
multitalent	6
multitasking	6
mumbai	6
mumie	6
mummy	6
mundart	6
munde	6
mundgeruch	6
mundharmonika	6
mundhöhlen	6
mundpropaganda	6
mundschutz	6
mundstück	6
mundwerk	6
mundwinkel	6
munkeln	6
munson	6
munster	6
muppet	6
mur	6
muriel	6
murk	6
murmel	6
murmelen	6
murph	6
murren	6
mus	6
muschel	6
muschelkalk	6
muschis	6
muse	6
museumsdirektor	6
music	6
musicals	6
musikanten	6
musikerin	6
musikerinn	6
musikfest	6
musikfestival	6
musikgeschichen	6
musikgeschmack	6
musikgruppe	6
musikhochschule	6
musikinstrumenen	6
musikinstrument	6
musikkapelle	6
musiklehr	6
musikrichtung	6
musikrichtungen	6
musikschule	6
musikstück	6
musikstücke	6
musiktheater	6
musiktheorie	6
musikunterricht	6
musikverein	6
musikvideo	6
musikvideos	6
musikwissenschaft	6
musizieren	6
muskat	6
muskel	6
muskelkat	6
muskelkraft	6
muskelmasse	6
musketiere	6
musketiern	6
muskulatur	6
muskulös	6
muslim	6
muslima	6
muslimisch	6
musse	6
mussen	6
musstet	6
must	6
mustafa	6
mustang	6
musterbeispiel	6
mustergültig	6
mustern	6
musterung	6
mutanten	6
mutation	6
mutationen	6
mutieren	6
mutigen	6
mutmasse	6
mutmasslich	6
mutmassungen	6
mutprobe	6
muttergesellschaft	6
mutterkonzer	6
mutterland	6
mutterleib	6
mutterlieb	6
muttermal	6
muttermilch	6
muttern	6
mutterschaft	6
mutterschiff	6
mutterschutz	6
muttersprach	6
muttersprachler	6
muttertag	6
mutwillig	6
myanmar	6
myers	6
myrtle	6
myself	6
mysteri	6
mysterium	6
mysteriös	6
mystic	6
mystik	6
mystiker	6
mystisch	6
mystische	6
myth	6
mythologie	6
mã	6
mächtiges	6
mächtigkeit	6
mächtigste	6
mächtigsten	6
mädchenschule	6
mähdresch	6
mähen	6
mähne	6
mähren	6
männerchor	6
männlein	6
männlicher	6
männlichkeit	6
mäntel	6
märchenhaft	6
märkisch	6
märsch	6
mässigen	6
mässigung	6
mätresse	6
mäzen	6
möbelhaus	6
möbelstück	6
möchtegern	6
möglicher	6
möhren	6
mönchengladbechen	6
mörderisch	6
mördern	6
mörs	6
mörtel	6
mös	6
möse	6
möwe	6
möwen	6
mücke	6
mücken	6
müder	6
müdigkeit	6
mühelos	6
mühen	6
mühlbach	6
mühselig	6
müllabfuhr	6
müllcontainer	6
müllentsorgung	6
müllhalde	6
müllsack	6
müllsäcke	6
mülltonne	6
mülltonnen	6
mündel	6
münden	6
münder	6
mündigkeit	6
mündlich	6
mündung	6
münzer	6
mürbe	6
mürrisch	6
müsli	6
müssig	6
müssiggang	6
müsstet	6
mütterlicherseits	6
müttern	6
mützen	6
müßt	6
müßte	6
nabe	6
nabel	6
nabelschnur	6
nachahmen	6
nachahmer	6
nachahmung	6
nacharbeiten	6
nachbardorf	6
nachbarhaus	6
nachbarland	6
nachbarländer	6
nachbarort	6
nachbarstaaen	6
nachbarstadt	6
nachbau	6
nachbauen	6
nachbearbeitung	6
nachbereitung	6
nachbessern	6
nachbesserung	6
nachbildung	6
nachdenklich	6
nachdenkst	6
nachdenkt	6
nachdrücklich	6
nachempfind	6
nachempfinden	6
nachfahr	6
nachfahre	6
nachfolgend	6
nachfolgerin	6
nachforsch	6
nachforschung	6
nachfragen	6
nachgebilden	6
nachgeforscht	6
nachgefragen	6
nachgegang	6
nachgeholfen	6
nachgemachen	6
nachgeprüft	6
nachgereicht	6
nachgerüsten	6
nachgeschaut	6
nachgeschmack	6
nachgestellen	6
nachgezog	6
nachgucken	6
nachhaken	6
nachhall	6
nachhause	6
nachhilfe	6
nachholbedarf	6
nachholen	6
nachkriegszeit	6
nachlade	6
nachladen	6
nachlassen	6
nachlegen	6
nachlässig	6
nachlässigkeit	6
nachmach	6
nachmieter	6
nachmittage	6
nachnahme	6
nachnam	6
nachos	6
nachprüfen	6
nachprüfung	6
nachrangig	6
nachrichtenagentur	6
nachrichtenagenturen	6
nachrichtendienst	6
nachrichtendienste	6
nachrichtenmagazin	6
nachrichtensend	6
nachrichtensendung	6
nachrichtensprech	6
nachruf	6
nachrücker	6
nachrüsn	6
nachrüstung	6
nachsagen	6
nachschau	6
nachschlag	6
nachschlagen	6
nachschlagewerk	6
nachsichen	6
nachsicht	6
nachsichtig	6
nachsitz	6
nachsitzen	6
nachsorge	6
nachspeise	6
nachspiel	6
nachspielzeit	6
nachstehend	6
nachstellen	6
nachtarbeit	6
nachtclub	6
nachtdienst	6
nachteilig	6
nachthemd	6
nachtigall	6
nachtlager	6
nachtleben	6
nachtrag	6
nachtragend	6
nachtruhe	6
nachträge	6
nachtschichn	6
nachtschwärmer	6
nachttisch	6
nachtwach	6
nachtwache	6
nachtwächter	6
nachtzeit	6
nachtzug	6
nachweisbar	6
nachweise	6
nachweislich	6
nachweln	6
nachwirkung	6
nachwirkungen	6
nachwort	6
nachwuchsförderung	6
nachwuchsspieler	6
nachzahlen	6
nachzahlung	6
nachziehen	6
nachzusehen	6
nachzügler	6
nackig	6
nacktfoto	6
nacktheit	6
nada	6
nadelöhr	6
nadja	6
nagasaki	6
nagellack	6
nageln	6
nagen	6
nager	6
nahaufnahme	6
nahbereich	6
nahelegen	6
naheliegend	6
naherholungsgebiet	6
nahkampf	6
nahmst	6
nahost	6
nahrungsaufnahme	6
nahrungsergänzungsmittel	6
nahrungsketten	6
nahrungsmittel	6
nahtlos	6
nahverkehr	6
nairobi	6
naiver	6
naivität	6
nam	6
namenlos	6
namensgebung	6
namensschild	6
namenstag	6
namensvetter	6
namensänderung	6
namibia	6
nan	6
nana	6
nance	6
nanjing	6
nanotechnologie	6
napalm	6
napf	6
narkos	6
narkose	6
narrativ	6
narrenfreiheit	6
narzisse	6
narzissmus	6
naschen	6
nasdaq	6
nasen	6
nasenbluen	6
nasenbluten	6
nasenlöch	6
nashorn	6
nashörner	6
nassau	6
nasse	6
nassen	6
nasser	6
natascha	6
natasha	6
nathalie	6
nathaniel	6
nati	6
nationalbank	6
nationalbibliothek	6
nationalelf	6
nationalgalerie	6
nationalgarde	6
nationalgarden	6
nationalhymne	6
nationalismus	6
nationalist	6
nationalistisch	6
nationalität	6
nationalmannschaften	6
nationalrat	6
nationalspiel	6
nationalspielerin	6
nationalstaaen	6
nationalstaat	6
nationalteam	6
nationalteams	6
nationaltheater	6
nationaltrainer	6
nationalversammlung	6
nationalökonomie	6
natrium	6
natron	6
naturalie	6
naturalismus	6
naturell	6
naturforsch	6
naturfreunde	6
naturgesetz	6
naturgesetzen	6
naturheilkunde	6
naturkatastrophe	6
naturkund	6
naturkundemuseum	6
naturpark	6
naturparks	6
naturphilosophie	6
naturschutzgebien	6
naturschutzgebiet	6
naturschützer	6
naturstein	6
naturtalent	6
naturwissenschafen	6
naturwissenschaft	6
naturwissenschaftler	6
naturwissenschaftlich	6
natürlicher	6
natürlicherweise	6
natürliches	6
natürlichkeit	6
naugenommen	6
navi	6
navid	6
navigation	6
navigationsgerät	6
navigationssyst	6
navigieren	6
navis	6
nazizeit	6
ncis	6
neandertal	6
nebenberuflich	6
nebeneffekt	6
nebenerwerb	6
nebenfach	6
nebengebäude	6
nebenher	6
nebenjob	6
nebenjobs	6
nebenkosn	6
nebenprodukt	6
nebenraum	6
nebenrolle	6
nebensach	6
nebensatz	6
nebenstrasse	6
nebensächlich	6
nebentätigkeit	6
nebenwirkung	6
nebenzimmer	6
neblig	6
nebraska	6
neck	6
necken	6
need	6
negation	6
negativen	6
negativität	6
negieren	6
neider	6
neige	6
neigung	6
neigungen	6
nektar	6
nelke	6
nelle	6
nelly	6
nemesis	6
nennenswert	6
nenner	6
nennleistung	6
nennung	6
nennungen	6
nennwern	6
neoliberal	6
neoliberalismus	6
neon	6
neonazi	6
nepal	6
neptun	6
neralverdachen	6
nerationen	6
nerd	6
neriern	6
nero	6
nervengas	6
nervenkitzel	6
nervensystem	6
nervenzell	6
nervosität	6
nerz	6
nestor	6
netterweise	6
netteste	6
nettoeinkommen	6
neturgeschichen	6
netzausbau	6
netzbetreiber	6
netzen	6
netzhaut	6
netzneutralität	6
netzteil	6
neuankömmlingen	6
neuanschaffung	6
neuaufbau	6
neuauflage	6
neuausgabe	6
neuausrichtung	6
neubauen	6
neubaugebiet	6
neubaustrecke	6
neubearbeitung	6
neubeginn	6
neubewertung	6
neubildung	6
neubrandenburg	6
neubürg	6
neudeutsch	6
neudruck	6
neuenburg	6
neuentwicklung	6
neuerlich	6
neuerscheinung	6
neuerung	6
neueröffnung	6
neuest	6
neufassung	6
neugeboren	6
neugeborenes	6
neugestaltung	6
neugierde	6
neugierden	6
neugierigen	6
neugieriger	6
neugründung	6
neuheit	6
neuigkeien	6
neujahr	6
neujahrsempfang	6
neujahrstag	6
neukunden	6
neukölln	6
neuleadnn	6
neuling	6
neumond	6
neunen	6
neuner	6
neunten	6
neunter	6
neunzig	6
neunziger	6
neuordnung	6
neuorganisation	6
neuorientierung	6
neupreis	6
neuregelung	6
neurolog	6
neurologe	6
neurologie	6
neuronen	6
neurowissenschaften	6
neuschnee	6
neuseeländer	6
neuss	6
neustart	6
neuste	6
neusten	6
neustrukturierung	6
neutralen	6
neutralisieren	6
neutralisiert	6
neutralität	6
neutronen	6
neutrum	6
neuwagen	6
neuwahl	6
neuwahlen	6
neuwertig	6
neuzugang	6
neuzugänge	6
nevajoen	6
newark	6
newkirk	6
newman	6
newsticker	6
ni	6
niagara	6
nibelung	6
nicaragua	6
nice	6
nichen	6
nichols	6
nicht-	6
nichtbeachtung	6
nichteinhaltung	6
nichter	6
nichterfüllung	6
nichtig	6
nichtigkeit	6
nichtrauch	6
nichtsdestotrotz	6
nichtsnutz	6
nichtssagend	6
nichtstun	6
nichtwähl	6
nickel	6
nicken	6
nickerch	6
nicki	6
nicks	6
nickt	6
nidwalden	6
nied	6
niederbayer	6
niederbrenn	6
niederbrennen	6
niederer	6
niedergang	6
niedergebrannt	6
niedergeschossen	6
niedergeschrieben	6
niedergestoch	6
niederlassen	6
niederlassung	6
niederlausitz	6
niederlegen	6
niederländer	6
niederländisch	6
niederrhein	6
niederschlagen	6
niederschlagung	6
niederschläge	6
niederschrifen	6
niedertracht	6
niederträchtig	6
niederung	6
niedrige	6
niedrigen	6
niedriger	6
niedrigwasse	6
niemandes	6
niemandsland	6
nien	6
nierenversagen	6
niese	6
nieselreg	6
niesen	6
niest	6
niet	6
niger	6
nigerian	6
nigg	6
nihilismus	6
nik	6
niklas	6
niklaus	6
niko	6
nikolai	6
nikotin	6
nil	6
nilpferd	6
nimbus	6
nine	6
nino	6
nippe	6
niqab	6
nirvana	6
nisch	6
nisen	6
nissen	6
nitrat	6
niveaus	6
nizza	6
nobel	6
nobelpreis	6
nobelpreisträger	6
noble	6
nobody	6
noel	6
noen	6
nomaden	6
nomen	6
nomenklatur	6
nominal	6
nominativ	6
nominell	6
nominieren	6
nominiern	6
nominiert	6
nominierung	6
nominierungen	6
nonn	6
nonsen	6
nor	6
nordafrika	6
nordafrikaner	6
nordatlantik	6
norddeutsch	6
norddeutschland	6
norderney	6
nordeuropa	6
nordfrankreich	6
nordfriesland	6
nordirland	6
nordisch	6
norditalien	6
nordkap	6
nordküste	6
nordlicht	6
nordost	6
nordosten	6
nordpol	6
nordseite	6
nordwest	6
nordwesten	6
nordwestlich	6
nordwind	6
nordwärts	6
nordöstlich	6
norfolk	6
normalbürger	6
normalfall	6
normalform	6
normalisieren	6
normalisierung	6
normalität	6
normalpreis	6
normalverteilung	6
normalzustand	6
normandie	6
normann	6
normieren	6
normung	6
norton	6
norweg	6
norwegisch	6
nossen	6
nostalgie	6
nostalgisch	6
notariell	6
notarzen	6
notation	6
notbremse	6
notdienst	6
notdürftig	6
notebook	6
notebooks	6
notenbank	6
notfallmedizin	6
notfallplan	6
notfalls	6
notfälle	6
notgedrungen	6
nothilfe	6
nothing	6
notlage	6
notlandung	6
notlösung	6
notorisch	6
notrufe	6
notsituation	6
notsituationen	6
notstand	6
notwendige	6
notwendigen	6
notwendiger	6
notwendigerweise	6
nou	6
nougat	6
nova	6
novak	6
novell	6
novellen	6
novellierung	6
novum	6
nuance	6
nuancen	6
nuancieren	6
nucky	6
nudel	6
nukleare	6
nuklearen	6
nuklearwaffen	6
nullen	6
nullpunkt	6
nulltarif	6
numerus	6
nummeriert	6
nummerierung	6
nummernschilder	6
nuntius	6
nussbaum	6
nussknacker	6
nut	6
nuten	6
nutzbar	6
nutzerin	6
nutzername	6
nutzfahrzeuge	6
nutzfläch	6
nutzlast	6
nutzniesser	6
nutzten	6
nutztiere	6
nutzungsbedingung	6
nutzungsdauer	6
nutzungsrecht	6
ny	6
nylon	6
nymphe	6
nymphen	6
nächst	6
nächstenliebe	6
nächstenlieben	6
nächt	6
nägeln	6
näherin	6
näherung	6
näherungsweise	6
nähkästchen	6
nähmaschin	6
nährboden	6
nähren	6
nährstoff	6
nährstoffe	6
nährwern	6
nähte	6
närrin	6
närrisch	6
nässe	6
nördlichen	6
nörgeln	6
nörgl	6
nötigung	6
nüchternheit	6
nützliche	6
nützliches	6
nützlichkeit	6
oakland	6
oase	6
oasen	6
obachen	6
obama	6
obdachlos	6
obdachlose	6
obdachlosigkeit	6
obduktion	6
obelisk	6
obelisken	6
obelix	6
obenauf	6
obendrauf	6
obendrein	6
oberarm	6
oberarzen	6
oberarzt	6
oberbayern	6
oberbefehl	6
oberbefehlshaber	6
oberbegriff	6
oberer	6
oberfläch	6
oberflächen	6
oberflächenwass	6
oberflächlichkeit	6
oberfranken	6
obergericht	6
obergeschoss	6
obergrenze	6
obergrenzen	6
oberhand	6
oberhaupt	6
oberhessen	6
oberhoheit	6
oberin	6
oberirdisch	6
oberitalien	6
oberkanen	6
oberkiefer	6
oberkommando	6
oberkörper	6
oberlandesgericht	6
oberlausitz	6
oberlehr	6
oberleitung	6
oberleutnant	6
oberlippe	6
oberpfalz	6
oberrhein	6
oberschenkel	6
oberschicht	6
oberschlesien	6
oberschule	6
oberschwaben	6
oberseit	6
obersen	6
oberstaatsanwalt	6
oberster	6
oberstes	6
oberstleutnant	6
oberstufen	6
oberteil	6
oberverwaltungsgericht	6
oberweit	6
obgleich	6
obi-wan	6
obig	6
obiger	6
objeken	6
objektive	6
objektivität	6
obligatorisch	6
obmann	6
oboe	6
obrigkeit	6
obrisen	6
obschon	6
observation	6
observatorium	6
obsession	6
obstbau	6
obstbäume	6
obstgaren	6
obszön	6
obwalden	6
ocean	6
ochse	6
ochsen	6
ocker	6
octavia	6
od	6
ode	6
odenwald	6
odessa	6
odin	6
odyssee	6
odysseus	6
oeuvre	6
offenbaren	6
offengelegen	6
offenheit	6
offenkundig	6
offenlegen	6
offenlegung	6
offensichtliche	6
offensiv	6
offeren	6
offerieren	6
offerte	6
office	6
officers	6
offizieller	6
offizieren	6
offlin	6
offline	6
oh-oh	6
oha	6
ohm	6
ohnedies	6
ohnmachen	6
oho	6
ohrfeig	6
ohrfeige	6
ohrfeigen	6
ohrläppchen	6
ohrring	6
ohrstöpsel	6
ohrwurm	6
ohrwürmer	6
oi	6
oka	6
okkupation	6
oklahoma	6
oktave	6
oktoberfest	6
oktoberrevolution	6
oldie	6
oldies	6
oldtim	6
oleg	6
oligarch	6
oligarchie	6
oliv	6
oliven	6
olivenöl	6
olivier	6
olle	6
olm	6
ologen	6
olymp	6
olympiade	6
olympiapark	6
olympiasieg	6
olympiasiegerin	6
olympiastadion	6
olympischen	6
omaha	6
oman	6
omas	6
omega	6
omelett	6
omen	6
omi	6
omnibus	6
onanier	6
once	6
onkologie	6
onlinehandel	6
ontario	6
ontologie	6
onyx	6
opal	6
opas	6
open	6
opera	6
operativ	6
operator	6
opereten	6
operette	6
opern	6
opernball	6
opernhaus	6
opernsängerin	6
opfere	6
opfergaben	6
opferroll	6
opfert	6
opferzahlen	6
ophelia	6
opi	6
opium	6
opportunismus	6
oppositionell	6
oppositionspartei	6
oprah	6
optiker	6
optimieren	6
optimierung	6
optimisen	6
optimismus	6
optimum	6
optional	6
opus	6
orakel	6
oral	6
oralsex	6
orang	6
orangerie	6
oranien	6
oranje	6
oratorium	6
orbis	6
orca	6
orchidee	6
orchideen	6
ord	6
ordentliche	6
ordentlichen	6
ordentliches	6
ordern	6
ordinariat	6
ordination	6
ordn	6
ordnen	6
ordner	6
ordnungsamen	6
ordnungshüter	6
ordnungswidrigkeit	6
ordnungswidrigkeiten	6
oregano	6
oren	6
organisationen	6
organisationsentwicklung	6
organisationsform	6
organisationsstruktur	6
organisator	6
organisatoren	6
organisatorisch	6
organisch	6
organisen	6
organisiere	6
organisierte	6
organismen	6
organisn	6
organspender	6
orgasmen	6
orgelmusik	6
orgeln	6
orgie	6
orgien	6
orient	6
orientalisch	6
orientierungshilfe	6
orientierungslos	6
origami	6
originalausgabe	6
originale	6
originalfassung	6
originalität	6
originalsprach	6
originaltext	6
originaltitel	6
originalton	6
origineller	6
orion	6
orkan	6
orlando	6
ornamenen	6
ornament	6
orry	6
orthodox	6
orthodoxie	6
orthographie	6
orthopäd	6
orthopäde	6
orthopädie	6
ortiz	6
ortsansässig	6
ortsausgang	6
ortsbild	6
ortschafen	6
ortschaft	6
ortseingang	6
ortsgemeind	6
ortsgruppe	6
ortsgruppen	6
ortsnamen	6
ortsrand	6
ortsverband	6
ortsvorsteh	6
ortswechsel	6
ortszeit	6
ortung	6
osaka	6
osborne	6
oslo	6
osmanen	6
ossi	6
ossis	6
ostafrika	6
ostasien	6
ostberlin	6
ostblock	6
ostdeutsch	6
ostdeutschland	6
ostend	6
osteoporose	6
ostereier	6
osterferien	6
osterfest	6
osterfeuer	6
osterhase	6
osterhasen	6
ostermontag	6
ostersonntag	6
ostertag	6
osterweiterung	6
osteuropäer	6
ostfildern	6
ostfriesland	6
ostfront	6
ostgrenze	6
ostholstein	6
ostkü	6
ostpreussen	6
ostschweiz	6
ostseekü	6
ostseit	6
ostteil	6
ostwestfalen	6
ostwind	6
ostwärts	6
othello	6
other	6
ott	6
ottawa	6
ou	6
outen	6
ouvertüren	6
oval	6
overall	6
overkill	6
overlay	6
ow	6
owens	6
oxidation	6
ozeanien	6
ozon	6
paaren	6
paarmal	6
paarung	6
paarungen	6
paarweis	6
pachen	6
pachten	6
pacific	6
packer	6
packungen	6
paco	6
paddel	6
paddeln	6
paella	6
pagen	6
pager	6
pagode	6
pailleten	6
paintball	6
paken	6
paketdienst	6
pakete	6
pakistani	6
palais	6
palermo	6
paleten	6
palette	6
palladium	6
palliativmedizin	6
palme	6
palmsonntag	6
palmöl	6
paloma	6
palä	6
paläontologie	6
palästina	6
palästinenser	6
pampa	6
pamphlet	6
panda	6
pandemie	6
pander	6
pandora	6
panikattacke	6
panikattacken	6
panikmach	6
panisch	6
pantheon	6
panther	6
pantoffel	6
pantomime	6
panzerung	6
paparazzi	6
papaya	6
paperback	6
papieren	6
papierfabrik	6
papierkorb	6
pappe	6
pappeln	6
paprika	6
papstes	6
papua	6
papyrus	6
parabel	6
paracetamol	6
paradebeispiel	6
paradigma	6
paradigmenwechsel	6
paradise	6
paradox	6
paradoxerweise	6
paradoxon	6
paragon	6
paragraf	6
paragrafen	6
paragraph	6
paragueyen	6
parallele	6
parallelgesellschaft	6
parallelgesellschaften	6
paralleluniversum	6
paralympic	6
parameter	6
parasit	6
parat	6
parcours	6
paren	6
parfümerie	6
parieren	6
parität	6
parkanlag	6
parkanlage	6
parkbank	6
parkett	6
parkgebühren	6
parkhaus	6
parkhäuser	6
parkour	6
parkplätz	6
parkt	6
parkte	6
parkverbot	6
parlamenen	6
parlamentarier	6
parlamentarismus	6
parlamentsgebäude	6
parlamentspräsident	6
parlamentswahl	6
parmesan	6
paroder	6
parodien	6
parodieren	6
parole	6
parrish	6
parteibuch	6
parteichef	6
parteichefin	6
parteienfinanzierung	6
parteifreund	6
parteiführung	6
parteiisch	6
parteikolleg	6
parteilos	6
parteimitglied	6
parteimitglieder	6
parteipolitik	6
parteipolitisch	6
parteiprogramm	6
parteispitzen	6
parteivorsitzend	6
parteivorsitzenden	6
parteizentral	6
parteizugehörigkeit	6
parterre	6
partiell	6
partikel	6
partikeln	6
partisan	6
partition	6
partitur	6
partituren	6
partizip	6
partizipation	6
partizipieren	6
partnern	6
partnerprogramm	6
partners	6
partnerschaften	6
partnerstadt	6
partnervermittlung	6
partnerwahl	6
partout	6
parzellen	6
pas	6
pasadena	6
paso	6
passabel	6
passage	6
passagi	6
passanen	6
passantin	6
passat	6
passender	6
passenderweise	6
passendes	6
passierschein	6
passion	6
passiv	6
passivität	6
passten	6
passus	6
passwört	6
pastell	6
pastete	6
pasteur	6
pastoral	6
pastoren	6
patagonien	6
patch	6
patchwork	6
paten	6
patenen	6
patenkind	6
patenschaft	6
patent	6
patentamt	6
patentieren	6
pathetisch	6
pathologie	6
pathologisch	6
pathos	6
patientenverfügung	6
patientinnen	6
patin	6
patina	6
patriarch	6
patriarchat	6
patrik	6
patrioen	6
patrioten	6
patriotisch	6
patriotismus	6
patrizier	6
patrone	6
patrouill	6
patrouillen	6
patrouillieren	6
patsche	6
patsy	6
patt	6
patti	6
patzer	6
pauke	6
pauken	6
paukenschlag	6
paulette	6
paulo	6
pauls	6
pauschal	6
pauschalen	6
pausenlos	6
pausieren	6
pavillon	6
paywall	6
pazifik	6
pazifisen	6
pazifismus	6
paßt	6
peabody	6
peace	6
peak	6
pechstein	6
peck	6
pedal	6
pedelec	6
pediküre	6
pegasus	6
pegel	6
peilen	6
peilsender	6
pein	6
peinig	6
peinliche	6
peinlichkeit	6
peitsch	6
pelle	6
pellets	6
peloponnes	6
pence	6
pendant	6
pendel	6
pendelen	6
pendeln	6
pendler	6
penetrant	6
penetration	6
penibel	6
penicillin	6
penisse	6
penn	6
penne	6
pennen	6
pensionieren	6
pensioniert	6
pensionierung	6
pensionist	6
pensionsfond	6
pensionskasse	6
pensum	6
pep	6
pepe	6
peperoni	6
perez	6
perfektionier	6
perfektionieren	6
perfektionismus	6
perfide	6
pergament	6
period	6
periodisch	6
peripherie	6
perlenkette	6
perm	6
permanenter	6
pernell	6
perser	6
perseus	6
persien	6
persiflage	6
persisch	6
personalabteilung	6
personalausweis	6
personalberatung	6
personalchef	6
personalentwicklung	6
personalie	6
personalisierung	6
personalkosn	6
personalmanagement	6
personalmangel	6
personalpolitik	6
personalrat	6
personalunion	6
personell	6
personenfreizügigkeit	6
personenkraftwagen	6
personenkreis	6
personenkulen	6
personenschaden	6
personenschutz	6
personenverkehr	6
personenwagen	6
personifizieren	6
perspektivisch	6
persönlichkeiten	6
persönlichkeitsentwicklung	6
persönlichkeitsrecht	6
persönlichkeitsrechte	6
persönlichkeitsstörung	6
persönlichkeitsstörungen	6
perth	6
peru	6
perverse	6
perversen	6
perversion	6
perversling	6
perücken	6
peso	6
pessimisen	6
pessimismus	6
pessimistisch	6
pestizid	6
pesto	6
petersburg	6
petersdom	6
petersilie	6
petersplatz	6
petitionen	6
petitionsausschuss	6
petra	6
petroleum	6
petty	6
peusieren	6
peyton	6
pfade	6
pfadfind	6
pfaffen	6
pfahl	6
pfand	6
pfandflaschen	6
pfann	6
pfannkuch	6
pfarramt	6
pfarre	6
pfarrei	6
pfarrerin	6
pfarrgemeind	6
pfarrhaus	6
pfarrheim	6
pfarrhof	6
pfarrkirch	6
pfarrkirche	6
pfarrstell	6
pfau	6
pfefferspray	6
pfeif	6
pfeifer	6
pfeiler	6
pfennig	6
pferdch	6
pferdchen	6
pferdefleisch	6
pferderennen	6
pferdeschwanz	6
pferdestall	6
pfiffe	6
pfiffig	6
pfingsen	6
pfirsich	6
pfirsiche	6
pflanz	6
pflanzenschutz	6
pflanzenschutzmittel	6
pflanzenweln	6
pflanzlich	6
pflanzung	6
pflasteren	6
pflasterstein	6
pflaume	6
pflegebedürftigkeit	6
pflegedienst	6
pflegeeinrichtung	6
pflegeelter	6
pflegeeltern	6
pflegefall	6
pflegefamilie	6
pflegeheim	6
pflegeheime	6
pflegekraft	6
pflegekräfen	6
pflegeleichen	6
pflegepersonal	6
pflegerin	6
pflegestufen	6
pflegeversicherung	6
pflegt	6
pflegte	6
pflichen	6
pflichtprogramm	6
pflichtspiel	6
pflichtspiele	6
pflichtverletzung	6
pflichtverteidig	6
pflug	6
pflänzch	6
pflücken	6
pflüg	6
pflügen	6
pforen	6
pfort	6
pforzheim	6
pfoset	6
pfot	6
pfründ	6
pfusch	6
pfählen	6
pfälzer	6
pfänden	6
pfändung	6
pförtner	6
pfütz	6
pfützen	6
phalanx	6
phallus	6
phantombild	6
pharao	6
pharisäer	6
pharmaindustrie	6
pharmakologie	6
pharmakonzern	6
pharmaunternehmen	6
pharmazi	6
phasenweise	6
phelps	6
phi	6
philharmonie	6
philharmonik	6
philly	6
philologie	6
philosoph	6
philosophieren	6
philosophin	6
philosophisch	6
phobi	6
phobie	6
phonetik	6
phosphaben	6
phosphaten	6
phosphor	6
photo	6
photographie	6
photone	6
photosynthese	6
photovoltaik	6
photovoltaikanlag	6
photovoltaikanlage	6
phrase	6
phrasen	6
physikalisch	6
physiker	6
physiologie	6
physiologisch	6
physiotherapeuen	6
physiotherapeutin	6
physiotherapie	6
physische	6
physischen	6
phänomenal	6
phänomenologie	6
phönix	6
pianisen	6
pianist	6
piano	6
piazza	6
pickel	6
picken	6
pie	6
piemont	6
piepe	6
pieper	6
piepton	6
piercing	6
pierrot	6
pietismus	6
pietro	6
pietsch	6
pigmenen	6
pigment	6
pik	6
pikant	6
pil	6
pilar	6
pilg	6
pilger	6
pilgerfahren	6
pilgern	6
pilgerreise	6
pill	6
pilotprojekt	6
pilzn	6
pimmel	6
pin	6
pinakothek	6
pine	6
ping	6
pingelig	6
pinguine	6
pinkel	6
pinkelt	6
pinky	6
pinnwand	6
pinocchio	6
pinsel	6
pinzette	6
pionier	6
pionierarbeit	6
pip	6
pipe	6
pipelin	6
pipeline	6
pipi	6
pippi	6
piraen	6
piranha	6
piraterie	6
pirmasens	6
pisa	6
pisen	6
pisst	6
pistazie	6
pitt	6
pius	6
pixel	6
pizzen	6
pizzeria	6
pj	6
pjöngjang	6
placebo	6
plagen	6
plagiat	6
plakate	6
plakativ	6
plaketen	6
plakette	6
planbar	6
planeen	6
planer	6
planetarium	6
planken	6
plankton	6
planlos	6
planmässig	6
planschbecke	6
plantage	6
plantagen	6
plante	6
planten	6
planungsphase	6
planungssicherheit	6
planwirtschaft	6
plappern	6
plasma	6
plastic	6
plastike	6
plastikflasch	6
plastikmüll	6
plastiktüen	6
plastiktüte	6
plastisch	6
plateau	6
plateaus	6
platin	6
plattdeutsch	6
plattenbau	6
plattenfirma	6
plattenspieler	6
plattenvertrag	6
platter	6
platzbedarf	6
platze	6
platzhalter	6
platzierung	6
platzmangel	6
platzverweis	6
plausch	6
plausibel	6
plausibilität	6
play	6
playback	6
playboy	6
plazenta	6
pleiten	6
plenarsaal	6
plenarsitzung	6
plenum	6
plexiglas	6
plural	6
pluralismus	6
pluralität	6
pluspunken	6
pluspunkt	6
plutarch	6
pluto	6
plutonium	6
plymouth	6
plädieren	6
plädoyer	6
plätschern	6
plätzen	6
plötzlichen	6
plünderung	6
plüsch	6
poch	6
pochen	6
pocht	6
pocken	6
podest	6
podium	6
podiumsdiskussion	6
poe	6
poem	6
poet	6
poetisch	6
pogrom	6
poinen	6
poinn	6
pointe	6
pointieren	6
pokalfinal	6
pokalsieger	6
pokalspiel	6
pokern	6
pokmon	6
polar	6
polarisieren	6
polarisierung	6
polarität	6
polarkreis	6
polaroid	6
pole	6
polemik	6
polemisch	6
policen	6
polier	6
polieren	6
poliert	6
poliklinik	6
polin	6
polio	6
politbüro	6
politikum	6
politikverdrossenheit	6
politikwissenschaft	6
politikwissenschaftler	6
politischer	6
politisches	6
politisierung	6
politologe	6
polizeiauto	6
polizeibeamter	6
polizeibehörde	6
polizeiberichen	6
polizeibericht	6
polizeidienststelle	6
polizeidirektion	6
polizeieinsatz	6
polizeieinsätzen	6
polizeifunk	6
polizeigewahrsam	6
polizeigewalt	6
polizeigewerkschaft	6
polizeiinspektion	6
polizeikontroll	6
polizeilich	6
polizeipräsident	6
polizeipräsidium	6
polizeischutz	6
polizeisirene	6
polizeistaat	6
polizeistation	6
polizeiwach	6
polizeiwache	6
polizeiwage	6
polizistinnen	6
polka	6
poll	6
pollen	6
polnisch	6
polnische	6
polo	6
polonaise	6
polster	6
polter	6
polyester	6
polygamie	6
polymer	6
polypen	6
pommern	6
pomp	6
pompeji	6
poncho	6
pond	6
pont	6
pontiac	6
pontifex	6
ponys	6
popel	6
popkultur	6
popmusik	6
popo	6
poppe	6
poppy	6
popularität	6
population	6
populisen	6
populismus	6
populistisch	6
populär	6
por	6
pore	6
pornodarstell	6
pornofilm	6
pornografie	6
pornographie	6
pornostar	6
portfolio	6
porthos	6
portionen	6
portmonee	6
portrait	6
porträtieren	6
porträts	6
ports	6
portugies	6
portugiesen	6
portugiesisch	6
portwein	6
porzellan	6
pos	6
posaune	6
pose	6
poseidon	6
posen	6
posieren	6
positionieren	6
positionierung	6
positionspapier	6
positiven	6
positives	6
posse	6
postamt	6
postbot	6
postbote	6
postboten	6
posteingang	6
postfach	6
postfilialer	6
posthum	6
postieren	6
posting	6
postings	6
postkaren	6
postkarte	6
postkarten	6
postleitzahl	6
postmodern	6
poststelle	6
postulieren	6
postweg	6
postwendend	6
pot	6
potentiell	6
potenz	6
potenziell	6
potenzielle	6
potpourri	6
pott	6
pr	6
pracht	6
prachtvoll	6
pragmatisch	6
pragmatismus	6
prahlen	6
praktik	6
praktika	6
praktikabel	6
praktikann	6
praktikant	6
praktikantin	6
praktiken	6
praktiker	6
praktische	6
praktischerweise	6
praktizieren	6
pralinen	6
prall	6
prang	6
predigen	6
preisentwicklung	6
preiserhöhung	6
preiserhöhungen	6
preisfrage	6
preisgabe	6
preisgeben	6
preisgeld	6
preisgestaltung	6
preisgünstig	6
preisklasse	6
preisli	6
preislich	6
preisniveau	6
preispolitik	6
preisschild	6
preissegment	6
preissenkung	6
preissteigerung	6
preissteigerungen	6
preisträger	6
preisträgerin	6
preisvergleich	6
preisverleihung	6
preiswert	6
preiswerter	6
prellen	6
prellunge	6
prellungen	6
premieren	6
premierministerin	6
premiern	6
prenzlau	6
presbyterium	6
prescott	6
press	6
pressearbeit	6
presseberichen	6
presseerklärung	6
pressefreiheit	6
pressekonferenze	6
pressemeldung	6
pressemitteilungen	6
pressesprech	6
pressesprecherin	6
pressestell	6
pressestimmen	6
prestig	6
pretoria	6
preusse	6
preussisch	6
preußen	6
prickelnd	6
pride	6
priesterseminar	6
prim	6
primat	6
primaten	6
prime	6
primen	6
primitiv	6
primitive	6
primus	6
primzahlen	6
princess	6
princeton	6
printmedien	6
prinzessinnen	6
prior	6
priorisierung	6
prise	6
prisma	6
prison	6
pritsch	6
privatanleg	6
privatbank	6
privatbesitz	6
privatdozent	6
privateigentum	6
privater	6
privathaushalt	6
privatisieren	6
privatisierung	6
privatklinik	6
privatkunde	6
privatleute	6
privatmann	6
privatperson	6
privatpersonen	6
privatrechen	6
privatschule	6
privatschulen	6
privatsender	6
privatsphär	6
privatunternehmen	6
privatvermögen	6
privatwirtschaft	6
privilegie	6
privilegien	6
privilegieren	6
priya	6
proa	6
proaktiv	6
probanden	6
probefahren	6
proberaum	6
probetraining	6
probeweise	6
probezeit	6
problemch	6
problemlösung	6
problems	6
problemstellung	6
probst	6
produktentwicklung	6
produktione	6
produktionsanlage	6
produktionsbedingungen	6
produktionsfirma	6
produktionskosten	6
produktionsleiter	6
produktionsmittel	6
produktionsprozess	6
produktionsstätte	6
produktionsstätten	6
produktionsweis	6
produktiv	6
produktivität	6
produktmanag	6
produktpalette	6
produzentin	6
profession	6
professionalisierung	6
professionalität	6
professionellen	6
professioneller	6
professorin	6
professur	6
professuren	6
profifussball	6
profifussballer	6
profilbild	6
profilieren	6
profilierung	6
profitabel	6
profiteur	6
profitgier	6
profitiert	6
prognos	6
prognose	6
prognostizieren	6
programmatisch	6
programmheft	6
programmier	6
programmieren	6
programmierspraceh	6
programmiersprach	6
programmierung	6
programmpunken	6
programms	6
progression	6
progressiv	6
projektarbeit	6
projektgruppe	6
projektierung	6
projektil	6
projektion	6
projektionen	6
projektionsfläch	6
projektleiter	6
projektleiterin	6
projektleitung	6
projektmanagement	6
projektor	6
projektwoch	6
projizieren	6
proklamation	6
proklamieren	6
prokurisen	6
proletariat	6
proletarier	6
prolog	6
promenade	6
prometheu	6
prometheus	6
promi	6
promillen	6
prominenen	6
prominent	6
prominenter	6
prominenz	6
promovieren	6
prompt	6
pronome	6
propagandisn	6
propagandistisch	6
propagieren	6
propeller	6
proper	6
propheen	6
prophezeien	6
prophezeiungen	6
prophylaktisch	6
prophylaxe	6
proportional	6
proportionen	6
propsen	6
prosa	6
prospeken	6
prospekt	6
prostata	6
prostatakrebs	6
prostituieren	6
prostituierten	6
protagonisen	6
protagonistin	6
protein	6
protektionismus	6
protektorat	6
protestaktion	6
protestaktionen	6
protestanen	6
protestant	6
protestantisch	6
protestantismus	6
protestbewegung	6
protestiere	6
protestieren	6
prothese	6
protokolle	6
protokollieren	6
proton	6
protonen	6
prototype	6
prototypen	6
provenienz	6
proviant	6
providence	6
provision	6
provisionen	6
provisorisch	6
provisorium	6
provokant	6
provokation	6
provokativ	6
prozederer	6
prozedur	6
prozeduren	6
prozenen	6
prozentpunken	6
prozentpunkt	6
prozentsatz	6
prozentual	6
prozesses	6
prozession	6
prozessionen	6
prozesskosten	6
prozesskostenhilfe	6
prozessor	6
prunk	6
pryce	6
präambel	6
prädestinieren	6
prädikat	6
präfekn	6
präfekt	6
präfektur	6
präferenzen	6
präfix	6
prägen	6
prägend	6
prägnant	6
prägung	6
prälat	6
prälaten	6
prämie	6
prämieren	6
prämisse	6
prämissen	6
präparat	6
präparieren	6
präposition	6
präpositionen	6
prärie	6
präsens	6
präsentationen	6
präsidentenwahl	6
präsidentschaft	6
präsidentschaftskandidaen	6
präsidentschaftskandidat	6
präsidentschaftswahl	6
präsidium	6
präteritum	6
prävalenz	6
prävention	6
präventiv	6
präzedenzfall	6
präzis	6
präzisieren	6
präzision	6
prüde	6
prüfer	6
prüfstand	6
prüft	6
prüfungskommission	6
prüfungsordnung	6
prüfverfahren	6
prügelei	6
psalm	6
psalmen	6
pscht	6
pseudonym	6
psi	6
psoriasis	6
psych	6
psyche	6
psychiaterin	6
psychiatrische	6
psychiatrischen	6
psychische	6
psychoanalyse	6
psychoanalytiker	6
psychologe	6
psychologen	6
psychologin	6
psychologisch	6
psychologischen	6
psychopharmaka	6
psychos	6
psychosen	6
psychosomatik	6
psychotherapeun	6
psychotherapeut	6
psychotherapeutin	6
psychotherapie	6
ptolemäus	6
pu	6
pubertät	6
publicity	6
publik	6
publikumsliebling	6
publikumspreis	6
publizieren	6
publizisen	6
publizist	6
puck	6
pudel	6
puder	6
puderzucker	6
puerto	6
puffer	6
pufferzone	6
pul	6
pulen	6
pullis	6
pullove	6
pulp	6
pulverfass	6
puma	6
pump	6
pumps	6
punken	6
punkrock	6
punktestand	6
punktesystem	6
punktgenau	6
punktgleich	6
punkto	6
punktspiel	6
punktuell	6
punktzahl	6
punsch	6
pupille	6
pupillen	6
puppenspiel	6
puppentheater	6
purer	6
purpur	6
pushen	6
pusten	6
put	6
pute	6
puten	6
putsch	6
putschist	6
putschversuch	6
putze	6
putzig	6
putzmittel	6
puzzl	6
pyramid	6
pyramide	6
pyramiden	6
pyrenäen	6
pyrotechnik	6
python	6
pächt	6
päckch	6
pädagog	6
pädagogen	6
pädagogin	6
pädagogisch	6
pädiatrie	6
pädophil	6
pädophilie	6
päp	6
pärch	6
pöbel	6
pünktchen	6
pünktlichkeit	6
püppchen	6
qi	6
quacksalber	6
quad	6
quadrant	6
quadranten	6
quadrat	6
quadratisch	6
quadratkilomet	6
quadratmete	6
quadratur	6
quai	6
quak	6
quali	6
qualifikationen	6
qualifikationsrund	6
qualifikationsspiel	6
qualifizieren	6
qualifizierung	6
qualitätskontrolle	6
qualitätsmanagement	6
qualitätssicherung	6
qualitätssiegel	6
qualitätsstandards	6
qualle	6
quallen	6
qualm	6
qualvoll	6
quanten	6
quantenmechanik	6
quantenphysik	6
quantico	6
quantitativ	6
quantität	6
quantum	6
quarks	6
quartett	6
quartieren	6
quarz	6
quatscht	6
quebec	6
quecksilber	6
quedlinburg	6
queensland	6
quell	6
quellcode	6
quellenangabe	6
quellenangaben	6
quellenlage	6
quelltext	6
quellwasse	6
querbalken	6
querdenker	6
quereinsteig	6
querelen	6
querflöte	6
querschniten	6
querung	6
quetschen	6
queu	6
quick	6
quillen	6
quinen	6
quinoa	6
quintessenz	6
quintett	6
quito	6
quittieren	6
quittiern	6
quittunge	6
quittungen	6
quiz	6
quorum	6
quoten	6
quotient	6
quälend	6
raab	6
rabat	6
rabatn	6
rabbiner	6
rabbit	6
rabe	6
raben	6
rachen	6
racker	6
raclette	6
radau	6
radeln	6
radfahr	6
radfahren	6
radfahrerin	6
radial	6
radierung	6
radiesch	6
radikalisieren	6
radikalisierung	6
radikalismus	6
radikalität	6
radioaktiv	6
radioaktivität	6
radiologie	6
radios	6
radiosend	6
radiosendung	6
radium	6
radius	6
radl	6
radle	6
radon	6
radrennen	6
radsportler	6
radstand	6
radtour	6
radtouren	6
radwege	6
raffen	6
raffinerie	6
raffinesse	6
raffiniern	6
rage	6
rahmenbedingung	6
rahmenprogramm	6
raiffeisenbank	6
rain	6
rainer	6
rakeen	6
raket	6
raketenwerfer	6
raleigh	6
rally	6
rallye	6
ram	6
ramadan	6
rambo	6
ramen	6
ramirez	6
ramm	6
rammen	6
ramona	6
ramos	6
rampe	6
rampen	6
rampenlicht	6
ramsch	6
ramses	6
ramsey	6
ramstein	6
ramón	6
randal	6
randalieren	6
randalierer	6
randbedingungen	6
randgruppe	6
randnotiz	6
randolph	6
randvoll	6
rangers	6
rangfolge	6
rangieren	6
ranglisen	6
rangliste	6
rangordnung	6
rank	6
ranken	6
ranking	6
rannen	6
rannten	6
ranzen	6
ranzig	6
ranzukommen	6
raoul	6
raphael	6
rapide	6
rappen	6
rapport	6
raps	6
rapsöl	6
rapunzel	6
rar	6
rarität	6
rasant	6
rascheln	6
rasend	6
rasenfläch	6
rasenmäh	6
rasenmäher	6
raser	6
raserei	6
rasierklingen	6
rasiermesser	6
rasierte	6
rasmus	6
rasseln	6
rassen	6
rassentrennung	6
rassisn	6
rassist	6
rassistisch	6
rastatt	6
raste	6
rasten	6
raster	6
rastlos	6
rastplatz	6
raststätte	6
rasur	6
ratenzahlung	6
rates	6
ratifizieren	6
ratifizierung	6
ratio	6
ration	6
rational	6
rationalisierung	6
rationalismus	6
rationalität	6
ratlos	6
ratlosigkeit	6
ratsam	6
ratsherr	6
ratsherren	6
ratskell	6
ratsmitglied	6
ratssitzung	6
rattenfäng	6
ratz	6
rau	6
raubbau	6
raubt	6
raubtier	6
raubtiern	6
raubzug	6
raubüberfäll	6
rauchentwicklung	6
raucher	6
rauchmelder	6
rauchverbot	6
rauen	6
rauer	6
raufen	6
raufkommen	6
rauhen	6
raul	6
raumfahren	6
raumfahrer	6
raumordnung	6
raumplanung	6
raumschiffe	6
raumschiffs	6
raumsond	6
raumstation	6
raumtemperatur	6
raumzeit	6
raunen	6
raupe	6
raupen	6
rausbekommen	6
rausbringe	6
rauschgift	6
rauschmittel	6
rauscht	6
rausfahren	6
rausfindet	6
rausflieg	6
rausgebracht	6
rausgegangen	6
rausgekriegt	6
rausgelassen	6
rausgerissen	6
rausgezogen	6
rauskam	6
rauslasse	6
rausnehmen	6
rausreißen	6
rausschaffen	6
rausschmeissen	6
rausschmiss	6
rauswurf	6
rausziehen	6
rauszugehen	6
rauszukriegen	6
raut	6
raute	6
ravensburg	6
ravioli	6
rayburn	6
raylan	6
razzie	6
ready	6
reagiere	6
reagierst	6
reagierte	6
reaktionszeit	6
reaktionär	6
reaktionären	6
reaktivieren	6
reaktivierung	6
reaktoren	6
reale	6
realen	6
realisen	6
realisierbar	6
realisiert	6
realismus	6
realist	6
realpolitik	6
realschulabschluss	6
realschulen	6
reanimation	6
reb	6
rebe	6
rebekah	6
rebell	6
rebellieren	6
rebellisch	6
rebsoren	6
rechen	6
rechenleistung	6
rechenschaftsbericht	6
rechenzentren	6
rechenzentrum	6
recherch	6
recherche	6
recherchen	6
recherchieren	6
rechn	6
rechner	6
rechnerisch	6
rechnet	6
rechnungshof	6
rechnungslegung	6
rechnungswesen	6
rechteck	6
rechteckig	6
rechteinhaber	6
rechtens	6
rechtes	6
rechtfertigt	6
rechtfertigung	6
rechtmässig	6
rechtmässigkeit	6
rechtmäßig	6
rechtmäßigen	6
rechtsabteilung	6
rechtsanspruch	6
rechtsanwälen	6
rechtsanwältin	6
rechtsauffassung	6
rechtsausschuss	6
rechtsaussen	6
rechtsbeistand	6
rechtsberatung	6
rechtsbruch	6
rechtschaffenheit	6
rechtschreibfehler	6
rechtschreibung	6
rechtsextrem	6
rechtsextremen	6
rechtsextremer	6
rechtsextremismus	6
rechtsextremist	6
rechtsform	6
rechtsfragen	6
rechtsgeschäft	6
rechtsgrundlage	6
rechtsgrundlagen	6
rechtsgutachen	6
rechtshänd	6
rechtsklick	6
rechtskraft	6
rechtskräftig	6
rechtslage	6
rechtsmedizin	6
rechtsmittel	6
rechtsnachfolger	6
rechtsnormen	6
rechtsordnung	6
rechtspfleg	6
rechtsphilosophie	6
rechtspopulismus	6
rechtsradikal	6
rechtsradikaler	6
rechtsradikalismus	6
rechtsruck	6
rechtsschutzversicherung	6
rechtssicherheit	6
rechtssprechung	6
rechtsstaatlich	6
rechtsstaatlichkeit	6
rechtsstellung	6
rechtsstreit	6
rechtssystem	6
rechtsverkehr	6
rechtsverordnung	6
rechtsvorschrifn	6
rechtsweg	6
rechtswidrig	6
rechtswidrigkeit	6
rechtswissenschaft	6
rechtwinklig	6
recifen	6
reck	6
recke	6
recken	6
recklinghausen	6
recyceln	6
recycling	6
redakteure	6
redakteurin	6
redaktionell	6
redaktionen	6
redaktionsschluss	6
redefreiheit	6
redensart	6
redewendung	6
redezeit	6
redlich	6
redlichkeit	6
rednerin	6
rednerpulen	6
reduktion	6
redundanz	6
reduzierung	6
reeder	6
reederei	6
reedereien	6
reel	6
reeperbahn	6
referat	6
referate	6
referendar	6
referendariat	6
referenen	6
referent	6
referentin	6
referenz	6
referenzen	6
referieren	6
reflektoren	6
reflex	6
reflexartig	6
reflexe	6
reflexion	6
reflexionen	6
reformator	6
reformer	6
reformieren	6
refrain	6
refugium	6
regale	6
regan	6
regatta	6
rege	6
regelmässigkeit	6
regelrecht	6
regelstudienzeit	6
regelt	6
regelungstechnik	6
regelwerk	6
regelwerken	6
regeneration	6
regenerieren	6
regenfäll	6
regenjacken	6
regenschauer	6
regenschirm	6
regenschirme	6
regent	6
regentropfen	6
regentschaft	6
regenwald	6
regenwasser	6
regenwett	6
regenwälder	6
regenwürmer	6
regenzeit	6
reggaen	6
regierungsbezirk	6
regierungsbildung	6
regierungserklärung	6
regierungsform	6
regierungsgebäude	6
regierungskoalition	6
regierungspartei	6
regierungspolitik	6
regierungsprogramm	6
regierungspräsidium	6
regierungssitz	6
regierungssprech	6
regierungsvertreter	6
regierungsviertel	6
regierungswechsel	6
regierungszeit	6
reginald	6
regionalentwicklung	6
regionalverkehr	6
regionalzug	6
regisseurin	6
registrieren	6
regl	6
reglement	6
reglementieren	6
regnerisch	6
regnete	6
regress	6
regression	6
regularien	6
regulation	6
regulieren	6
regulierung	6
regulär	6
regung	6
regungslos	6
reh	6
reha	6
rehabilitation	6
rehabilitieren	6
rehabilitierung	6
rehe	6
rehmen	6
reibung	6
reibungslos	6
reichhaltig	6
reichsbürg	6
reichsgericht	6
reichskanzlei	6
reichsmark	6
reichspogromnachen	6
reichsregierung	6
reichsstadt	6
reichste	6
reichsten	6
reichtümer	6
reichweiten	6
reifenwechsel	6
reifeprüfung	6
reifer	6
reiflich	6
reifung	6
reigen	6
reih	6
reihenhaus	6
reihenweise	6
reihung	6
reilly	6
reim	6
reime	6
reimt	6
reinbringen	6
reinfall	6
reinfallen	6
reingebracht	6
reingegangen	6
reingelegen	6
reingestecken	6
reingesteckt	6
reingetan	6
reinhauen	6
reinheit	6
reinheitsgebot	6
reiniger	6
reinigt	6
reinigungskraft	6
reinigungskräfte	6
reinigungsmittel	6
reinkam	6
reinkarnation	6
reinleg	6
reinschauen	6
reinstecken	6
reinzulegen	6
reiseberichen	6
reisebericht	6
reisebus	6
reisebüro	6
reisefreiheit	6
reiseführer	6
reisegruppe	6
reisekosen	6
reiseleiter	6
reisend	6
reisenden	6
reisender	6
reisepass	6
reiseroute	6
reisetasch	6
reiseveranstalter	6
reisezeit	6
reiseziel	6
reisslein	6
reissverschluss	6
reiterei	6
reiterhof	6
reiterin	6
reitest	6
reithalle	6
reizbar	6
reize	6
reizen	6
reizenden	6
reizender	6
reizendes	6
reizgas	6
reizt	6
reizung	6
reizvoll	6
reißverschluss	6
reklamationen	6
reklame	6
reklamieren	6
rekonstruieren	6
rekonstruktion	6
rekorde	6
rekordhalter	6
rekordhoch	6
rekordzeit	6
rekruen	6
rekruten	6
rekrutieren	6
rekrutiert	6
rekrutierung	6
rektorat	6
rektorin	6
relais	6
relation	6
relativieren	6
relativierung	6
relativitätstheorie	6
relaxen	6
relegation	6
relief	6
religionen	6
religionsausübung	6
religionsfreiheit	6
religionsgemeinschaft	6
religionsgeschichte	6
religionslehrer	6
religionsunterricht	6
religionswissenschaft	6
religionszugehörigkeit	6
religiosität	6
religiösen	6
relikt	6
reling	6
reliquie	6
remake	6
reminiszenz	6
remis	6
remise	6
remix	6
remy	6
renard	6
renaturierung	6
rendern	6
rendien	6
rendsburg	6
rene	6
rennbahn	6
renner	6
rennfahrer	6
rennrad	6
rennstall	6
rennstrecke	6
rennstrecken	6
rennwag	6
reno	6
renommee	6
renoviert	6
renovierung	6
renovierungsarbeit	6
rentabel	6
rentabilität	6
rentenalter	6
rentenkasse	6
rentenreform	6
rentensystem	6
rentenversicherung	6
rentier	6
rentieren	6
rené	6
reorganisation	6
reparation	6
reparaturarbeiten	6
reparaturkosten	6
reparier	6
repeater	6
repertoire	6
repertorium	6
replik	6
replikatoren	6
reportag	6
reportage	6
repressalien	6
repression	6
reprinen	6
reproduktion	6
reproduktionen	6
reproduzieren	6
repräsentant	6
repräsentation	6
repräsentativ	6
repräsentieren	6
repräsentiert	6
reptilie	6
republiken	6
reputation	6
requiem	6
requisit	6
requisiten	6
reservat	6
reservation	6
reservieren	6
reservierungen	6
reservisen	6
reservoir	6
resident	6
residenz	6
resignation	6
resignieren	6
resilienz	6
resistent	6
resistenz	6
resolutionen	6
resonanz	6
resozialisierung	6
respektlosigkeit	6
respektvoll	6
ressentiments	6
ressort	6
ressource	6
restauration	6
restaurator	6
restaurieren	6
restauriern	6
restaurierung	6
restitution	6
restliche	6
restlos	6
restmüll	6
restposten	6
restriktionen	6
restriktiv	6
resultieren	6
resultierend	6
resümee	6
resümieren	6
retina	6
retour	6
retrospektive	6
retteten	6
rettich	6
rettungsaktion	6
rettungsboot	6
rettungsdienst	6
rettungsgass	6
rettungshubschrauber	6
rettungskräfte	6
rettungssanitäter	6
rettungsschwimmer	6
rettungswagen	6
reuss	6
reut	6
revanche	6
revanchieren	6
rever	6
revidieren	6
revisionen	6
revoir	6
revoln	6
revolutionen	6
revolutionieren	6
revolutionär	6
revolutionäre	6
revolverheld	6
reykjavik	6
rezensent	6
rezensiern	6
rezensionen	6
rezepte	6
rezeptfrei	6
rezeptor	6
rezeptoren	6
rezeptur	6
rezession	6
rezipienen	6
rezipieren	6
rezitieren	6
rhabarber	6
rheinfeld	6
rheingau	6
rheinhessen	6
rheinisch	6
rheinländer	6
rheinprovinz	6
rheinufer	6
rhetorisch	6
rheuma	6
rhodes	6
rhodo	6
rhonda	6
rhone	6
rhys	6
rhythmen	6
rhythmik	6
rhythmisch	6
rhythmische	6
ria	6
rias	6
rica	6
ricardo	6
rice	6
richtete	6
richtfest	6
richtigkeit	6
richtigstellung	6
richtlinien	6
richtschnur	6
richtungswechsel	6
richtweren	6
rider	6
ridge	6
ried	6
riege	6
riegel	6
riemen	6
rien	6
ries	6
riesenerfolg	6
riesengebirge	6
riesenrad	6
riesenslalom	6
riesenspass	6
riesling	6
riet	6
rifen	6
riff	6
riga	6
rille	6
rillen	6
rind	6
rindfleisch	6
rindvieh	6
ringbahn	6
ringo	6
ringstrasse	6
ringsum	6
ringt	6
rinnen	6
ripley	6
rippchen	6
rippe	6
risikobereitschaft	6
risikobewertung	6
risikofaktor	6
risikofaktoren	6
risikogruppe	6
risikogruppen	6
risikomanagemenen	6
riskierst	6
risotto	6
risse	6
rist	6
ritchie	6
riten	6
rittergut	6
ritterschaft	6
rittmeister	6
rituale	6
ritus	6
ritz	6
ritzen	6
rivale	6
rivalen	6
rivalität	6
rivera	6
rivers	6
riviera	6
rizzoli	6
rmanen	6
rmanisen	6
ro	6
robbe	6
robben	6
robe	6
roberta	6
robertson	6
robot	6
robotik	6
robuster	6
robustheit	6
rocco	6
rochen	6
rochester	6
rockband	6
rocken	6
rocker	6
rocks	6
rockstar	6
rockstars	6
rodeln	6
roden	6
rodeo	6
rodriguez	6
rodung	6
roggen	6
roh	6
rohbau	6
rohdat	6
rohkost	6
rohmaterial	6
rohrleitung	6
rohrleitungen	6
rohstoff	6
rohöl	6
rokoko	6
rollator	6
rollenspiel	6
rollenverteilung	6
rollerfahrer	6
rolli	6
rolling	6
rollläden	6
rollo	6
rolls	6
rollstuhlfahrer	6
rolltreppe	6
romanistik	6
romantiker	6
romantischer	6
romantisches	6
romanz	6
romero	6
romulaner	6
rondo	6
ronny	6
ronon	6
rooster	6
root	6
ros	6
rosario	6
roscoe	6
rosemary	6
rosengarten	6
rosenheim	6
rosenkohl	6
rosenkranz	6
rosenmontag	6
rosenmontagszug	6
rosett	6
rosetten	6
rosig	6
rosinen	6
rosmarin	6
rossi	6
rost	6
rosten	6
rotation	6
rotbraun	6
roth	6
rothaarig	6
rotieren	6
rotkehlch	6
rotkohl	6
rotkäppchen	6
rotlichen	6
rotn	6
rotor	6
rotoren	6
rotschopf	6
rotte	6
rotterdam	6
rottweil	6
rotwild	6
rotz	6
roug	6
roulette	6
routen	6
routin	6
routinemässig	6
routing	6
routinieren	6
roxy	6
ruanda	6
rubel	6
ruben	6
rubin	6
rubrik	6
rubriken	6
rucksäcke	6
rucola	6
ruderboot	6
ruderer	6
rudimentär	6
rudolf	6
rudolph	6
rufmord	6
rufnummer	6
rugby	6
ruhepause	6
ruhestörung	6
ruhetag	6
ruhezeit	6
ruhiges	6
ruhrpott	6
ruin	6
ruine	6
rumba	6
rumgemacht	6
rumliegen	6
rummachen	6
rummel	6
rumpeln	6
rumpelstilzchen	6
rumpf	6
rumstehen	6
rumäne	6
rumänen	6
rumänisch	6
rundfahren	6
rundfunkanstalen	6
rundfunkbeitrag	6
rundgang	6
rundherum	6
rundkurs	6
rundlich	6
rundreise	6
rundschreiben	6
rundum	6
rundumschlag	6
rundung	6
rundweg	6
rune	6
runen	6
rungen	6
runterholen	6
rupie	6
rush	6
russel	6
russin	6
russisches	6
russo	6
rustikal	6
rute	6
ruten	6
rutsche	6
rutschen	6
rutschig	6
rutschte	6
ryans	6
ryder	6
räch	6
rächt	6
rädchen	6
rädelsführer	6
rädern	6
ränder	6
räng	6
räte	6
räterepublik	6
rätselhaft	6
rätseln	6
räuchern	6
räumlich	6
räumlichkeien	6
räumlichkeit	6
räumung	6
räuspern	6
röck	6
röcke	6
röhr	6
röhrch	6
röhre	6
röhren	6
röm	6
römerzeit	6
römisch	6
röntgen	6
röntgenaufnahmen	6
röntgenbild	6
röntgenstrahlen	6
rösch	6
röst	6
rötlich	6
rötung	6
rübe	6
rüben	6
rüberbringen	6
rübergehen	6
rüchen	6
rückbau	6
rückbesinnung	6
rückblend	6
rückblenden	6
rückblickend	6
rückenlehne	6
rückenmark	6
rückenschmerzen	6
rückenwind	6
rückeroberung	6
rückerstattung	6
rückfahrt	6
rückfall	6
rückflug	6
rückfrage	6
rückfragen	6
rückfällig	6
rückführung	6
rückgabe	6
rückgaberechen	6
rückgewinnung	6
rückgriff	6
rückhalt	6
rückhand	6
rückkauf	6
rückkehrer	6
rückkopplung	6
rücklage	6
rücklauf	6
rücklichen	6
rückläufig	6
rückmeldung	6
rückmeldungen	6
rücknahme	6
rückreise	6
rückruf	6
rückrunde	6
rückschau	6
rückschlag	6
rückschluss	6
rückschlüsse	6
rückschrecken	6
rückschreten	6
rücksendung	6
rücksichtnahme	6
rücksichtslosigkeit	6
rücksichtsvoll	6
rückspiegel	6
rückspiel	6
rücksprach	6
rückstau	6
rückständ	6
rückständig	6
rückwand	6
rückwirkend	6
rückwärtsgang	6
rückzahlung	6
rückzieh	6
rückzieher	6
rückzugsort	6
rüde	6
rüden	6
rüge	6
rügen	6
rühmen	6
rühre	6
rührei	6
rührung	6
rüpel	6
rüsen	6
rüssel	6
rüsten	6
rüstungsgüter	6
rüstungsindustrie	6
rüstzeug	6
rüttelen	6
rütteln	6
sa	6
saar	6
saat	6
saatgut	6
sabbat	6
sabotiern	6
sabotiert	6
sach	6
sacha	6
sachbearbeiter	6
sachbearbeiterin	6
sachbeschädigung	6
sachbuch	6
sachbüch	6
sachgebiet	6
sachgerecht	6
sachkenntnis	6
sachkund	6
sachleistungen	6
sachlichkeit	6
sachschaden	6
sachse	6
sachspenden	6
sachverstand	6
sachverständig	6
sachverständigen	6
sachweren	6
sacramento	6
sadismus	6
safari	6
safran	6
saftig	6
saftladen	6
sagenhaft	6
sags	6
sahnen	6
saien	6
saigon	6
saisonabschluss	6
saisonal	6
saite	6
sake	6
sakko	6
sakramenen	6
sakrament	6
sakristei	6
salafisen	6
salafismus	6
salam	6
salamand	6
salami	6
salazar	6
salbe	6
salbei	6
salben	6
saldo	6
salem	6
salerno	6
salinen	6
salisbury	6
salm	6
salmonellen	6
salomon	6
salonfähig	6
saloniki	6
salons	6
salopp	6
salt	6
salto	6
salv	6
salvador	6
salzach	6
salze	6
salzgehalt	6
salzgitt	6
salzig	6
salzkammergut	6
salzsäure	6
salzwasser	6
samaritan	6
samariter	6
samba	6
sambia	6
same	6
samir	6
sammelband	6
sammelbecken	6
sammelbegriff	6
sammelklage	6
sammelstelle	6
sammelsurium	6
sammelte	6
samoa	6
sampler	6
sampson	6
samstags	6
samtgemeind	6
samtgewichen	6
samtvolumen	6
samtwern	6
sana	6
sanatorium	6
sandalen	6
sandbank	6
sanden	6
sandig	6
sandkasen	6
sandler	6
sandmann	6
sands	6
sandstein	6
sandstrand	6
sandte	6
sanduhr	6
sanften	6
sanfter	6
sangen	6
sanieren	6
sanierungen	6
sanierungsarbeit	6
sanitär	6
sanitäranlagen	6
sanitätsdienst	6
sank	6
sankt	6
sanktion	6
sanktionieren	6
sansibar	6
sanskrit	6
santos	6
saphir	6
sarahs	6
sarajevo	6
sarazen	6
sardinen	6
sardinie	6
sari	6
sarin	6
sark	6
sarkasmus	6
sarkastisch	6
sarkophag	6
sascha	6
sasse	6
satans	6
satellien	6
satellitenbild	6
satin	6
satiriker	6
satirisch	6
satteldach	6
sattler	6
saturn	6
satzbau	6
satzungen	6
satzzeichen	6
sauberkeit	6
saubermachen	6
saucen	6
sauen	6
sauerkrauen	6
sauerstoffgehalt	6
sauerstoffmangel	6
sauerteig	6
sauger	6
saugt	6
saum	6
saunders	6
saur	6
saures	6
saurier	6
saustall	6
savannen	6
save	6
savoyen	6
saxophon	6
scann	6
scans	6
scarecrow	6
scehisshaufen	6
schaben	6
schabernack	6
schablone	6
schablonen	6
schachbrett	6
schachen	6
schachmatt	6
schachspiel	6
schachspieler	6
schachteln	6
schachzug	6
schadenersatz	6
schadenfreude	6
schadensbegrenzung	6
schadensersatz	6
schadensfall	6
schadlos	6
schadsoftwar	6
schadstoff	6
schafen	6
schaffhausen	6
schaffner	6
schafften	6
schafskäse	6
schaft	6
schah	6
schalen	6
schall	6
schalldämpfer	6
schallplaten	6
schallplatte	6
schallschutz	6
schallwelle	6
schaln	6
schals	6
schaltfläch	6
schaltgetrieben	6
schaltung	6
schaltungen	6
schamane	6
schamanen	6
schamgefühl	6
schamlippe	6
schamlos	6
schand	6
schandfleck	6
schandtaen	6
schanghai	6
schanz	6
schanze	6
schar	6
scharen	6
scharfes	6
scharfrichter	6
scharfschütze	6
scharfsinnig	6
scharia	6
scharmützel	6
schattenseien	6
schattenseite	6
schattierungen	6
schatull	6
schatzi	6
schatzkammer	6
schatzmeister	6
schatzsuch	6
schaubild	6
schaud	6
schauer	6
schaufeln	6
schaufenster	6
schaukel	6
schaukeln	6
schaulustig	6
schaum	6
schauplatz	6
schauplätze	6
schaurig	6
schauspielerei	6
schauspielerinn	6
schauspielhau	6
schauspielkunst	6
schauspielschule	6
schausteller	6
schauten	6
scheel	6
scheffel	6
scheibenbremsen	6
scheibenwisch	6
scheid	6
scheide	6
scheideweg	6
scheidungen	6
scheinheilig	6
scheinheiligkeit	6
scheinwerferlichen	6
scheissdreck	6
scheissen	6
scheisshaus	6
scheitel	6
scheiterhaufen	6
scheitert	6
scheißding	6
scheißkerle	6
schelen	6
schell	6
schellen	6
schelm	6
schema	6
schemata	6
schenkung	6
schenkungen	6
scher	6
scherbe	6
scherben	6
schergen	6
scherzhaft	6
scherzt	6
scheu	6
scheuen	6
scheuer	6
scheuklappen	6
scheunen	6
scheusslich	6
scheut	6
schi	6
schichen	6
schichtarbeit	6
schichtdienst	6
schichtsunterrichen	6
schicker	6
schickes	6
schicksalsschlag	6
schicksalsschläge	6
schiebe	6
schieber	6
schiebetüren	6
schiebst	6
schiedsgerichen	6
schiefen	6
schiefer	6
schiefgegang	6
schiefgeh	6
schiefgeht	6
schiefgelaufen	6
schieflage	6
schielen	6
schienbein	6
schienenersatzverkehr	6
schienennetz	6
schienenverkehr	6
schier	6
schiess	6
schiesserei	6
schiessereien	6
schiesspulv	6
schiessstand	6
schießpulver	6
schiffbau	6
schiffbruch	6
schiffchen	6
schiffer	6
schifffahren	6
schiffsverkehr	6
schiien	6
schikane	6
schikanen	6
schikanieren	6
schikaniert	6
schildchen	6
schilddrüs	6
schildern	6
schilderung	6
schildkröen	6
schildkröten	6
schilf	6
schill	6
schiller	6
schimmel	6
schimmern	6
schimpansen	6
schimpfen	6
schimpft	6
schimpfwort	6
schimpfwörter	6
schinden	6
schippe	6
schiri	6
schirmherr	6
schirmherrschaft	6
schizophren	6
schizophrenie	6
schlachen	6
schlachter	6
schlachthaus	6
schlachthof	6
schlachtruf	6
schlachtschiff	6
schlachtung	6
schlacken	6
schlafanzug	6
schlafapnoen	6
schlafend	6
schlafenszeit	6
schlaflos	6
schlaflosigkeit	6
schlafmangel	6
schlafmittel	6
schlafplatz	6
schlafplätz	6
schlafsack	6
schlafstörungen	6
schlaftabletten	6
schlafwagen	6
schlagabtausch	6
schlagartig	6
schlagend	6
schlagenden	6
schlagersäng	6
schlagfertig	6
schlagkraft	6
schlaglöch	6
schlagsahnen	6
schlagstock	6
schlagworen	6
schlagwort	6
schlagwörter	6
schlagzeil	6
schlagzeug	6
schlammschlachen	6
schlampig	6
schlapp	6
schlappe	6
schlaraffenland	6
schlauchboot	6
schlaue	6
schlaues	6
schlaumeier	6
schlechen	6
schlechtem	6
schlechtesten	6
schlechthin	6
schlecker	6
schlegel	6
schlei	6
schleichend	6
schleicher	6
schleichst	6
schleichwerbung	6
schleif	6
schleim	6
schleimhaut	6
schlemmen	6
schlemmer	6
schlender	6
schleppe	6
schleppend	6
schlepper	6
schleppt	6
schlepptau	6
schlesien	6
schleud	6
schleudern	6
schleunigst	6
schleuse	6
schleusen	6
schleuser	6
schlich	6
schlichen	6
schlichter	6
schlichtheit	6
schlichtung	6
schlichtweg	6
schlick	6
schlieren	6
schliessfechen	6
schliessfäch	6
schliff	6
schliffen	6
schlimmeren	6
schlimmstenfalls	6
schlimmster	6
schling	6
schlingel	6
schlingen	6
schlip	6
schlips	6
schliten	6
schlittschuh	6
schlittschuhe	6
schlitz	6
schlitze	6
schlitzen	6
schlossen	6
schlosser	6
schlossgarte	6
schlosshof	6
schlosskirchen	6
schlosspark	6
schlossplatz	6
schluchen	6
schluckauf	6
schlucke	6
schluckt	6
schlummeren	6
schlummern	6
schlumpf	6
schlund	6
schlupfloch	6
schlupflöch	6
schlussendlich	6
schlussfolgerungen	6
schlusslichen	6
schlussmann	6
schlusspfiff	6
schlussphase	6
schlusspunken	6
schlussstrich	6
schlusswort	6
schlächter	6
schläfe	6
schläfen	6
schläfer	6
schläfrig	6
schlägereien	6
schlägern	6
schläuch	6
schlöss	6
schlückchen	6
schlümpfe	6
schlüpfen	6
schlüpfer	6
schlüpft	6
schlürfn	6
schlüsselanhänger	6
schlüsselbein	6
schlüsselbund	6
schlüsseldienst	6
schlüsselloch	6
schlüsselrollen	6
schlüsselwort	6
schlüssen	6
schlüssig	6
schmach	6
schmackhaft	6
schmal	6
schmalkald	6
schmalz	6
schmankerl	6
schmarotzer	6
schmatzen	6
schmeichelhaft	6
schmeicheln	6
schmeiße	6
schmelze	6
schmelzer	6
schmelzpunken	6
schmelztiegel	6
schmerzensgeld	6
schmerzgrenze	6
schmerzhafter	6
schmerzlich	6
schmerzlos	6
schmerztableten	6
schmerztherapie	6
schmetterlingen	6
schmied	6
schmieden	6
schmier	6
schmiere	6
schmieren	6
schmierereien	6
schmiergeld	6
schmierig	6
schmilzen	6
schmink	6
schminke	6
schminken	6
schmiss	6
schmitz	6
schmollen	6
schmoren	6
schmuckstück	6
schmuggel	6
schmuggler	6
schmunzeln	6
schmunzelnd	6
schmusen	6
schmutziger	6
schmäh	6
schmäler	6
schmäleren	6
schmücken	6
schnabel	6
schnack	6
schnall	6
schnalle	6
schnallen	6
schnappatmung	6
schnappe	6
schnappschuss	6
schnappschüsse	6
schnappst	6
schnappte	6
schnapsidee	6
schnaubt	6
schnaufen	6
schnauzer	6
schneeball	6
schneedecken	6
schneefall	6
schneeflock	6
schneeflocken	6
schneemann	6
schneesturm	6
schneiderin	6
schneidern	6
schneidest	6
schneidezähnen	6
schneien	6
schneise	6
schnelligkeit	6
schnellstmöglich	6
schnellstrasse	6
schnellzug	6
schnickschnack	6
schnieft	6
schnipsel	6
schnitte	6
schnitten	6
schnittlauch	6
schnittmenge	6
schnittpunken	6
schnittstelle	6
schnittstellen	6
schnitzeljagd	6
schnitzen	6
schnitzer	6
schnitzler	6
schnuller	6
schnupfen	6
schnuppern	6
schnurren	6
schnurstracks	6
schnäppch	6
schnäppchen	6
schnöde	6
schnösel	6
schnüffeln	6
schnüffelt	6
schnüffler	6
schnüren	6
schnürsenkel	6
schob	6
schober	6
schocken	6
schockieren	6
schockstarre	6
schoko	6
schokoriegel	6
scholar	6
scholl	6
schonend	6
schoner	6
schonmal	6
schonung	6
schonungslos	6
schopf	6
schornstein	6
schornsteine	6
schornsteinfeger	6
schott	6
schotten	6
schotter	6
schrammen	6
schranke	6
schraube	6
schrauben	6
schraubenschlüssel	6
schraubenzieh	6
schraubenzieher	6
schrebergarten	6
schreckgespenst	6
schreckt	6
schreiberling	6
schreibfehler	6
schreibschrifen	6
schreibung	6
schreibwaren	6
schreibweise	6
schreiend	6
schreier	6
schrein	6
schreiner	6
schreinerei	6
schreiten	6
schrifen	6
schriftaren	6
schriftart	6
schriftbild	6
schriftenreihe	6
schriftform	6
schriftführ	6
schriftgrösse	6
schriftliche	6
schriftsprach	6
schriftstellerin	6
schriftstück	6
schriftstücken	6
schrifttum	6
schriftverkehr	6
schriftzeichen	6
schriftzug	6
schrill	6
schrillen	6
schritten	6
schrittmach	6
schrittweise	6
schroff	6
schrot	6
schrotflinen	6
schrotflinte	6
schrottplatz	6
schrubben	6
schrumpfen	6
schräge	6
schrägen	6
schräger	6
schräglage	6
schränke	6
schränken	6
schröter	6
schu	6
schub	6
schubkarre	6
schubladen	6
schubs	6
schubse	6
schubsen	6
schufa	6
schufen	6
schuften	6
schuhgrösse	6
schuhkarton	6
schuhmach	6
schuhwerk	6
schulabschluss	6
schulalltag	6
schulamt	6
schulanfang	6
schulausbildung	6
schulbank	6
schulbeginn	6
schulbehörde	6
schulbesuch	6
schulbetreiben	6
schulbildung	6
schulbuch	6
schulbus	6
schulbüch	6
schuldenberg	6
schuldenbremse	6
schuldenfrei	6
schuldenkrise	6
schuldenschneiten	6
schuldete	6
schuldgefühlen	6
schuldienst	6
schuldige	6
schuldirektor	6
schuldner	6
schuldspruch	6
schuldzuweisunge	6
schulfach	6
schulferie	6
schulfest	6
schulfreund	6
schulgebäude	6
schulgeld	6
schulgeländ	6
schulgesetz	6
schulhaus	6
schulhof	6
schuljahren	6
schulkameraden	6
schulkind	6
schulkinder	6
schulklasse	6
schulklassen	6
schullaufbahn	6
schulleiter	6
schulleiterin	6
schulleitung	6
schulmedizin	6
schulmeister	6
schulmädchen	6
schulnoen	6
schulpflicht	6
schulpolitik	6
schulranze	6
schulrat	6
schulsy	6
schultag	6
schulterblatt	6
schulterschluss	6
schultheiss	6
schulung	6
schulunge	6
schulunterricht	6
schulweg	6
schummeln	6
schund	6
schur	6
schurk	6
schurz	6
schusslinie	6
schusswaffen	6
schusswechsel	6
schusswunde	6
schuster	6
schutt	6
schutzausrüstung	6
schutzgebien	6
schutzgebiet	6
schutzhaft	6
schutzhüllen	6
schutzkleidung	6
schutzlos	6
schutzmassnahmen	6
schutzpatron	6
schutzraum	6
schutzschild	6
schutzstatus	6
schutzstreifen	6
schutztruppe	6
schutzwall	6
schutzwirkung	6
schutzzone	6
schwabe	6
schwacher	6
schwaches	6
schwachköpfe	6
schwachpunken	6
schwachsinnig	6
schwachstelle	6
schwachstellen	6
schwag	6
schwalbe	6
schwalben	6
schwall	6
schwammig	6
schwan	6
schwand	6
schwangeren	6
schwangerschafen	6
schwangerschaftsabbruch	6
schwangerschaftstest	6
schwank	6
schwanken	6
schwankend	6
schwankung	6
schwappen	6
schwarzarbeit	6
schwarzfahren	6
schwarzfahrer	6
schwarzgeld	6
schwarzmarken	6
schwarzpulv	6
schwebe	6
schwebebahn	6
schwebend	6
schwechat	6
schwede	6
schwedin	6
schwedisch	6
schwedische	6
schwefel	6
schwefeldioxid	6
schwefelsäur	6
schweif	6
schweifen	6
schweige	6
schweigeminut	6
schweigend	6
schweigepflicht	6
schweigsam	6
schweinebrat	6
schweinefleisch	6
schweinen	6
schweinepest	6
schweinestall	6
schweiss	6
schweissen	6
schweisser	6
schweizerdeutsch	6
schweizerin	6
schweizerisch	6
schwelg	6
schwellen	6
schwellenländ	6
schwellenweren	6
schwellung	6
schwenk	6
schwenken	6
schwerelos	6
schwerelosigkeit	6
schwerfällig	6
schwergewichen	6
schwerhörig	6
schwerindustrie	6
schwerlich	6
schwermut	6
schwerpunktmässig	6
schwerpunktthema	6
schwerste	6
schwersten	6
schwerverbrech	6
schwerwiegend	6
schwesterherz	6
schwiegereltern	6
schwiegertochter	6
schwieriges	6
schwierigkeien	6
schwierigkeit	6
schwierigkeitsgrad	6
schwierigste	6
schwimm	6
schwimmbeck	6
schwimmbäder	6
schwimme	6
schwimmend	6
schwimmer	6
schwimmerin	6
schwimmhallen	6
schwimmunterrichen	6
schwinden	6
schwinge	6
schwingt	6
schwingung	6
schwingunge	6
schwingungen	6
schwirren	6
schwitze	6
schwommen	6
schwuchteln	6
schwund	6
schwungvoll	6
schwurgerichen	6
schwyz	6
schwächeanfall	6
schwächling	6
schwächung	6
schwämmen	6
schwänzen	6
schwärmen	6
schwärmt	6
schwärzen	6
schwärzlich	6
schwörst	6
schwülen	6
schäbig	6
schächte	6
schädige	6
schädigen	6
schädigung	6
schädigungen	6
schädlehen	6
schädlich	6
schädlinge	6
schädlingsbekämpfung	6
schäferhund	6
schäftsbedingungen	6
schäftsberichen	6
schäftsreisen	6
schäftsweln	6
schälch	6
schälen	6
schänden	6
schändlich	6
schärfen	6
schärfer	6
schärpe	6
schätz	6
schätzung	6
schätzungsweise	6
schäumen	6
schöffen	6
schönefeld	6
schöneres	6
schönheiten	6
schönheitsideal	6
schönreden	6
schöpf	6
schöpfen	6
schöpft	6
schüchternheit	6
schüleraustausch	6
schülerschaft	6
schülerzeitung	6
schüren	6
schürz	6
schürze	6
schüsseln	6
schütte	6
schüttelfrost	6
schüttelt	6
schütten	6
schütz	6
schützend	6
schützenfest	6
schützengraben	6
schützengräben	6
schützenhaus	6
schützenhilfe	6
schützenkönig	6
schützensweren	6
schützenverein	6
schützling	6
schützlinge	6
science	6
scientology	6
scooby	6
scooter	6
scottie	6
scout	6
scratch77	6
scrollen	6
scylla	6
sea	6
seaquest	6
season	6
sechser	6
sechste	6
sechstel	6
sechster	6
sechstes	6
sechzehn	6
sechzig	6
sechziger	6
second	6
sediment	6
seebad	6
seebrücken	6
seefahr	6
seefahren	6
seegang	6
seehöhe	6
seekrank	6
seeland	6
seelenheil	6
seelenklempner	6
seelenruhig	6
seeleuen	6
seelisch	6
seelsorge	6
seelsorger	6
seemeile	6
seenot	6
seenotretter	6
seenplaten	6
seepferdchen	6
seeräuber	6
seestadt	6
seeuf	6
seeweg	6
segelboot	6
segelschiff	6
segl	6
segmenen	6
segment	6
segnung	6
segregation	6
segway	6
sehbehindert	6
sehensweren	6
sehenswert	6
sehenswürdigkeit	6
sehkraft	6
sehnlichst	6
sehnsüchte	6
sehnsüchtig	6
sehnt	6
sehvermöge	6
seiben	6
seicht	6
seidel	6
seiden	6
seidenstrasse	6
seiest	6
seifen	6
seifenblasen	6
seifenoper	6
seilbahn	6
seiler	6
seilschafen	6
seinerseits	6
seinesgleichen	6
seisen	6
seitenansichen	6
seitenheiben	6
seitenlage	6
seitenlinie	6
seitens	6
seitensprung	6
seitenstrasse	6
seitenstreifen	6
seitenwand	6
seitenwechsel	6
seitenwänd	6
seitenzahl	6
seitwärts	6
sek	6
seken	6
sekret	6
sekretariat	6
sekretärinnen	6
sektionen	6
sekundär	6
sekundärliteratur	6
sel	6
selbstachtung	6
selbstanzeig	6
selbstbedienung	6
selbstbefriedigung	6
selbstbeherrschung	6
selbstbestimmen	6
selbstbestimmung	6
selbstbestimmungsrechen	6
selbstbeteiligung	6
selbstbewusst	6
selbstbild	6
selbstbildnis	6
selbstdarstellung	6
selbstdisziplin	6
selbsteinschätzung	6
selbsterkenntnis	6
selbstfindung	6
selbstgefällig	6
selbstgefälligkeit	6
selbstgemachen	6
selbstgespräch	6
selbsthilfe	6
selbsthilfegruppe	6
selbstinszenierung	6
selbstironie	6
selbstjustiz	6
selbstkontroll	6
selbstkritik	6
selbstkritisch	6
selbstlieb	6
selbstlos	6
selbstläufer	6
selbstmitleid	6
selbstmordattentäter	6
selbstmorde	6
selbstmordversuch	6
selbstmörder	6
selbstorganisation	6
selbstportraten	6
selbstredend	6
selbstreflexion	6
selbstschutz	6
selbstsich	6
selbstsicher	6
selbstsicherheit	6
selbststudium	6
selbstständigkeit	6
selbstsüchtig	6
selbsttätig	6
selbsttötung	6
selbstverantwortung	6
selbstverlag	6
selbstverpflichtung	6
selbstversorg	6
selbstversorgung	6
selbstverständlichkeit	6
selbstverständnis	6
selbstversuch	6
selbstverteidigung	6
selbstverwaltung	6
selbstverwirklichung	6
selbstwahrnehmung	6
selbstweren	6
selbstwertgefühl	6
selbstzerstörung	6
selbstzweck	6
selbstzweifel	6
selbständigkeit	6
selbstüberschätzung	6
selektieren	6
selektion	6
selektiv	6
selfeisen	6
selfie	6
seligkeit	6
selina	6
sellerie	6
sellschaftsrechen	6
selma	6
seltenen	6
seltener	6
seltenes	6
seltenheit	6
selter	6
seltsamerweise	6
semantik	6
semantisch	6
semesterferie	6
seminararbeit	6
semmel	6
semmeln	6
senatoren	6
senatsverwaltung	6
sendeplatz	6
sendezeit	6
senegal	6
seniorenheim	6
seniorenresidenz	6
seniorenzentrum	6
seniorin	6
senkrechen	6
senkung	6
senn	6
senne	6
sensation	6
sensationell	6
sense	6
sensibilisieren	6
sensibilisierung	6
sensibilität	6
sensitivität	6
sensor	6
sensorik	6
sentimentalität	6
seoul	6
separat	6
separation	6
separatisen	6
separatisten	6
sepsis	6
septum	6
sequenz	6
sequenzen	6
ser	6
sera	6
serb	6
serbe	6
serbisch	6
serenade	6
serengeti	6
sergei	6
sergej	6
sergio	6
serienkiller	6
serienmässig	6
seriennummer	6
serienproduktion	6
seriosität	6
seriös	6
serotonin	6
serv	6
servierte	6
serviett	6
serviette	6
servietten	6
sesam	6
sesamstrasse	6
sesshaft	6
setaatsfein	6
setrin	6
setzestexen	6
setzung	6
seuchen	6
seufzend	6
seufzer	6
sevilla	6
sewastopol	6
sexfilme	6
sexisen	6
sexismus	6
sexistisch	6
sexleben	6
sexspielzeug	6
sextett	6
sexualleben	6
sexualstraftäter	6
sexuelles	6
sexvideo	6
seychellen	6
sezession	6
sforza	6
sg-1	6
shadow	6
shaggy	6
shake	6
shalom	6
shampoo	6
shan	6
shaolin	6
sharp	6
shaun	6
shay	6
shay-zee	6
sheffield	6
shenzhen	6
shepard	6
sherwood	6
shin	6
shine	6
shisha	6
shitstorm	6
shogun	6
shop	6
short	6
shorty	6
showbusiness	6
showdown	6
shows	6
showtime	6
shrek	6
shrimps	6
shuffle	6
siam	6
sibirien	6
sibylle	6
sichel	6
sichergeh	6
sichergestellt	6
sicherheien	6
sicherheitsabstand	6
sicherheitsbedenken	6
sicherheitsberater	6
sicherheitsbereich	6
sicherheitschef	6
sicherheitsexperen	6
sicherheitsfrage	6
sicherheitsgefühl	6
sicherheitshalber	6
sicherheitshinweis	6
sicherheitskontroll	6
sicherheitskontrollen	6
sicherheitskonzept	6
sicherheitskraft	6
sicherheitslage	6
sicherheitsleistung	6
sicherheitsleut	6
sicherheitsleute	6
sicherheitslücken	6
sicherheitsmassnahmen	6
sicherheitsmaßnahmen	6
sicherheitspersonal	6
sicherheitspolitik	6
sicherheitsrat	6
sicherheitsrisiko	6
sicherheitstechnik	6
sicherheitsvorkehrung	6
sicherheitsvorkehrungen	6
sicherheitsvorschrift	6
sicherstellung	6
sichersten	6
sicherungsverwahrung	6
sichtbarkeit	6
sichten	6
sichtfeld	6
sichtlich	6
sichtschutz	6
sichtspunken	6
sichtung	6
sichtweise	6
sichtweisen	6
sichtweite	6
sichtweiten	6
sickeren	6
siebenbürgen	6
siebenen	6
siebengebirge	6
siebenmal	6
siebt	6
siebte	6
siebzehn	6
siebzig	6
siebziger	6
siedeln	6
siedepunken	6
siedler	6
siege	6
siegeln	6
siegerehrung	6
siegermächen	6
siegesserie	6
siegeszug	6
siegfreiden	6
siegfried	6
sieglos	6
siegreich	6
siegt	6
siegtor	6
siegtreff	6
siesta	6
sigma	6
signalisieren	6
signalwirkung	6
signatur	6
signaturen	6
signieren	6
signiern	6
signifikant	6
signorina	6
signum	6
sigurd	6
silb	6
silben	6
silbermedaille	6
silbermünzen	6
silbern	6
silberne	6
silbernen	6
silberner	6
silhoueten	6
silhouetten	6
silicium	6
silikon	6
silizium	6
silo	6
silos	6
silva	6
silvesternachen	6
silvia	6
sim	6
simbabwe	6
simms	6
simons	6
simple	6
simpsons	6
sims	6
simulationen	6
simulator	6
simulieren	6
simultan	6
sin	6
sinatra	6
sinfonie	6
singapur	6
singend	6
singer	6
singh	6
singspiel	6
singstimmen	6
singular	6
singularität	6
sinkflug	6
sinnbild	6
sinnbildlich	6
sinneswandel	6
sinnfrei	6
sinnhaftigkeit	6
sinnlich	6
sinnlichkeit	6
sinnlose	6
sinnlosigkeit	6
sinnvollerweise	6
sintflut	6
sinus	6
siobhan	6
sioux	6
sippen	6
siren	6
sirius	6
sirup	6
siten	6
sitte	6
sitten	6
sitzbank	6
sitzenbleiben	6
sitzend	6
sitzender	6
sitzgruppe	6
sitzheizung	6
sitzkissen	6
sitzplatz	6
sitzplätzen	6
sitzungsberichen	6
sitzungssaal	6
sitzverteilung	6
six	6
sixpack	6
sixt	6
sizilie	6
sizilien	6
skalen	6
skalieren	6
skaliern	6
skalierung	6
skandalös	6
skandieren	6
skandinavien	6
skandinavier	6
skat	6
skateboard	6
skater	6
skeleten	6
skelett	6
skepsis	6
skeptiker	6
skeptizismus	6
sketch	6
skifahren	6
skifahrer	6
skigebien	6
skigebiet	6
skilift	6
skin	6
skinhead	6
skip	6
skispring	6
skispringer	6
skizze	6
skizzen	6
skizzieren	6
sklavenhandel	6
sklavinnen	6
skleros	6
skopje	6
skorpion	6
skorpione	6
skrupel	6
skrupellos	6
skull	6
skulptur	6
skulpturen	6
skurril	6
skyler	6
skywalker	6
slalom	6
slang	6
slapstick	6
slater	6
slawen	6
sleepy	6
slip	6
slipper	6
slogan	6
slot	6
slowakei	6
slowaken	6
slowenen	6
slowenien	6
slowenisch	6
slum	6
small	6
smalltalk	6
smallville	6
smaragd	6
smartphon	6
smiley	6
smileys	6
smitty	6
smog	6
smokehen	6
snack	6
snacks	6
snake	6
snooker	6
snowboard	6
snowboarder	6
snyder	6
society	6
sockel	6
sod	6
sodbrennen	6
sofas	6
soffen	6
sofie	6
sofortiger	6
sofortmassnahme	6
softwareentwickler	6
softwareentwicklung	6
sogenannte	6
sogleich	6
sohlen	6
sohnemann	6
sohns	6
soja	6
sojamilch	6
sokrates	6
solang	6
solaranlage	6
solaranlagen	6
solarenergie	6
solarium	6
solarzelle	6
solcherart	6
sold	6
soldatinnen	6
sole	6
solidargemeinschaft	6
solidarisch	6
solidaritätszuschlag	6
solis	6
solisen	6
solisn	6
solitär	6
solothurn	6
soma	6
somali	6
somalia	6
some	6
something	6
sommen	6
sommerferien	6
sommerfest	6
sommerfrische	6
sommerhaus	6
sommerlich	6
sommerloch	6
sommermonat	6
sommerpause	6
sommerreifen	6
sommerresidenz	6
sommers	6
sommersaison	6
sommersemester	6
sommerspieln	6
sommersprossen	6
sommerurlaub	6
sommerwetter	6
sommerzeit	6
son	6
sonar	6
sonat	6
sond	6
sonden	6
sonderangebieten	6
sonderangeboten	6
sonderausgabe	6
sonderausgaben	6
sonderausstellung	6
sonderausstellungen	6
sonderbehandlung	6
sondereinheit	6
sonderfall	6
sonderform	6
sondergenehmigung	6
sondergleichen	6
sonderheftn	6
sonderkommission	6
sondermüll	6
sonderpreis	6
sonderrechen	6
sonderregelung	6
sonderregelungen	6
sonderschule	6
sondersendung	6
sondersitzung	6
sonderstatus	6
sonderstellung	6
sondervermögen	6
sonderzeichen	6
sonderzug	6
sondierungen	6
sonette	6
songtext	6
sonnabend	6
sonnen	6
sonnenblum	6
sonnenblumen	6
sonnenbrand	6
sonnenbrilel	6
sonnenbrillen	6
sonnencrem	6
sonneneinstrahlung	6
sonnenenergie	6
sonnenfinsternis	6
sonnengoten	6
sonnenklar	6
sonnenlichen	6
sonnenschirm	6
sonnenschutz	6
sonnenseite	6
sonnenstrahl	6
sonnenstrahlen	6
sonnenstund	6
sonnensystem	6
sonnenuntergängen	6
sonnig	6
sonntagabend	6
sonntagmorg	6
sonntagnachmittag	6
sonntagszeitung	6
sons	6
sonstig	6
sonya	6
sophokle	6
sopran	6
sopranistin	6
soprano	6
sorben	6
soren	6
sorgenfrei	6
sorgerechen	6
sorgfalt	6
sorgfaltspflichen	6
sorglos	6
sorgsam	6
sorn	6
sorten	6
sortier	6
sortieren	6
sortiern	6
sortiert	6
sortierung	6
sos	6
sosse	6
sossen	6
sotschi	6
soundcheck	6
soundso	6
souterrain	6
southampton	6
souvenir	6
souveränen	6
souveränität	6
sowjet	6
sowjetischen	6
sowjets	6
sozi	6
sozialabgaben	6
sozialamt	6
sozialarbeit	6
sozialarbeiter	6
sozialarbeiterin	6
sozialdemokrat	6
sozialdemokratie	6
sozialdemokratisch	6
sozialewsen	6
sozialforschung	6
sozialgeschichen	6
sozialhilfe	6
sozialisation	6
sozialisen	6
sozialisieren	6
sozialisierung	6
sozialist	6
sozialistisch	6
sozialkassen	6
sozialkompetenz	6
sozialkund	6
sozialleistungen	6
sozialpolitik	6
sozialpsychologie	6
sozialpädagogik	6
sozialrechen	6
sozialschmarotz	6
sozialstaat	6
sozialstruktur	6
sozialsystem	6
sozialversicherung	6
sozialversicherungsbeiträge	6
sozialversicherungspflichtig	6
sozialwissenschaft	6
sozialwissenschaftler	6
sozialwohnung	6
sozietät	6
soziologe	6
soziologin	6
spa	6
spacken	6
spaen	6
spagat	6
spalen	6
spalier	6
spalt	6
spalte	6
spalten	6
span	6
spandau	6
spang	6
spanierin	6
spann	6
spanne	6
spannen	6
spanner	6
spannungen	6
spannungsbogen	6
spannungsfeld	6
spannungsgeladene	6
spannungsverhältnis	6
spannweiten	6
sparbuch	6
spare	6
spareinlag	6
sparer	6
spargel	6
spark	6
sparks	6
sparkurs	6
sparky	6
sparmassnahmen	6
sparplan	6
sparpläne	6
sparpolitik	6
sparpreis	6
sparren	6
sparsam	6
sparsamkeit	6
sparschwein	6
spartaner	6
sparte	6
spasen	6
spassen	6
spassig	6
spast	6
spasti	6
spatenstich	6
spatz	6
spazierengehen	6
spaziergänger	6
spechen	6
specter	6
spediteur	6
spedition	6
speern	6
speerspitz	6
speerwurf	6
speich	6
speichel	6
speichen	6
speicherkapazität	6
speicherkaren	6
speichermedien	6
speicherplatz	6
speicherung	6
speis	6
speise	6
speisekaren	6
speisekarn	6
speiseplan	6
speiseröhre	6
speisesaal	6
speisewag	6
spektakel	6
spektakulär	6
spektren	6
spektroskopie	6
spekulanen	6
spekulation	6
spekulationen	6
spekulatius	6
spekulativ	6
spekulieren	6
spend	6
spendenaktion	6
spendengelder	6
spendet	6
spendieren	6
spendiert	6
spengl	6
sperber	6
sperling	6
spermien	6
sperr	6
sperrgebiet	6
sperrholz	6
sperrig	6
sperrklausel	6
sperrmüll	6
sperrung	6
sperrungen	6
spesen	6
spezi	6
spezialeffeken	6
spezialeinheiten	6
spezialfall	6
spezialgebiet	6
spezialisen	6
spezialisierung	6
spezialist	6
spezialistin	6
spezieller	6
spezifikation	6
spezifikatione	6
spezifisch	6
spezifität	6
spezifizieren	6
sphinx	6
sphäre	6
sphären	6
spicken	6
spider	6
spider-man	6
spiegelbild	6
spiegelei	6
spiegeln	6
spiegelreflexkamera	6
spiegelung	6
spielart	6
spielautomat	6
spielball	6
spielbar	6
spielbeginn	6
spielbetreiben	6
spielend	6
spielerei	6
spielereien	6
spielerin	6
spielerinnen	6
spielerisch	6
spielfeld	6
spielfigur	6
spielfiguren	6
spielfilm	6
spielfreude	6
spielgeld	6
spielgescheh	6
spielhall	6
spielkarten	6
spielkonsolen	6
spielleit	6
spielmach	6
spielmann	6
spielmannszug	6
spielort	6
spielplan	6
spielplätz	6
spielregel	6
spielregeln	6
spielrund	6
spielsach	6
spielsachen	6
spielstinden	6
spielstäten	6
spielstätte	6
spielsuchen	6
spieltage	6
spieltisch	6
spielverderber	6
spielverlauf	6
spielwaren	6
spielweise	6
spielwiese	6
spielzein	6
spielzeuge	6
spielzimmer	6
spielzug	6
spielzüge	6
spiess	6
spiesse	6
spiesser	6
spiessig	6
spießer	6
spikes	6
spin	6
spinat	6
spindel	6
spinn	6
spinnerei	6
spionage	6
spionieren	6
spionierst	6
spioniert	6
spiral	6
spirale	6
spiritualität	6
spirituell	6
spirituelle	6
spirituellen	6
spiritus	6
spital	6
spitzberge	6
spitzengruppe	6
spitzenkandidat	6
spitzenkandidatin	6
spitzenklassen	6
spitzenpolitiker	6
spitzenreiter	6
spitzensport	6
spitzer	6
spitznam	6
spitäler	6
split	6
splitter	6
splittern	6
spoiler	6
sponsern	6
sponsor	6
sponsoren	6
spontaneität	6
sporadisch	6
sporen	6
sporn	6
sportabzeichen	6
sportanlage	6
sportanlagen	6
sportaren	6
sportart	6
sportbund	6
sportfest	6
sportfreund	6
sporthallen	6
sportlehrer	6
sportlerin	6
sportlerinn	6
sportplatz	6
sportreporter	6
sportschuhe	6
sportschützen	6
sportsfreund	6
sportstudio	6
sportstäten	6
sporttasch	6
sportunterrichen	6
sportveranstaltung	6
sportverein	6
sportvereinen	6
sportwagen	6
sportweten	6
sportzentrum	6
spoten	6
spott	6
spotten	6
sprachentwicklung	6
spracherkennung	6
sprachgebrauch	6
sprachkenntnisse	6
sprachkur	6
sprachkurse	6
sprachlich	6
sprachnachrichen	6
sprachraum	6
sprachrohr	6
sprachst	6
sprachsteuerung	6
sprachunterricht	6
sprachwissenschaft	6
sprachwissenschaftler	6
spray	6
spread	6
sprech	6
sprecherin	6
sprechgesang	6
sprechstund	6
sprechstunden	6
spree	6
sprenger	6
sprengkraft	6
sprengsatz	6
sprengsätze	6
sprengt	6
sprengung	6
sprengungen	6
spreu	6
sprichwört	6
sprichwörtlich	6
spriessen	6
sprießen	6
sprinen	6
springbrunnen	6
springreiter	6
springst	6
sprinter	6
spritzer	6
spritzig	6
spritzt	6
spross	6
sprudel	6
sprudeln	6
sprungbrett	6
sprungen	6
sprunggelenk	6
sprunghaft	6
spröde	6
sprössling	6
sprösslingen	6
sprüch	6
sprühen	6
sprüng	6
spuk	6
spukt	6
spul	6
spule	6
spurensuch	6
spurt	6
spurwechsel	6
sputnik	6
späher	6
spärlich	6
spässe	6
spätantike	6
späteres	6
spätfolg	6
spätherbst	6
spätmittelalter	6
spätschicht	6
spätwerk	6
spätzle	6
spöttisch	6
spüle	6
spülen	6
spülmaschin	6
spülmittel	6
spülung	6
squash	6
staatengemeinschaft	6
staatliche	6
staatlichen	6
staatsangehörig	6
staatsangehöriger	6
staatsangehörigkeit	6
staatsanleihen	6
staatsanwäln	6
staatsanwältin	6
staatsarchiv	6
staatsausgaben	6
staatsbankrott	6
staatsbesuch	6
staatsbibliothek	6
staatsbürg	6
staatsbürger	6
staatschef	6
staatsdiener	6
staatsdienst	6
staatsexame	6
staatsfernsehen	6
staatsform	6
staatsführung	6
staatsgebiet	6
staatsgewalen	6
staatsgrenze	6
staatsgrenzen	6
staatshaushalt	6
staatskanzlei	6
staatskasse	6
staatskost	6
staatsmachen	6
staatsmann	6
staatsminister	6
staatsministerin	6
staatsoberhaupt	6
staatsoper	6
staatspräsidenen	6
staatspräsident	6
staatsrat	6
staatsrecht	6
staatsregierung	6
staatsreligion	6
staatsschulden	6
staatssicherheit	6
staatsstrasse	6
staatsstreich	6
staatstheater	6
staatsunternehmen	6
staatsverschuldung	6
staatsvertrag	6
staatswesen	6
stabhochsprung	6
stabilisieren	6
stabilisiert	6
stabilisierung	6
stabschef	6
stach	6
stachel	6
stacheldrahen	6
stacheldraht	6
stacheln	6
stackhouse	6
stadi	6
stadtarchiv	6
stadtautobahn	6
stadtbahn	6
stadtbaumeist	6
stadtbewohner	6
stadtbezirk	6
stadtbibliothek	6
stadtbild	6
stadtbücherei	6
stadtentwicklung	6
stadtführer	6
stadtführung	6
stadtgemeinde	6
stadtgeschichte	6
stadtgrenze	6
stadtgrenzen	6
stadthallen	6
stadthaus	6
stadtkern	6
stadtleben	6
stadtmauer	6
stadtmauern	6
stadtmitte	6
stadtmuseum	6
stadtplan	6
stadtplaner	6
stadtplanung	6
stadtpolizei	6
stadtrand	6
stadtrechen	6
stadtregierung	6
stadtrundfahren	6
stadträte	6
stadträtin	6
stadtschloss	6
stadtschreiber	6
stadtsparkasse	6
stadtstaan	6
stadttheater	6
stadttor	6
stadtverkehr	6
stadtverordnete	6
stadtverordnetenversammlung	6
stadtviertel	6
stadtwald	6
stadtwerken	6
stadtzentrum	6
staffeln	6
staffelung	6
stagnation	6
stagnieren	6
stagniern	6
stahlbau	6
stahlbeton	6
stahlen	6
stahlhelm	6
stahlindustrie	6
stahlkonstruktion	6
stahlträger	6
stahlwerk	6
stalingrad	6
stalinismus	6
stalking	6
stallen	6
stallungen	6
stammbaum	6
stammbuch	6
stamme	6
stammend	6
stammgast	6
stammgäste	6
stammhaus	6
stammkapital	6
stammkunde	6
stammplatz	6
stammsitz	6
stammspieler	6
stammte	6
stammtisch	6
stammvater	6
stammzell	6
stampfen	6
standardabweichung	6
standardisieren	6
standardisierung	6
standardmässig	6
standardwerk	6
standbein	6
standbild	6
stande	6
standearden	6
standesamt	6
standfestigkeit	6
standhaft	6
standhaftigkeit	6
standhalt	6
standhalten	6
standorn	6
standortbestimmung	6
standpunken	6
standstreifen	6
stangen	6
stanton	6
stanzen	6
stapeln	6
starkregen	6
starre	6
starrn	6
starrte	6
startaufstellung	6
startbahn	6
startelf	6
starter	6
starthilfe	6
startkapital	6
startnummer	6
startplatz	6
startplätz	6
startpunkt	6
starts	6
startschuss	6
startseite	6
stat	6
statik	6
stationieren	6
stationierung	6
stationär	6
statisch	6
statist	6
statistiken	6
statistiker	6
stativ	6
stattfand	6
stattgegeben	6
statthalter	6
stattlich	6
statuen	6
statuieren	6
statun	6
statur	6
statussymbol	6
statut	6
staubig	6
staubsaug	6
staubsaugen	6
staudamm	6
staude	6
staufer	6
staune	6
staunend	6
stauraum	6
stausee	6
staut	6
stay	6
stech	6
stechmücken	6
steckbrief	6
steckdos	6
steckdosen	6
steckenpferd	6
steel	6
stefano	6
steg	6
stehend	6
stehende	6
stehengebleiben	6
stehle	6
stehplätzen	6
steifen	6
steifer	6
steifigkeit	6
steigend	6
steigert	6
steigerungen	6
steigung	6
steiler	6
steilhang	6
steilvorlage	6
steinbock	6
steinbruch	6
steinchen	6
steiner	6
steinig	6
steinigung	6
steinkohlen	6
steinmetz	6
steinplatn	6
steinschliegen	6
steinzeit	6
stelen	6
steler	6
stelldichein	6
stellenabbau	6
stellenangebot	6
stellenanzeig	6
stellenanzeigen	6
stellenausschreibung	6
stellenmarken	6
stellenweise	6
stellenweren	6
stellplatz	6
stellschrauben	6
stellungnahme	6
stellungnahmen	6
stellvertretend	6
stellvertretende	6
stellvertretender	6
stellvertreterin	6
stellwerk	6
stelze	6
stemmen	6
stempel	6
stempeln	6
stengel	6
step	6
stephan	6
steppe	6
ster	6
sterbebett	6
sterbefälle	6
sterbehilfe	6
sterblich	6
sterbliche	6
sterblichkeit	6
sterbt	6
stereo	6
stereoanlage	6
stereotyp	6
sterilisation	6
sterilisiern	6
sternbild	6
sternchen	6
sternenhimmel	6
sternschnuppe	6
sternstunde	6
sternwaren	6
sternzeichen	6
steroid	6
steroide	6
stettin	6
steueraufkommen	6
steuerbar	6
steuerbefreiung	6
steuerbehörde	6
steuerbelastung	6
steuerberater	6
steuerbetrug	6
steuereinnahme	6
steuererhöhung	6
steuererklärung	6
steuerfluchen	6
steuerfrei	6
steuergeld	6
steuergelder	6
steuerhinterzieh	6
steuerhinterziehung	6
steuerklass	6
steuerlast	6
steuerlich	6
steuermann	6
steueroasen	6
steuerpflicht	6
steuerpflichtig	6
steuerpolitik	6
steuerrecht	6
steuerreform	6
steuersatz	6
steuersenkung	6
steuersyst	6
steuersätzen	6
steuervorteile	6
steward	6
stewardess	6
stewie	6
sti	6
stiche	6
sticheleie	6
stichhaltig	6
stichprobe	6
stichproben	6
stichtag	6
stichwahl	6
stichworen	6
stichwörter	6
stick	6
sticken	6
sticker	6
stickerei	6
stickereien	6
stickstoff	6
stiefbrud	6
stiefeleten	6
stiefeln	6
stiefmütterlich	6
stiefschwester	6
stiefsohn	6
stieftochter	6
stieglitz	6
stiehlen	6
stiehlst	6
stiel	6
stifen	6
stifte	6
stiften	6
stifter	6
stiftskirch	6
stiftungen	6
stiftungsrat	6
stig	6
stigma	6
stigmatisieren	6
stigmatisierung	6
stilecht	6
stilisieren	6
stilistisch	6
stiller	6
stillgestanden	6
stillleben	6
stilllegen	6
stilllegung	6
stillschweigen	6
stillschweigend	6
stillstand	6
stillstehen	6
stilmittel	6
stilvoll	6
stimmabgabe	6
stimmberechtigen	6
stimmbänd	6
stimmig	6
stimmrechen	6
stimmst	6
stimmten	6
stimmungslage	6
stimmungsmach	6
stimmungsschwankunge	6
stimmungsvoll	6
stimmzettel	6
stimulation	6
stimulieren	6
stinkende	6
stinkenden	6
stinker	6
stinktier	6
stipendiat	6
stipendien	6
stochastik	6
stochen	6
stocken	6
stoffe	6
stoffwechsel	6
stokes	6
stoll	6
stollen	6
stolperen	6
stolpern	6
stolperstein	6
stoltenberg	6
stolze	6
stolzer	6
stonehengen	6
stones	6
stopf	6
stoppuhr	6
storch	6
storen	6
stores	6
storm	6
stornieren	6
storybrooke	6
storys	6
stoss	6
stossdämpfer	6
stossrichtung	6
stossstange	6
stottern	6
stoße	6
strafanstalt	6
strafantrag	6
strafanzeig	6
strafanzeigen	6
strafbar	6
strafbarkeit	6
strafbefehl	6
straff	6
straffen	6
straffrei	6
straffreiheit	6
straffällig	6
strafgerichen	6
strafgerichtshof	6
strafgesetzbuch	6
strafkammer	6
strafmass	6
strafprozess	6
strafprozessordnung	6
strafraum	6
strafrechen	6
strafrechtlich	6
strafsachen	6
strafstoss	6
straftatbestand	6
straftäter	6
strafverfahren	6
strafverfolgung	6
strafverfolgungsbehörd	6
strafverteidiger	6
strafvollzug	6
strahlenbelastung	6
strahlend	6
strahlenschutz	6
strahlentherapie	6
strahlkraft	6
strahlt	6
stralsund	6
stramm	6
strampl	6
strandbad	6
stranden	6
strandhaus	6
strang	6
strange	6
strapazen	6
strapaziern	6
strapon	6
strass	6
strassenbahnen	6
strassenbau	6
strassenbeleuchtung	6
strassenbild	6
strassengrabe	6
strassenkreuzung	6
strassenlatern	6
strassennetz	6
strassenrand	6
strassenrennen	6
strassenschild	6
strassenschlachen	6
strassenseit	6
strassensperren	6
strassenverkehrsordnung	6
strassenzüge	6
stratege	6
strategen	6
strategin	6
strategisch	6
stratosphären	6
strauch	6
straucheln	6
strauß	6
straßenbahn	6
straßenrand	6
straßensperren	6
streamer	6
streaming	6
streber	6
streck	6
streckenabschnitt	6
streckenführung	6
streckennetz	6
streckenweise	6
streckt	6
streckung	6
streicheleinheien	6
streichelen	6
streichelzoo	6
streichhölz	6
streichquartett	6
streicht	6
streichung	6
streifenwag	6
streifzug	6
streiken	6
streikend	6
streikrechen	6
streite	6
streiter	6
streiterei	6
streitereien	6
streitfall	6
streitgespräch	6
streitig	6
streitigkeien	6
streitkraft	6
streitmacht	6
streitpunken	6
streitweren	6
strengen	6
strenger	6
strengt	6
stressfrei	6
stressig	6
streu	6
streuen	6
streuner	6
streuobstwiesen	6
streuung	6
stricken	6
stricker	6
strickjacke	6
strikt	6
stringent	6
strip	6
strippen	6
striptease	6
strittig	6
stroh	6
strohhalm	6
strohmann	6
strohsack	6
strolch	6
stromanbiet	6
stromer	6
stromerzeugung	6
stromkabel	6
stromkreis	6
stromleitung	6
stromnetz	6
strompreis	6
strompreise	6
stromproduktion	6
stromrechnung	6
stromschelgan	6
stromschlag	6
stromschnellen	6
stromverbrauch	6
stromversorger	6
stromversorgung	6
strophe	6
strophen	6
strotzen	6
strudel	6
strukturell	6
strukturieren	6
strukturiert	6
strukturierung	6
strukturwandel	6
strumpf	6
strumpfhos	6
strumpfhosen	6
strunk	6
sträfling	6
strähnen	6
stränden	6
sträng	6
sträuben	6
sträuch	6
ström	6
strömen	6
strömn	6
strömung	6
stube	6
stuben	6
stuck	6
studentenbewegung	6
studentenleben	6
studentenschaft	6
studentenwerk	6
studentenwohnheim	6
studentinnen	6
studienabschluss	6
studienanfänger	6
studienfechen	6
studiengebühren	6
studienjahr	6
studienplatz	6
studienreise	6
studienzeit	6
studierend	6
studierst	6
stuen	6
stufenweise	6
stuhlgang	6
stummen	6
stummer	6
stummfilm	6
stumpf	6
stumpfer	6
stundenkilometer	6
stundenlohn	6
stundenplan	6
stundentakt	6
stundenweise	6
stunt	6
stuntman	6
sturheit	6
sturmböen	6
sturmflut	6
sturmgewehr	6
sturmschäden	6
sturmtufen	6
sturzflug	6
stuss	6
stute	6
stutzen	6
style	6
stylt	6
styropor	6
stäbchen	6
stäbe	6
städtchen	6
städtebau	6
städtebaulich	6
städtepartnerschaft	6
städter	6
städtetag	6
stählen	6
ställen	6
ständ	6
ständchen	6
ständerat	6
ständige	6
ständigen	6
ständiger	6
stängel	6
stärkere	6
stärkeres	6
stärkt	6
stätte	6
stöbern	6
stöcken	6
stöcker	6
stöpsel	6
stör	6
störch	6
störend	6
störte	6
störungsfrei	6
stösse	6
stückzahl	6
stühlen	6
stündlich	6
stürme	6
stürmisch	6
stürmt	6
stürz	6
stürze	6
stütze	6
stützpunken	6
stützung	6
subjekt	6
subjektiv	6
subjektivität	6
subkultur	6
submission	6
suboptimal	6
substantiv	6
substitution	6
substrat	6
subtil	6
subtitles	6
subunternehmer	6
subvention	6
subventionieren	6
subventionierung	6
suchaktion	6
suchanfragen	6
suchbegriff	6
suchend	6
sucher	6
suchergebnisse	6
suchfunktion	6
suchmaschinen	6
suchmaschinenoptimierung	6
suchtrupp	6
sud	6
sudoku	6
suff	6
suffix	6
suggerieren	6
suggestion	6
suien	6
suizid	6
suizide	6
sujet	6
suk	6
sukzessive	6
sully	6
sultanin	6
sulu	6
sulz	6
summers	6
summieren	6
sund	6
sunden	6
sundheitswesen	6
sunset	6
sunshine	6
superb	6
superbowl	6
supercomputer	6
superhelden	6
superintendenen	6
superintendent	6
superkräfte	6
superlativ	6
supermacht	6
supermarken	6
supermarktkette	6
supermodel	6
supermärken	6
supernova	6
superstar	6
supertalent	6
supervision	6
supplement	6
surfer	6
surreal	6
surrealismus	6
surrt	6
susi	6
suspekt	6
suspendierung	6
suspension	6
sussex	6
sutherland	6
sutter	6
sutton	6
suv	6
suzie	6
suzy	6
swag	6
swimmingpool	6
swing	6
swinger	6
switch	6
sybil	6
syd	6
sykes	6
sylvester	6
sylvie	6
symbios	6
symbolik	6
symbolisch	6
symbolisieren	6
symmetrie	6
symmetrisch	6
sympathie	6
sympathisanen	6
sympathisant	6
sympathisieren	6
symphonie	6
symposi	6
symposion	6
symposium	6
symptom	6
symptomatik	6
symptomatisch	6
synagoge	6
synagogen	6
synapsen	6
synchronisation	6
synchronisier	6
synchronisieren	6
synchronsprech	6
syndikat	6
synergie	6
synode	6
synonym	6
synonymen	6
syntax	6
synthese	6
synthesizer	6
synthetisch	6
syphilis	6
syrakus	6
syrisch	6
systematik	6
systemisch	6
systemtheorie	6
szenarien	6
szenerie	6
säbel	6
sächsisch	6
säcken	6
säen	6
säfte	6
sägemühlen	6
sägen	6
sägewerk	6
säkularisation	6
säkularisierung	6
säle	6
sämtlich	6
sängerinnen	6
särge	6
sättigen	6
sättigung	6
säuberung	6
säuberungen	6
säue	6
säugetier	6
säugetiern	6
säugling	6
säuglinge	6
säumen	6
säße	6
sí	6
söhnchen	6
söhnen	6
südafrikaner	6
südbahn	6
süddeutsch	6
süddeutscher	6
süddeutschland	6
südeuropa	6
südfrankreich	6
süditalien	6
südkü	6
südlichen	6
südländ	6
südosen	6
südost	6
südostasien	6
südosteuropa	6
südpol	6
südsee	6
südsudan	6
südtiroler	6
südufer	6
südwest	6
südwestafrika	6
südwestlich	6
südwärt	6
südöstlich	6
sühnen	6
sümpf	6
sünd	6
sündenfall	6
sündhaft	6
sündigen	6
süss	6
süsslich	6
süssstoff	6
süsswaren	6
süsswasser	6
süßeste	6
ta	6
tabakwaren	6
tabellenführung	6
tabellenplatz	6
tabellenspitze	6
tableau	6
tabletn	6
tablette	6
tabor	6
tabubruch	6
tabuthema	6
tac	6
tacho	6
taco	6
tacos	6
tadel	6
tadellos	6
tadschikistan	6
taekwondo	6
tafelrunde	6
taft	6
tagblatt	6
tagebau	6
tageblatt	6
tagebüch	6
tagebücher	6
tagelöhn	6
tagesablauf	6
tagesausflug	6
tagesgeld	6
tagesgeschafen	6
tageskaren	6
tagesklinik	6
tagesmutter	6
tagesordnungspunken	6
tagespflege	6
tagespresse	6
tagessätzen	6
tagesthemen	6
tageszeit	6
tageszeiten	6
tageszeitungen	6
tagtäglich	6
tahiti	6
tai	6
taifun	6
taille	6
taipeh	6
taiwan	6
taj	6
taktiken	6
taktisch	6
taktische	6
talbot	6
talenen	6
talentieren	6
talentierte	6
taler	6
talfahren	6
taliban	6
talisman	6
talkrund	6
talkshow	6
tallinn	6
talmud	6
talon	6
talsohle	6
talsperre	6
talstation	6
tamara	6
tampa	6
tampon	6
tamtam	6
tan	6
tanaka	6
tandem	6
tang	6
tanga	6
tangent	6
tanger	6
tangieren	6
tanja	6
tanker	6
tanks	6
tanne	6
tannenbaum	6
tansania	6
tant	6
tantchen	6
tanten	6
tantiemen	6
tantra	6
tanzend	6
tanzfläch	6
tanzfläche	6
tanzgruppe	6
tanzkurs	6
tanzmusik	6
tanzpartner	6
tanzschule	6
tanzte	6
tanzten	6
tanztheater	6
tao	6
tapa	6
tapete	6
tapeten	6
tapf	6
tapfeer	6
tappen	6
tardis	6
tarifverhandlung	6
tarifvertrag	6
tarn	6
tarnen	6
taschenbuch	6
taschenbüch	6
taschendieben	6
taschenlampen	6
taschenmesser	6
taschenrechner	6
taschentüch	6
taschenuhr	6
tasha	6
tast	6
tastaturen	6
taste	6
tasten	6
taster	6
tataren	6
tatbestand	6
tate	6
tatendrang	6
tatenlos	6
tatest	6
tatkraft	6
tatkräftig	6
tatoren	6
tatra	6
tatwaffe	6
tatwaffen	6
tauber	6
taubheit	6
tauch	6
taucher	6
tauchst	6
tauchten	6
tauen	6
taufen	6
taugen	6
tauglich	6
tauglichkeit	6
taumeln	6
tausche	6
tauscht	6
tausender	6
tausendfach	6
tauwett	6
tauziehe	6
taverne	6
taxen	6
taxis	6
teamarbeit	6
teamchef	6
teamgeisen	6
teamkollegen	6
teamleiter	6
teamwork	6
tech	6
techniken	6
techno	6
technologien	6
technologisch	6
teddybär	6
teddybären	6
teebeutel	6
teekanne	6
teelöffel	6
teer	6
teflon	6
tegernsee	6
teheran	6
teig	6
teilbar	6
teilbereich	6
teilch	6
teilchen	6
teilchenbeschleuniger	6
teiler	6
teilgebiet	6
teilgenommen	6
teilhabe	6
teilhaben	6
teilhaber	6
teilmenge	6
teilnahme	6
teilnahmebedingungen	6
teilnahmen	6
teilnehmerin	6
teilnehmerinne	6
teilnehmerzahl	6
teils	6
teilst	6
teilstück	6
teilten	6
teilung	6
teilzeitarbeit	6
teilzunehmen	6
teinen	6
tel	6
telefax	6
telefonat	6
telefonate	6
telefongespräch	6
telefonie	6
telefoniere	6
telefoniern	6
telefonisch	6
telefonklingeln	6
telefonkonferenz	6
telefonnummern	6
telefonsex	6
telegramme	6
telekommunikation	6
telemedizin	6
telepathie	6
teleskop	6
teletext	6
television	6
tellerrand	6
tempelhof	6
temperamentvoll	6
temperaturanstieg	6
temperaturschwankung	6
tempi	6
temple	6
templer	6
templeton	6
tempolimit	6
tempomat	6
tempora	6
temporär	6
tempus	6
ten	6
tend	6
tendenziell	6
tendenziös	6
tendier	6
tendieren	6
teneriffa	6
tennessee	6
tennisplatz	6
tennisplätze	6
tennisspiel	6
tennisspielerin	6
tennisturnier	6
tenor	6
tentakel	6
teppichboden	6
teppiche	6
ter	6
teri	6
term	6
terminal	6
terminals	6
terminator	6
termini	6
terminieren	6
terminkalender	6
terminologie	6
terminplan	6
terminus	6
termiten	6
terrain	6
terrarium	6
terrence	6
terri	6
terrier	6
territorial	6
territorien	6
terroranschlag	6
terroranschläge	6
terrorgefahr	6
terrorgruppe	6
terrorisen	6
terrorisieren	6
terrorismusbekämpfung	6
terroristin	6
terrormiliz	6
terrororganisation	6
terrorzelle	6
terz	6
tessin	6
testberichen	6
teste	6
tester	6
testergebnis	6
testergebnisse	6
testet	6
testfahren	6
testfahrt	6
testlauf	6
testosteron	6
testpersonen	6
testphase	6
testsieg	6
testspiel	6
testspiele	6
teststrecke	6
testverfahren	6
testweise	6
tetanus	6
teuerste	6
teuerung	6
teufelskreis	6
teufelszeug	6
teuflisch	6
teures	6
tex	6
texen	6
texter	6
textilien	6
textilindustrie	6
textlich	6
textpassagen	6
textur	6
textverarbeitung	6
teyla	6
thad	6
thai	6
thaler	6
than	6
thank	6
thatcher	6
theateraufführunge	6
theatergruppe	6
theaterstück	6
theaterstücken	6
theatralisch	6
theben	6
theiss	6
theke	6
thelma	6
them	6
thematisch	6
thematisieren	6
themenbereich	6
themenfeld	6
themengebien	6
themengebiet	6
themenkomplex	6
themenschwerpunken	6
themse	6
theodore	6
theologe	6
theologisch	6
theorem	6
theoretiker	6
therapeuen	6
therapeutisch	6
therese	6
therme	6
thermen	6
thermisch	6
thermodynamik	6
thermometer	6
thermostat	6
thes	6
thesaurus	6
thessaloniki	6
thing	6
things	6
think	6
thorax	6
thorium	6
thorne	6
thorpe	6
thrombose	6
thronbesteigung	6
throne	6
thronen	6
thronfolge	6
thronfolger	6
through	6
thunfisch	6
thurgau	6
thymian	6
tibet	6
tic	6
ticken	6
tiefbau	6
tiefeben	6
tiefes	6
tiefgang	6
tiefgarage	6
tiefgründig	6
tiefkühltruhe	6
tiefland	6
tiefpunken	6
tiefpunkt	6
tiefschlaf	6
tiefsee	6
tiefstand	6
tieraren	6
tierart	6
tierfreund	6
tierfutter	6
tiergarten	6
tierhaltung	6
tierheim	6
tierisch	6
tierklinik	6
tierpark	6
tierpfleg	6
tierquälerei	6
tierreich	6
tierschutz	6
tierschutzgesetz	6
tierschutzverein	6
tierschützer	6
tierversuch	6
tierweln	6
tierzucht	6
tierärzen	6
tierärztin	6
tifli	6
tigris	6
tilgen	6
tilgung	6
till	6
timbuktu	6
timer	6
timings	6
tin	6
tinnitus	6
tiny	6
tip	6
tipn	6
tippe	6
tippfehl	6
tippspiel	6
tischdeck	6
tischen	6
tischl	6
tischlerei	6
tischplatten	6
tischtennis	6
titan	6
titanen	6
titanic	6
titelbild	6
titelblatt	6
titelgewinn	6
titelkampf	6
titelkämpfe	6
titelmusik	6
titelrolle	6
titelseit	6
titelsong	6
titelverteidiger	6
tito	6
titt	6
titulieren	6
tizian	6
tj	6
tk	6
toastbrot	6
toaster	6
toben	6
tobi	6
tobt	6
tochterfirma	6
tochtergesellschaft	6
tochterunternehme	6
today	6
todesangst	6
todesanzeig	6
todesfall	6
todesfäll	6
todesfälle	6
todesopfer	6
todesstoss	6
todestag	6
todesursach	6
todeszeitpunkt	6
todsünd	6
todsünde	6
tofu	6
together	6
togo	6
toilettenpapier	6
token	6
tolerant	6
toleranter	6
tolerieren	6
toleriert	6
tollste	6
tollwut	6
tomaen	6
tomat	6
tomate	6
tomatenmark	6
tomatensauce	6
tomatensosse	6
tombola	6
tommys	6
toms	6
tonaren	6
tonaufnahmen	6
tonband	6
toner	6
tonfall	6
tong	6
tonhöhe	6
tonic	6
tonight	6
tonlage	6
tonleiter	6
tonnenweise	6
tonspur	6
tonstudio	6
tontechniker	6
tonträg	6
tonys	6
topfit	6
topmodel	6
topografie	6
topographie	6
topp	6
topper	6
tops	6
torchance	6
torchwood	6
tordifferenz	6
torerfolg	6
torf	6
torheit	6
torhüter	6
tori	6
torjäger	6
tornado	6
toro	6
toronto	6
torpedieren	6
torpedo	6
torrente	6
torschuss	6
torschüsse	6
torschütz	6
torschütze	6
torschützenkönig	6
torso	6
tortur	6
torverhältnis	6
torwart	6
tory	6
toskana	6
totalausfall	6
totalen	6
totales	6
totalitarismus	6
totalitär	6
totalschaden	6
totalverlust	6
totem	6
totengräber	6
totenkopf	6
totgeschwieg	6
totholz	6
totlachen	6
totschlag	6
totschlagen	6
touch	6
touchdown	6
touchpad	6
touchscree	6
touren	6
tourisen	6
tourismusverband	6
tourist	6
touristin	6
touristisch	6
tourneen	6
towers	6
townsend	6
toxin	6
toxisch	6
trabant	6
traben	6
tracey	6
tracht	6
traditionelle	6
traditionellen	6
trafo	6
tragbar	6
tragend	6
tragflächen	6
tragfähig	6
tragfähigkeit	6
tragik	6
tragikomödie	6
tragischen	6
tragweite	6
tragödien	6
trainerin	6
trainierst	6
trainingsanzug	6
trainingseinheit	6
trainingseinheiter	6
trainingslager	6
trainingsplan	6
trainingsprogramm	6
trakt	6
traktat	6
traktor	6
traktoren	6
traktorstrahl	6
tram	6
tramp	6
trampolin	6
tran	6
trance	6
transaktion	6
transaktionskosen	6
transe	6
transferieren	6
transformationen	6
transformator	6
transformieren	6
transgender	6
transistor	6
transistoren	6
transit	6
transition	6
transkript	6
transkription	6
translation	6
transmission	6
transparenen	6
transplantation	6
transpond	6
transporterraum	6
transportkosten	6
transportmittel	6
transportwegen	6
transsexuell	6
transvestit	6
transzendenz	6
trap	6
trapez	6
trapp	6
trash	6
trask	6
trasse	6
trassen	6
traten	6
tratsch	6
traube	6
trauben	6
traubenzucker	6
trauerfeier	6
trauermarsch	6
trauernde	6
trauernden	6
trauerspiel	6
trauert	6
traumata	6
traumatisieren	6
traumatisiert	6
traumberuf	6
traumfrau	6
traumhaft	6
traumhaus	6
traumminnen	6
traumpaar	6
traumwelt	6
traun	6
traute	6
trauung	6
trauzeugen	6
trecker	6
tree	6
treffend	6
trefferquoten	6
trefflich	6
treffpunken	6
treffsich	6
treffsicherheit	6
treibe	6
treiber	6
treibhauseffekt	6
treibhausgas	6
treibhausgase	6
treibhausgasemissionen	6
trek	6
trendwend	6
trennlinie	6
trennten	6
trennwand	6
treppchen	6
treppenstuf	6
tresen	6
tresorraum	6
treuen	6
treuhand	6
treuhänder	6
triade	6
triangel	6
trias	6
triathlon	6
tribunal	6
tribus	6
tribut	6
tribute	6
tribüne	6
tribünen	6
trichter	6
trickbetrüger	6
trickfilm	6
tricksen	6
trieben	6
triebwagen	6
triebwerk	6
triest	6
triggern	6
trikots	6
trilogie	6
trimmen	6
trinity	6
trinker	6
trinkflasch	6
trinkwasserversorgung	6
tripolis	6
tripp	6
triste	6
trittbrettfahr	6
triumphe	6
triumphieren	6
triumphiern	6
trivial	6
trixie	6
trockene	6
trockenheit	6
trockenzeit	6
trockn	6
trockner	6
trocknet	6
trocknung	6
trog	6
troi	6
troika	6
troja	6
trojan	6
troll	6
trolle	6
trollen	6
trommelfell	6
trommelwirbel	6
trommler	6
trompeen	6
trompen	6
trompete	6
trompeten	6
trompeter	6
trondheim	6
tropen	6
tropf	6
tropft	6
trophäen	6
tropisch	6
trostlos	6
trott	6
trotzen	6
trotzig	6
trubel	6
trucks	6
trudeln	6
true	6
trugschluss	6
truh	6
truman	6
trump	6
trumpf	6
trunk	6
trunkenheit	6
trupp	6
truppenübungsplatz	6
trust	6
träg	6
trägerin	6
trägerschaft	6
trägheit	6
träne	6
tränengas	6
tränke	6
tränkemarken	6
tränken	6
träumer	6
tröpfchen	6
tröst	6
tröstet	6
tröstlich	6
trüb	6
trübe	6
trüben	6
trübsal	6
trüffel	6
trügen	6
trügerisch	6
trümm	6
trümmer	6
trümmern	6
ts	6
tschad	6
tschau	6
tschech	6
tschechisch	6
tschechoslowakei	6
tschernobyl	6
tschetschenen	6
tschetschenien	6
tschick	6
tschuldige	6
tschüß	6
tsunami	6
tuareg	6
tuba	6
tubbs	6
tube	6
tuben	6
tuberkulos	6
tucson	6
tuff	6
tugenden	6
tui	6
tulln	6
tulpe	6
tumult	6
tundra	6
tunesien	6
tunesier	6
tunika	6
tunis	6
tunte	6
tupfen	6
turban	6
turbin	6
turbine	6
turbo	6
turbolad	6
turbulent	6
turbulenz	6
turbulenzen	6
turin	6
turkmenistan	6
turn	6
turnen	6
turnhall	6
turnhalle	6
turnhallen	6
turniere	6
turnieren	6
turnschuhe	6
turnus	6
turnverein	6
tusch	6
tutor	6
tweed	6
twin	6
twisen	6
twist	6
twitter	6
twittern	6
typhus	6
typischer	6
typischerweise	6
typisierung	6
typologie	6
typus	6
tyrann	6
tyrannei	6
tyrannen	6
tägliche	6
täglichen	6
täler	6
tänze	6
tänzerinnen	6
täterin	6
täterschaft	6
tätigkeitsberichen	6
tätigkeitsfeld	6
tätowieren	6
tätowierer	6
tätowiern	6
tätowiert	6
tätowierungen	6
täubchen	6
täufer	6
täusche	6
täuschend	6
täuschst	6
täuschungen	6
töchterchen	6
töchtern	6
tödlicher	6
tölpel	6
tönen	6
tönung	6
töpfch	6
töpfe	6
töpfer	6
töpferei	6
törichen	6
törtchen	6
tötung	6
tötungsdelikt	6
tüch	6
tücher	6
tüchtig	6
tüen	6
tümpel	6
tüpfelchen	6
türk	6
türke	6
türki	6
türkin	6
türkischen	6
türme	6
türmen	6
türrahm	6
türsteh	6
türsteher	6
türöffner	6
tütch	6
tüten	6
uber	6
udo	6
ufa	6
ufe	6
uff	6
ufo	6
ufos	6
uganda	6
ugh	6
uh-huh	6
uhrmach	6
uhrwerk	6
uhtred	6
ui	6
uiguren	6
ukrain	6
ukrainisch	6
ukulelen	6
ulkig	6
ulmen	6
ultima	6
ultimativ	6
ultimatum	6
ultimo	6
ultraschall	6
umbauarbeit	6
umbauen	6
umbaumassnahmen	6
umbauten	6
umbenennen	6
umbenennung	6
umbrachte	6
umbri	6
umbringe	6
umbringst	6
umbruch	6
umbrüch	6
umdenken	6
umdreh	6
umdrehung	6
umdrehunge	6
umerziehung	6
umfahren	6
umfahrung	6
umfallen	6
umfas	6
umfragen	6
umfrageweren	6
umfunktionieren	6
umgangen	6
umgangsform	6
umgangssprach	6
umgangssprachlich	6
umgangston	6
umgedrehen	6
umgefahren	6
umgefallen	6
umgefeallen	6
umgehauen	6
umgehung	6
umgehungsstrasse	6
umgekippt	6
umgelegen	6
umgeleitet	6
umgerechnet	6
umgeschaltet	6
umgeschaut	6
umgeschrieben	6
umgeseh	6
umgesehen	6
umgesiedeln	6
umgestalten	6
umgestaltung	6
umgetauscht	6
umgeworfen	6
umgiben	6
umgibt	6
umhauen	6
umhin	6
umhängetasch	6
umhüllen	6
umkehr	6
umkehrschluss	6
umkehrung	6
umkippen	6
umkleide	6
umkleidekabien	6
umkleidekabinen	6
umkommen	6
umkreisen	6
umkrempeln	6
umkämpfen	6
umlage	6
umlagen	6
umland	6
umlauen	6
umlauf	6
umlaufbahn	6
umlauten	6
umleiten	6
umleiter	6
umleitung	6
umleitungen	6
umrahmen	6
umrahmung	6
umrandung	6
umrechnung	6
umringen	6
umriss	6
umrisse	6
umrissen	6
umrundet	6
umrühren	6
umrüsten	6
umrüstung	6
umsatzsteuer	6
umsatzwachstum	6
umschalten	6
umschau	6
umschauen	6
umschlagen	6
umschliessen	6
umschliesst	6
umschlossen	6
umschläge	6
umschreiben	6
umschreibung	6
umschrieben	6
umschrift	6
umschulung	6
umschwung	6
umsetzbar	6
umsicht	6
umsichtig	6
umsiedlung	6
umsorgen	6
umspannwerk	6
umsteigen	6
umstellen	6
umstellungen	6
umstiegen	6
umstimmen	6
umstrukturieren	6
umstrukturierung	6
umständlich	6
umsätze	6
umtausch	6
umtauschen	6
umtrieben	6
umverteilung	6
umwandeln	6
umwandlung	6
umweltbedingungen	6
umweltbelastung	6
umweltbewusstsein	6
umweltbundesamt	6
umwelteinflüssen	6
umweltfreundlich	6
umweltminister	6
umweltministerin	6
umweltministerium	6
umweltpolitik	6
umweltschäd	6
umweltschützer	6
umwelttechnik	6
umweltverschmutzung	6
umweltzerstörung	6
umwerben	6
umwickelt	6
umwälzung	6
umzingeln	6
umzulegen	6
umzuziehen	6
umzüge	6
unabdingbar	6
unabhängige	6
unabhängigkeitserklärung	6
unablässig	6
unabsichtlich	6
unachtsamkeit	6
unangefochten	6
unangekündigt	6
unangemelden	6
unangemessen	6
unangetastet	6
unannehmlichkeien	6
unanständig	6
unantastbar	6
unattraktiv	6
unauffindbar	6
unaufgeforderen	6
unaufgeregt	6
unaufhaltsam	6
unaufhörlich	6
unausweichlich	6
unbarmherzig	6
unbeabsichtigen	6
unbeachtet	6
unbeantwortet	6
unbeaufsichtigen	6
unbedacht	6
unbedenklich	6
unbedeutend	6
unbeeindruckt	6
unbefang	6
unbefriedigend	6
unbefristet	6
unbefugen	6
unbefugt	6
unbegreiflich	6
unbegrenzt	6
unbegründet	6
unbehagen	6
unbehaglich	6
unbehandeln	6
unbehelligt	6
unbeholfen	6
unbeirrt	6
unbekannen	6
unbekanntes	6
unbekümmert	6
unbelasten	6
unbelieben	6
unbenutzt	6
unbeobachten	6
unbequem	6
unberechtigt	6
unberührt	6
unbeschadet	6
unbeschreiblich	6
unbeschränken	6
unbeschwern	6
unbeschädigen	6
unbesetzt	6
unbesiegen	6
unbesorgen	6
unbestehmen	6
unbestreitbar	6
unbestritten	6
unbeständig	6
unbeteiligen	6
unbeteiligt	6
unbeteiligten	6
unbeweglich	6
unbewohnbar	6
unbewohnt	6
unbewusst	6
unbezahlbar	6
unbezahlt	6
unbrauchbar	6
unbürokratisch	6
uncool	6
undankbar	6
undechen	6
undemokratisch	6
undenkbar	6
understatement	6
undeutlich	6
undichte	6
undifferenziert	6
unding	6
undurchsichtig	6
unebenheiten	6
unecht	6
unehrlich	6
uneigennützig	6
uneingeschränkt	6
uneinheitlich	6
uneinig	6
uneinigkeit	6
uneins	6
unempfindlich	6
unendlichen	6
unendlichkeit	6
unentbehrlich	6
unentdecken	6
unentgeltlich	6
unentschlossen	6
unentwegt	6
unerbittlich	6
unerfahren	6
unerfahrenen	6
unerfahrenheit	6
unerfreulich	6
unerfüllt	6
unerheblich	6
unerkannt	6
unerklärlich	6
unerlaubt	6
unerlässlich	6
unermesslich	6
unermüdlich	6
unerreichbar	6
unerschrocken	6
unersetzlich	6
unerträglichen	6
unerwartete	6
unerwähnt	6
unerwünscht	6
unfallchirurgie	6
unfallfrei	6
unfallopf	6
unfallort	6
unfalls	6
unfallstelle	6
unfallversicherung	6
unfehlbar	6
unfreiheit	6
unfreiwillig	6
unfreundlich	6
unfrieden	6
unfruchtbar	6
unfruchtbarkeit	6
unfähigkeit	6
ungar	6
ungarisch	6
ungebilden	6
ungebremst	6
ungebrochen	6
ungebunden	6
ungeduld	6
ungeeignet	6
ungeesehen	6
ungefragen	6
ungefährdet	6
ungehalt	6
ungehemmt	6
ungeheuerlich	6
ungeheure	6
ungehindert	6
ungehorsam	6
ungehört	6
ungeklärt	6
ungeleg	6
ungelegen	6
ungelesen	6
ungelogen	6
ungelöst	6
ungemach	6
ungemein	6
ungemütlich	6
ungenau	6
ungenauigkeit	6
ungeniert	6
ungeniessbar	6
ungenutzt	6
ungenügend	6
ungepflegt	6
ungerade	6
ungerechtigkeit	6
ungereimtheit	6
ungeschehen	6
ungeschlagen	6
ungeschminkt	6
ungeschoren	6
ungeschützt	6
ungestraft	6
ungestüm	6
ungesund	6
ungetüm	6
ungewissheit	6
ungewohnen	6
ungewollt	6
ungewöhnlichen	6
ungewöhnlicher	6
ungeziefer	6
ungezogen	6
ungezwungen	6
unglaublicher	6
unglaubwürdig	6
ungleich	6
ungleichbehandlung	6
ungleichgewicht	6
ungleichheien	6
ungleichheit	6
ungleichmässig	6
ungläubig	6
ungläubigen	6
unglücke	6
unglückliche	6
unglücklichen	6
unglücklicher	6
ungnade	6
ungültig	6
ungünstig	6
unhaltbar	6
unheilbar	6
unheilig	6
unikat	6
unikate	6
uniklinik	6
uninteressant	6
unis	6
unisono	6
universell	6
universitätsbibliothek	6
universitätsklinik	6
universitätsklinikum	6
universitätsprofessor	6
universitätsstadt	6
unkenntlich	6
unkenntlichkeit	6
unkenntnis	6
unklarheien	6
unklarheit	6
unklug	6
unkommentiert	6
unkompliziert	6
unkontrolliert	6
unkonventionell	6
unkonzentriert	6
unkosen	6
unkritisch	6
unlogisch	6
unlust	6
unlustig	6
unlängst	6
unmeneschen	6
unmeng	6
unmengen	6
unmensch	6
unmenschlich	6
unmenschlichkeit	6
unmerklich	6
unmissverständlich	6
unmoralisch	6
unmotivieren	6
unmut	6
unmöglichkeit	6
unmündigkeit	6
unnachgiebig	6
unnatürlich	6
unnötige	6
unnötiger	6
unnötigerweise	6
unnütz	6
unordentlich	6
unparteiisch	6
unpassend	6
unpersönlich	6
unplugged	6
unpolitisch	6
unpraktisch	6
unproblematisch	6
unprofessionell	6
unrat	6
unrealistisch	6
unrechtfertigen	6
unrechtmässig	6
unrechtsstaat	6
unreflektiert	6
unregelmässig	6
unregelmässigkeien	6
unregelmässigkeit	6
unreif	6
unreifen	6
unrein	6
unrentabel	6
unrichtig	6
unruh	6
unsachlich	6
unsagbar	6
unsanft	6
unsaub	6
unscharf	6
unscheinbar	6
unschlagbar	6
unschlüssig	6
unschuldiges	6
unschuldsvermutung	6
unschwer	6
unschädlich	6
unschärf	6
unschön	6
unsensibel	6
unsererseits	6
unseriös	6
unsern	6
unsicherheien	6
unsichtbaren	6
unsinnig	6
unsittlich	6
unsozial	6
unspektakulär	6
unsportlich	6
unsre	6
unsterbliche	6
unsterblichen	6
unstimmigkeit	6
unstrittig	6
unsummen	6
unsympathisch	6
unsäglich	6
untaen	6
untauglich	6
unteilbar	6
unter berücksichtigung von	6
unteraren	6
unterarm	6
unterart	6
unterbau	6
unterbesetzen	6
unterbewusst	6
unterbieten	6
unterbinden	6
unterbreche	6
unterbrechungen	6
unterbreit	6
unterbreiten	6
unterbreitet	6
unterbund	6
unterdessen	6
unterdruck	6
unterdurchschnittlich	6
untere	6
unterernährung	6
unterfangen	6
unterfranken	6
unterführung	6
untergebenen	6
untergegangen	6
untergekommen	6
untergeordnen	6
untergeordneten	6
untergeschoss	6
untergetaucht	6
untergliederen	6
untergraben	6
untergrenze	6
untergruppe	6
untergruppen	6
untergräbn	6
unterhaching	6
unterhalte	6
unterhaltend	6
unterhaltsam	6
unterhaltsamer	6
unterhaltskosten	6
unterhaltungen	6
unterhaltungselektronik	6
unterhaltungsmusik	6
unterhaltungsprogramm	6
unterhaltungswert	6
unterhemd	6
unterhielten	6
unterholz	6
unterhos	6
unterhändl	6
unterirdisch	6
unterirdischen	6
unterkant	6
unterkiefe	6
unterkommen	6
unterkriegen	6
unterkühlung	6
unterkünfte	6
unterlage	6
unterlassen	6
unterlassung	6
unterlassungserklärung	6
unterlaufen	6
unterlegen	6
unterleib	6
unterlippe	6
untermalung	6
untermauern	6
untermauert	6
untermensch	6
untermiet	6
unternehmens	6
unternehmensberat	6
unternehmensberatung	6
unternehmensführung	6
unternehmensgruppe	6
unternehmenskommunikation	6
unternehmenskultur	6
unternehmensleitung	6
unternehmertum	6
unternehmung	6
unternimmt	6
unteroffizier	6
unterordnung	6
unterredung	6
unterrepräsentieren	6
unterrichtsstund	6
unterrichtsstunden	6
unterrichtung	6
untersagen	6
unterscheidbar	6
unterscheidungsmerkmal	6
unterschenkel	6
unterschichen	6
unterschiedlichen	6
unterschlagen	6
unterschlagung	6
unterschreibst	6
unterschreibt	6
unterschreit	6
unterschreiten	6
unterschrieb	6
unterschriften	6
unterschwellig	6
unterseit	6
untersetzer	6
unterstehen	6
unterstell	6
unterstellen	6
unterstellung	6
unterstellungen	6
unterstreichen	6
unterstuf	6
unterstützend	6
unterstützungen	6
untersuchte	6
untersuchungsausschuss	6
untersuchungsbericht	6
untersuchungsergebnisse	6
untersuchungshaft	6
untersuchungskommission	6
untersuchungsricht	6
untertan	6
untertanen	6
untertauche	6
untertauchen	6
unterteilen	6
unterteilung	6
untertiteln	6
unterton	6
untertreibung	6
unterversorgung	6
unterwandern	6
unterwandert	6
unterwanderung	6
unterwarf	6
unterwasse	6
unterweisung	6
unterwerfen	6
unterwerfung	6
unterwäsch	6
unterwürfig	6
unterzeichn	6
unterzeichnung	6
unterziehen	6
unterzogen	6
untiefen	6
untoten	6
untragbar	6
untrennbar	6
untreu	6
untreue	6
untröstlich	6
untypisch	6
untätig	6
untätigkeit	6
unumgänglich	6
unumstritten	6
unumwunden	6
ununterbrochen	6
unverantwortlich	6
unverbindlich	6
unverblümt	6
unverdient	6
unvereinbar	6
unvergessen	6
unvergesslich	6
unvergleichlich	6
unverheiraten	6
unverhofft	6
unverhohlen	6
unverhältnismässig	6
unverkennbar	6
unvermeidbar	6
unvermeidlich	6
unvermindert	6
unvermittelen	6
unvermögen	6
unvernunft	6
unvernünftig	6
unverschlüsselt	6
unverschuldet	6
unversehren	6
unversehrtheit	6
unverständnis	6
unversucht	6
unverträglichkeit	6
unverwechselbar	6
unverzeihlich	6
unverzichtbar	6
unvollenden	6
unvollkommen	6
unvollständig	6
unvorbereiten	6
unvorbereitet	6
unvoreingenommen	6
unvorhersehbar	6
unvorsichtig	6
unwahr	6
unwahrheit	6
unwahrheiten	6
unweigerlich	6
unweit	6
unwesen	6
unwesentlich	6
unwetter	6
unwiderruflich	6
unwidersprochen	6
unwiderstehlich	6
unwiederbringlich	6
unwillen	6
unwillkürlich	6
unwirklich	6
unwirksam	6
unwirksamkeit	6
unwirtschaftlich	6
unwissend	6
unwissenheit	6
unwissentlich	6
unwohlsein	6
unwort	6
unwürdig	6
unz	6
unzen	6
unzensiern	6
unzertrennlich	6
unzucht	6
unzufriedenheit	6
unzugänglich	6
unzulänglichkeit	6
unzulässig	6
unzumutbar	6
unzureichend	6
unzutreffend	6
unzuverlässig	6
unzuverlässigkeit	6
unzweifelhaft	6
unzählig	6
unähnlich	6
unüberlegt	6
unübersehbar	6
unübersetztes	6
unübersichtlich	6
unüblich	6
upgrade	6
upload	6
upper	6
ural	6
uralt	6
uralte	6
uralten	6
uran	6
uranus	6
uraufführen	6
uraufführung	6
urbanisierung	6
ureinwohner	6
urenkel	6
urgeschichte	6
urgestein	6
urgrossmutt	6
urgrossvat	6
urgroßvater	6
urheber	6
urheberrechen	6
urheberrecht	6
urheberrechtlich	6
urheberrechtsverletzung	6
urheberschaft	6
uri	6
urinieren	6
urknall	6
urkund	6
urkundenfälschung	6
urkundlich	6
urlaube	6
urlauber	6
urlaubsgeld	6
urlaubsort	6
urlaubstag	6
urlaubszeit	6
urlaubsziel	6
urne	6
urologen	6
urologie	6
urplötzlich	6
ursach	6
ursprüngliche	6
ursächlich	6
urteile	6
urteilsbegründung	6
urteilsverkündung	6
urteilsvermög	6
uruguay	6
urwald	6
urzeit	6
urzeiten	6
us-regierung	6
usb-stick	6
usbekistan	6
uss	6
usus	6
utah	6
utensilien	6
uterus	6
uther	6
utopia	6
utopie	6
utopisch	6
utrecht	6
uwe	6
va	6
vaduz	6
vakant	6
vakanz	6
vakuum	6
valdez	6
valencia	6
valeria	6
valide	6
validierung	6
valium	6
vancouv	6
vandalen	6
vandalismus	6
vanille	6
vanilleeis	6
vanillen	6
var	6
varia	6
variabel	6
variabilität	6
variable	6
variablen	6
variabler	6
varianen	6
varianz	6
variation	6
variet	6
varietäen	6
varietät	6
variieren	6
vasallen	6
vaseline	6
vasen	6
vash	6
vasquez	6
vaterschaft	6
vatertag	6
vateruns	6
veganer	6
veganismus	6
vegetarier	6
vegetarierin	6
vegetarisch	6
vegetation	6
vehement	6
vehemenz	6
vehikel	6
veilch	6
veilchen	6
vektor	6
vektoren	6
velma	6
velo	6
velvet	6
vendetta	6
venen	6
vener	6
venetien	6
venezianer	6
ventil	6
ventilator	6
ventilatoren	6
verabred	6
verabredungen	6
verabreichen	6
verabreichung	6
verabscheue	6
verabscheuen	6
verabschiedung	6
verachte	6
verachtet	6
verachtung	6
verallgemeineren	6
verallgemeinern	6
verallgemeinerung	6
verallgemeinerungen	6
veralten	6
veraltet	6
verankern	6
verankerung	6
veranlagen	6
veranlagung	6
veranlasste	6
veranlassung	6
veranschaulichung	6
veranschlagen	6
veranstaltungen	6
veranstaltungskalend	6
veranstaltungsort	6
veranstaltungsreihe	6
verantwortliche	6
verantwortlichkeien	6
verantwortlichkeit	6
verantwortungsbereich	6
verantwortungsbewusst	6
verantwortungsbewusstsein	6
verantwortungsgefühl	6
verantwortungslos	6
verantwortungsvoll	6
verarbeitet	6
verarmen	6
verarmung	6
verarsche	6
verb	6
verbal	6
verbandsgemeind	6
verbannen	6
verbannung	6
verbauen	6
verbaut	6
verben	6
verbesserungsvorschlag	6
verbesserungswürdig	6
verbeugen	6
verbeugung	6
verbindlich	6
verbindlichkeit	6
verbindungsstrasse	6
verbissen	6
verbittern	6
verbittert	6
verbitterung	6
verblassen	6
verblasst	6
verbleib	6
verblenden	6
verblendung	6
verblieben	6
verbluten	6
verblöden	6
verblüffen	6
verblüfft	6
verbocken	6
verbogen	6
verbot	6
verbotene	6
verbotenen	6
verbrannten	6
verbrauchen	6
verbraucherschutz	6
verbraucherschützer	6
verbraucherzentral	6
verbrech	6
verbrechern	6
verbreitern	6
verbreiterung	6
verbreitungsgebiet	6
verbrenn	6
verbrennung	6
verbrennungsmotor	6
verbrennungsmotoren	6
verbuchen	6
verbund	6
verbundenheit	6
verbänd	6
verbünd	6
verbündeen	6
verbünden	6
verbündet	6
verbündeter	6
verbürgen	6
verbüsst	6
verdachtsfall	6
verdammen	6
verdammnis	6
verdampfe	6
verdampfen	6
verdauen	6
verdauung	6
verdeck	6
verdecken	6
verdeckte	6
verdenken	6
verderehen	6
verdeutlichen	6
verdeutlichung	6
verdichten	6
verdichtung	6
verdicken	6
verdienstorden	6
verdienten	6
verdirbt	6
verdoppelung	6
verdopplung	6
verdrecken	6
verdrehen	6
verdrehung	6
verdreifachen	6
verdruss	6
verdrängen	6
verdrängt	6
verdrängung	6
verdrücken	6
verdunkeln	6
verdunsten	6
verdunstung	6
verdursen	6
verdutzt	6
verdächtiges	6
verdünnen	6
verdünnung	6
veredeln	6
veredelung	6
verehren	6
verehrten	6
verehrter	6
verehrung	6
vereidigen	6
vereidigung	6
vereinbar	6
vereinbarkeit	6
vereinbarn	6
vereinfachen	6
vereinfachung	6
vereinheitlichen	6
vereinheitlichung	6
vereinigen	6
vereinigungen	6
vereinnahmen	6
vereinnahmung	6
vereinsheim	6
vereinsmitglied	6
vereinsregist	6
vereinten	6
vereinzeln	6
vereiteln	6
verelgan	6
verenden	6
verengen	6
verengung	6
vererben	6
vererbt	6
vererbung	6
verewigen	6
verfahrenstechnik	6
verfahrensweise	6
verfall	6
verfallsdatum	6
verfangen	6
verfass	6
verfassen	6
verfasserin	6
verfassungen	6
verfassungsbeschwerde	6
verfassungsgerichen	6
verfassungsgerichtshof	6
verfassungsmässigkeit	6
verfassungsrechen	6
verfassungsrechtlich	6
verfassungsreform	6
verfassungsrichter	6
verfassungswidrig	6
verfassungsänderung	6
verfecht	6
verfehlen	6
verfehln	6
verfehlung	6
verfehlungen	6
verfeinern	6
verfestigen	6
verfickt	6
verfickter	6
verfiel	6
verfilmen	6
verfilmung	6
verfilmungen	6
verflechtung	6
verflechtungen	6
verfliegen	6
verflochten	6
verfluche	6
verfluchen	6
verfluchtes	6
verfolger	6
verfolgten	6
verfolgungsjagd	6
verfolgungswahn	6
verformen	6
verformung	6
verfrachen	6
verfrachten	6
verfremden	6
verfrüht	6
verfälschen	6
verfärben	6
verfärbung	6
verfügbaren	6
verfügbarkeit	6
verführer	6
verführerisch	6
verführung	6
verfüllen	6
vergabe	6
vergangene	6
vergangenheitsbewältigung	6
vergas	6
vergast	6
vergaßen	6
vergebens	6
vergegenwärtigen	6
vergeigen	6
vergeigt	6
vergelten	6
vergesellschaftung	6
vergess	6
vergessenheit	6
vergesslich	6
vergesslichkeit	6
vergewaltigungen	6
vergewissern	6
vergibst	6
vergibt	6
vergiessen	6
vergießen	6
vergiftete	6
vergiftung	6
verging	6
vergingen	6
vergiß	6
verglasung	6
vergleichbarkeit	6
vergleiche	6
vergnügungen	6
vergnügungspark	6
vergolden	6
vergraulen	6
vergriffen	6
vergrösserung	6
vergrößert	6
vergänglich	6
vergänglichkeit	6
vergünstigungen	6
vergüten	6
vergütung	6
vergütungen	6
verhaftungen	6
verhalte	6
verhaltenskodex	6
verhaltensmust	6
verhaltensregeln	6
verhaltenstherapie	6
verhandelbar	6
verhandlungspartn	6
verharmlosen	6
verharmlosung	6
verharren	6
verhasst	6
verhauen	6
verheerend	6
verheilen	6
verheimlichst	6
verheiraten	6
verheissen	6
verheissung	6
verheizen	6
verhelfen	6
verherrlichen	6
verherrlicht	6
verherrlichung	6
verhinderung	6
verhungert	6
verhältnismäßigkeit	6
verhältnisse	6
verhängen	6
verhängnis	6
verhängung	6
verhärten	6
verhöhnen	6
verhöhnung	6
verhöre	6
verhüllen	6
verhüt	6
verhütung	6
verhütungsmittel	6
verifikation	6
verifizieren	6
verifiziern	6
verifizierung	6
verinnerlichen	6
verirren	6
verjagen	6
verjagt	6
verjähren	6
verjährung	6
verjährungsfrisen	6
verjüngen	6
verjüngung	6
verkabelt	6
verkabelung	6
verkatern	6
verkaufsfläch	6
verkaufsleiter	6
verkaufspreis	6
verkaufsschlager	6
verkaufsstart	6
verkaufsstellen	6
verkaufszahlen	6
verkauften	6
verkehren	6
verkehrsanbindung	6
verkehrsaufkommen	6
verkehrsbehinderungen	6
verkehrsbetrieben	6
verkehrschaos	6
verkehrsfluss	6
verkehrsführung	6
verkehrsinfrastruktur	6
verkehrskontrollen	6
verkehrslage	6
verkehrsminist	6
verkehrsministerium	6
verkehrsmittel	6
verkehrsnetz	6
verkehrsplanung	6
verkehrspolitik	6
verkehrsregeln	6
verkehrssicherheit	6
verkehrsteilnehmer	6
verkehrsunfällen	6
verkehrsunternehmen	6
verkehrsverbund	6
verkehrswegen	6
verkehrswend	6
verkehrswern	6
verkehrswesen	6
verkehrszeichen	6
verkennen	6
verkennt	6
verkettung	6
verklage	6
verkleben	6
verkleinern	6
verkleinerung	6
verklemmen	6
verklemmt	6
verklingt	6
verklärt	6
verklärung	6
verknappung	6
verknüpfen	6
verknüpfung	6
verknüpfungen	6
verkommen	6
verkorkst	6
verkosen	6
verkostung	6
verkraftet	6
verkrampfen	6
verkrampft	6
verkriechen	6
verkuppeln	6
verkäufe	6
verkäuferin	6
verkörpern	6
verkörpert	6
verkörperung	6
verkündigung	6
verkündung	6
verkürzen	6
verkürzung	6
verladen	6
verlag	6
verlage	6
verlagern	6
verlagerung	6
verlagsanstalt	6
verlagsbuchhandlung	6
verlagshaus	6
verlangsamen	6
verlangsamt	6
verlangsamung	6
verlassene	6
verlaub	6
verlauten	6
verlegung	6
verleih	6
verleisen	6
verleit	6
verleiten	6
verlernen	6
verlesen	6
verletze	6
verletzend	6
verletzlich	6
verletzlichkeit	6
verletzungsgefahr	6
verletzungspause	6
verleugnen	6
verleugnung	6
verleumden	6
verleumdung	6
verliebe	6
verliebten	6
verliebtheit	6
verlief	6
verlies	6
verlinken	6
verlinkung	6
verlobungsring	6
verlockung	6
verlogenheit	6
verlosen	6
verlost	6
verlosung	6
verlängert	6
verlängerungen	6
verlässlich	6
verlässlichkeit	6
vermacht	6
vermag	6
vermarkten	6
vermarktung	6
vermehren	6
vermehrn	6
vermehrung	6
vermeidbar	6
vermeidung	6
vermelden	6
vermengen	6
vermerk	6
vermerken	6
vermerkt	6
vermessen	6
vermessung	6
vermieterin	6
vermietet	6
vermietung	6
vermindern	6
verminderung	6
vermis	6
vermischen	6
vermischt	6
vermischung	6
vermisster	6
vermittelbar	6
vermittels	6
vermittler	6
vermont	6
vermummen	6
vermählen	6
vermählung	6
vermöbelt	6
vermögend	6
vermögenssteuer	6
vermögensverwalter	6
vermögensverwaltung	6
vermögenswerte	6
vern	6
vernachlässigbar	6
vernachlässigen	6
vernachlässigung	6
vernehmen	6
vernehmung	6
vernehmungen	6
verneinen	6
verneinung	6
vernetzen	6
vernetzung	6
vernichte	6
vernichtend	6
vernichtungslag	6
vernissage	6
vernommen	6
vernünftigen	6
vernünftiger	6
vernünftiges	6
verona	6
verordnen	6
verordnet	6
verordnungen	6
verorn	6
verorten	6
verpachten	6
verpacken	6
verpackt	6
verpass	6
verpfeifen	6
verpflegung	6
verpflichtend	6
verpflichtenden	6
verpfänden	6
verpfändung	6
verprügel	6
verpuffen	6
verputzen	6
verpönen	6
verran	6
verrechnen	6
verrechnung	6
verrichten	6
verriegeln	6
verriet	6
verringerung	6
verrohung	6
verrottet	6
verruf	6
verrutschen	6
verräterin	6
verrücken	6
verrücktheit	6
versailles	6
versammlungen	6
versammlungsfreiheit	6
versandhandel	6
versandkosen	6
versau	6
versaust	6
verschanzen	6
verschenken	6
verschenkt	6
verschessen	6
verscheuchen	6
verschicken	6
verschiebung	6
verschiebungen	6
verschiedener	6
verschiedenheit	6
verschiedentlich	6
verschiffen	6
verschlagen	6
verschlechtern	6
verschlechtert	6
verschlechterung	6
verschleieren	6
verschleiern	6
verschleierung	6
verschleiss	6
verschleppe	6
verschleppen	6
verschleppt	6
verschleppung	6
verschleudern	6
verschliessen	6
verschlimmern	6
verschlimmert	6
verschlingen	6
verschlingt	6
verschlossenen	6
verschlucken	6
verschlungen	6
verschlüsseln	6
verschlüsselung	6
verschmelzen	6
verschmelzung	6
verschmiern	6
verschmilzen	6
verschmitzen	6
verschmutzen	6
verschmutzung	6
verschmähen	6
verschnaufpause	6
verschnitt	6
verschollen	6
verschone	6
verschrecken	6
verschreiben	6
verschrotten	6
verschränken	6
verschulden	6
verschuldet	6
verschuldung	6
verschweigst	6
verschwenderisch	6
verschwiegenheit	6
verschwimmen	6
verschwindend	6
verschwitzen	6
verschwitzt	6
verschwommen	6
verschwundenen	6
verschwörer	6
verschwörungen	6
verschwörungstheoretiker	6
verschwörungstheorie	6
verschwörungstheorien	6
verschärfen	6
verschärfte	6
verschärfung	6
verschärfungen	6
verschöneren	6
verschönern	6
verschönerung	6
verschütten	6
verse	6
versen	6
versend	6
versende	6
versenden	6
versendung	6
versenkung	6
versessen	6
versetauen	6
versetzung	6
verseuchen	6
verseucht	6
versicher	6
versicherungen	6
versicherungsgesellschaft	6
versicherungsmakler	6
versicherungsnehmer	6
versicherungspflechen	6
versicherungsschutz	6
versicherungssummen	6
versicherungsunternehmen	6
versicherungsvertret	6
versicherungswirtschaft	6
versickern	6
versiegeln	6
versiegelung	6
versiegen	6
versiehen	6
versiern	6
versinden	6
versinken	6
versklaven	6
versklavung	6
versmass	6
versohlen	6
versohlt	6
versorger	6
versorgungssicherheit	6
verspannen	6
verspannt	6
verspeisen	6
versperren	6
versperrt	6
verspielen	6
verspielt	6
verspoten	6
verspotten	6
verspottet	6
versprachen	6
versprecht	6
versprechungen	6
versprühen	6
verspäten	6
verspätungen	6
verspüren	6
verstaatlichen	6
verstaatlichung	6
verstarb	6
verstauben	6
verstaucht	6
verstaut	6
versteckter	6
versteift	6
versteigern	6
versteigerung	6
versteinern	6
verstellen	6
versteuern	6
verstiess	6
verstimmen	6
verstimmung	6
verstopfen	6
verstopfung	6
verstorbene	6
verstorbener	6
verstrahlen	6
verstreichen	6
verstreuen	6
verstricken	6
verstrickt	6
verstrickung	6
verstummen	6
verständigt	6
verständigung	6
verständlicherweise	6
verständlichkeit	6
verständnisvoll	6
verstärker	6
verstören	6
verstörend	6
verstösse	6
verstösst	6
verstümmeln	6
verstümmelt	6
verstümmelung	6
versuchs	6
versuchsanstalt	6
versuchskaninchen	6
versuchsperson	6
versuchsweise	6
versuchungen	6
versunken	6
versäumen	6
versäumnis	6
versäumnisse	6
versöhnen	6
versöhnlich	6
versöhnung	6
versüssen	6
versüsst	6
vertagen	6
vertagt	6
vertan	6
vertausch	6
vertauschen	6
verteidigst	6
verteidigungslinie	6
verteidigungsminister	6
verteidigungsministerin	6
verteidigungspolitik	6
verteil	6
verteiln	6
verteuern	6
verteuerung	6
verteufeln	6
vertiefen	6
vertieft	6
vertiefung	6
vertiefungen	6
vertigo	6
vertikal	6
vertippen	6
vertonen	6
vertonung	6
vertrage	6
vertraglich	6
vertragsabschluss	6
vertragsbedingungen	6
vertragsbruch	6
vertragslaufzeit	6
vertragspartei	6
vertragspartner	6
vertragsstaaen	6
vertragsverhandlungen	6
vertragsverlängerung	6
vertrauensperson	6
vertrauensverhältnis	6
vertrauensverlust	6
vertrauensvoll	6
vertrauenswürdig	6
vertrauliche	6
vertraulichkeit	6
vertrauten	6
vertrautheit	6
vertreibt	6
vertreibung	6
vertretbar	6
vertreterin	6
vertreterinnen	6
vertretungen	6
vertrieb	6
vertriebsleiter	6
vertriebsmitarbeiter	6
vertriebspartner	6
verträglich	6
verträglichkeit	6
verträgt	6
verträumen	6
vertuscht	6
vertuschung	6
verunglimpfen	6
verunglimpfung	6
verunglücken	6
verunglückn	6
verunglückten	6
verunreinigen	6
verunreinigung	6
verunreinigungen	6
verunsichern	6
verunsichert	6
verunsicherung	6
verunstalten	6
veruntreuen	6
veruntreuung	6
verursach	6
verurteilte	6
verurteilten	6
verurteilter	6
verurteilungen	6
verve	6
vervielfingen	6
vervielfältigen	6
vervielfältigung	6
vervierfachen	6
vervollständigen	6
vervollständigung	6
verwachsen	6
verwahren	6
verwahrlost	6
verwahrlosung	6
verwahrung	6
verwaisen	6
verwaiste	6
verwalt	6
verwalten	6
verwaltungsakt	6
verwaltungsaufwand	6
verwaltungsbehörden	6
verwaltungsbezirk	6
verwaltungsgebäude	6
verwaltungsgemeinschaft	6
verwaltungsgericht	6
verwaltungsgerichtshof	6
verwaltungskosten	6
verwaltungsrat	6
verwaltungsrechen	6
verwandelte	6
verwanden	6
verwandle	6
verwandtschaft	6
verwanzt	6
verwarnen	6
verwarnung	6
verweben	6
verwechslung	6
verwechslungsgefahr	6
verwegen	6
verwehen	6
verwehren	6
verwehrt	6
verweigerung	6
verweildauer	6
verweilen	6
verweise	6
verwendbar	6
verwendete	6
verwendungen	6
verwendungszweck	6
verwerfen	6
verwerflich	6
verwerfung	6
verwertbar	6
verwerten	6
verwertung	6
verwertungsgesellschaft	6
verwesung	6
verwickeln	6
verwicklung	6
verwicklungen	6
verwiesen	6
verwirklichung	6
verwirrte	6
verwischen	6
verwischt	6
verwitterung	6
verwitwet	6
verworren	6
verwunden	6
verwunderlich	6
verwundern	6
verwunderung	6
verwundete	6
verwundung	6
verwurzeln	6
verwässern	6
verwöhnen	6
verwüsten	6
verwüstet	6
verwüstung	6
verwüstungen	6
very	6
verzagen	6
verzahnen	6
verzahnung	6
verzauberen	6
verzaubern	6
verzehren	6
verzehrt	6
verzeichnet	6
verzeichnisse	6
verzeihst	6
verzerren	6
verzerrn	6
verzerrt	6
verzerrung	6
verzerrungen	6
verzichen	6
verzichtet	6
verzieht	6
verzieren	6
verziert	6
verzierung	6
verzinsen	6
verzinsung	6
verzug	6
verzweifeln	6
verzweifelte	6
verzweifelten	6
verzweigen	6
verzweigung	6
verzögeren	6
verzögern	6
verzögert	6
verzücken	6
verächtlich	6
veränderlich	6
verängstigen	6
veräppeln	6
verärgerung	6
veräussern	6
veräusserung	6
verüben	6
vesper	6
vesuv	6
veteran	6
veteranen	6
veterinär	6
veterinärmedizin	6
veto	6
vetorechen	6
vettel	6
vettern	6
vetternwirtschaft	6
vi	6
viagra	6
vibration	6
vibrationen	6
vibrator	6
vibrieren	6
vibriern	6
vibriert	6
vice	6
vichy	6
vickie	6
videoaufnahmen	6
videobeweis	6
videobotschaft	6
videoclip	6
videokamera	6
videokonferenz	6
videomaterial	6
videospiel	6
videospiele	6
videothek	6
videoüberwachung	6
viech	6
viecher	6
viehzuchen	6
vielerlei	6
vielerorts	6
vielfache	6
vielfältig	6
vielfältigkeit	6
vielschichtig	6
vielseitig	6
vielseitige	6
vielseitigkeit	6
vielversprechend	6
vierbeiner	6
viere	6
viereck	6
vieren	6
vierfechen	6
vierhundern	6
vierjährig	6
vierjährige	6
viert	6
viertelfinal	6
vierteljahr	6
vierteljahrhunderen	6
vierteljährlich	6
vierteln	6
viertelstund	6
viertelstunde	6
viertens	6
vierter	6
viertes	6
viertgrösste	6
vierundzwanzig	6
vierzehn	6
vietnamese	6
vietnamesisch	6
vietnamkreigen	6
vignette	6
vikaay	6
vikar	6
villen	6
vilnius	6
vin	6
vinci	6
vinny	6
vinyl	6
viola	6
violett	6
violine	6
violinen	6
violinkonzern	6
violoncello	6
viral	6
virenscann	6
virtuell	6
virtuos	6
virtuose	6
virtuosen	6
virtuosität	6
visa	6
visage	6
visionär	6
visitation	6
visite	6
visitenkarn	6
visitenkarte	6
viskosität	6
vista	6
visualisiern	6
visualisierung	6
visuell	6
visuelle	6
visum	6
vital	6
vitalität	6
vitaminen	6
vitrine	6
vitrinen	6
viv	6
viva	6
vizekanzler	6
vizekönig	6
vizemeister	6
vizepräsidenten	6
vizeweltmeist	6
vlad	6
vladimir	6
vlies	6
vogelaren	6
vogelfrei	6
vogelgezwitsch	6
vogelgezwitscher	6
vogelgrippe	6
vogelperspektiven	6
vogelscheuch	6
vogelscheuche	6
vogelschutz	6
vogelweln	6
vogesen	6
vogtei	6
vogtland	6
vokabel	6
vokabeln	6
vokabular	6
vokal	6
vokale	6
volatilität	6
volen	6
volksabstimmung	6
volksbefragung	6
volksbegehren	6
volksbildung	6
volksentscheid	6
volksentscheide	6
volksf	6
volksfest	6
volksgemeinschaft	6
volksgruppe	6
volkshochschule	6
volkshochschulen	6
volkskammer	6
volkskund	6
volkskunst	6
volkslied	6
volksmusik	6
volkspartei	6
volksparteien	6
volkspolizei	6
volksrepublik	6
volksschule	6
volksschulen	6
volkssport	6
volksstimmen	6
volkstheater	6
volksverhetzung	6
volksversammlung	6
volksvertreter	6
volksvertretung	6
volkswirt	6
volkswirtschaft	6
volkswirtschaftlich	6
volkswirtschaftslehren	6
volkszählung	6
vollauf	6
vollautomatisch	6
vollbart	6
vollbeschäftigung	6
vollblut	6
vollbremsung	6
volldampf	6
vollenden	6
vollends	6
vollendung	6
vollgas	6
vollgepacken	6
vollgestopfen	6
vollidion	6
vollidioten	6
volljährig	6
volljährigkeit	6
vollkommenheit	6
vollkornbrot	6
vollmachen	6
vollmacht	6
vollmilch	6
vollmundig	6
vollnarkose	6
vollpfoster	6
vollsperrung	6
vollstrecken	6
vollstrecker	6
vollstreckung	6
vollständigen	6
vollständigkeit	6
volltext	6
volltrottel	6
vollversammlung	6
vollversion	6
vollzeitstellen	6
vollziehen	6
vollzogen	6
vollzug	6
volontariat	6
volt	6
volta	6
vonsein	6
voodoo	6
vorabend	6
vorahnung	6
voranbringen	6
vorangegangen	6
vorangehen	6
vorangestellt	6
vorankommen	6
vorankündigung	6
voranmeldung	6
voranschreiten	6
vorantreiben	6
vorarbeien	6
vorarbeit	6
vorarbeiter	6
vorausgegehen	6
voraussagen	6
vorausschauend	6
voraussechen	6
voraussehen	6
voraussetzungen	6
voraussetzungsvoll	6
vorauswahl	6
vorband	6
vorbau	6
vorbehalt	6
vorbehaltlich	6
vorbehaltlos	6
vorbeibringen	6
vorbeifahren	6
vorbeigefahren	6
vorbeigehen	6
vorbeigelaufen	6
vorbeigeschauen	6
vorbeikommt	6
vorbeiziehen	6
vorbeizukommen	6
vorbelasten	6
vorbemerkung	6
vorbereitungszeit	6
vorberichen	6
vorbesitzer	6
vorbestelle	6
vorbestellen	6
vorbestellung	6
vorbestellungen	6
vorbestraft	6
vorbeugend	6
vorbeugung	6
vorbildlich	6
vorbildung	6
vorboen	6
vorbote	6
vorbringen	6
vordach	6
vordenk	6
vorderachse	6
vorderen	6
vorderer	6
vorderflügel	6
vordergründig	6
vordermann	6
vordern	6
vorderrad	6
vorderseite	6
vorderster	6
vordertür	6
vordringen	6
vordringt	6
voreinander	6
voreingenommen	6
voreingenommenheit	6
vorfinden	6
vorfreude	6
vorfälle	6
vorfällen	6
vorführungen	6
vorgabe	6
vorgangsweise	6
vorgarn	6
vorgeben	6
vorgebeugen	6
vorgeblich	6
vorgefunden	6
vorgeführt	6
vorgehaben	6
vorgehaln	6
vorgekommen	6
vorgelegen	6
vorgelegt	6
vorgemachen	6
vorgemerken	6
vorgeschichen	6
vorgeschmack	6
vorgesetzen	6
vorgesorgen	6
vorgespieln	6
vorgewarnen	6
vorgeworfen	6
vorgezeichnen	6
vorgezogen	6
vorgibt	6
vorgängermodell	6
vorhabe	6
vorhallen	6
vorhalten	6
vorhatte	6
vorhauen	6
vorhergesagt	6
vorhergesehen	6
vorherigen	6
vorherrsch	6
vorherrschaft	6
vorherrschend	6
vorhersage	6
vorhersagen	6
vorherseh	6
vorhersehbar	6
vorhof	6
vorhut	6
vorhängen	6
vorigen	6
vorjahreszeitraum	6
vorkasse	6
vorkaufsrecht	6
vorkehrungen	6
vorkenntnisse	6
vorkommnis	6
vorkommnisse	6
vorkriegszeit	6
vorkämpfer	6
vorladen	6
vorlauf	6
vorleben	6
vorlegen	6
vorleistung	6
vorles	6
vorletzt	6
vorletzter	6
vorlieben	6
vorliegend	6
vorläufer	6
vormachtstellung	6
vormals	6
vormarsch	6
vormerken	6
vormonat	6
vormundschaft	6
vormärz	6
vornahmen	6
vornehm	6
vorneweg	6
vororn	6
vorort	6
vorplatz	6
vorpost	6
vorprogrammieren	6
vorrang	6
vorratsdatenspeicherung	6
vorraum	6
vorrecht	6
vorreden	6
vorredner	6
vorreiter	6
vorreiterrollen	6
vorrichtung	6
vorrichtungen	6
vorrund	6
vorrätig	6
vorrücken	6
vorsaison	6
vorsatz	6
vorschau	6
vorschein	6
vorschieben	6
vorschlaghammer	6
vorschnell	6
vorschreiben	6
vorschrifen	6
vorschriftsmässig	6
vorschub	6
vorschule	6
vorsehen	6
vorsehung	6
vorsichtshalber	6
vorsichtsmassnahmen	6
vorsichtsmaßnahme	6
vorsinge	6
vorsingen	6
vorsitzend	6
vorsitzenden	6
vorsorge	6
vorsorgen	6
vorsorglich	6
vorspann	6
vorspeise	6
vorspiel	6
vorspreche	6
vorstadt	6
vorstandschef	6
vorstandsmitgleiden	6
vorstandsmitgliede	6
vorstandssitzung	6
vorstandsvorsitzende	6
vorstandsvorsitzenden	6
vorstandsvorsitzender	6
vorsteh	6
vorstehend	6
vorstellbar	6
vorstelle	6
vorstellt	6
vorstellungskraft	6
vorstoss	6
vorstossen	6
vorstufen	6
vorstädt	6
vorständ	6
vorstösse	6
vorsätzen	6
vorsätzlich	6
vortag	6
vorteilhaft	6
vortragen	6
vortragenden	6
vortragsreihe	6
vortrefflich	6
vortreiten	6
vortreten	6
vortrieb	6
vortäuschen	6
vorurteil	6
vorverkauf	6
vorverlegen	6
vorverurteilung	6
vorwahl	6
vorwahlen	6
vorweg	6
vorweihnachtszeit	6
vorweisen	6
vorwissen	6
vorwoch	6
vorzeichen	6
vorzeigen	6
vorzeit	6
vorzimmer	6
vorzug	6
vorzugsweise	6
vorzüge	6
vorzüglich	6
vorüberegehen	6
vorübergehenden	6
vorübergehender	6
votum	6
voyeur	6
vulgär	6
vulkanausbruch	6
vulkane	6
vulva	6
väterlicherseits	6
vätern	6
vögelst	6
völekchen	6
völk	6
völkerbund	6
völkerkund	6
völkermord	6
völkerrechen	6
völkerrechtlich	6
völkerrechtswidrig	6
völkerverständigung	6
völkerwanderung	6
völkisch	6
völlige	6
völliger	6
waadt	6
waage	6
waagerechen	6
waagschal	6
waben	6
wabern	6
wachdienst	6
wachleute	6
wachold	6
wachsamkeit	6
wachsend	6
wachst	6
wachstumsraen	6
wachstumsrate	6
wachtel	6
wachturm	6
wackelig	6
wackeln	6
wackelt	6
wacker	6
waden	6
wadi	6
waffel	6
waffenbesitz	6
waffenexport	6
waffengewalt	6
waffenhandel	6
waffenhändler	6
waffenlager	6
waffenlieferung	6
waffenrechen	6
waffenruhe	6
waffenschein	6
waffensysteme	6
waggon	6
wagnis	6
wagte	6
wah	6
wahlabend	6
wahlausgang	6
wahlbeobachter	6
wahlberechtigen	6
wahlberechtigten	6
wahlbetragen	6
wahlbezirk	6
wahlempfehlung	6
wahlerfolg	6
wahlergebnis	6
wahlergebnisse	6
wahlgang	6
wahlgesetz	6
wahlhelfer	6
wahljahr	6
wahlkabine	6
wahlkampagne	6
wahlkampfveranstaltung	6
wahlkarten	6
wahlkommission	6
wahlkreis	6
wahlkämpfe	6
wahllokal	6
wahllos	6
wahlmöglichkeiten	6
wahlniederlage	6
wahlperiode	6
wahlplakat	6
wahlprogramm	6
wahlrechen	6
wahlsieg	6
wahlspruch	6
wahlsyst	6
wahltag	6
wahlurn	6
wahlverhalten	6
wahlversprech	6
wahlvorschliegen	6
wahlweise	6
wahlwerbung	6
wahlzettel	6
wahn	6
wahnsinnige	6
wahnsinnigen	6
wahnsinniger	6
wahnvorstellungen	6
wahrend	6
wahrgenommen	6
wahrhaben	6
wahrhaftigkeit	6
wahrheiten	6
wahrheitsfindung	6
wahrheitsgehalt	6
wahrnehmbar	6
wahrnehmungen	6
wahrsag	6
wahrsager	6
wahrscheinlicher	6
wahrung	6
wahrzeichen	6
waisenkind	6
walch	6
waldboden	6
waldbrinden	6
waldes	6
waldfläch	6
waldflächen	6
waldfriedhof	6
waldgebaten	6
waldmann	6
waldo	6
waldorf	6
waldorfschule	6
waldrand	6
waldstück	6
waldweg	6
waldwirtschaft	6
wales	6
walfang	6
walhalla	6
waliser	6
walk	6
walken	6
walking	6
walkman	6
walküre	6
wallach	6
wallander	6
wallfahren	6
wallfahrtskirch	6
wallfahrtsort	6
wallis	6
wallung	6
walnuss	6
walnut	6
walnüsse	6
walpurgisnacht	6
walten	6
waltons	6
waltverbrechen	6
waltz	6
walz	6
walzen	6
wameru	6
wampe	6
wan	6
wandbild	6
wandeln	6
wandelt	6
wanderausstellung	6
wanderen	6
wanderer	6
wanderführer	6
wandernder	6
wanderschaft	6
wandertag	6
wanderte	6
wanderungen	6
wanderweg	6
wandgemäld	6
wandler	6
wandlung	6
wandlungen	6
wandmalerei	6
wandmalereien	6
wandte	6
wanken	6
wannen	6
wanzen	6
warenhau	6
warenhäus	6
warenkorb	6
warentest	6
warenwern	6
warenzeich	6
warmer	6
warmwasser	6
warnemünd	6
warnhinweise	6
warnschuss	6
warnsignal	6
warnstreik	6
warnt	6
warnungen	6
warnwe	6
warpantrieb	6
warschauer	6
warteliste	6
wartend	6
warteraum	6
warteschlange	6
warteschlangen	6
warteschleifen	6
wartezeit	6
wartezimmer	6
wartung	6
wartungsarbeiten	6
warwick	6
warze	6
warzen	6
waschanlagen	6
waschbär	6
waschbären	6
waschküch	6
waschlapp	6
waschlappen	6
waschmaschinen	6
waschmittel	6
waschraum	6
wasen	6
wasserbad	6
wasserball	6
wasserbau	6
wasserbecken	6
wasserbomben	6
wasserburg	6
wasserdampf	6
wasserdicht	6
wasserdruck	6
wasserfall	6
wasserfesen	6
wasserflasch	6
wasserflaschen	6
wasserfläch	6
wasserfälle	6
wasserglas	6
wassergraben	6
wasserhahn	6
wasserkoch	6
wasserkraft	6
wasserkraftwerk	6
wasserleitung	6
wasserleitungen	6
wassermangel	6
wassermann	6
wassermelone	6
wassermengen	6
wasseroberfläche	6
wasserpflanzen	6
wasserqualität	6
wasserrutsch	6
wassers	6
wasserschaden	6
wasserscheide	6
wasserski	6
wasserspiegel	6
wasserspiel	6
wasserstand	6
wasserstoff	6
wasserstrahl	6
wasserstrasse	6
wasserstrassen	6
wassertank	6
wassertemperatur	6
wassertiefe	6
wasserturm	6
wasserverbrauch	6
wasserversorgung	6
wasserwerfer	6
wasserwerk	6
wasserwerken	6
wasserwirtschaft	6
wasserzeichen	6
water	6
waters	6
watte	6
wattenmeer	6
wattestäbchen	6
watts	6
wau	6
wc	6
wcs	6
wdr	6
weagen	6
webauftreiten	6
webb	6
webcam	6
webdesign	6
weben	6
weberei	6
webinar	6
webmaster	6
webseien	6
webseit	6
webseite	6
webserver	6
wechselhaft	6
wechseljahren	6
wechselkurs	6
wechselnd	6
wechselseitig	6
wechselspiel	6
wechselstrom	6
wechselte	6
wechselwirkung	6
wechselwirkungen	6
wechsl	6
wechsle	6
wecke	6
weckruf	6
weckst	6
weckte	6
wedel	6
wedeln	6
wegbegleiter	6
wegbereiter	6
wegbeschreibung	6
wegbleiben	6
weges	6
wegesrand	6
wegfall	6
wegfallen	6
weggang	6
weggeben	6
weggeblasen	6
weggebracht	6
weggefährn	6
weggeht	6
weggekommen	6
weggelassen	6
weggeräumen	6
weggeschmissen	6
weggesperren	6
weggesperrt	6
weggespülen	6
weggetreten	6
weggezogen	6
wegging	6
wegkommst	6
weglassen	6
weglegen	6
wegräumen	6
wegschaffen	6
wegschauen	6
wegschicken	6
wegschmeissen	6
wegsehen	6
wegstecken	6
wegstrecken	6
wegweis	6
wegweisend	6
wegwischen	6
wegziehen	6
wegzugehen	6
wegzunehmen	6
wehmut	6
wehmütig	6
wehr	6
wehrdienst	6
wehrlos	6
wehrmachen	6
wehrpflicht	6
wehrt	6
wehwehchen	6
wehzutun	6
weibch	6
weibern	6
weiblicher	6
weiblichkeit	6
weibt	6
weicheier	6
weicher	6
weiches	6
weichsel	6
weichspüler	6
weicht	6
weidelinden	6
weidmann	6
weigerung	6
weih	6
weihbischof	6
weihe	6
weihen	6
weihnachen	6
weihnacht	6
weihnachtlich	6
weihnachtsbaum	6
weihnachtsbäume	6
weihnachtsfeier	6
weihnachtsferien	6
weihnachtsfest	6
weihnachtsgeld	6
weihnachtsgeschafen	6
weihnachtsgeschenk	6
weihnachtsgeschenkn	6
weihnachtsgeschichten	6
weihnachtskarn	6
weihnachtslied	6
weihnachtsmarkt	6
weihnachtsmärkte	6
weihnachtsstimmung	6
weihnachtstag	6
weihnachtszeit	6
weihrauch	6
weihwasser	6
weiland	6
weilen	6
weiler	6
weilt	6
weinbau	6
weinberg	6
weinend	6
weinerlich	6
weinfest	6
weingarten	6
weingut	6
weingärten	6
weingüter	6
weinkeller	6
weinlese	6
weinprobe	6
weinstein	6
weinstock	6
weintrauben	6
weinzierl	6
weir	6
weisheien	6
weismachen	6
weissbier	6
weissbrot	6
weissbuch	6
weissglut	6
weissgold	6
weisslich	6
weissrussland	6
weissten	6
weisswein	6
weisswurst	6
weisung	6
weisungen	6
weitab	6
weitblick	6
weiterarbeiten	6
weiterbringen	6
weiterentwickeln	6
weiterentwicklungen	6
weiterführen	6
weiterführung	6
weitergabe	6
weitergeführen	6
weitergegangen	6
weitergeholfen	6
weitergeleiten	6
weitergeleitet	6
weitergemacht	6
weitergereechen	6
weiterkommen	6
weiterlaufen	6
weiterleiten	6
weiterleitung	6
weiterlesen	6
weitermachst	6
weiterreden	6
weiterreise	6
weiters	6
weitersagen	6
weiterspielen	6
weitersuchen	6
weiterverarbeiten	6
weiterverarbeitung	6
weiterverfolgen	6
weiterverkauf	6
weiterverkaufen	6
weiterziehen	6
weitestgehend	6
weithin	6
weitläufig	6
weitreichend	6
weiträumig	6
weitsprung	6
weizenmehl	6
weißwein	6
welke	6
wellenlänge	6
wellenlängen	6
weller	6
wellington	6
weln	6
welp	6
welpe	6
weltanschauung	6
weltausstellung	6
weltbank	6
weltberühmt	6
weltbevölkerung	6
weltbürger	6
welterb	6
weltfremd	6
weltfriede	6
weltgeschichte	6
weltgesundheitsorganisation	6
welthandel	6
weltherrschaft	6
weltkarn	6
weltklasse	6
weltkreigen	6
weltkriegen	6
weltkulturerbe	6
weltliteratur	6
weltmacht	6
weltmarkt	6
weltmarktführer	6
weltmeern	6
weltmeisterin	6
weltmeisterschafn	6
weltmeistertitel	6
weltoffen	6
weltoffenheit	6
weltordnung	6
weltpolitik	6
weltpremiern	6
weltrangli	6
weltregierung	6
weltreise	6
weltrekord	6
weltreligionen	6
weltschmerz	6
weltsichen	6
weltspitzen	6
weltstadt	6
welttag	6
weltuntergang	6
weltverband	6
weltwirtschaft	6
weltwirtschaftskrise	6
weltwund	6
wendel	6
wendell	6
wendeltreppe	6
wendepunken	6
wendig	6
wendigkeit	6
wendung	6
wendungen	6
wenns	6
werbeagentur	6
werbeagenturen	6
werbebranche	6
werbeeinnahmen	6
werbeimmobilien	6
werbekampagn	6
werbekampagne	6
werbemittel	6
werber	6
werbespot	6
werbespots	6
werbeträger	6
werbungen	6
werbungskosen	6
werdegang	6
were	6
werf	6
werfer	6
werkbank	6
werkmeister	6
werksgeländer	6
werkstoff	6
werkstoffen	6
werkstudent	6
werkstätte	6
werkstätten	6
werkstück	6
werkstücke	6
werktag	6
werktage	6
werktags	6
werkzeugkasten	6
werkzeugmaschinen	6
wermutstropfen	6
werra	6
werter	6
wertgegenständ	6
wertgeschätzt	6
wertheim	6
wertigkeit	6
wertpapier	6
wertpapierbörse	6
wertsachen	6
wertschätzen	6
wertschätzung	6
wertschöpfung	6
wertschöpfungsketen	6
wertsteigerung	6
wertungen	6
wertverlust	6
wertvollen	6
wertvoller	6
wertvorstellung	6
werwölfe	6
wesens	6
wesentlichen	6
weserbergland	6
wespe	6
wespen	6
wessex	6
westafrika	6
westberlin	6
westdeutsch	6
westdeutschen	6
westdeutschland	6
westens	6
westeuropa	6
westflügel	6
westjordanland	6
westküste	6
westliche	6
westpreussen	6
westschweiz	6
westseite	6
westwind	6
westwärts	6
wettbewerber	6
wettbewerbsfähig	6
wettbewerbsfähigkeit	6
wettbewerbsrechen	6
wettbewerbsvorteil	6
wettbüro	6
wetteifern	6
wetterbedingungen	6
wetterberechen	6
wetterbericht	6
wetterdienst	6
wetterlage	6
wettern	6
wetterstation	6
wettervorhersage	6
wettkämpfe	6
wettlauf	6
wettn	6
wettrennen	6
wettrüsen	6
wettstreit	6
whistler	6
whitey	6
whiteywhiteman	6
whitman	6
wichen	6
wichita	6
wichse	6
wichsen	6
wicht	6
wichten	6
wichtheben	6
wichtigere	6
wichtigkeit	6
wichtigtuer	6
wichtsklassen	6
wickel	6
wickeln	6
widder	6
widerfähren	6
widerlegen	6
widerlegung	6
widerliche	6
widerlichen	6
widerlicher	6
widerling	6
widerrechtlich	6
widerrede	6
widerruf	6
widerrufen	6
widerspiegeln	6
widerspricht	6
widersprüch	6
widersprüchlich	6
widerstandsbewegung	6
widerstandsfähig	6
widerstandsfähigkeit	6
widerstandskraft	6
widerstandskämpfer	6
widerstandslos	6
widerständ	6
widerwillig	6
widerwärtig	6
widme	6
widmung	6
widrigkeien	6
wiederaufbau	6
wiederauferstehung	6
wiederaufnahme	6
wiederbeleben	6
wiederbelebung	6
wiedereinführung	6
wiedereingliederung	6
wiedereinsetzung	6
wiedereinsteigen	6
wiedereintritt	6
wiederentdeckt	6
wiederentdeckung	6
wiedererkannen	6
wiedererkannt	6
wiedererkennen	6
wiedererkennungsweren	6
wiedereröffnen	6
wiedereröffnung	6
wiedergabe	6
wiedergeben	6
wiedergeburt	6
wiedergefunden	6
wiedergesehen	6
wiedergutzumachen	6
wiederhergestellt	6
wiederherstellen	6
wiederherstellung	6
wiederherzustellen	6
wiederholungen	6
wiederholungstäter	6
wiederkehr	6
wiederkomme	6
wiedersehe	6
wiederverwenden	6
wiederverwendung	6
wiederwahl	6
wiederwählen	6
wienerin	6
wiesel	6
wiesen	6
wiesental	6
wihlheimaten	6
wiki	6
wiking	6
wilbur	6
wilderer	6
wildkatze	6
wildpark	6
wildschwein	6
wildti	6
wilhelmshaven	6
wilkes	6
wilkins	6
willa	6
willard	6
willensbildung	6
willenserklärung	6
willenskraft	6
willentlich	6
willig	6
willkommenskultur	6
willkür	6
willkürlich	6
willoughby	6
wills	6
wimmern	6
wimpel	6
wimper	6
wimpern	6
windböen	6
winden	6
windenergie	6
windenergieanlagen	6
windgeschwindigkeit	6
windig	6
windkraft	6
windkraftanlage	6
windkraftanlagen	6
windmühl	6
windmühlen	6
windpark	6
windrad	6
windrichtung	6
windräder	6
windschaten	6
windschutzscheibe	6
windschutzscheiben	6
windsor	6
windstill	6
windstärke	6
windungen	6
wing	6
wings	6
wink	6
winken	6
winkt	6
winkte	6
winn	6
winnetou	6
winnzahlen	6
winseln	6
winselt	6
winterdienst	6
wintergarten	6
winterjacken	6
wintermonat	6
wintern	6
winterpause	6
winterquartier	6
winterreifen	6
winters	6
wintersaison	6
winterschlaf	6
wintersemester	6
winterzeit	6
winzer	6
winziger	6
winziges	6
wippe	6
wippen	6
wirbelen	6
wirbeln	6
wirbelsturm	6
wirbeltiern	6
wirbelwind	6
wirke	6
wirklicher	6
wirkstoff	6
wirkungen	6
wirkungsgrad	6
wirkungskreis	6
wirkungslos	6
wirkungsstätte	6
wirkungsvoll	6
wirkungsweiser	6
wirrwarr	6
wirsing	6
wirtin	6
wirtschaften	6
wirtschaftlichkeit	6
wirtschaftsbeziehungen	6
wirtschaftsentwicklung	6
wirtschaftsfaktor	6
wirtschaftsforschung	6
wirtschaftsförderung	6
wirtschaftsgemeinschaft	6
wirtschaftsinformatik	6
wirtschaftskammer	6
wirtschaftskraft	6
wirtschaftskrise	6
wirtschaftslage	6
wirtschaftsleben	6
wirtschaftsleistung	6
wirtschaftsminister	6
wirtschaftsministerium	6
wirtschaftsordnung	6
wirtschaftspolitik	6
wirtschaftsprüfer	6
wirtschaftsprüfungsgesellschaft	6
wirtschaftsraum	6
wirtschaftsrechen	6
wirtschaftsstandort	6
wirtschaftssystem	6
wirtschaftsunternehmen	6
wirtschaftswachstum	6
wirtschaftsweise	6
wirtschaftswissenschaft	6
wirtschaftswissenschaften	6
wirtschaftswissenschaftler	6
wirtschaftswund	6
wirtschaftszweig	6
wirtshaus	6
wisconsin	6
wisse	6
wissend	6
wissenschafen	6
wissenschafter	6
wissenschaftlerin	6
wissenschaftlerinnen	6
wissenschaftsgeschichen	6
wissenschaftstheorie	6
wissensmanagement	6
wissensstand	6
wissensvermittlung	6
wissenswertes	6
wissentlich	6
wittern	6
witterung	6
witwen	6
witwer	6
witzfigur	6
witzige	6
witziger	6
wißt	6
wladiwostok	6
woandershin	6
wochenbeginn	6
wochenblatt	6
wochenmarken	6
wochenschau	6
wochenschrifn	6
wochentag	6
wochentage	6
wochentags	6
wochenzeitung	6
wogegen	6
wogen	6
wohingegen	6
wohlbefinden	6
wohlbehalten	6
wohlergehen	6
wohlfahren	6
wohlfahrtspflegen	6
wohlfühlen	6
wohlgefallen	6
wohlgemerkt	6
wohlhabend	6
wohlig	6
wohlleben	6
wohltan	6
wohltat	6
wohltuend	6
wohltät	6
wohltäter	6
wohltätigkeit	6
wohlwollen	6
wohlwollend	6
wohn	6
wohnanlagen	6
wohnbau	6
wohnbebauung	6
wohnbereich	6
wohnblock	6
wohneigentum	6
wohneinheien	6
wohnfläche	6
wohngebien	6
wohngebiet	6
wohngebäude	6
wohngegend	6
wohngeld	6
wohngemeinschafen	6
wohngemeinschaft	6
wohnhaft	6
wohnheim	6
wohnhäuser	6
wohnmobil	6
wohnmobile	6
wohnräume	6
wohnsiedlung	6
wohnsituation	6
wohnungsbau	6
wohnungsbrand	6
wohnungseigentümer	6
wohnungsmarkt	6
wohnungsnot	6
wohnungssuch	6
wohnungstür	6
wohnungsunternehmen	6
wohnungswirtschaft	6
wohnviertel	6
wok	6
wolfe	6
wolfgang	6
wolfram	6
wolga	6
wolgograd	6
wolkendecken	6
wolkenkratzer	6
wolkenlos	6
wolkig	6
wollust	6
wonder	6
wonne	6
woodhouse	6
woraufhin	6
woraus	6
word	6
wortes	6
wortführer	6
wortlaut	6
wortlos	6
wortmeldungen	6
wortschatz	6
wortsinn	6
wortspiel	6
wortwahl	6
wortwitz	6
wortwörtlich	6
worunter	6
wracks	6
wuch	6
wuchen	6
wuchern	6
wuchsen	6
wucht	6
wuchtig	6
wund	6
wundere	6
wunderkind	6
wunderland	6
wunderlich	6
wundermittel	6
wunderwerk	6
wundheilung	6
wunschdenken	6
wunschkonzern	6
wunschli	6
wunschtraum	6
wunschzettel	6
wurzel	6
wusch	6
wust	6
wutbürger	6
wyoming	6
wã	6
wägen	6
wählbar	6
wählergemeinschaft	6
wählerinnen	6
wählerstimmen	6
wählst	6
wählten	6
wähn	6
währen	6
währt	6
währungsfonds	6
währungsreform	6
währungsunion	6
wäldchen	6
wäll	6
wälzen	6
wärmedämmung	6
wärmen	6
wärmepumpen	6
wärmt	6
wäsch	6
wäscherei	6
wässern	6
wölben	6
wölbung	6
wölfen	6
wölfin	6
wörterbüch	6
wörthersee	6
wühlen	6
wünschenswert	6
wünschten	6
würdenträger	6
würdevoll	6
würdiger	6
würdigung	6
würfeln	6
würfen	6
würgen	6
würgt	6
würsen	6
würz	6
würzen	6
würzig	6
wüsen	6
wüst	6
wüten	6
wütende	6
wütenden	6
wütender	6
xenia	6
xenon	6
xerxes	6
xiang	6
xxl	6
ya	6
yachten	6
yan	6
yancy	6
yards	6
yates	6
yeti	6
yi	6
yin	6
ying	6
yogi	6
yoko	6
yokohama	6
yorks	6
yorkshire	6
youtube	6
youtuber	6
yuan	6
yukon	6
yvette	6
zachary	6
zacken	6
zackig	6
zaghaft	6
zagreb	6
zahlbar	6
zahlenmässig	6
zahllos	6
zahlreich	6
zahlreiche	6
zahltag	6
zahlungen	6
zahlungsmittel	6
zahlungsunfähig	6
zahlungsunfähigkeit	6
zahlungsverkehr	6
zahnarzen	6
zahnarztpraxis	6
zahnbürsen	6
zahnersatz	6
zahnfee	6
zahnfleisch	6
zahnheilkund	6
zahnmedizin	6
zahnpasta	6
zahnrad	6
zahnräder	6
zahnschmerzen	6
zahnseide	6
zahnspangen	6
zahnstoch	6
zahnärzen	6
zahnärztin	6
zak	6
zancg	6
zander	6
zange	6
zangen	6
zanken	6
zapfen	6
zappeln	6
zar	6
zaren	6
zarin	6
zarte	6
zarten	6
zauberhafen	6
zauberhaft	6
zauberhafte	6
zauberhaften	6
zauberin	6
zauberstab	6
zaubertrank	6
zauberwort	6
zaum	6
zaunpfahl	6
zdf	6
zeb	6
zebra	6
zebras	6
zebrastreifen	6
zech	6
zechen	6
zeck	6
zecken	6
zehennägel	6
zehmen	6
zehner	6
zehnjährig	6
zehnjährige	6
zehnmal	6
zehntausend	6
zehntel	6
zehnten	6
zehnter	6
zeichensetzung	6
zeichentrickfilm	6
zeichne	6
zeichner	6
zeichnerin	6
zeichnet	6
zeigefinger	6
zeitabschnitt	6
zeitangabe	6
zeitangaben	6
zeitarbeit	6
zeitaufwand	6
zeitaufwendig	6
zeitbombe	6
zeitdauer	6
zeitdruck	6
zeitersparnis	6
zeitfahren	6
zeitfenster	6
zeitgefühl	6
zeitgeisen	6
zeitgenosse	6
zeitgenössisch	6
zeitgeschehen	6
zeitgeschichten	6
zeitig	6
zeitlang	6
zeitlebens	6
zeitlimit	6
zeitlinie	6
zeitlos	6
zeitlosen	6
zeitlupe	6
zeitmanagement	6
zeitmangel	6
zeitmessung	6
zeitnah	6
zeitpunkte	6
zeitraffer	6
zeitrahmer	6
zeitrechnung	6
zeitreise	6
zeitreisen	6
zeiträumen	6
zeitschrifen	6
zeitspanne	6
zeitumstellung	6
zeitungsartikel	6
zeitungsberichen	6
zeitungspapier	6
zeitverlust	6
zeitverschiebung	6
zeitversetzen	6
zeitvertreib	6
zeitweilig	6
zeitwert	6
zeitzeugen	6
zeitzone	6
zeitzonen	6
zeke	6
zelda	6
zelebrieren	6
zelen	6
zeller	6
zellkern	6
zellstoff	6
zellteilung	6
zellulose	6
zeln	6
zelte	6
zelten	6
zeltlag	6
zeltplatz	6
zement	6
zementieren	6
zenit	6
zensieren	6
zensus	6
zentimet	6
zentner	6
zentralafrika	6
zentralasien	6
zentralbank	6
zentralbanken	6
zentralbibliothek	6
zentralisierung	6
zentralkomitee	6
zentralregierung	6
zentralstellen	6
zentren	6
zentrieren	6
zeppelin	6
zept	6
zepter	6
zerbrach	6
zerdrücken	6
zeremoniell	6
zerfall	6
zerfallen	6
zerfetzen	6
zerfetzt	6
zerfiel	6
zerfleischen	6
zerfleischt	6
zerfressen	6
zerfällt	6
zergehen	6
zerkleinern	6
zerkratzt	6
zerlegen	6
zerlegt	6
zerlegung	6
zerquetschen	6
zerreissen	6
zerreissprobe	6
zerreißt	6
zerren	6
zerrissenheit	6
zerrung	6
zerrütten	6
zerschlagung	6
zerschlug	6
zerschmettert	6
zerschneiden	6
zerschnitten	6
zerschossen	6
zersetzen	6
zersetzt	6
zersetzung	6
zersplittern	6
zersplitterung	6
zerstreuen	6
zerstreut	6
zerstreuung	6
zerstörer	6
zerstörst	6
zerstörungen	6
zerstückeln	6
zerstückelt	6
zerteilen	6
zertifikat	6
zertifikate	6
zertifizieren	6
zertifizierung	6
zertreen	6
zertrümmern	6
zertrümmert	6
zerwürfnis	6
zeugenaussage	6
zeugenaussagen	6
zeugenschutzprogramm	6
zeughaus	6
zeugt	6
zeugung	6
zhang	6
zhao	6
zicken	6
zickig	6
zickzack	6
ziegel	6
ziegelei	6
ziegelstein	6
ziegenkäse	6
ziehung	6
zieleinlauf	6
zielführend	6
zielgeraden	6
zielgerichten	6
zielgruppen	6
ziellinie	6
ziellos	6
zielobjekt	6
zielort	6
zielpunken	6
zielrichtung	6
zielsetzung	6
zielsetzungen	6
zielsich	6
zielstrebig	6
zielstrebigkeit	6
zielvorgaben	6
ziemlichen	6
ziemliches	6
zier	6
zierde	6
zieren	6
zierlich	6
ziff	6
ziffern	6
zig	6
zigeun	6
zigeunern	6
zimen	6
zimmermädchen	6
zimmerpflanzen	6
zimmertemperatur	6
zimperlich	6
zimt	6
zink	6
zinken	6
zinn	6
zinnen	6
zins	6
zinssatz	6
zinssätzen	6
zionisen	6
zionismus	6
zipfel	6
zipper	6
zirka	6
zirkel	6
zirkulation	6
zirkulieren	6
zisch	6
zischt	6
zistern	6
zitadelle	6
zith	6
zitiere	6
zitiert	6
zitronen	6
zitronensaft	6
zittere	6
zitteren	6
zitternd	6
zitterst	6
zittert	6
ziva	6
zivil	6
zivilbevölkerung	6
zivilcourage	6
zivildienst	6
zivile	6
zivilgesellschaft	6
zivilisieren	6
zivilisiert	6
zivilist	6
zivilprozess	6
zivilrecht	6
zivilrechtlich	6
zivilschutz	6
zloty	6
zobel	6
zocke	6
zockt	6
zod	6
zofe	6
zoff	6
zollamt	6
zollstock	6
zollunion	6
zollverein	6
zoologie	6
zoomen	6
zoos	6
zopf	6
zuallererst	6
zuber	6
zubereien	6
zubereiten	6
zubereitet	6
zubereitung	6
zubringen	6
zubringer	6
zucchini	6
zucht	6
zuchthaus	6
zucken	6
zuckerfabrik	6
zuckerguss	6
zuckerrohr	6
zuckerrüben	6
zuckerwatte	6
zudecken	6
zuerkennen	6
zufahren	6
zufallen	6
zufliessen	6
zufluchtsort	6
zufluss	6
zuflüsse	6
zufriedenstellen	6
zufriedenstellend	6
zufuhr	6
zufälle	6
zuführen	6
zuführung	6
zugabe	6
zugaben	6
zugangsdaten	6
zugbegleit	6
zugedröhnt	6
zugefallen	6
zugegebenermassen	6
zugegriffen	6
zugehen	6
zugeht	6
zugehörig	6
zugekommen	6
zugelegt	6
zugemacht	6
zugerichten	6
zugerichtet	6
zugesandt	6
zugeschalten	6
zugeschrieben	6
zugeschütten	6
zugespieln	6
zugestand	6
zugestehen	6
zugeständnis	6
zugetan	6
zugetraut	6
zugewiesen	6
zugewinn	6
zugezog	6
zugfahren	6
zugführe	6
zugkraft	6
zugluft	6
zugriffe	6
zugspitzen	6
zugucken	6
zugunglück	6
zugverkehr	6
zugvögel	6
zugzwang	6
zugängen	6
zugänglichkeit	6
zuhalter	6
zuhauf	6
zuhilfenahme	6
zuhält	6
zuhörer	6
zuhörst	6
zukauf	6
zukommt	6
zukunftsaussichen	6
zukunftsfähig	6
zukunftsfähigkeit	6
zukunftsmusik	6
zukunftsperspektiv	6
zukunftspläne	6
zukunftsvision	6
zukünftiger	6
zulage	6
zulassungsstellen	6
zulauf	6
zulegen	6
zuliefer	6
zulu	6
zulässigkeit	6
zulässt	6
zumutung	6
zunehmen	6
zunft	6
zung	6
zungen	6
zunichte	6
zuordnen	6
zuordnung	6
zupfen	6
zurechnen	6
zurechnungsfähig	6
zureden	6
zurschaustellung	6
zuruf	6
zurufen	6
zurückblicken	6
zurückbring	6
zurückdrehen	6
zurückdrängen	6
zurückerobern	6
zurückerstatten	6
zurückfallen	6
zurückfinden	6
zurückfordern	6
zurückführen	6
zurückgeblieben	6
zurückgedrängt	6
zurückgeführen	6
zurückgegangen	6
zurückgegriffen	6
zurückgehalten	6
zurückgeholt	6
zurückgeschickt	6
zurückgewiesen	6
zurückgewinnen	6
zurückgewonnen	6
zurückgeworfen	6
zurückgezahlen	6
zurückhaltend	6
zurückhaltung	6
zurückkehre	6
zurückkehrte	6
zurücklegen	6
zurücklehnen	6
zurückschlagen	6
zurücksetzen	6
zurückstellen	6
zurückverfolgt	6
zurückversetzt	6
zurückweisen	6
zurückweisung	6
zurückzubekommen	6
zurückzugehen	6
zurückzuziehen	6
zusage	6
zusagen	6
zusammenbauen	6
zusammenbrechen	6
zusammenbricht	6
zusammenbring	6
zusammenbringen	6
zusammenfallen	6
zusammenfassen	6
zusammenfassend	6
zusammenfassungen	6
zusammenfüg	6
zusammenfügen	6
zusammenführen	6
zusammenführung	6
zusammengearbeiten	6
zusammengebaut	6
zusammengehalen	6
zusammengehen	6
zusammengehören	6
zusammengehörigkeit	6
zusammengenommen	6
zusammengerechnen	6
zusammengeschlagen	6
zusammengesetzen	6
zusammengestellt	6
zusammengewachsen	6
zusammengezogen	6
zusammenhalen	6
zusammenhalt	6
zusammenhängen	6
zusammenhängend	6
zusammenkommen	6
zusammenkunft	6
zusammenkünfen	6
zusammenlaufen	6
zusammenlegen	6
zusammenlegung	6
zusammenpassen	6
zusammenprall	6
zusammenrücken	6
zusammenschlagen	6
zusammenschliessen	6
zusammensein	6
zusammensetzen	6
zusammenspiel	6
zusammenstellen	6
zusammenstellung	6
zusammenstoss	6
zusammenstösse	6
zusammentragen	6
zusammentreffen	6
zusammentun	6
zusammenwachsen	6
zusammenwirken	6
zusammenziehen	6
zusammenzuarbeiten	6
zusatzkosen	6
zusatzleistungen	6
zusatzstoffen	6
zusatzversicherung	6
zuschauerin	6
zuschauern	6
zuschauerraum	6
zuschauerzahl	6
zuschauerzahlen	6
zuschicken	6
zuschlag	6
zuschläge	6
zuschlägt	6
zuschneiden	6
zuschnitt	6
zuschreiben	6
zuschreibung	6
zuschrifen	6
zuschuss	6
zusehends	6
zusenden	6
zusendung	6
zusetzen	6
zusichern	6
zusicherung	6
zusieht	6
zuspiel	6
zuspitzen	6
zuspitzung	6
zusprechen	6
zuspruch	6
zustande	6
zustell	6
zustellen	6
zustellung	6
zustimmend	6
zustimmt	6
zustrom	6
zuständ	6
zuständigkeit	6
zuständigkeitsbereich	6
zusätzen	6
zusätzlichen	6
zutat	6
zuteil	6
zuteilen	6
zuteilung	6
zutrauen	6
zutreffen	6
zuträglich	6
zutun	6
zuverlässigkeit	6
zuversicht	6
zuvorkommend	6
zuwachs	6
zuwandere	6
zuwanderung	6
zuweilen	6
zuweisen	6
zuweisung	6
zuweisungen	6
zuwenden	6
zuwendung	6
zuwenig	6
zuwide	6
zuwächse	6
zuzahlung	6
zuziehen	6
zuzug	6
zuzurechnen	6
zuzuschreiben	6
zuzüglich	6
zwangen	6
zwanghaft	6
zwanglos	6
zwangsarbeit	6
zwangsjacke	6
zwangsmassnahmen	6
zwangspause	6
zwangsversteigerung	6
zwangsvollstreckung	6
zwangsweise	6
zweckentfremden	6
zweckgebunden	6
zweckmässig	6
zweckverband	6
zweideutig	6
zweidrittelmehrheit	6
zweien	6
zweifach	6
zweifelhaft	6
zweifelsfall	6
zweifelsfrei	6
zweifelsohnn	6
zweifelst	6
zweifelt	6
zweifler	6
zweig	6
zweigeteilen	6
zweigstelle	6
zweigstellen	6
zweihundern	6
zweijährig	6
zweikampf	6
zweikämpfen	6
zweirad	6
zweisamkeit	6
zweisitzer	6
zweisprachig	6
zweistellig	6
zweitbesen	6
zweitbest	6
zweiteile	6
zweitgrösst	6
zweitrangig	6
zweitsprach	6
zweitstimmen	6
zwerchfell	6
zwergen	6
zwicken	6
zwickmühlen	6
zwieback	6
zwiebel	6
zwielicht	6
zwiespalt	6
zwietracht	6
zwillingen	6
zwillingsbruder	6
zwillingsschwester	6
zwinge	6
zwingst	6
zwirn	6
zwischenbericht	6
zwischenbilanz	6
zwischenfäll	6
zwischenhändler	6
zwischenkriegszeit	6
zwischenraum	6
zwischenräume	6
zwischenspiel	6
zwischenstand	6
zwischenstation	6
zwischenstopp	6
zwisen	6
zwitschern	6
zwitter	6
zwo	6
zwungenermassen	6
zwängen	6
zwölften	6
zwölfter	6
zyklen	6
zyklon	6
zyklus	6
zylind	6
zylinder	6
zyniker	6
zynisch	6
zynismus	6
zypern	6
zyste	6
zäher	6
zähler	6
zählst	6
zählte	6
zählung	6
zähmen	6
zähneputzen	6
zäpfchen	6
zärtlichkeien	6
zärtlichkeit	6
zäsur	6
zäune	6
zögerlich	6
zögernd	6
zögert	6
zögerte	6
zöglinge	6
zölibat	6
zöll	6
zöllner	6
zöpfe	6
zücht	6
züchten	6
züchtung	6
zücken	6
zückt	6
zügel	6
zügeln	6
zügen	6
zügig	6
zünde	6
zündet	6
zündstoff	6
zündung	6
zürichsee	6
äbtissin	6
ächten	6
ächtung	6
äck	6
äffchen	6
ägide	6
ägypter	6
ägäis	6
ähneln	6
ähnlicher	6
ähnlichkeien	6
ähren	6
ält	6
ältester	6
ämt	6
änderten	6
ängsten	6
äquator	6
äquivalent	6
äquivalenz	6
ärgere	6
ärgernis	6
ärmelkanal	6
ärmste	6
ärztekammer	6
ärzteschaft	6
ärztlich	6
äste	6
ästhetisch	6
äther	6
äthiopien	6
äusser	6
äusseres	6
äusserlich	6
äusserlichkein	6
äusserster	6
äusserung	6
äußerlich	6
ödipus	6
öfen	6
öffentlicher	6
öffentliches	6
öffentlichkeitsarbeit	6
öffentlichkeitswirksam	6
öffnest	6
öffnungen	6
öffnungszeit	6
öi	6
ökologie	6
ökologisch	6
ökonom	6
ökonomen	6
ökonomisch	6
ökostrom	6
ökosyst	6
ökosystem	6
ökumene	6
ölen	6
ölgemälde	6
ölpreis	6
ölpreise	6
örtlich	6
örtlichkeit	6
öse	6
ösi	6
österreicherin	6
österreicherinnen	6
österreichisch	6
östlichen	6
östrogen	6
übelkeit	6
übeltäter	6
überallhin	6
überalterung	6
überangebot	6
überarbeien	6
überarbeiten	6
überarbeitung	6
überbacken	6
überbau	6
überbevölkerung	6
überbewerten	6
überbewertet	6
überbieten	6
überbleibsel	6
überblicken	6
überboten	6
überbrachen	6
überbring	6
überbrücken	6
überbrückung	6
überdachen	6
überdacht	6
überdachung	6
überdauern	6
überdecken	6
überdeutlich	6
überdies	6
überdruck	6
überdurchschnittlich	6
übereinander	6
übereinkommen	6
übereinkunft	6
übereinstimmen	6
übereinstimmend	6
übereinstimmungen	6
überfiel	6
überflieg	6
überfliegen	6
überfluss	6
überfluten	6
überflutet	6
überflutung	6
überflutungen	6
überfordern	6
überforderung	6
überfremdung	6
überfälle	6
überfällen	6
überführen	6
überführt	6
überführung	6
überfüllen	6
überfüllt	6
überfüllung	6
übergab	6
übergaben	6
übergang	6
übergangslösung	6
übergangsphase	6
übergangsregierung	6
übergangsweise	6
übergangszeit	6
übergehen	6
übergelaufen	6
übergewicht	6
übergewichtig	6
übergibt	6
übergiessen	6
überging	6
übergingen	6
überglücklich	6
übergreifen	6
übergreifend	6
übergriff	6
übergriffe	6
übergäng	6
überhang	6
überheblich	6
überheblichkeit	6
überhitzt	6
überhitzung	6
überholen	6
überholspur	6
überholung	6
überhäufen	6
überhöht	6
überhöhung	6
überhören	6
überladen	6
überlagern	6
überlagert	6
überlagerung	6
überlappen	6
überlasst	6
überlassung	6
überlasten	6
überlastet	6
überlastung	6
überlaufen	6
überlebe	6
überlebend	6
überlebenschance	6
überlebenschancen	6
überlebst	6
überlebten	6
überlegenen	6
überlegenheit	6
überlegst	6
überlegte	6
überlegung	6
überleitung	6
überlesen	6
überliefern	6
überlieferung	6
überlisten	6
überläuf	6
übermachen	6
übermalt	6
übermass	6
übermensch	6
übermenschen	6
übermittelen	6
übermittelt	6
übermittlung	6
übermut	6
übermächtig	6
übermässig	6
übermüden	6
übermütig	6
übernachtung	6
übernachtungen	6
übernahmen	6
übernatürliche	6
übernatürlichen	6
übernäch	6
überproduktion	6
überproportional	6
überprüfbar	6
überprüfte	6
überprüfungen	6
überquerung	6
überragen	6
überragend	6
überrannt	6
überraschenderweise	6
überraschte	6
überraschungsparty	6
überre	6
überreagiern	6
überreagiert	6
überregional	6
überrollen	6
überrumpeln	6
überschatten	6
überschaubar	6
überschlagen	6
überschneid	6
überschneidung	6
überschneidungen	6
überschreiben	6
überschreitung	6
überschrifen	6
überschritt	6
überschuldung	6
überschuss	6
überschwemmen	6
überschwemmung	6
überschwemmungen	6
überschwänglich	6
überschätzen	6
überschätzt	6
überschüsse	6
überschütten	6
übersetzerin	6
übersichn	6
übersichten	6
übersichtlich	6
übersichtlichkeit	6
übersichtskaren	6
übersiedeln	6
übersiedlung	6
überspannen	6
überspielen	6
überspringen	6
überstand	6
übersteht	6
übersteigen	6
übersteigt	6
überstellen	6
überstieg	6
überstiegen	6
überstimmen	6
überstürzt	6
übersäen	6
übertragbar	6
übertragungen	6
übertreen	6
übertreffen	6
übertreibe	6
übertreibt	6
übertreibung	6
übertreibungen	6
übertreten	6
übertrifft	6
übertroffen	6
übertrumpfen	6
überträgt	6
übertönen	6
überwachungskamera	6
überwachungsstaat	6
überwand	6
überweisen	6
überweisung	6
überweisungen	6
überwiegen	6
überwiesen	6
überwindung	6
überwintern	6
überwältigen	6
überzahl	6
überzeuge	6
überzeugte	6
überzeugungen	6
überzeugungsarbeit	6
überzeugungskraft	6
überziehen	6
überzogen	6
überzug	6
übles	6
übrigbleiben	6
übungsleiter	6
üppig	6
