# Portuguese CEFR Vocabulary Database (A1=1, A2=2, B1=3, B2=4, C1=5, C2=6)
# Word	Level
que	1
a	1
o	1
não	1
de	1
é	1
e	1
um	1
para	1
eu	1
uma	1
está	1
com	1
se	1
do	1
por	1
os	1
ele	1
mas	1
em	1
bem	1
isso	1
da	1
como	1
sim	1
as	1
no	1
mais	1
na	1
meu	1
aqui	1
me	1
muito	1
foi	1
ela	1
isto	1
estou	1
fazer	1
vamos	1
já	1
ser	1
vai	1
à	1
minha	1
só	1
ao	1
tem	1
tudo	1
te	1
porque	1
há	1
tenho	1
vou	1
tu	1
sei	1
quando	1
agora	1
estás	1
você	1
lá	1
então	1
ter	1
era	1
quem	1
onde	1
nada	1
ou	1
coisa	1
dizer	1
são	1
quero	1
estava	1
sou	1
seu	1
pode	1
mesmo	1
esta	1
eles	1
nós	1
sua	1
dos	1
todos	1
nos	1
mim	1
posso	1
bom	1
ver	1
este	1
casa	1
temos	1
tens	1
tua	1
nunca	1
estão	1
até	1
assim	1
teu	1
acho	1
falar	1
disse	1
ainda	1
tempo	1
também	1
ir	1
pai	1
sobre	1
vez	1
quê	1
quer	1
és	1
favor	1
depois	1
tão	1
melhor	1
mãe	1
talvez	1
olá	1
obrigado	1
noite	1
ti	1
sabes	1
sempre	1
deus	1
estamos	1
alguém	1
dia	1
certo	1
nem	1
alguma	1
vida	1
anos	1
dele	1
sem	1
vais	1
das	1
tinha	1
estar	1
queres	1
coisas	1
homem	1
pessoas	1
algo	1
pelo	1
ficar	1
boa	1
sabe	1
parece	1
claro	1
dois	1
verdade	1
tipo	1
preciso	1
antes	1
senhor	1
lhe	1
podes	1
apenas	1
faz	1
vocês	1
ninguém	1
trabalho	1
outra	1
espera	1
saber	1
comigo	1
vão	1
dinheiro	1
aí	1
podemos	1
pouco	1
essa	1
esse	1
grande	1
pois	1
pela	1
qualquer	1
disso	1
num	1
qual	1
desculpa	1
dela	1
hoje	1
toda	1
deve	1
mulher	1
queria	1
fora	1
filho	1
cá	1
seja	1
meus	1
nosso	1
olha	1
vá	1
daqui	1
sério	1
oh	1
nossa	1
certeza	1
diz	1
nome	1
às	1
outro	1
todo	1
dar	1
tentar	1
sair	1
têm	1
quanto	1
pensar	1
mal	1
volta	1
aconteceu	1
consigo	1
três	1
mundo	1
menos	1
amigo	1
contigo	1
embora	1
numa	1
passa	1
porquê	1
problema	1
carro	1
lado	1
vezes	1
nas	1
fez	1
seus	1
novo	1
merda	1
parte	1
todas	1
aos	1
obrigada	1
primeiro	1
será	1
lugar	1
voltar	1
pensei	1
algum	1
achas	1
vem	1
dentro	1
família	1
ali	1
razão	1
aquele	1
dias	1
fui	1
anda	1
querida	1
sabia	1
duas	1
ideia	1
hora	1
si	1
polícia	1
podem	1
forma	1
entre	1
caso	1
gosto	1
atrás	1
homens	1
devia	1
aquilo	1
amor	1
pessoa	1
ok	1
podia	1
uns	1
desde	1
somos	1
cabeça	1
horas	1
deles	1
fica	1
ajudar	1
tarde	1
momento	1
tal	1
tenha	1
pronto	1
fiz	1
foram	1
ia	1
cidade	1
amigos	1
encontrar	1
frente	1
sido	1
passar	1
deixar	1
vi	1
nenhum	1
gente	1
durante	1
seria	1
outros	1
entrar	1
chegar	1
nova	1
trabalhar	1
quase	1
desculpe	1
amanhã	1
tanto	1
fosse	1
história	1
irmão	1
cima	1
contra	1
morrer	1
maneira	1
suas	1
enquanto	1
alguns	1
ajuda	1
precisa	1
morto	1
primeira	1
porta	1
minhas	1
medo	1
morte	1
aquela	1
óptimo	1
caminho	1
vir	1
feliz	1
sinto	1
minutos	1
ouvir	1
desta	1
tive	1
neste	1
matar	1
cada	1
estes	1
acontecer	1
espero	1
ano	1
rapaz	1
precisamos	1
for	1
causa	1
feito	1
sorte	1
lamento	1
filha	1
acha	1
teus	1
levar	1
conta	1
estas	1
arma	1
pessoal	1
quarto	1
olhos	1
senhora	1
adeus	1
cara	1
disto	1
algumas	1
juntos	1
difícil	1
última	1
única	1
manhã	1
importante	1
poder	1
mãos	1
ei	1
água	1
começar	1
faço	1
perto	1
cuidado	1
sangue	1
nossos	1
semana	1
mesma	1
usar	1
significa	1
acredito	1
querem	1
cinco	1
acabou	1
problemas	1
corpo	1
altura	1
disseste	1
nisso	1
chefe	1
jogo	1
guerra	1
fala	1
procura	1
sabemos	1
fizeste	1
ouve	1
realmente	1
terra	1
havia	1
ontem	1
umas	1
deixa-me	1
dólares	1
comer	1
dormir	1
dá	1
escola	1
logo	1
querido	1
sabem	1
fim	1
deste	1
eram	1
pára	1
agente	1
equipa	1
rapariga	1
marido	1
calma	1
coração	1
segurança	1
viver	1
estado	1
parar	1
teve	1
segundo	1
muitas	1
quatro	1
mão	1
baixo	1
maior	1
meio	1
meses	1
mau	1
vê	1
ouvi	1
andar	1
rápido	1
número	1
vejo	1
mulheres	1
morreu	1
nenhuma	1
acordo	1
festa	1
fazes	1
capitão	1
raio	1
pais	1
suficiente	1
poderia	1
crianças	1
estavam	1
força	1
muitos	1
nesta	1
presidente	1
buscar	1
filhos	1
perder	1
esperar	1
viu	1
irmã	1
chega	1
possível	1
devias	1
sai	1
acabar	1
rapazes	1
precisas	1
elas	1
contar	1
idiota	1
olhar	1
vossa	1
teria	1
foste	1
estavas	1
pena	1
mil	1
longe	1
faça	1
penso	1
tivesse	1
tuas	1
pedir	1
estranho	1
importa	1
fácil	1
muita	1
veio	1
brincar	1
bebé	1
plano	1
devo	1
prazer	1
velho	1
conseguir	1
passado	1
tomar	1
além	1
jantar	1
dá-me	1
depressa	1
pergunta	1
tirar	1
pequeno	1
descobrir	1
sala	1
ah	1
telefone	1
trás	1
seis	1
culpa	1
vos	1
exactamente	1
possa	1
deixa	1
errado	1
vivo	1
menina	1
john	1
casamento	1
outras	1
espere	1
pensa	1
jack	1
nossas	1
correr	1
mudar	1
diga	1
paz	1
sentir	1
cama	1
gostava	1
sozinho	1
pelos	1
comida	1
sequer	1
falta	1
ficou	1
conheço	1
gosta	1
passou	1
bastante	1
deu	1
provavelmente	1
palavra	1
demasiado	1
diferente	1
essas	1
armas	1
digo	1
licença	1
demais	1
pagar	1
médico	1
seguir	1
semanas	1
consegues	1
dizem	1
matou	1
único	1
acreditar	1
local	1
fazem	1
pior	1
próprio	1
continua	1
vosso	1
consegue	1
fico	1
diz-me	1
país	1
gostaria	1
forte	1
partir	1
prisão	1
próxima	1
especial	1
esteja	1
livro	1
oportunidade	1
viste	1
rei	1
chegou	1
esses	1
continuar	1
resto	1
ar	1
estive	1
hospital	1
sítio	1
fazê-lo	1
raios	1
ligar	1
porra	1
minuto	1
irá	1
sentido	1
atenção	1
vim	1
quis	1
sam	1
queremos	1
direito	1
café	1
venha	1
visto	1
criança	1
luz	1
filme	1
música	1
portanto	1
haver	1
esteve	1
aqueles	1
pôr	1
querer	1
sexo	1
fogo	1
connosco	1
beber	1
toma	1
mr	1
houve	1
tratar	1
pequena	1
ganhar	1
ponto	1
milhões	1
manter	1
precisar	1
rua	1
olhe	1
pé	1
fazemos	1
encontrei	1
miúda	1
existe	1
arranjar	1
dez	1
último	1
assassino	1
miúdo	1
tinhas	1
estávamos	1
cedo	1
vês	1
boca	1
boas	1
acontece	1
jovem	1
preocupes	1
comprar	1
situação	1
esposa	1
sistema	1
devem	1
jogar	1
natal	1
capaz	1
certa	1
michael	1
amiga	1
seguro	1
questão	1
relação	1
perguntas	1
encontro	1
sob	1
cão	1
quiseres	1
negócio	1
quiser	1
nisto	1
sinal	1
linda	1
facto	1
mensagem	1
próximo	1
apanhar	1
adoro	1
crime	1
banho	1
própria	1
deves	1
grandes	1
chamada	1
finalmente	1
novamente	1
futuro	1
começou	1
perguntar	1
notícias	1
acabei	1
fique	1
ambos	1
lhes	1
chamar	1
entendo	1
cabelo	1
entra	1
grupo	1
doutor	1
salvar	1
livre	1
viagem	1
vontade	1
sozinha	1
conversa	1
tipos	1
fugir	1
palavras	1
consegui	1
tinham	1
devíamos	1
lista	1
gostas	1
lutar	1
escritório	1
peço	1
final	1
procurar	1
deixou	1
alto	1
interessa	1
bonito	1
chão	1
campo	1
perfeito	1
tio	1
estiver	1
pelas	1
dito	1
respeito	1
completamente	1
deveria	1
vista	1
charlie	1
breve	1
melhores	1
á	1
bonita	1
normal	1
devemos	1
fiquei	1
mortos	1
faria	1
tom	1
mesa	1
preso	1
simples	1
iria	1
fixe	1
emprego	1
achei	1
faças	1
chama	1
linha	1
dizes	1
real	1
nave	1
lembras-te	1
assunto	1
vale	1
cala-te	1
ataque	1
pensava	1
frank	1
ai	1
graças	1
escolha	1
ordem	1
viva	1
fundo	1
terá	1
doente	1
acidente	1
má	1
the	1
modo	1
provas	1
resposta	1
bocado	1
papá	1
avião	1
deixe-me	1
vindo	1
após	1
erro	1
acredita	1
miúdos	1
verdadeiro	1
jesus	1
idade	1
fizeram	1
fantástico	1
pare	1
morta	1
leva	1
percebo	1
saiu	1
pensas	1
advogado	1
conhece	1
espaço	1
estivesse	1
fazia	1
serviço	1
missão	1
ler	1
louco	1
bons	1
conhecer	1
nele	1
lindo	1
informação	1
abrir	1
mente	1
mike	1
perceber	1
amo-te	1
programa	1
veja	1
sol	1
fomos	1
simplesmente	1
caixa	1
sete	1
senhores	1
hotel	1
nessa	1
gostar	1
incrível	1
puta	1
amo	1
vai-te	1
david	1
dor	1
joe	1
dessa	1
presente	1
carta	1
governo	1
barco	1
loja	1
energia	1
pra	1
vítima	1
roupa	1
voz	1
trouxe	1
luta	1
câmara	1
disse-me	1
fome	1
professor	1
estúpido	1
mamã	1
mostrar	1
hipótese	1
telemóvel	1
reunião	1
prova	1
s	1
percebi	1
casar	1
general	1
peter	1
volto	1
trazer	1
olho	1
chamado	1
conseguiu	1
exército	1
através	1
lei	1
digas	1
banco	1
naquela	1
deixe	1
nesse	1
disseram	1
conseguimos	1
segunda	1
tempos	1
podias	1
tocar	1
mês	1
tiro	1
fbi	1
soube	1
tenhas	1
quantos	1
creio	1
george	1
papel	1
sonho	1
ver-te	1
desse	1
tínhamos	1
bar	1
povo	1
tentei	1
eras	1
fizemos	1
cena	1
tenente	1
centro	1
tivemos	1
conversar	1
teres	1
nao	1
vê-lo	1
proteger	1
diabo	1
parabéns	1
bebida	1
aposto	1
base	1
tradução	1
sinto-me	1
esperem	1
excelente	1
comandante	1
voltou	1
namorada	1
precisam	1
sabias	1
empresa	1
resolver	1
metade	1
impossível	1
lembro	1
desapareceu	1
interessante	1
acerca	1
segundos	1
cair	1
engraçado	1
bela	1
mentir	1
costas	1
chave	1
divertido	1
ouviste	1
juro	1
escrever	1
piada	1
oito	1
levou	1
passada	1
guarda	1
controlo	1
daí	1
apartamento	1
segredo	1
decisão	1
funciona	1
posição	1
surpresa	1
parecia	1
cerca	1
céu	1
negócios	1
cabo	1
receber	1
motivo	1
imediatamente	1
olhem	1
vidas	1
passo	1
tribunal	1
max	1
contacto	1
começa	1
ora	1
ótimo	1
bolas	1
trabalha	1
tenham	1
inferno	1
estrada	1
delas	1
falei	1
diria	1
cheio	1
companhia	1
ouça	1
sejas	1
horrível	1
escuta	1
saída	2
ordens	2
namorado	2
norte	2
explicar	2
aprender	2
senhoras	2
fazendo	2
encontrou	2
quente	2
querias	2
esquece	2
prometo	2
saia	2
padre	2
detective	2
ouro	2
perigo	2
perdi	2
falou	2
coronel	2
alma	2
diferentes	2
naquele	2
vestido	2
últimos	2
planeta	2
máquina	2
raparigas	2
pés	2
maioria	2
tiver	2
debaixo	2
pronta	2
parecer	2
velha	2
esquerda	2
avó	2
näo	2
confiar	2
destino	2
contente	2
pudesse	2
frio	2
vejam	2
lidar	2
regras	2
homicídio	2
precisava	2
james	2
aonde	2
gajo	2
vêm	2
aniversário	2
igreja	2
conheces	2
alex	2
funcionar	2
sul	2
compreendo	2
abre	2
vossos	2
carne	2
tenta	2
quantas	2
vender	2
sente-se	2
abaixo	2
desculpem	2
direita	2
liberdade	2
cavalo	2
droga	2
área	2
destes	2
parem	2
quais	2
triste	2
bomba	2
espécie	2
cérebro	2
venham	2
podíamos	2
tanta	2
vive	2
henry	2
estaria	2
belo	2
esquecer	2
contrário	2
cerveja	2
experiência	2
diferença	2
animais	2
humano	2
branco	2
honra	2
mandar	2
tentou	2
lembro-me	2
esperança	2
iorque	2
sente	2
falo	2
acaso	2
saúde	2
trata	2
estará	2
perigoso	2
entendido	2
inteligente	2
drogas	2
paul	2
pareces	2
conheci	2
ideias	2
público	2
irei	2
teste	2
acham	2
informações	2
ben	2
bola	2
acaba	2
aquelas	2
cliente	2
roubar	2
mar	2
dançar	2
suspeito	2
passei	2
senta-te	2
suposto	2
miss	2
risco	2
bater	2
entender	2
tiveste	2
nível	2
rainha	2
aceitar	2
clube	2
pobre	2
dizer-me	2
américa	2
mestre	2
conselho	2
perdeu	2
serão	2
apesar	2
parece-me	2
disse-te	2
computador	2
jimmy	2
alvo	2
aparecer	2
investigação	2
entrada	2
saiam	2
janela	2
dúvida	2
danny	2
preocupe	2
estiveste	2
nick	2
realidade	2
mary	2
poderá	2
código	2
zona	2
prontos	2
longo	2
totalmente	2
propósito	2
entrou	2
provar	2
avô	2
ligação	2
meia	2
dizer-te	2
basta	2
seguinte	2
menino	2
chama-se	2
esconder	2
criar	2
afinal	2
colocar	2
ias	2
dê	2
calhar	2
dei	2
loucura	2
disse-lhe	2
termos	2
destas	2
sargento	2
vossas	2
foto	2
diga-me	2
humanos	2
tira	2
meninas	2
verificar	2
terrível	2
monte	2
dar-lhe	2
pedido	2
ficas	2
sarah	2
chorar	2
céus	2
sejam	2
contas	2
ouviu	2
usa	2
preocupado	2
sentes	2
vós	2
parecem	2
exemplo	2
rio	2
liga	2
jeito	2
põe	2
oficial	2
odeio	2
início	2
enorme	2
televisão	2
suponho	2
socorro	2
dados	2
responsável	2
irmãos	2
repente	2
percebes	2
segura	2
acima	2
pediu	2
foda-se	2
esperava	2
almoço	2
xerife	2
cartão	2
estarei	2
planos	2
cozinha	2
dizer-lhe	2
ray	2
metros	2
negro	2
deixei	2
operação	2
preço	2
pele	2
existem	2
diabos	2
principal	2
justo	2
chá	2
vinho	2
lixo	2
mudou	2
novos	2
relatório	2
necessário	2
alta	2
par	2
perdido	2
agentes	2
dado	2
imenso	2
nomes	2
defesa	2
laboratório	2
comando	2
tia	2
bill	2
maravilhoso	2
fotografia	2
dizia	2
fotos	2
ilha	2
subir	2
farei	2
opinião	2
tony	2
terminar	2
acesso	2
fato	2
braço	2
saco	2
lembrar	2
desejo	2
correu	2
senão	2
pá	2
série	2
conseguiste	2
nela	2
jim	2
comboio	2
roupas	2
cabra	2
junto	2
sonhos	2
pernas	2
ido	2
pedi	2
discutir	2
livros	2
saiba	2
falamos	2
saudades	2
harry	2
rádio	2
destruir	2
traz	2
silêncio	2
peça	2
bob	2
senti	2
escolher	2
carros	2
maldito	2
cheia	2
limpar	2
ama	2
caramba	2
nove	2
ficam	2
novas	2
carrinha	2
trato	2
evitar	2
seres	2
pista	2
departamento	2
verão	2
direcção	2
soldados	2
dessas	2
errada	2
justiça	2
costumava	2
mala	2
foder	2
leve	2
daquela	2
memória	2
rabo	2
azul	2
calças	2
graça	2
tommy	2
façam	2
verdadeira	2
hey	2
restaurante	2
comum	2
confiança	2
vens	2
estação	2
vídeo	2
pressão	2
sapatos	2
inimigo	2
ligou	2
preparar	2
diz-lhe	2
ocupado	2
duro	2
várias	2
deviam	2
sendo	2
cartas	2
espírito	2
igual	2
prestes	2
paris	2
corre	2
h	2
inteiro	2
branca	2
gelo	2
maluco	2
bem-vindo	2
cheguei	2
apareceu	2
cuidar	2
daquele	2
magia	2
universidade	2
processo	2
dentes	2
porcaria	2
copo	2
noites	2
vermelho	2
responder	2
volte	2
apoio	2
parque	2
paciente	2
quão	2
tornar	2
conseguia	2
andas	2
viram	2
arte	2
jake	2
visita	2
buraco	2
cantar	2
sucesso	2
pegar	2
queira	2
la	2
ajudá-lo	2
infelizmente	2
conduzir	2
parede	2
cheiro	2
herói	2
inglês	2
devagar	2
troca	2
batalha	2
steve	2
ryan	2
bala	2
mentira	2
férias	2
emergência	2
toca	2
americano	2
coragem	2
encontrado	2
vergonha	2
caiu	2
longa	2
estrela	2
animal	2
achar	2
teremos	2
acção	2
certamente	2
tido	2
juiz	2
perna	2
som	2
desculpas	2
edifício	2
vieste	2
aulas	2
médicos	2
will	2
clientes	2
enviar	2
terem	2
pescoço	2
lua	2
fiquem	2
casaco	2
monstro	2
vimos	2
chaves	2
gostei	2
começo	2
irão	2
falando	2
parceiro	2
ajuda-me	2
imaginar	2
recuperar	2
normalmente	2
estranha	2
simpático	2
valor	2
cor	2
histórias	2
i	2
serei	2
devido	2
terei	2
londres	2
soldado	2
ajudar-te	2
encontraram	2
puder	2
falas	2
filmes	2
richard	2
serem	2
fale	2
especialmente	2
vê-la	2
doce	2
dê-me	2
vítimas	2
natureza	2
vieram	2
johnny	2
miúdas	2
andado	2
chamo-me	2
líder	2
desses	2
billy	2
haverá	2
excepto	2
máximo	2
inocente	2
prefiro	2
autocarro	2
más	2
gabinete	2
faca	2
matei	2
grávida	2
desistir	2
fé	2
salvo	2
exatamente	2
espectáculo	2
tamanho	2
voar	2
carreira	2
limpo	2
velhos	2
porreiro	2
gostam	2
árvore	2
preparado	2
demorar	2
possamos	2
milhares	2
disparar	2
distância	2
conseguem	2
antigo	2
brilhante	2
dança	2
chamas	2
pedra	2
conhecemos	2
pensam	2
faculdade	2
imagem	2
majestade	2
serve	2
caralho	2
flores	2
malta	2
conhecido	2
comecei	2
doença	2
julgamento	2
nariz	2
cortar	2
estados	2
sobreviver	2
polícias	2
óptima	2
pontos	2
preto	2
éramos	2
cadeira	2
peixe	2
encontramos	2
gozar	2
partido	2
daniel	2
bobby	2
voo	2
louca	2
recebi	2
casas	2
jovens	2
visão	2
jane	2
dar-te	2
controlar	2
felizes	2
testemunha	2
americanos	2
fechar	2
km	2
unidos	2
deixes	2
queiras	2
gritar	2
brian	2
jogos	2
gato	2
cães	2
li	2
canção	2
lugares	2
corrida	2
mark	2
deixado	2
central	2
notícia	2
perdão	2
chris	2
come	2
vários	2
interior	2
hei	2
estilo	2
acabado	2
barulho	2
vás	2
robert	2
estrelas	2
obviamente	2
velocidade	2
ameaça	2
dar-me	2
movimento	2
fará	2
scott	2
eric	2
tantas	2
correcto	2
ligado	2
clark	2
vemo-nos	2
poderes	2
relógio	2
entanto	2
unidade	2
braços	2
marca	2
regressar	2
baixa	2
andava	2
números	2
forças	2
verde	2
pega	2
floresta	2
total	2
ponte	2
confusão	2
director	2
maria	2
culpado	2
praia	2
tv	2
casos	2
acreditas	2
encontrámos	2
tiveram	2
língua	2
descansar	2
presa	2
investigar	2
lee	2
meter	2
matá-lo	2
oi	2
construir	2
perdemos	2
fotografias	2
sinais	2
banda	2
kate	2
rapidamente	2
descobri	2
perfeita	2
ficará	2
ficamos	2
cabrão	2
busca	2
ouvido	2
receio	2
cristo	2
atirar	2
fingir	2
respirar	2
rosto	2
ridículo	2
mudança	2
época	2
nacional	2
corpos	2
fonte	2
dou	2
sentimentos	2
major	2
ando	2
pense	2
navio	2
soubesse	2
faz-me	2
escapar	2
cavalos	2
d	2
eua	2
cansado	2
aula	2
rico	2
íamos	2
acordar	2
charles	2
fugiu	2
preocupar	2
humana	2
tivesses	2
beleza	2
atrasado	2
portas	2
agir	2
dedos	2
rir	2
walter	2
dono	2
kevin	2
posto	2
morre	2
nervoso	2
bordo	2
mandou	2
depende	2
magoar	2
entregar	2
agradável	2
preocupada	2
eddie	2
princesa	2
calor	2
vou-me	2
gay	2
óbvio	2
washington	2
colega	2
pensou	2
jornal	2
interesse	2
combate	2
atacar	2
profissional	2
decidir	2
anel	2
pago	2
esperto	2
inteira	2
idiotas	2
levanta-te	2
estejas	2
espada	2
iremos	2
sentado	2
luzes	2
indo	2
descer	2
classe	2
casado	2
agradeço	2
podiam	2
estúpida	2
aberta	2
caro	2
leite	2
mercado	2
política	2
lisa	2
milhão	2
género	2
oferta	2
entendes	2
tome	2
teoria	2
escuro	2
ruas	2
desaparecer	2
uh	2
antiga	2
tê-lo	2
cadeia	2
levantar	2
crescer	2
continue	2
via	2
ouçam	2
imprensa	2
uso	2
santo	2
treta	2
noiva	2
acorda	2
ajudar-me	2
dan	2
claire	2
servir	2
pequenos	2
absolutamente	2
venho	2
perda	2
descobriu	2
resultado	2
militar	2
emily	2
manda	2
inglaterra	2
disser	2
material	2
matt	2
camião	2
feita	2
rede	2
príncipe	2
concordo	2
momentos	2
martin	2
fantasma	2
segredos	2
confia	2
solução	2
ouvidos	2
beijo	2
encontraste	2
impedir	2
pessoalmente	2
data	2
jerry	2
andam	2
morreram	2
conhecia	2
garrafa	2
dum	2
orgulho	2
fizer	2
bolo	2
propriedade	2
maiores	2
policia	2
fuga	2
sensação	2
tecnologia	2
iam	2
peito	2
futebol	2
vinte	2
terceiro	2
levá-lo	2
bilhete	2
acabaste	2
cinema	2
vento	2
rachel	2
voltei	2
jason	2
táxi	2
registos	2
boleia	2
quinta	2
matar-me	2
chapéu	2
dedo	2
mano	2
mexer	2
deu-me	2
legal	2
vingança	2
dever	2
exacto	2
ajude	2
porco	2
dá-lhe	2
doido	2
pete	2
raiva	2
sê	2
peso	2
lembra-te	2
treino	2
algures	2
natural	2
foi-se	2
estudar	2
assistente	2
partida	2
responsabilidade	2
esqueça	2
maldição	2
oeste	2
inimigos	2
viemos	2
controle	2
corte	2
amy	2
assassinato	2
meninos	2
sir	2
tantos	2
queriam	2
acontecido	2
entende	2
acalma-te	2
aparentemente	2
apanhado	2
toque	2
chegaram	2
baile	2
aeroporto	2
poucos	2
aparece	2
complicado	2
mostra	2
ouve-me	2
pude	2
convosco	2
tente	2
apresentar	2
roubou	2
fosses	2
esqueci-me	2
terás	2
decidi	2
lixar	2
serviços	2
universo	2
frança	2
bocadinho	2
daqueles	2
próprios	2
don	2
al	2
interessado	2
sacana	2
respostas	2
thomas	2
agradecer	2
chuck	2
secretária	2
morada	2
mapa	2
contou	2
internet	2
efeito	2
bebe	2
aconteça	2
notas	2
enfermeira	2
super	2
patrão	2
importo	2
resultados	2
ouvir-me	2
corredor	2
conhecimento	2
ficaria	2
visitar	2
ás	2
aguentar	2
dera	2
adn	2
aldeia	2
razões	2
guardas	2
testes	2
cirurgia	2
aberto	2
médica	2
merece	2
contrato	2
vivos	2
ter-te	2
gás	2
sociedade	2
mata	2
lar	2
direitos	2
instante	2
leste	2
usado	2
mantém	2
original	2
zangado	2
vinha	2
adam	2
familiar	2
parecido	2
imagino	2
larga	2
estejam	2
pede	2
haja	2
luke	2
pressa	2
ferido	2
passaram	2
treinador	2
voltas	2
anteriormente	2
cia	2
cu	2
chamadas	2
quisesse	2
duma	2
crédito	2
desligar	2
costa	2
projecto	2
dão	2
importantes	2
encontrá-lo	2
escreveu	2
câmaras	2
cancro	2
bem-vindos	2
afasta-te	2
obter	2
primo	2
credo	2
próximos	2
cavalheiros	2
carter	2
andando	2
encontra	2
deixá-lo	2
fossem	2
desaparece	2
perfeitamente	2
objectivo	2
partes	2
ultimamente	2
pedaço	2
assuntos	2
jardim	2
opção	2
sexual	2
reino	2
deixem-me	2
diante	2
grave	2
aspecto	2
membros	2
lago	2
lembra-se	2
fumar	2
deixem	2
hipóteses	2
crer	2
ovos	2
usou	2
pequeno-almoço	2
presença	2
tornou-se	2
melhorar	2
imagens	2
vitória	2
pesquisa	2
cheira	2
centenas	2
anna	2
pertence	2
abra	2
membro	2
camisa	2
amigas	2
ficaram	2
viajar	2
explosão	2
presos	2
vemos	2
entendi	2
giro	2
útil	2
maldita	2
leo	2
ó	2
massa	2
tempestade	2
sofrer	2
fortes	2
jamais	2
andy	2
dave	2
lembra	2
falso	2
loucos	2
vencer	2
paga	2
neve	2
protecção	2
adorava	2
aviso	2
escrito	2
simon	2
admitir	2
los	2
annie	2
negra	2
kyle	2
deuses	2
últimas	2
carl	2
assalto	2
alerta	2
sábado	2
pensaste	2
bairro	2
roma	2
famílias	2
completo	2
fiques	2
tratamento	2
acredite	2
maus	2
dizendo	2
chicago	2
enganado	2
esquadra	2
saí	2
farto	2
ted	2
vazio	2
fazer-te	2
resultar	2
locais	2
eis	2
percebe	2
avançar	2
tentando	2
impressões	2
funeral	2
bebidas	2
ossos	2
companheiro	2
pequenas	2
enfrentar	2
testemunhas	2
quieto	2
despacha-te	2
discurso	2
liceu	2
chocolate	2
compras	2
houver	2
tentativa	2
prédio	2
serás	2
caça	2
tretas	2
voce	2
saltar	2
equipamento	2
bolsa	2
génio	2
primeiros	2
terceira	2
ganhou	2
colegas	2
kelly	2
crimes	2
ed	2
começaram	2
merdas	2
mesmos	2
caraças	2
explodir	2
amar	2
erros	2
definitivamente	2
muda	2
entrem	2
aprendi	2
violência	2
envolvido	2
condições	2
ponha	2
relações	2
chamam	2
sean	2
guardar	2
desaparecido	2
montanha	2
fraco	2
c	2
mensagens	2
méxico	2
emma	2
vêem	2
registo	2
penses	2
modelo	2
topo	2
william	2
prémio	2
vou-te	2
anjo	2
duvido	2
confio	2
chuva	2
bêbado	2
abby	2
venda	2
apaixonado	2
deixaste	2
vejo-te	2
ladrão	2
ciência	2
fizesse	2
pensado	2
irmos	2
deitar	2
pão	2
balas	2
york	2
cofre	2
torna	2
comunidade	2
pânico	2
recebeu	2
detalhes	2
social	2
ficado	2
casal	2
phil	2
mandado	2
falaste	2
califórnia	2
ganha	2
resta	2
perdeste	2
orgulhoso	2
aguenta	2
fecha	2
consciência	2
percebeste	2
saibas	2
pôs	2
passe	2
comportamento	2
arriscar	2
incluindo	2
estiveres	2
digo-te	2
quiserem	2
possas	2
exame	2
faremos	2
sarilhos	2
estares	2
deram	2
autorização	2
castelo	2
lavar	2
disposto	2
limpa	2
custa	2
perguntei	2
zero	2
terão	2
digamos	2
impressão	2
assustador	2
piloto	2
princípio	2
larry	2
vírus	2
passeio	2
alice	2
peças	2
dói	2
idéia	2
mundial	2
intenção	2
curso	2
domingo	2
continuo	2
entrei	2
avisar	2
acabaram	2
mataste	2
golpe	2
dean	2
jackson	2
decidiu	2
nota	2
entrevista	2
europa	2
armadilha	2
marcas	2
documentos	2
cansada	2
recentemente	2
trabalhos	2
falam	2
susan	2
detesto	2
karen	2
lucy	2
entretanto	2
morrido	2
árvores	2
trabalhava	2
queijo	2
truque	2
tendo	2
estaremos	2
roubo	2
juntar	2
alan	2
francês	2
ires	2
legendas	2
ajudá-la	2
dura	2
imbecil	2
compreender	2
sozinhos	2
rápida	2
segue	2
new	2
honesto	2
tirou	2
necessidade	2
maravilhosa	2
arthur	2
particular	2
mentiras	2
angeles	2
sede	2
torre	2
artigo	2
pacientes	2
palco	2
gelado	2
maggie	2
sabiam	2
quadro	2
mataram	2
cem	2
directamente	2
conhecê-lo	2
extra	2
carga	2
tento	2
comprei	2
caras	2
liguei	2
lição	2
vigilância	2
chance	2
fila	2
vestir	2
levado	2
claramente	2
escondido	2
parvo	2
sara	2
garota	2
voltamos	2
humanidade	2
superior	2
geral	2
prender	2
pensamos	2
ocupada	2
fantástica	2
grace	2
piscina	2
oferecer	2
federal	2
fronteira	2
óculos	2
ensinar	2
ferida	2
trocar	2
joey	2
maluca	2
mexam-se	2
inútil	2
escadas	2
basicamente	2
jenny	2
esqueças	2
garantir	2
diversão	2
assinar	2
jesse	2
armário	2
privado	2
adorar	2
deixa-o	2
deserto	2
esperamos	2
barry	2
ficava	2
daquilo	2
possibilidade	2
incêndio	2
acabámos	2
voltem	2
impressionante	2
cumprir	2
agência	2
fábrica	2
felicidade	2
poderoso	2
partilhar	2
localização	2
of	2
regra	2
mentiroso	2
achou	2
suicídio	2
malas	2
dou-te	2
corda	2
levá-la	2
menor	2
tire	2
choque	2
lois	2
especiais	2
aceito	2
desculpe-me	2
virar	2
you	2
tá	2
álcool	2
vires	2
importância	2
fase	2
adivinhar	2
partiu	2
lily	2
carteira	2
vegas	2
telefonar	2
louis	2
famoso	2
bilhetes	2
antigos	2
fores	2
digitais	2
juntas	2
atender	2
dores	2
rock	2
passagem	2
gordo	2
possam	2
pensando	2
cura	2
demónio	2
madame	2
responde	2
deseja	2
revisão	2
sentar	2
lixe	2
roubado	2
bolso	2
chegue	2
suficientemente	2
vermelha	2
quilómetros	2
fazer-me	2
esquisito	2
talento	2
identidade	2
formas	2
uau	2
ouviram	2
telhado	2
proposta	2
parou	2
campanha	2
tiros	2
iguais	2
josh	2
city	2
secreto	2
levaram	2
página	2
ambulância	2
fechado	2
srta	2
conhecem	2
século	2
discussão	2
noutro	2
identificação	2
contei	2
taylor	2
morgan	2
and	2
ferro	2
to	2
nasceu	2
ambas	2
motor	2
senador	3
chegámos	3
chateado	3
humor	3
assassinos	3
nojento	3
jones	3
artista	3
enviou	3
falámos	3
bebés	3
difíceis	3
tiveres	3
mínimo	3
amas	3
urso	3
danos	3
estivemos	3
terreno	3
vivem	3
experimentar	3
dorme	3
red	3
terminou	3
permitir	3
brincadeira	3
chamou	3
canto	3
acabou-se	3
completa	3
b	3
canal	3
van	3
haveria	3
certas	3
quartos	3
atravessar	3
levo	3
bruxa	3
sinceramente	3
vejamos	3
directo	3
sofá	3
episódio	3
solo	3
perante	3
irmãs	3
festas	3
fim-de-semana	3
apanhou	3
professora	3
bando	3
levar-te	3
julia	3
regresso	3
convidado	3
disco	3
alegria	3
ilegal	3
rose	3
parado	3
hank	3
roger	3
amizade	3
governador	3
presentes	3
chame	3
kim	3
coma	3
permissão	3
lados	3
criminoso	3
smith	3
correio	3
gigante	3
robin	3
adora	3
começamos	3
confortável	3
consiga	3
acordado	3
ligue	3
carregar	3
estragar	3
victor	3
pesadelo	3
facilmente	3
defender	3
ena	3
tripulação	3
queda	3
der	3
m	3
clara	3
alarme	3
pó	3
santa	3
milagre	3
cheque	3
alemães	3
jornais	3
teatro	3
convidados	3
explica	3
zangada	3
capacidade	3
entrega	3
período	3
estômago	3
provável	3
estranhos	3
adorável	3
acampamento	3
ficaste	3
china	3
cela	3
americana	3
moda	3
enganar	3
madeira	3
garganta	3
fá-lo	3
jeff	3
acusação	3
planear	3
brancos	3
continuas	3
importa-se	3
matar-te	3
ambiente	3
chegaste	3
calmo	3
bravo	3
eh	3
soa	3
chloe	3
garagem	3
assustado	3
libertar	3
afastem-se	3
montanhas	3
adoro-te	3
cave	3
advogados	3
aumentar	3
dava	3
aposta	3
casada	3
reserva	3
erva	3
retirar	3
negros	3
cala	3
somente	3
fazeres	3
promessa	3
gasolina	3
patrick	3
ouço	3
jackie	3
gary	3
ganhei	3
versão	3
t	3
sorriso	3
relaxa	3
campeão	3
street	3
causar	3
gentil	3
big	3
rick	3
seguros	3
comprou	3
fales	3
inverno	3
vizinhos	3
tivessem	3
procuro	3
achava	3
bate	3
saímos	3
texas	3
diário	3
digam	3
apanha	3
divisão	3
praticamente	3
daquelas	3
julie	3
júri	3
operações	3
tomates	3
ajudou	3
espelho	3
fumo	3
limites	3
dás	3
chegamos	3
rosa	3
dom	3
padrão	3
acções	3
oliver	3
secreta	3
irás	3
ver-me	3
tenhamos	3
garoto	3
dúvidas	3
conseguiram	3
revista	3
apanhei	3
elevador	3
queríamos	3
tesouro	3
rato	3
st	3
imagina	3
ter-me	3
amante	3
pediu-me	3
vantagem	3
obra	3
cometer	3
escute	3
marinha	3
virá	3
crise	3
corrente	3
pedras	3
coincidência	3
veneno	3
paciência	3
funcionou	3
precisares	3
deixo	3
feitos	3
legendagem	3
livres	3
atitude	3
achamos	3
aceita	3
respira	3
howard	3
laura	3
confirmar	3
comprimidos	3
memórias	3
disseram-me	3
estiveram	3
empregada	3
deixar-me	3
sexy	3
presumo	3
fechada	3
arranja	3
combinado	3
demora	3
ligo	3
decisões	3
transporte	3
bicicleta	3
alternativa	3
vidro	3
fez-me	3
selvagem	3
limite	3
sitio	3
estarão	3
saudável	3
atirador	3
percebeu	3
macaco	3
importas-te	3
convencer	3
tornou	3
quantidade	3
educação	3
judeus	3
tropas	3
tratado	3
repetir	3
liga-me	3
apostar	3
conto	3
turno	3
pensamentos	3
criatura	3
confuso	3
vendo	3
medida	3
vi-o	3
cozinhar	3
joelhos	3
usam	3
próprias	3
nação	3
saído	3
sofrimento	3
calado	3
fazer-lhe	3
medicina	3
continuem	3
tim	3
paredes	3
francisco	3
biblioteca	3
tomei	3
armazém	3
cavalheiro	3
mandei	3
atraso	3
amava	3
divórcio	3
helicóptero	3
fortuna	3
deixaram	3
saio	3
simpática	3
estudo	3
papéis	3
território	3
forem	3
ricos	3
amanda	3
escuridão	3
nathan	3
maneiras	3
perguntou	3
áfrica	3
preferia	3
vaca	3
sombra	3
nadar	3
toques	3
rebecca	3
pobres	3
bombas	3
postos	3
arranjaste	3
motivos	3
cadáver	3
falado	3
falha	3
traseiras	3
veremos	3
faltam	3
passos	3
cópia	3
inteligência	3
mel	3
prisioneiros	3
queixa	3
chamo	3
leis	3
tomou	3
jogador	3
botão	3
batatas	3
criado	3
nascer	3
deixar-te	3
lucas	3
explicação	3
ministro	3
alcance	3
doces	3
conheceu	3
tornar-se	3
almoçar	3
poderíamos	3
linhas	3
autoridade	3
reputação	3
esforço	3
carlos	3
sono	3
mexas	3
oceano	3
assumir	3
fita	3
estúdio	3
nervosa	3
treinar	3
temo	3
compra	3
motorista	3
fred	3
mora	3
deixam	3
acabamos	3
san	3
sr	3
areia	3
tolo	3
esperando	3
fundos	3
trouxeste	3
poucas	3
acreditam	3
alunos	3
medicamentos	3
gostou	3
devolver	3
desafio	3
park	3
sangrar	3
factos	3
ciúmes	3
bateu	3
noutra	3
recursos	3
clínica	3
conhecer-te	3
miami	3
segurar	3
aguento	3
cooper	3
voltaste	3
fã	3
sós	3
vincent	3
superfície	3
sessão	3
ponta	3
andrew	3
paixão	3
abram	3
capazes	3
alimentar	3
ganho	3
empregado	3
ross	3
elizabeth	3
alemão	3
acusações	3
mortes	3
estacionamento	3
jogada	3
criou	3
assustada	3
organização	3
açúcar	3
mamas	3
stan	3
larga-me	3
marcar	3
lobo	3
tê-la	3
seremos	3
pássaro	3
caixas	3
máscara	3
harvey	3
falava	3
meia-noite	3
senhorita	3
greg	3
ajudem-me	3
continuam	3
pegue	3
despedida	3
prostituta	3
caçar	3
johnson	3
abandonar	3
interromper	3
terras	3
contaste	3
russos	3
preparada	3
champanhe	3
extremamente	3
opções	3
cabeças	3
russo	3
inacreditável	3
bruce	3
lembras	3
doentes	3
bem-vinda	3
esquecido	3
escolheu	3
sobretudo	3
charlotte	3
inocentes	3
máquinas	3
vivemos	3
dívida	3
mistério	3
tirei	3
portão	3
traga	3
ficares	3
assassinado	3
sentia	3
chegarmos	3
qualidade	3
percebido	3
alemanha	3
gajos	3
noivo	3
frota	3
tyler	3
seca	3
feitiço	3
criminosos	3
atingido	3
usando	3
pausa	3
circunstâncias	3
trabalhou	3
preocupa	3
tarefa	3
donna	3
molly	3
cole	3
sopa	3
abrigo	3
preocupação	3
análise	3
afastar	3
telefonema	3
anterior	3
cigarro	3
dissesse	3
enfim	3
ritmo	3
maravilha	3
piores	3
sistemas	3
hitler	3
ripadas	3
puto	3
pt-subs	3
diga-lhe	3
pagou	3
pulso	3
física	3
derek	3
veículo	3
pensamento	3
mesmas	3
sujo	3
ódio	3
pagamento	3
escrevi	3
ouvimos	3
katie	3
trabalhas	3
king	3
visitas	3
comunicação	3
roy	3
negociar	3
sugiro	3
cruel	3
wilson	3
dispositivo	3
exterior	3
deixas	3
anúncio	3
fio	3
nestes	3
arranjou	3
montar	3
passam	3
exames	3
normais	3
virem	3
pizza	3
comissão	3
adivinha	3
prato	3
atrasada	3
sally	3
engano	3
evento	3
esqueci	3
nestas	3
trabalhei	3
pareceu	3
chato	3
esquina	3
papai	3
palhaço	3
comissário	3
suficientes	3
recebemos	3
encontrá-la	3
amostra	3
procuramos	3
cego	3
osso	3
sermos	3
passamos	3
sujeito	3
recompensa	3
ataques	3
marcus	3
limpeza	3
produção	3
sobe	3
museu	3
atende	3
perdida	3
folga	3
rezar	3
levei	3
preparados	3
parker	3
índia	3
homer	3
raça	3
corta	3
fria	3
terry	3
lábios	3
lady	3
porto	3
mágico	3
declaração	3
chegado	3
encontramo-nos	3
resistência	3
partam	3
sabíamos	3
militares	3
deva	3
pus	3
civil	3
filmar	3
gerente	3
onda	3
salvou	3
sentem-se	3
curioso	3
montes	3
brown	3
aliança	3
mostrar-te	3
significado	3
dragão	3
cidades	3
castigo	3
deixá-la	3
secção	3
homicídios	3
deveríamos	3
adoraria	3
ficarei	3
gira	3
desastre	3
ficheiros	3
arder	3
galinha	3
mexe-te	3
palácio	3
paraíso	3
despedido	3
divertir	3
jay	3
poderiam	3
sentimento	3
popular	3
huh	3
colocou	3
resgate	3
acto	3
passa-se	3
maricas	3
voltarei	3
barriga	3
helen	3
sexta-feira	3
acusado	3
negativo	3
metro	3
encontrarmos	3
molho	3
pareço	3
aliás	3
cobertura	3
chateada	3
digo-lhe	3
frango	3
conjunto	3
lançar	3
império	3
convite	3
falhar	3
gravação	3
concerto	3
el	3
mina	3
oficiais	3
campos	3
terapia	3
terroristas	3
glória	3
pacote	3
privada	3
sal	3
consequências	3
vampiros	3
prometi	3
nate	3
cargo	3
vencedor	3
tentado	3
audiência	3
jamie	3
doutora	3
terias	3
e-mail	3
doida	3
mac	3
botas	3
estivesses	3
fantasmas	3
neles	3
pessoais	3
metal	3
mudanças	3
disponível	3
suspeitos	3
fizeres	3
cenas	3
show	3
rota	3
prisioneiro	3
prenda	3
pedaços	3
jordan	3
gibbs	3
okay	3
sumo	3
feio	3
favorito	3
estiverem	3
assistir	3
literalmente	3
combustível	3
adaptação	3
pistola	3
temperatura	3
bonitas	3
firme	3
condição	3
responda	3
doug	3
olhes	3
janelas	3
seguida	3
autoridades	3
las	3
mudei	3
principalmente	3
igualmente	3
randy	3
apaixonada	3
solta	3
febre	3
identificar	3
violação	3
acontecendo	3
libras	3
buscá-lo	3
foge	3
cruz	3
graus	3
desliga	3
virgem	3
cobra	3
infância	3
sabendo	3
adultos	3
exercício	3
teriam	3
matado	3
pistas	3
conferência	3
duplo	3
vila	3
mental	3
justin	3
daria	3
lorde	3
tivéssemos	3
miller	3
túnel	3
trabalham	3
casados	3
especialista	3
fresco	3
unidades	3
refeição	3
bart	3
conhecê-la	3
pública	3
beijar	3
yeah	3
instruções	3
espacial	3
concurso	3
houvesse	3
andei	3
produto	3
acabo	3
incidente	3
lenda	3
sócio	3
destruição	3
templo	3
poderei	3
começam	3
descobrimos	3
comece	3
localizar	3
cento	3
péssimo	3
davis	3
heroína	3
passámos	3
nuclear	3
desapareceram	3
atraente	3
papa	3
lata	3
traidor	3
naves	3
jess	3
venhas	3
ajudar-nos	3
gordon	3
falsa	3
bailey	3
bruxas	3
compreende	3
lançamento	3
romântico	3
gostamos	3
cuecas	3
cardíaco	3
teríamos	3
lágrimas	3
reais	3
olivia	3
livrar	3
feitas	3
jessica	3
cinto	3
seriam	3
estarmos	3
carol	3
vivia	3
sincero	3
criaturas	3
ratos	3
terminado	3
quebrar	3
costume	3
boston	3
toby	3
expressão	3
perigosa	3
importas	3
asas	3
sexta	3
ombro	3
origem	3
ansioso	3
frankie	3
trânsito	3
morrem	3
hollywood	3
tinta	3
felizmente	3
velhote	3
passava	3
vê-los	3
incomodar	3
elena	3
ha	3
filhas	3
tensão	3
lealdade	3
judeu	3
capitã	3
lê	3
satisfeito	3
turma	3
ethan	3
compromisso	3
bíblia	3
participar	3
sorrir	3
desculpa-me	3
cabana	3
farta	3
queimar	3
imperador	3
milhas	3
primavera	3
mamãe	3
beth	3
rússia	3
moeda	3
diamantes	3
wayne	3
aceite	3
vizinho	3
paragem	3
mostra-me	3
mães	3
traseiro	3
esquerdo	3
metido	3
pura	3
combater	3
celebrar	3
trinta	3
enviado	3
impostos	3
camisola	3
gostavas	3
reparar	3
comercial	3
largar	3
golfe	3
condenado	3
levem	3
casey	3
escreve	3
internacional	3
sonhar	3
monstros	3
matemática	3
assassínio	3
competição	3
moral	3
votos	3
união	3
região	3
gastar	3
prazo	3
resolvido	3
conta-me	3
armado	3
frequência	3
aviões	3
mortal	3
voto	3
descobre	3
transformar	3
recolher	3
cale-se	3
passear	3
pares	3
marshall	3
odeia	3
romance	3
imaginação	3
jeremy	3
custódia	3
terrorista	3
porém	3
contactar	3
temporada	3
espião	3
dylan	3
contou-me	3
inspector	3
desporto	3
endereço	3
cai	3
arquivos	3
observar	3
média	3
escolhe	3
traição	3
walker	3
steven	3
depósito	3
resultou	3
questões	3
peixes	3
almas	3
colar	3
ladrões	3
anne	3
tentaram	3
encontre	3
cartões	3
pudéssemos	3
infeliz	3
possivelmente	3
vigiar	3
barba	3
permite	3
trata-se	3
pila	3
poderemos	3
hum	3
acalmar	3
certos	3
oficialmente	3
ajude-me	3
estarem	3
juízo	3
deixou-me	3
owen	3
cultura	3
perde	3
tivermos	3
fantasia	3
eva	3
entendeu	3
dada	3
conseguirmos	3
brinde	3
chinês	3
espectacular	3
pesado	3
reforços	3
catherine	3
pegou	3
apagar	3
corajoso	3
aproveitar	3
chegada	3
hei-de	3
abriu	3
azar	3
título	3
sincronia	3
empresas	3
posse	3
impacto	3
ian	3
riscos	3
experiências	3
passaste	3
vistos	3
levam	3
perfil	3
estranhas	3
policial	3
computadores	3
detetive	3
ondas	3
suspeita	3
recado	3
bancos	3
souber	3
recebe	3
capital	3
prata	3
procurando	3
caos	3
positivo	3
urgente	3
desconhecido	3
comi	3
dispara	3
interessada	3
plantas	3
considerar	3
emoções	3
ficheiro	3
frase	3
west	3
salão	3
jornalista	3
efeitos	3
analisar	3
engraçada	3
aventura	3
direção	3
besta	3
marco	3
puro	3
dou-lhe	3
carrie	3
dei-lhe	3
salto	3
pediste	3
face	3
surpreendido	3
mexa	3
aborrecido	3
michelle	3
burro	3
equipas	3
nasci	3
ideal	3
ligo-te	3
círculo	3
multidão	3
sentada	3
mo	3
lou	3
usei	3
sentir-se	3
rasto	3
iniciar	3
marty	3
imaginei	3
reacção	3
mortas	3
reféns	3
chffffff	3
saíram	3
fazerem	3
uísque	3
andou	3
podermos	3
existir	3
bateria	3
hannah	3
pénis	3
doze	3
vince	3
costuma	3
orgulhosa	3
águas	3
booth	3
salva	3
disparate	3
jacob	3
vampiro	3
disparou	3
malditos	3
mantenha	3
escolhido	3
pau	3
voltará	3
foda	3
demónios	3
rica	3
geração	3
usava	3
gatos	3
dick	3
revolução	3
deverias	3
morar	3
pergunto-me	3
meritíssimo	3
óleo	3
dar-nos	3
ê	3
matá-la	3
gravar	3
brad	3
desejar	3
farias	3
comeu	3
angela	3
dizeres	3
desejos	3
joga	3
chegam	3
russell	3
aaron	3
estudante	3
existência	3
ma	3
primeiras	3
sofreu	3
guerreiro	3
mate	3
secretos	3
uniforme	3
novidades	3
ellen	3
pássaros	3
sentes-te	3
pouca	3
plástico	3
sammy	3
séculos	3
despedir	3
rodas	3
basebol	3
deixa-te	3
decente	3
alô	3
coroa	3
compreendes	3
beco	3
repito	3
cerimónia	3
house	3
atirou	3
construção	3
coelho	3
afaste-se	3
conseguires	3
petróleo	3
precisamente	3
pecado	3
nancy	3
nobre	3
tragam	3
grant	3
sincronizadas	3
satélite	3
oxigénio	3
levas	3
deixa-a	3
cores	3
julgar	3
vira	3
acordei	3
familia	3
formos	3
aérea	3
imensa	3
capa	3
geralmente	3
invasão	3
pôde	3
nina	3
cigarros	3
faziam	3
potencial	3
confissão	3
esperei	3
mete	3
sensível	3
viagens	3
puxar	3
linguagem	3
administração	3
figura	3
cavaleiro	3
redor	3
dês	3
vai-se	3
quilos	3
edward	3
heróis	3
altamente	3
caminhar	3
criada	3
baixar	3
prima	3
caridade	3
cidadãos	3
guia	3
curto	3
damos	3
rips	3
dali	3
vazia	3
testar	3
apontar	3
recente	3
apostas	3
piadas	3
personagem	3
logan	3
acompanhar	3
in	3
saibam	3
portal	3
atingir	3
intervalo	3
poderosa	3
disfarce	3
matthew	3
voltaram	3
relatórios	3
poderias	3
manteiga	3
atira	3
ultrapassar	3
exposição	3
condicional	3
ginásio	3
mentiu	3
abençoe	3
andamos	3
flor	3
shane	3
tiroteio	3
lembre-se	3
jennifer	3
betty	3
levanta	3
nascimento	3
pedimos	3
copos	3
miles	3
acontecem	3
quinn	3
setembro	3
sítios	3
estudos	3
descobriste	3
todd	3
patrulha	3
jóias	3
detrás	3
hein	3
voltares	3
condutor	3
renda	3
doc	3
salário	3
stephen	3
goste	3
parto	3
ovo	3
pergunte	3
black	3
mentes	3
vomitar	3
trabalhamos	3
entregue	3
olhadela	3
tradição	3
lincoln	3
pensem	3
países	3
honestamente	3
noção	3
deter	3
paige	3
phoebe	3
técnica	3
caroline	3
anjos	3
resistir	3
coloca	3
tema	3
harold	3
albert	3
boneca	3
culpar	3
vão-se	3
abertos	3
perseguir	3
trazido	3
cocaína	3
grupos	3
conseguido	3
assinatura	3
egoísta	3
dormi	3
relaxar	3
reparei	3
leonard	3
profundo	3
dizemos	3
sabor	3
abraço	3
joseph	3
preparem-se	3
dizer-nos	3
bloco	3
contado	3
população	3
cassete	3
tragédia	3
empregados	3
bonnie	3
cometeu	3
cientista	3
religião	3
corações	3
marie	3
destruído	3
civis	3
planeado	3
tecnicamente	3
caneta	3
liam	3
cientistas	3
sobrinho	3
dama	3
verdadeiros	3
sagrado	3
meias	3
connor	3
durar	3
deixares	3
bandeira	3
mudaram	3
falhado	3
japão	3
mereces	3
contudo	3
feira	3
direi	3
itália	3
adulto	3
respiração	3
descoberto	3
recebido	3
arquivo	3
imediato	3
pastor	3
apanhá-lo	3
dêem	3
cancelar	3
arranjei	3
tomo	3
espantoso	3
raymond	3
diz-lhes	3
genial	3
earl	3
sugerir	3
asneira	3
níveis	3
delicioso	3
reuniões	3
tchau	3
restos	3
produtos	3
mason	3
n	3
influência	3
espetáculo	3
penny	3
símbolo	3
voltes	3
tecido	3
piorar	3
estupidez	3
cobrir	3
dennis	3
gatilho	3
esperas	3
horário	3
piano	3
cerebral	3
ocorreu	3
leva-me	3
lex	3
selva	3
adolescente	3
academia	3
luxo	3
estudantes	3
pasta	3
apoiar	3
pudesses	3
nojo	3
motel	3
lembrem-se	3
testemunhar	3
mato	3
sexuais	3
furioso	3
escravos	3
publicidade	3
próximas	3
tentamos	3
alteza	3
sois	3
sacrifício	3
perguntar-lhe	3
atacou	3
descanso	3
keith	3
esperta	3
decidimos	3
psiquiatra	3
hã	3
feridas	3
desaparecida	3
doer	3
pintar	3
reunir	3
fraude	3
olhada	3
cometi	3
transferência	3
baseado	3
perderam	3
aparelho	3
agenda	3
saberia	3
duche	3
firma	3
excelência	3
tina	3
índios	3
dá-nos	3
ricky	3
bens	3
ferramentas	3
conversas	3
sentiu	3
recusar	3
tentaste	3
assustar	3
barato	3
acertar	3
conselhos	3
jogadores	3
perdoar	3
acreditava	3
unhas	3
perguntar-te	3
devêssemos	3
rumores	3
use	3
escritor	3
sophie	3
tubo	3
conhecida	3
únicos	3
espanhol	3
teddy	3
fãs	3
lama	3
usada	3
sentimos	3
feia	3
nu	3
respondeu	3
informar	3
concordar	3
brinquedos	3
praticar	3
dose	3
willie	3
atrasados	3
trabalhadores	3
passas	3
vives	3
desgraçado	3
estratégia	3
poderão	3
substituir	3
terror	3
novidade	3
hércules	3
contratar	3
daisy	3
escrita	3
entraram	3
confessar	3
irem	3
gostaste	3
dizê-lo	3
torna-se	3
esqueçam	3
luvas	3
cheirar	3
voltado	3
conte	3
propriamente	3
esperam	3
iriam	3
convencido	3
aumento	3
letra	3
sacos	3
julian	3
convidar	3
verdadeiramente	3
adoram	3
folha	3
formação	3
acreditamos	3
argumento	3
frigorífico	3
congresso	3
naturalmente	3
preferido	3
indústria	3
travis	3
trago	3
tatuagem	3
termina	3
apetece	3
ação	3
equipe	3
franceses	3
movimentos	3
lance	3
inventar	3
rumo	3
adorei	3
conspiração	3
lana	3
possíveis	3
ramo	3
cemitério	3
hill	3
diana	3
tanque	3
bebê	3
dúzia	3
devesse	3
solteiro	3
tiverem	3
stress	3
dificuldades	3
caçador	3
poço	3
p	3
descoberta	3
continuamos	3
sejamos	3
inconsciente	3
vi-te	3
mudado	3
protocolo	3
federais	3
puxa	3
repara	3
spencer	3
anormal	3
professores	3
amostras	3
tirem	3
amável	3
deixamos	3
espíritos	3
curar	3
largue	3
white	3
decidido	3
fascinante	3
barney	3
ótima	3
aparência	3
chamava	3
mickey	3
personalidade	3
castle	3
salta	3
absoluta	3
escapou	3
julho	3
monsieur	3
curta	3
verifiquei	3
cobarde	3
reconhecimento	3
progresso	3
radiação	3
altos	3
dólar	3
estrangeiro	3
pecados	3
traficante	3
reconhecer	3
saberá	3
anthony	3
pormenores	3
familiares	3
presta	3
usá-lo	3
receita	3
arranjo	3
jonathan	3
pareça	3
sentem	3
reverendo	3
transmissão	3
ficarmos	3
mereço	3
privacidade	3
deverá	3
actividade	3
chegarem	3
ensaio	3
prioridade	3
comunicações	3
salada	3
começámos	3
riley	3
prometeu	3
menti	3
cachorro	3
sobrevivência	3
macacos	3
condução	3
dás-me	3
margaret	3
escada	3
levar-me	3
dificuldade	3
chamar-me	3
organizar	3
barcos	3
desce	3
it	3
luto	3
encontros	3
actor	3
olhei	3
roda	3
malcolm	3
olhou	3
ignorar	3
dona	3
vier	3
sairmos	3
lewis	3
sombras	3
contar-te	3
aço	3
solar	3
façamos	3
ana	3
tocou	3
passageiros	3
puderes	3
acalme-se	3
leitura	3
eliminar	3
depoimento	3
acontecerá	3
maya	3
sydney	3
estrutura	3
canções	3
williams	3
palpite	3
espanha	3
alcançar	3
acontecesse	3
preocupados	3
células	3
chamamos	3
segunda-feira	3
azuis	3
advogada	3
italiano	3
mostrar-lhe	3
tais	3
interrogatório	3
sentir-me	3
culpada	3
explosivos	3
adiante	3
truques	3
hemorragia	3
contar-me	3
conde	3
letras	3
representa	3
perdidos	3
diverte-te	3
embaixador	3
termo	3
circo	3
munições	3
gloria	3
favorita	3
secretário	3
contactos	3
usamos	3
tirá-lo	3
separar	3
trono	3
blake	3
excitante	3
gabriel	3
conduz	3
fígado	3
almirante	3
martha	3
kent	3
leão	3
político	3
ficámos	3
ficarem	3
ihe	3
escolhas	3
mínima	3
kenny	3
zoe	3
combinação	3
namorar	3
vozes	3
bebo	3
chip	3
interesses	3
função	3
suportar	3
olhando	3
visual	3
pintura	3
desenho	3
megan	3
acordada	3
páginas	3
meios	3
liz	3
selvagens	3
alfa	3
sais	3
nua	3
rapto	3
porcos	3
quaisquer	3
põe-te	3
ligações	3
encontrada	3
cuida	3
causou	3
miserável	3
diretor	3
relacionamento	3
pareceu-me	3
fazermos	3
buracos	3
dividir	3
cuidados	3
gado	3
cheios	3
saíste	3
pulmões	3
acabe	3
nora	3
eventos	3
doenças	3
complexo	3
holly	3
buscá-la	3
monk	3
pagam	3
quiseste	3
morra	3
solitário	3
infantil	3
pedir-lhe	3
dobro	3
acabam	3
velhas	3
gravata	3
valer	3
sinta	3
funcionam	3
ensinou	3
apresentação	3
coordenadas	3
bastardo	3
servem	3
mostrou	3
vice-presidente	3
elliot	3
agarra	3
escolhi	3
amarelo	3
agarrar	3
saem	3
lindas	3
simpson	3
demos	3
rotina	3
quarta	3
berlim	3
revelar	3
traduzido	3
horríveis	3
laranja	3
beira	3
cinzas	3
falhou	3
parecida	3
péssima	3
ameaças	3
norman	3
grátis	3
crânio	3
folhas	3
escala	3
archie	3
economia	3
importar	3
motores	3
intenções	3
mande	3
deveriam	3
audição	3
tapete	3
arrancar	3
mitch	3
senti-me	3
incomoda	3
velas	3
percebem	3
prática	3
ficasse	3
gravidade	3
mando	3
consulta	3
seth	3
recepção	3
lobos	3
esperemos	3
matéria	3
verá	3
descrição	3
àquele	3
estúpidos	3
cumprimentos	3
site	3
piper	3
francis	3
curiosidade	3
permanecer	3
coluna	3
chamem	3
ocasião	3
moedas	3
procurador	3
inveja	3
francamente	3
feridos	3
procedimento	3
criminal	3
enterrado	3
lentamente	3
remédio	3
estais	3
cêntimos	3
esquadrão	3
acreditei	3
assassina	3
banheira	3
instinto	3
jean	3
descobriram	3
admito	3
casino	3
mudam	3
samantha	3
gus	3
sentados	3
tigre	3
campeonato	3
estivessem	3
bandidos	3
natalie	3
estarás	3
ouves	3
explorar	3
encher	3
estelar	3
sandy	3
quinze	3
estarias	3
lojas	3
comunicar	3
arrumar	3
passaporte	3
clay	3
ténis	3
cria	3
preocupem	3
victoria	3
magoado	3
nelson	3
lixado	3
actual	3
neil	3
pratos	3
fraca	3
alvos	3
sensores	3
álibi	3
aceitou	3
antigas	3
máxima	3
pô-lo	3
abertura	3
séria	3
habitual	3
torres	3
pensámos	3
cenário	3
eventualmente	3
canta	3
walt	3
ganhaste	3
ned	3
global	3
matar-nos	3
lógica	3
digital	3
sensual	3
divertida	3
papelada	3
andaste	3
gorda	3
harper	3
tarte	3
christine	3
mágica	3
peguei	3
derrotar	3
ron	3
desperdiçar	3
contagem	3
cresci	3
química	3
eleições	3
rever	3
instalações	3
rebeldes	3
bestial	3
correto	3
razoável	3
esclarecer	3
pesca	3
ira	3
sandes	3
elegante	3
autópsia	3
absurdo	3
negar	3
ficha	3
conosco	3
paguei	3
voltarmos	3
chamei	3
medidas	3
angel	3
edith	3
habilidade	3
testamento	3
pt-pt	3
lane	3
ponham	3
marge	3
man	3
bombeiros	3
república	3
conheço-te	3
caixão	3
deixarei	3
nicole	3
naquilo	3
distante	3
há-de	3
orelhas	3
líderes	3
deu-lhe	3
eternidade	3
cresceu	3
sintomas	3
vestígios	3
fontes	3
ofensa	3
parvalhão	3
cretino	3
mitchell	3
dormiste	3
pergunto	3
roubei	3
seguido	3
extraordinário	3
médio	3
metas	3
traz-me	3
escolas	3
oiça	3
prefere	3
visse	3
saias	3
eli	3
apuros	3
entramos	3
murphy	3
disparem	3
green	3
nuvens	3
companheiros	3
ámen	3
despachar	3
wendy	3
pedro	3
políticos	3
envolvida	3
mochila	3
doidos	3
meio-dia	3
cameron	3
gritos	3
profissão	3
festival	3
indica	3
meteu	3
irias	3
siga	3
álbum	3
gina	3
stone	3
vendedor	3
viúva	3
vais-te	3
fatos	3
conheceste	3
vende	3
parceiros	3
camarada	3
informado	3
realizar	3
êxito	3
griffin	3
maio	3
trouxe-te	3
agressão	3
profissionais	3
peru	3
saíres	3
patético	3
entendeste	3
telefones	3
fizermos	3
dissemos	3
famosa	3
mantenham	3
verifica	3
honesta	3
guerreiros	3
procuram	3
tirar-te	3
tracy	3
custo	3
capítulo	3
habilidades	3
evan	3
esquema	3
estável	3
perímetro	3
disposição	3
calar	3
disposta	3
detenção	3
tortura	3
considerado	3
viesse	3
aproximar	3
pretende	3
viveu	3
separados	3
interna	3
telemóveis	3
mexe	3
solteira	3
stanley	3
físico	3
césar	3
mistura	3
pudeste	3
meg	3
marte	3
ruim	3
controla	3
deixaria	3
iraque	3
telefonou	3
sobreviveu	3
stark	3
armados	3
heather	3
emoção	3
oportunidades	3
guiar	3
carla	3
abandonado	3
diego	3
pode-se	3
corram	3
funcionários	3
deitado	3
criação	3
contratou	3
parada	3
barbara	3
violento	3
colecção	3
leu	3
chover	3
esperanças	3
esconderijo	3
serena	3
juventude	3
achaste	3
online	3
mencionou	3
escutem	3
profundamente	3
histórico	3
vigia	3
apanharam	3
sapato	3
necessidades	3
objetivo	3
desaparecimento	3
fechados	3
quieta	3
deixá-los	3
aproximar-se	3
abril	3
damon	3
raro	3
miguel	3
ligaste	3
brooke	3
perdoa-me	3
leves	3
recebo	3
recorde	3
namorados	3
decide	3
coloque	3
tristeza	3
ocupados	3
aprendeu	3
sentença	3
soubeste	3
suja	3
ingleses	3
pedir-te	3
little	3
cirurgião	3
palerma	3
mudaste	3
ronnie	3
ferimentos	3
vestida	3
navios	3
ashley	3
estivermos	3
enormes	3
quero-te	3
condado	3
amado	3
maçã	3
admira	3
objecto	3
outubro	3
harris	3
nascido	3
resulta	3
sebastian	3
flash	3
embaixada	3
prestar	3
desenhos	3
conclusão	3
lembrar-me	3
procuras	3
ralph	3
aterrar	3
experimenta	3
tenda	3
florida	3
dana	3
rocha	3
falaram	3
milho	3
testemunho	3
confie	3
junho	3
kong	3
dando	3
tara	3
boas-vindas	3
baby	3
bêbedo	3
bo	3
manhattan	3
sentar-se	3
votar	3
graves	3
meta	3
surgiu	3
falsas	3
mato-te	3
refém	3
processar	3
mantê-lo	3
mover	3
amanhecer	3
desagradável	3
vá-se	3
soubesses	3
cujo	3
vendas	3
comem	3
perdoe-me	3
precise	3
vestidos	3
àquela	3
farão	3
comecem	3
ellie	3
invisível	3
misericórdia	3
placa	3
dale	3
ala	3
superar	3
pressentimento	3
confias	3
levante-se	3
juramento	3
ministério	3
bife	3
piedade	3
espingarda	3
drama	3
kit	3
fraqueza	3
piso	3
entro	3
shaw	3
pontapé	3
ford	3
seco	3
escondida	3
valores	3
blair	3
acordou	3
tonto	3
warren	3
empréstimo	3
hábito	3
envolver	3
entraste	3
hall	3
caçadores	3
órgãos	3
importava	3
faltar	3
conflito	3
invadir	3
confusa	3
tubarão	3
lança	3
enfermaria	3
super-homem	3
conseguiria	3
aluno	3
dará	3
apanhei-te	3
creme	3
ouvir-te	3
custar	3
destruiu	3
pescar	3
kg	3
constantemente	3
queiram	3
emocional	3
fruta	3
sociais	3
suave	3
calada	3
tornado	3
trabalhando	3
procurado	3
fazê-la	3
julguei	3
confidencial	3
desgraça	3
muro	3
kitty	3
poderás	3
dizer-lhes	3
rebentar	3
mota	3
tribo	3
alterar	3
infecção	3
bosque	3
recuperação	3
lido	3
projeto	3
padrões	3
ombros	3
aquecer	3
francesa	3
comité	3
casou	3
tumor	3
chineses	3
entram	3
protesto	3
malucos	3
tirado	3
ligada	3
ann	3
pesada	3
chatear	3
assassinada	3
sobreviventes	3
precisavas	3
lutas	3
katherine	3
dieta	3
encantador	3
curtis	3
turner	3
conheça	3
ritual	3
hanna	3
trouxeram	3
taça	3
reis	3
procurei	3
atacado	3
pudermos	3
esqueceu	3
fazias	3
brooklyn	3
túmulo	3
medicação	3
vanessa	3
preferida	3
voltam	3
artes	3
mísseis	3
queridos	3
detido	3
quereria	3
ja	3
ligados	3
ken	3
prepara-te	3
sincronização	3
dar-lhes	3
manny	3
x	3
tramar	3
holmes	3
vic	3
planta	3
neal	3
merecem	3
taxa	3
mna	3
encontrar-me	3
star	3
ajudado	3
adrian	3
parei	3
leal	3
minas	3
mcgee	3
ajudá-los	3
juntamente	3
atmosfera	3
indivíduo	3
encomenda	3
representar	3
tratamos	3
cidadão	3
cabelos	3
gostarias	3
seattle	3
ouvi-lo	3
troco	3
mundos	3
sugere	3
armada	3
quinta-feira	3
ruth	3
allen	3
incrivelmente	3
canadá	3
karl	3
sector	3
philip	3
prometer	3
puseste	3
mira	3
diziam	3
meredith	3
poupar	3
sobremesa	3
russa	3
justa	3
caído	3
isabel	3
von	3
cadáveres	3
bonitos	3
avaliação	3
monica	3
corridas	3
complicada	3
candidato	3
ninho	3
gerir	3
portátil	4
japoneses	4
taco	4
caminhos	4
electricidade	4
leva-o	4
sabedoria	4
musical	4
us	4
estrangeiros	4
secundário	4
terça-feira	4
posições	4
mostram	4
clássico	4
enganada	4
conhecemo-nos	4
israel	4
kirk	4
dente	4
método	4
permitido	4
vendeu	4
agrada	4
medalha	4
roubaram	4
contar-lhe	4
bishop	4
jill	4
situações	4
distintivo	4
execução	4
consertar	4
caverna	4
desenvolvimento	4
neto	4
quentes	4
lento	4
ponho	4
encontrei-o	4
collins	4
cal	4
ex	4
trauma	4
viria	4
recuar	4
cabe	4
civilização	4
mijar	4
colégio	4
atrair	4
buck	4
encontrarem	4
rápidos	4
alison	4
obras	4
reconhece	4
responsáveis	4
lâmina	4
vaga	4
comemos	4
grau	4
conheço-o	4
so	4
elementos	4
promoção	4
island	4
cinquenta	4
emocionante	4
garcia	4
fabuloso	4
trair	4
cristal	4
serias	4
arruinar	4
controlado	4
máfia	4
fiel	4
afastado	4
ficando	4
fiança	4
códigos	4
típico	4
palmer	4
erradas	4
principais	4
emprestado	4
durmo	4
disseste-me	4
cópias	4
cadela	4
lucro	4
inteligentes	4
magnífico	4
aceder	4
debbie	4
christian	4
tirando	4
concentra-te	4
revistas	4
apetite	4
despesas	4
matem	4
virginia	4
noticias	4
demorou	4
orelha	4
psicopata	4
escravo	4
escuta-me	4
corra	4
coloquei	4
estaríamos	4
capacidades	4
gostaríamos	4
residência	4
veste	4
músicas	4
terminei	4
chegares	4
tentes	4
vamo-nos	4
nessas	4
exceto	4
ecrã	4
derrubar	4
agosto	4
concorda	4
manual	4
possibilidades	4
franklin	4
fáceis	4
novembro	4
proibido	4
martelo	4
andares	4
impressionado	4
dupla	4
terríveis	4
vizinhança	4
encontram	4
miranda	4
galáxia	4
generoso	4
concentrar	4
vela	4
fracos	4
mandou-me	4
perigosos	4
cobre	4
cowboy	4
trazê-lo	4
senso	4
perseguição	4
distrito	4
finais	4
audrey	4
usas	4
apertar	4
directa	4
garrafas	4
chase	4
aliados	4
documento	4
gps	4
faço-o	4
técnico	4
oscar	4
tendes	4
aprendeste	4
adolescentes	4
despachem-se	4
apanhados	4
garotas	4
vídeos	4
colocado	4
afeganistão	4
tentam	4
chinesa	4
arriscado	4
matam	4
watson	4
entendem	4
britânico	4
wyatt	4
cervejas	4
onze	4
fi-lo	4
cavaleiros	4
quarteirões	4
examinar	4
desesperado	4
bondade	4
vivi	4
duke	4
trevas	4
aves	4
esperado	4
gene	4
lindos	4
explodiu	4
rob	4
levem-no	4
naomi	4
harrison	4
queimado	4
empregos	4
falsos	4
reforma	4
maquilhagem	4
perfume	4
times	4
sheldon	4
brinquedo	4
preta	4
calem-se	4
tiraste	4
agulha	4
wallace	4
programas	4
espalhar	4
julgo	4
costumo	4
envolvidos	4
joão	4
feche	4
operar	4
disparates	4
dormiu	4
liderança	4
biscoitos	4
pneus	4
formar	4
dirigir	4
donald	4
cabrões	4
voltaremos	4
tecto	4
correcta	4
grato	4
caleb	4
chego	4
apelido	4
janet	4
insectos	4
jenna	4
cola	4
cortes	4
preocupações	4
franco	4
moscovo	4
roubaste	4
ausência	4
guitarra	4
usá-la	4
mencionar	4
patty	4
arroz	4
estradas	4
altas	4
sentiste	4
veres	4
descansa	4
mentirosa	4
grey	4
melissa	4
valeu	4
craig	4
tentava	4
padrinho	4
oficina	4
l	4
levamos	4
fadas	4
ângulo	4
batido	4
vinda	4
superiores	4
jo	4
fama	4
independente	4
poesia	4
atingiu	4
requer	4
hope	4
algemas	4
piratas	4
frasco	4
pesadelos	4
orçamento	4
blue	4
kennedy	4
correm	4
pudessem	4
recordar	4
bagagem	4
benjamin	4
mostre	4
relva	4
nervos	4
batman	4
permanente	4
pro	4
irritado	4
colin	4
esconde	4
rancho	4
áreas	4
oriente	4
ligar-lhe	4
jersey	4
tranquilo	4
equilíbrio	4
encontrares	4
chefes	4
brancas	4
lembrei-me	4
festejar	4
aéreo	4
baixas	4
christopher	4
quintal	4
recomeçar	4
conduta	4
noah	4
supremo	4
mikey	4
anderson	4
cabine	4
artistas	4
determinar	4
stefan	4
provocar	4
fios	4
sonhei	4
escondidas	4
conseguisse	4
fritas	4
constante	4
recebeste	4
marcha	4
dignidade	4
levava	4
vi-a	4
anteriores	4
levante	4
falares	4
imaginas	4
benny	4
importam	4
levo-te	4
guerras	4
cordas	4
discos	4
dívidas	4
xadrez	4
artigos	4
março	4
escudo	4
hong	4
prostitutas	4
descrever	4
bingo	4
marcado	4
competir	4
nesses	4
poirot	4
joelho	4
virão	4
encontrem	4
comeste	4
belas	4
ficarão	4
mia	4
rita	4
sequência	4
viciado	4
celeiro	4
saírem	4
verdes	4
cortou	4
havido	4
horror	4
rosas	4
corrigir	4
profunda	4
duque	4
libertado	4
bebi	4
promessas	4
proteção	4
briga	4
esqueceste-te	4
colina	4
nicky	4
reconheço	4
protegido	4
radar	4
vistas	4
hector	4
diz-nos	4
janeiro	4
telefonemas	4
bolsos	4
apropriado	4
estou-me	4
mantém-te	4
ferimento	4
khan	4
media	4
pornografia	4
submarino	4
enterrar	4
deixava	4
buscar-te	4
hal	4
perspectiva	4
divertir-se	4
jules	4
assegurar	4
concentração	4
drogado	4
sobrinha	4
compaixão	4
tremer	4
ficaremos	4
aparecem	4
encontrar-se	4
plataforma	4
fogueira	4
desligado	4
apanho	4
divirtam-se	4
burke	4
extraterrestres	4
april	4
è	4
gravidez	4
procurava	4
parva	4
diane	4
disparo	4
comentários	4
tráfico	4
certifica-te	4
joan	4
judy	4
ansiosa	4
poema	4
oposto	4
praga	4
investimento	4
espiritual	4
matrícula	4
bênção	4
obcecado	4
hmm	4
específico	4
disse-lhes	4
enviei	4
associação	4
bauer	4
cúmplice	4
deixe-o	4
reduzir	4
falem	4
utilizar	4
whisky	4
mata-o	4
dezembro	4
haviam	4
abelhas	4
pátio	4
prometo-te	4
parceira	4
embaraçoso	4
começaste	4
deixa-nos	4
urgências	4
ocidental	4
boyd	4
margem	4
louise	4
toalha	4
crane	4
conforto	4
encontrar-te	4
apertado	4
lembraste	4
modelos	4
acorde	4
bolachas	4
actriz	4
mata-me	4
misterioso	4
sid	4
lavandaria	4
pretendo	4
santos	4
doloroso	4
ácido	4
sigam-me	4
cresce	4
compensar	4
imagine	4
encantadora	4
curva	4
comido	4
estátua	4
lawrence	4
fox	4
sugestão	4
presas	4
sotaque	4
vivas	4
tess	4
vendido	4
proteger-te	4
g	4
tomas	4
beba	4
relacionado	4
mick	4
deixando	4
morgue	4
disseres	4
envia	4
brutal	4
pensaram	4
spock	4
verás	4
interferir	4
regressou	4
decerto	4
tentámos	4
reclamar	4
garantia	4
águia	4
trevor	4
começas	4
parentes	4
acreditem	4
objectos	4
pretos	4
jen	4
sonny	4
my	4
quietos	4
cam	4
preencher	4
impulso	4
finn	4
caí	4
lanterna	4
baker	4
supostamente	4
mortais	4
basquetebol	4
macho	4
direto	4
chegará	4
ter-se	4
contém	4
may	4
alegre	4
v	4
arrogante	4
cuja	4
quisermos	4
conquistar	4
gémeos	4
mama	4
helena	4
ligou-me	4
euros	4
beijos	4
confiante	4
brincando	4
mansão	4
escudos	4
destruída	4
ilhas	4
elefante	4
clima	4
prontas	4
instituto	4
one	4
on	4
produzir	4
desperdício	4
harvard	4
pilotos	4
bolos	4
pacífico	4
rapazinho	4
exato	4
nações	4
pirata	4
apareceram	4
menores	4
remover	4
estabelecer	4
garanto	4
dêem-me	4
esqueceu-se	4
trabalhado	4
japonês	4
sortudo	4
espécies	4
escuto	4
gota	4
apanhamos	4
liderar	4
falarmos	4
surpresas	4
encontrar-nos	4
incapaz	4
macgyver	4
oxalá	4
pato	4
allison	4
quarenta	4
lutador	4
feiticeiro	4
eterna	4
odiar	4
saberemos	4
tira-me	4
riqueza	4
aprende	4
senado	4
detectives	4
necessária	4
leia	4
carruagem	4
batota	4
discutimos	4
solitária	4
pam	4
curtir	4
núcleo	4
conselheiro	4
lord	4
comeces	4
reed	4
concordou	4
chama-me	4
precisávamos	4
beckett	4
análises	4
excepção	4
cauda	4
estariam	4
murro	4
actualmente	4
internos	4
autor	4
amada	4
colónia	4
bati	4
brilhantes	4
libertação	4
merlin	4
bandido	4
gaja	4
prometeste	4
ilusão	4
conceito	4
bacon	4
capacete	4
gerações	4
músculos	4
escolheste	4
porter	4
engenharia	4
valioso	4
diamante	4
fundação	4
conhecidos	4
carson	4
levará	4
errados	4
registado	4
quinto	4
wade	4
balcão	4
levaste	4
anunciar	4
tomado	4
informador	4
independentemente	4
colher	4
promete-me	4
lucros	4
reabilitação	4
outono	4
dirá	4
pensão	4
produtor	4
lençóis	4
sócios	4
seguiu	4
alívio	4
respeitar	4
robô	4
líquido	4
haley	4
safar	4
ver-nos	4
prepara	4
teresa	4
levá-los	4
planetas	4
desconto	4
tratou	4
métodos	4
vadia	4
soltar	4
ex-mulher	4
tubarões	4
freddy	4
aquecimento	4
interno	4
tentem	4
considerando	4
perito	4
graham	4
duncan	4
amantes	4
brennan	4
avery	4
isaac	4
covarde	4
cicatriz	4
sentar-me	4
chávena	4
debate	4
construiu	4
admite	4
voa	4
gaveta	4
lloyd	4
modos	4
troy	4
sue	4
houston	4
brevemente	4
quadros	4
ciclo	4
manhãs	4
julgas	4
lavagem	4
gesto	4
essencial	4
probabilidades	4
juan	4
promete	4
colo	4
atrasar	4
passando	4
mude	4
fôssemos	4
avança	4
palmas	4
coberto	4
interessantes	4
barata	4
eléctrica	4
engenheiro	4
lembram-se	4
significar	4
trancada	4
ares	4
inferior	4
sorri	4
fresca	4
forno	4
lindsay	4
descubra	4
sons	4
vacas	4
ra	4
repórter	4
fariam	4
desenvolver	4
angie	4
torneio	4
casamentos	4
mandato	4
órbita	4
sentidos	4
compraste	4
quarta-feira	4
britânicos	4
ida	4
adequado	4
tampa	4
merecia	4
ganhas	4
rude	4
rosie	4
fecho	4
intervenção	4
transmitir	4
aumenta	4
fracasso	4
digno	4
restantes	4
comércio	4
miolos	4
vira-te	4
leon	4
ande	4
desconfortável	4
desiste	4
e-mails	4
desenhar	4
apreciar	4
surpreendida	4
inicial	4
escócia	4
depressão	4
buddy	4
juntar-se	4
bell	4
alimentos	4
denny	4
poderosos	4
costumam	4
faz-te	4
perry	4
sincera	4
exagerar	4
português	4
adams	4
custou	4
tarefas	4
amei	4
ursos	4
vingar	4
irritante	4
vê-se	4
nuvem	4
toquei	4
crescimento	4
elogio	4
dna	4
levar-nos	4
forçar	4
enterprise	4
acusar	4
fatal	4
contes	4
aranha	4
comboios	4
long	4
câmera	4
mulder	4
darei	4
klaus	4
moderna	4
observação	4
escutar	4
fugido	4
escândalo	4
delta	4
perca	4
josé	4
apanhaste	4
ganham	4
zack	4
laser	4
ciente	4
gordura	4
subiu	4
monroe	4
tanques	4
expulso	4
reagir	4
pareciam	4
estejamos	4
comemorar	4
canalha	4
falhas	4
cindy	4
dificil	4
fisher	4
dentista	4
mergulho	4
doyle	4
esqueceste	4
reese	4
actos	4
percebemos	4
suspeitas	4
microfone	4
cheques	4
únicas	4
gancho	4
semelhante	4
lauren	4
moça	4
pensavas	4
fiona	4
nâo	4
moro	4
divertir-nos	4
possui	4
assassinatos	4
galeria	4
vodka	4
trate	4
preferes	4
hóspedes	4
beach	4
científica	4
dizer-vos	4
assistência	4
raramente	4
obrigação	4
praça	4
contato	4
activo	4
caravana	4
wells	4
acontecimentos	4
criei	4
elemento	4
ave	4
vermelhos	4
punho	4
espiões	4
dexter	4
pagas	4
consciente	4
recordações	4
ari	4
ligar-te	4
diagnóstico	4
vulnerável	4
east	4
lutou	4
lydia	4
matá-los	4
acreditou	4
lesões	4
retirada	4
tarado	4
começarmos	4
brilhar	4
embaixo	4
perfeição	4
carrega	4
recentes	4
dominar	4
sacanas	4
flynn	4
comuns	4
love	4
alec	4
decidiram	4
claudia	4
roman	4
ouça-me	4
retrato	4
pat	4
deusa	4
donos	4
zach	4
jornalistas	4
desligue	4
assine	4
alturas	4
questionar	4
apanhada	4
incríveis	4
isco	4
saltou	4
avenida	4
tratei	4
sullivan	4
esforços	4
desisto	4
excitado	4
mona	4
moto	4
cadeiras	4
gigantes	4
novato	4
carmen	4
batata	4
noivado	4
filadélfia	4
medicamento	4
aproximadamente	4
adoras	4
alienígena	4
violar	4
dica	4
década	4
rebelde	4
aguenta-te	4
fodido	4
vai-me	4
hospitais	4
aceitei	4
chamava-se	4
morris	4
atire	4
denise	4
pancada	4
enfiar	4
indicam	4
cagar	4
fala-me	4
apresenta	4
nazis	4
adormecer	4
urina	4
carregamento	4
devesses	4
brandon	4
ameaçou	4
índio	4
assusta	4
profundidade	4
cereais	4
cheias	4
almofada	4
whoa	4
legado	4
kurt	4
fê-lo	4
tomem	4
inspiração	4
bebeu	4
farás	4
winston	4
testa	4
gerador	4
manutenção	4
veronica	4
cale	4
quisesses	4
aborrecida	4
fugiram	4
valente	4
autorizado	4
loira	4
vietname	4
entrado	4
comes	4
responsabilidades	4
sofre	4
auto-estrada	4
casei	4
campbell	4
diz-se	4
aterragem	4
verem	4
thompson	4
tomada	4
brilho	4
chata	4
abri	4
morrerá	4
esquisita	4
salvador	4
potência	4
escondidos	4
vôo	4
interrogar	4
correntes	4
rory	4
empurrar	4
lápis	4
brincadeiras	4
elaine	4
conrad	4
comédia	4
parti	4
ensinou-me	4
lembrança	4
contratado	4
bates	4
vagina	4
princípios	4
fardo	4
continuou	4
domínio	4
surpreendente	4
ridícula	4
recusou	4
grito	4
carrinho	4
derrota	4
sagrada	4
formidável	4
ilegais	4
lester	4
negras	4
extraterrestre	4
inventou	4
actividades	4
transportar	4
puseram	4
rex	4
sentir-te	4
impede	4
sanita	4
panquecas	4
respire	4
bigode	4
touro	4
sindicato	4
está-se	4
mandaram	4
volante	4
exige	4
brigada	4
perguntaste	4
ciências	4
verdadeiras	4
amber	4
vindas	4
chames	4
reparado	4
partimos	4
falecido	4
age	4
ceder	4
caros	4
imensas	4
fazíamos	4
corajosa	4
consideração	4
começado	4
queixo	4
conseguirem	4
promotor	4
sintas	4
drew	4
tentas	4
segui	4
fisicamente	4
agradecido	4
casais	4
interessados	4
considera	4
aprovação	4
salvação	4
lenço	4
bud	4
cano	4
peguem	4
omar	4
sms	4
violet	4
correspondência	4
pertences	4
edição	4
jaula	4
srª	4
pensávamos	4
ofereceu	4
entras	4
urgência	4
austrália	4
porrada	4
lembre	4
chamaste	4
actuar	4
otário	4
pediram	4
cega	4
vinhas	4
jarod	4
antepassados	4
criados	4
originais	4
pões	4
desespero	4
feminino	4
encantado	4
gripe	4
lembra-me	4
brody	4
chamá-lo	4
ganhamos	4
existia	4
ho	4
fugi	4
toneladas	4
sementes	4
valem	4
lésbica	4
amigável	4
funcionário	4
hunter	4
proprietário	4
boy	4
obrigar	4
cody	4
perdoe	4
aquí	4
propriedades	4
aposentos	4
abuso	4
abandonou	4
separação	4
mancha	4
disciplina	4
amamos	4
guião	4
educado	4
saltos	4
ficção	4
delegado	4
machado	4
morremos	4
oração	4
visões	4
comprado	4
acidentes	4
fluxo	4
boxe	4
camiões	4
valia	4
valha-me	4
boneco	4
percas	4
perco	4
jornada	4
rochas	4
cavar	4
avanço	4
calibre	4
resolve	4
tola	4
apareça	4
preços	4
pelotão	4
odeio-te	4
pólvora	4
reservas	4
especificamente	4
instável	4
lorque	4
massagem	4
contentes	4
edifícios	4
deram-me	4
ameaçar	4
quantia	4
artie	4
ensino	4
usaste	4
banana	4
nalgum	4
realização	4
fúria	4
alugar	4
colete	4
terapeuta	4
susto	4
protege	4
balde	4
remédios	4
pablo	4
odiava	4
ajudem	4
desculpar	4
bata	4
tucker	4
club	4
levou-me	4
ópera	4
queixas	4
coreia	4
chamou-me	4
congressista	4
feminina	4
cheguem	4
seguimos	4
sanduíche	4
estúpidas	4
desejava	4
ajudante	4
túneis	4
inglesa	4
voltaria	4
magoa	4
coisinha	4
mercadoria	4
dei-te	4
sabrina	4
volume	4
adiar	4
matou-o	4
partidas	4
falhei	4
véspera	4
amoroso	4
soco	4
dourado	4
prosseguir	4
inevitável	4
randall	4
faça-o	4
vulgar	4
acharam	4
mesas	4
fada	4
particularmente	4
suite	4
tiraram	4
foster	4
faleceu	4
décadas	4
colapso	4
fazes-me	4
ter-lhe	4
talentos	4
burt	4
cobras	4
kane	4
convidada	4
desistiu	4
frágil	4
executar	4
voltarem	4
avisado	4
mataria	4
archer	4
richie	4
especialidade	4
meteste	4
encerrado	4
evolução	4
usaram	4
cm	4
casa-de-banho	4
fevereiro	4
stella	4
regressa	4
implorar	4
r	4
fechadura	4
democracia	4
putas	4
leilão	4
envelope	4
avisa-me	4
personagens	4
aprecio	4
traficantes	4
facas	4
encarar	4
becky	4
guy	4
herança	4
parente	4
passa-me	4
finch	4
le	4
perceberam	4
clã	4
chatice	4
cadastro	4
precioso	4
jazz	4
dallas	4
sigam	4
kansas	4
brenda	4
cyrus	4
aluguer	4
chamar-lhe	4
determinado	4
homossexual	4
cobrar	4
gangue	4
senta	4
chandler	4
dj	4
suporte	4
missões	4
dimensão	4
júnior	4
deixasse	4
tomaste	4
cleveland	4
estraguei	4
relaxe	4
careca	4
forense	4
morri	4
materiais	4
saudações	4
vinham	4
sheila	4
gwen	4
vire	4
ataca	4
roubada	4
couro	4
jonas	4
stuart	4
oiçam	4
terrorismo	4
estou-te	4
diretamente	4
instrumento	4
veículos	4
restam	4
ações	4
crítica	4
pegadas	4
bêbada	4
cortado	4
soro	4
fórmula	4
finanças	4
desconhecida	4
top	4
dadas	4
junta	4
devon	4
by	4
fizerem	4
necessariamente	4
bay	4
avaliar	4
lenny	4
químicos	4
vizinha	4
postal	4
julga	4
procure	4
conforme	4
pt	4
surdo	4
sra	4
ligue-me	4
acelerar	4
máscaras	4
evidente	4
atento	4
eleição	4
dragões	4
time	4
conveniente	4
olhas	4
deixar-nos	4
entusiasmado	4
arranje	4
ivan	4
tristes	4
arco	4
digam-me	4
discoteca	4
convidou	4
lava	4
cesto	4
guardião	4
romanos	4
galinhas	4
nicholas	4
scotty	4
temer	4
quero-o	4
nucleares	4
furiosa	4
gravações	4
mensageiro	4
biliões	4
invés	4
suporto	4
cais	4
policias	4
desfazer	4
junior	4
andem	4
estragado	4
ego	4
cuba	4
apaixonados	4
anúncios	4
privilégio	4
habitantes	4
procurem	4
envolve	4
assinou	4
rastos	4
jeffrey	4
acender	4
instintos	4
aconteceria	4
aprendemos	4
conversamos	4
pesquisar	4
torno	4
sábio	4
alexander	4
verei	4
desfile	4
injusto	4
recurso	4
partículas	4
apanhámos	4
vitais	4
ouvindo	4
ajudei	4
escreveste	4
capturar	4
alicia	4
coca	4
maravilhas	4
romano	4
springfield	4
aguardar	4
centímetros	4
magoou	4
mentiste	4
fugitivo	4
representante	4
arrepender	4
freddie	4
significava	4
tabaco	4
aproveita	4
lho	4
kara	4
mexicano	4
solidão	4
quarteirão	4
balão	4
nelas	4
yang	4
deu-nos	4
andrea	4
buffy	4
fazenda	4
ouvem	4
encontrá-los	4
lua-de-mel	4
ruby	4
texto	4
painel	4
consultório	4
apanhei-o	4
estações	4
encontraremos	4
bernie	4
lembranças	4
federação	4
legais	4
convés	4
terminal	4
caminhada	4
serviu	4
carbono	4
mexam	4
desesperada	4
bang	4
cartel	4
cabras	4
madison	4
transferido	4
escrevo	4
elvis	4
crítico	4
amam	4
virou	4
suba	4
emboscada	4
perguntar-me	4
grand	4
t-shirt	4
bandas	4
goa	4
mantê-la	4
escura	4
editor	4
dezenas	4
f	4
contam	4
douglas	4
kitt	4
casar-se	4
começando	4
multa	4
olha-me	4
cozinheiro	4
nolan	4
convenção	4
gostes	4
paula	4
forçado	4
pulseira	4
armadura	4
bruno	4
acertou	4
fuzileiros	4
lesão	4
prendê-lo	4
lola	4
acalmem-se	4
bloquear	4
hunt	4
mecânico	4
costumávamos	4
inclui	4
castanho	4
pôr-me	4
dobrar	4
adianta	4
espadas	4
tirá-la	4
perturbado	4
penas	4
naturais	4
chores	4
vindos	4
sun	4
aponta	4
buscar-me	4
filosofia	4
arizona	4
podre	4
nikki	4
encosta	4
mostre-me	4
lições	4
felix	4
avisei	4
carroça	4
supermercado	4
entregas	4
construído	4
palhaços	4
trazes	4
lionel	4
prometes	4
dispostos	4
indiana	4
secundária	4
sherlock	4
estivéssemos	4
voltasse	4
precisavam	4
conheceram	4
repete	4
encontrados	4
canhão	4
tentares	4
massacre	4
silver	4
chamados	4
ooh	4
atreves	4
primeiro-ministro	4
robbie	4
recordo	4
ligues	4
hastings	4
arranjado	4
observa	4
tiras	4
fechou	4
barreira	4
ronda	4
alguem	4
demasiadas	4
referência	4
legista	4
inocência	4
dares	4
mito	4
municipal	4
brasa	4
sentar-te	4
circuito	4
barnes	4
pierce	4
donnie	4
bispo	4
vapor	4
marinheiro	4
estando	4
óptimas	4
intenso	4
aguarde	4
tonta	4
leva-a	4
bennett	4
técnicas	4
tambem	4
grita	4
lake	4
sóbrio	4
funcione	4
chegando	4
edgar	4
escolar	4
temporário	4
faltava	4
laços	4
barão	4
páscoa	4
usados	4
botões	4
greve	4
perdes	4
ajudo-te	4
segure	4
gays	4
milagres	4
vou-lhe	4
estás-me	4
curiosa	4
baixos	4
encobrir	4
directora	4
levaria	4
reynolds	4
assustadora	4
esperma	4
carácter	4
ficarás	4
demonstrar	4
humilde	4
fins	4
instituição	4
odeias	4
míssil	4
dano	4
evidências	4
grayson	4
telefónica	4
dixon	4
cobertor	4
barra	4
pazes	4
orientação	4
espertos	4
damas	4
barras	4
soubemos	4
pressionar	4
queen	4
alvejado	4
guarda-costas	4
comentário	4
tê-los	4
dê-lhe	4
pneu	4
causado	4
poderem	4
antigamente	4
conteúdo	4
bowling	4
mandaste	4
fixes	4
girl	4
pedir-me	4
temporal	4
sótão	4
genética	4
yo	4
envergonhado	4
póquer	4
sobra	4
ncis	4
eve	4
substituto	4
leslie	4
leio	4
esquecerei	4
invulgar	4
bloqueio	4
engolir	4
pertencem	4
ajudo	4
clarke	4
paro	4
varanda	4
cortesia	4
drª	4
consigas	4
peyton	4
cápsula	4
lobisomem	4
trabalhador	4
bush	4
tartaruga	4
árabe	4
políticas	4
arca	4
treinado	4
burns	4
demasiada	4
rudy	4
funções	4
voltava	4
adulta	4
dormia	4
armar	4
saul	4
estádio	4
rocky	4
telefona	4
integridade	4
escondeu	4
entregou	4
eficaz	4
kira	4
scully	4
favores	4
shawn	4
liguem	4
missa	4
enfermeiras	4
sabermos	4
blá	4
perdem	4
parece-se	4
lenta	4
salvá-lo	4
entusiasmo	4
dormes	4
acabará	4
ohio	4
imaginava	4
joshua	4
fêmea	4
fusão	4
colocá-lo	4
refeições	4
decidiste	4
vais-me	4
soubessem	4
bares	4
gratidão	4
reparou	4
turistas	4
sharon	4
pierre	4
caíram	4
beverly	4
lindamente	4
organizado	4
campainha	4
adversário	4
votação	4
that	4
reparaste	4
traiu	4
ordenado	4
lena	4
sapo	4
coitado	4
morres	4
saídas	4
roubados	4
portões	4
camas	4
teorias	4
aberração	4
vital	4
grandalhão	4
evacuar	4
j	4
quites	4
maré	4
bases	4
connie	4
mantido	4
baleado	4
chuveiro	4
transferir	4
ultima	4
stephanie	4
porteiro	4
passados	4
acabas	4
jon	4
peggy	4
reid	4
alimento	4
calvin	4
herdeiro	4
elite	4
saindo	4
quartel	4
dantes	4
deixem-no	4
criador	4
solto	4
amendoim	4
borla	4
mallory	4
conseguirá	4
agradar	4
raj	4
habituado	4
pego	4
molhado	4
está-me	4
demonstração	4
julgava	4
samuel	4
prémios	4
alemã	4
extraordinária	4
olhares	4
arnold	4
poeta	4
inspetor	4
pôr-te	4
sem-abrigo	4
pô-la	4
detalhe	4
salve	4
patas	4
drake	4
seguranças	4
encaixa	4
costelas	4
olham	4
famosos	4
jedi	4
sobrou	4
cor-de-rosa	4
manteve	4
granada	4
saía	4
all	4
aceitas	4
raptado	4
restaurantes	4
cooperar	4
norma	4
parados	4
estimação	4
ato	4
irlandês	4
grego	4
rodney	4
completar	4
es	4
obsessão	4
deixarem	4
chad	4
pendurado	4
glenn	4
entrevistas	4
ansiedade	4
confirmado	4
vejas	4
shepherd	4
paizinho	4
secretas	4
levada	4
herr	4
donde	4
chef	4
públicas	4
joy	4
vermelhas	4
ir-se	4
confirmação	4
magoar-te	4
bond	4
han	4
publicar	4
brasil	4
toalhas	4
seios	4
marcada	4
avançado	4
legalmente	4
stevens	4
infiltrado	4
confessou	4
limão	4
suicida	4
acrescentar	4
xixi	4
antonio	4
raízes	4
relativamente	4
precisarem	4
rouba	4
mandam	4
seguras	4
instrumentos	4
retiro	4
rara	4
supervisor	4
pertencia	4
pântano	4
permita-me	4
abordagem	4
veem	4
saberes	4
atiradores	4
software	4
fortaleza	4
inclusive	4
teimoso	4
gang	4
selo	4
esperávamos	4
clyde	4
austin	4
apressar	4
ocupar	4
schmidt	4
orfanato	4
deixo-te	4
monitor	4
falemos	4
desisti	4
expor	4
alfred	4
ajudares	4
largue-me	4
vales	4
irmandade	4
garanto-te	4
narcóticos	4
road	4
pensares	4
disponíveis	4
progressos	4
imunidade	4
protector	4
seda	4
gostasse	4
desaparecidos	4
terminamos	4
básico	4
quarentena	4
salvaste	4
toquem	4
visitantes	4
pop	4
voyager	4
comunista	4
obedecer	4
terça	4
ellis	4
permanece	4
largo	4
orações	4
admiro	4
canais	4
masculino	4
segue-me	4
rogers	4
bernard	4
gelados	4
guardado	4
einstein	4
excelentes	4
morder	4
tradicional	4
activar	4
ya	4
colheita	4
evans	4
honestidade	4
ligar-me	4
envolvimento	4
liv	4
pararam	4
executivo	4
iniciativa	4
ordenou	4
torta	4
enviada	4
cassie	4
adeusinho	4
fronteiras	4
pedidos	4
inúteis	4
excesso	4
tinhamos	4
rim	4
borracha	4
carvão	4
pilotar	4
elevado	4
chen	4
financeiro	4
tao	4
morro	4
enlouquecer	4
fechem	4
né	4
honrado	4
mayor	4
hambúrguer	4
keller	4
havemos	4
senha	4
terrestre	4
oferece	4
assinado	4
transformou	4
prever	4
irlanda	4
jared	4
deixa-os	4
chamaram	4
culpados	4
gentileza	4
belos	4
humanas	4
desapareça	4
evacuação	4
passou-se	4
trem	4
bones	4
frequentemente	4
fotógrafo	4
mandy	4
mosca	4
precisei	4
sermão	4
preocupo	4
protegê-lo	4
notável	4
deixará	4
necessito	4
policiais	4
dr	4
divertir-me	4
tintas	4
cardíaca	4
servidor	4
faixa	4
dawn	4
deviamos	4
diminuir	4
jerusalém	4
abertas	4
seguir-me	4
culto	4
camaradas	4
aconteceram	4
baleia	4
finalistas	4
durou	4
tratava	4
injecção	4
roll	4
limpas	4
bebes	4
continente	4
ovelhas	4
porno	4
comprador	4
woody	4
kathy	4
is	4
finge	4
sabe-se	4
overdose	4
crescido	4
gostado	4
tornozelo	4
nsa	4
campus	4
malvado	4
tomamos	4
desculpem-me	4
tatuagens	4
moore	4
óptimos	4
hans	4
conhecesse	4
salvou-me	4
dvd	4
sobrevivente	4
refiro-me	4
hills	4
river	4
pequenino	4
surpreende	4
dorothy	4
impressionar	4
condenados	4
eleanor	4
manchas	4
andavam	4
esperavas	4
iríamos	4
chora	4
perigosas	4
guarde	4
unir	4
estacionar	4
delicado	4
nazi	4
certificar-me	4
animado	4
voluntário	4
asneiras	4
lotaria	4
abandonada	4
enganou	4
chumbo	4
pontas	4
salvei	4
perguntou-me	4
captura	4
gajas	4
surpreso	4
voltámos	4
jefferson	4
valha	4
marvin	4
fino	4
automóvel	4
falcão	4
enganados	4
preocupo-me	4
wow	4
limpos	4
auxiliar	4
orgulhosos	4
wall	4
churrasco	4
cd	4
estudei	4
seguidores	4
madrugada	4
disse-nos	4
manga	4
marijuana	4
bónus	4
realizador	4
oz	4
ligas	4
longas	4
abatido	4
ringue	4
lembrar-se	4
young	4
positiva	4
corredores	4
toco	4
pilha	4
coro	4
vermos	4
comparar	4
cuido	4
warp	4
expectativas	4
larguem-me	4
queens	4
voluntários	4
pijama	4
detroit	4
passar-se	4
halloween	4
notar	4
pastilha	4
hammond	4
aproxima-se	4
satisfeita	4
serpente	4
aliviar	4
estreia	4
raposa	4
tás	4
tubos	4
salas	4
litros	4
confirma	4
deita-te	4
tímido	4
encontras	4
romântica	4
santuário	4
acampar	4
bico	4
bunker	4
confirmou	4
bébé	4
legítima	4
declarar	4
opiniões	4
erin	4
diferenças	4
fazer-nos	4
contentor	4
altar	4
destinado	4
insiste	4
south	4
necessita	4
ruído	4
alienígenas	4
comparado	4
cuide	4
thor	4
loucas	4
laço	4
negociações	4
happy	4
ervas	4
sucedido	4
pague	4
preciosa	4
phillip	4
batalhas	4
reza	4
poupa-me	4
pipocas	4
demasiados	4
avatar	4
dedicado	4
laurel	4
phoenix	4
atrevas	4
satanás	4
primos	4
procurá-lo	4
garras	4
tornar-me	4
amelia	4
trazem	4
dormido	4
ouvi-la	4
amo-a	4
cacifo	4
cortada	4
concordamos	4
percurso	4
deves-me	4
vivido	4
peço-lhe	4
cruzar	4
filmagens	4
apercebi-me	4
digo-vos	4
sesta	4
wally	4
fizeste-me	4
stevie	4
facebook	4
lâmpada	4
verme	4
pervertido	4
gatinho	4
episódios	4
ambição	4
correndo	4
garotos	4
iris	4
judicial	4
perguntes	4
sexto	4
baía	4
correctamente	4
seguintes	4
world	4
sino	4
actores	4
county	4
moderno	4
hugo	4
mantêm	4
shakespeare	4
boatos	4
tratam	4
ensaiar	4
extremo	4
aborto	4
trazê-la	4
magoe	4
ta	4
ajudaria	4
golpes	4
assumo	4
netos	4
morfina	4
cachorros	4
falou-me	4
indivíduos	4
mates	4
refúgio	4
amiguinho	4
gideon	4
vendi	4
eterno	4
fôlego	4
actuação	4
destrói	4
aluna	4
trouxemos	4
reggie	4
sentires	4
pacto	4
larguem	4
gravado	4
atacados	4
ajudou-me	4
contares	4
etc	4
avancem	4
pensavam	4
estragos	4
chegas	4
benefícios	4
cat	4
agradecer-te	4
apaga	4
fujam	4
anual	4
andavas	4
tareia	4
deita	4
ponhas	4
reconstruir	4
cometido	4
anéis	4
recebem	4
rené	4
cavalaria	4
cassetes	4
improvável	4
afirma	4
pentágono	4
descarregar	4
escolho	4
mana	4
candidatos	4
entradas	4
puderem	4
nenhuns	4
doeu	4
baixa-te	4
summer	4
entendemos	4
dwight	4
acompanhante	4
dispare	4
vera	4
seguem	4
comprido	4
ward	4
apresentou	4
atacaram	4
kung	4
ventos	4
aperto	4
julgado	4
encontrei-a	4
joel	4
esposas	4
conduzo	4
descobrirmos	4
sacrificar	4
mm	4
significam	4
simpáticos	4
governar	4
tarda	4
fitz	4
expedição	4
diga-lhes	4
comprimido	4
espiar	4
adrenalina	4
acredites	4
bastão	4
ii	4
hábitos	4
fazê-los	4
kirsten	4
gorjeta	4
desfrutar	4
aventuras	4
acidentalmente	4
baratas	4
girar	4
arrasar	4
conhecimentos	4
tolice	4
agressivo	4
atirado	4
deprimido	4
matando	4
fale-me	4
antecedentes	4
uid	4
cristão	4
donuts	4
rodada	4
deb	4
tenciono	4
usem	4
eleito	4
tirada	4
paramos	4
atreve	4
manobra	4
ferramenta	4
editora	4
gavin	4
pergunta-lhe	4
americanas	4
conter	4
hóquei	4
vagabundo	4
encontrará	4
escova	4
june	4
exposto	4
ligaram	4
baltimore	4
pesos	4
profecia	4
escreva	4
rígido	4
abanar	4
vacina	4
lareira	4
neta	4
queima	4
ver-vos	4
veias	4
aperta	4
misteriosa	4
percy	4
donovan	4
fantasias	4
glen	4
tornaram-se	4
cortinas	4
perguntado	4
falaremos	4
asa	4
vazias	4
teal	4
conheces-me	4
cardeal	4
explicações	4
anton	4
duros	4
xena	4
erica	4
juízes	4
trancado	4
seguindo	4
valley	4
radical	4
salvá-la	4
começares	4
câmbio	4
põe-me	4
redes	4
abro	4
sensato	4
denunciar	4
ernie	4
empresário	4
travar	4
traseira	4
variar	4
tendência	4
demissão	4
investigador	4
peço-te	4
procedimentos	4
bruto	4
wes	4
convincente	4
gray	4
egipto	4
torne	4
exigências	4
investir	4
passem	4
senhoria	4
farmácia	4
anoitecer	4
refere	4
regina	4
kramer	4
ache	4
trágico	4
ava	4
vaughn	4
evelyn	4
tirar-me	4
relevante	4
fechadas	4
fu	4
deste-me	4
recordação	4
serra	4
aspeto	4
historial	4
bluff	4
ganhámos	4
hughes	4
amorosa	4
veado	4
foram-se	4
jessie	4
entrarem	4
entenda	4
carinho	4
paramédicos	4
garrett	4
brinques	4
pequenina	4
ir-me	4
corresponde	4
industrial	4
garanto-lhe	4
odeiam	4
murray	4
surgir	4
compro	4
perpétua	4
cunhado	4
categoria	4
deixem-nos	4
tóquio	4
partiram	4
círculos	4
amém	4
prossiga	4
deu-te	4
violada	4
culpas	4
insistir	4
cheiras	4
virgínia	4
avós	4
deixe-a	4
carolina	4
podeis	4
pedindo	4
param	4
agradecer-lhe	4
valerie	4
tronco	4
mostrar-me	4
põem	4
segui-lo	4
vício	4
precaução	4
hamilton	4
poeira	4
afectar	4
cicatrizes	4
arrastar	4
atlanta	4
bêbados	4
fraldas	4
honestos	4
cocó	4
ouvires	4
prendas	4
alterações	4
rolo	4
protegê-la	4
suor	4
substância	4
continuava	4
chantagem	4
jurar	4
sandra	4
calendário	4
começarem	4
inventei	4
mergulhar	4
marilyn	4
assaltar	4
diga-nos	4
segura-te	4
alf	4
coelhos	4
arrependido	4
seguidos	4
arranca	4
kid	4
grata	4
avançada	4
culpo	4
telegrama	4
essência	4
raptada	4
levando	4
caçada	4
bófia	4
psicologia	4
batalhão	4
bebemos	4
pearl	4
cálculos	4
circular	4
marcel	4
salsicha	4
facial	4
venceu	4
distracção	4
assassinar	4
hudson	4
maldade	4
muitíssimo	4
receitas	4
compreensão	4
zonas	4
porão	4
levantem-se	4
tornei-me	4
insistiu	4
bonecas	4
latas	4
apanhe	4
queimaduras	4
nó	4
tornei	4
lynn	4
noivos	4
poção	4
algodão	4
fizesses	4
pedem	4
literatura	4
pesquisas	4
maridos	4
escolta	4
levantem	4
desviar	4
coberta	4
cristina	4
deres	4
dirige	4
mintas	4
definição	4
arranjas	4
troféu	4
parece-te	4
reflexo	4
ouvia	4
companheira	4
ã	4
jura	4
sloan	4
suar	4
aproxima	4
invenção	4
cansados	4
corrupção	4
jogou	4
queca	4
brett	4
semestre	4
manter-me	4
verifique	4
mecanismo	4
receberam	4
deixe-nos	4
sophia	4
corrido	4
recibo	4
perfeitos	4
técnicos	4
sasha	4
fatia	4
calções	4
descanse	4
apresento-te	4
mapas	4
entres	4
peste	4
lutamos	4
incómodo	4
abraçar	4
italianos	4
atum	4
representação	4
descobrirem	4
calculo	4
deixei-o	4
ex-marido	4
arranjamos	4
vivian	4
deveres	4
marcou	4
deixou-o	4
previsto	4
jamal	4
aparecido	4
gelada	4
armadilhas	4
evidência	4
atacada	4
neill	4
jr	4
medos	4
mostro-te	4
assustar-me	4
jogado	4
alinho	4
barril	4
sonda	4
altitude	4
sepultura	4
dói-me	4
parecidos	4
santidade	4
antídoto	4
reagan	4
iniciais	4
robot	4
honrar	4
confiei	4
transplante	4
henrique	4
divertir-te	4
jurisdição	4
theo	4
clubes	4
capturado	4
cimento	4
provou	4
mole	4
claque	4
desempenho	4
atentos	4
banheiro	4
ocorre	4
dormindo	4
eugene	4
atirem	4
k	4
envie	4
tira-o	4
sairá	4
currículo	4
cantor	4
sylvia	4
naqueles	4
quebrou	4
resíduos	4
vejo-o	4
tiramos	4
bacano	4
extensão	4
pobreza	4
investigações	4
despedir-me	4
contava	4
silencioso	4
exacta	4
apanha-o	4
veredicto	4
constituição	4
cartaz	4
jan	4
shirley	4
acabaram-se	4
corri	4
prendeu	4
consigamos	4
matamos	4
sessões	4
preparem	4
strip	4
passageiro	4
nasceste	4
preparação	4
declarações	4
falarei	4
apodrecer	4
colorado	4
mobília	4
agradecemos	4
seriamente	4
hotéis	4
moe	4
fiz-te	4
colaborar	4
atentado	4
mademoiselle	4
del	4
ética	4
broadway	4
adoramos	4
tocas	4
cancelado	4
notei	4
sacrifícios	4
chegasse	4
eficiente	4
autêntico	4
magoada	4
prepare	4
começava	4
corrupto	4
contabilista	4
telefonei	4
importe	4
arranjar-te	4
nikita	4
mimi	4
condicionado	4
dar-vos	4
respeita	4
pertenço	4
andre	4
mills	4
benefício	4
demoro	4
està	4
resgatar	4
piquenique	4
exercícios	4
bocados	4
cabos	4
conseguias	4
probabilidade	4
fornecer	4
racista	4
certificar	4
nasa	4
homenagem	4
carregada	4
revistar	4
arena	4
crescem	4
tratas	4
crias	4
sidney	4
inesperado	4
espreitar	4
especialistas	4
desceu	4
sexualmente	4
amarela	4
impedi-lo	4
miséria	4
cogumelos	4
deixámos	4
amador	4
profeta	4
meter-se	4
isolamento	4
custos	4
ash	4
religioso	4
ninja	4
independência	4
trazia	4
y	4
simpatia	4
dawson	4
reação	4
refiro	4
marina	4
táctica	4
artilharia	4
montgomery	4
tanner	4
contratos	4
vias	4
leões	4
mandem	4
partidos	4
jipe	4
línguas	4
hilariante	4
piscar	4
pedrado	4
passará	4
apanhem-no	4
cuidadoso	4
expulsar	4
entusiasmada	4
ezra	4
demoraste	4
mentais	4
sofia	4
formal	4
paranóico	4
gil	4
prisões	4
cooperação	4
olhava	4
conseguiremos	4
capela	4
quebra	4
companhias	4
remoto	4
turnos	4
voltemos	4
coco	4
brady	4
revelou	4
apetecer	4
bêbeda	4
bree	4
aguarda	4
retorno	4
combina	4
pudemos	4
insignificante	4
cavernas	4
zombie	4
shelby	4
suspenso	4
tramado	4
desejas	4
plasma	4
cérebros	4
vire-se	4
gregory	4
cócegas	4
imediata	4
fulano	4
leve-me	4
espionagem	4
matares	4
delicada	4
identificado	4
dai	4
nenhumas	4
choro	4
distribuição	4
solta-me	4
levados	4
protegida	4
perdidas	4
doentio	4
mudou-se	4
detectar	4
derrotado	4
sozinhas	4
entao	4
fort	4
públicos	4
luthor	4
pedes	4
gabe	4
luva	4
morrendo	4
pagamos	4
criaram	4
price	4
apanhem	4
bode	4
refugiados	4
tolos	4
recusa	4
secar	4
abrandar	4
feijões	4
nevoeiro	4
defeito	4
católica	4
rata	4
mercedes	4
divina	4
isolado	4
sentindo	4
suíça	4
charme	4
estavamos	4
oriental	4
alpha	4
spike	4
we	4
desligou	4
operacional	4
responde-me	4
brilha	4
resolvemos	4
raptou	4
farda	4
respondi	4
acordos	4
desaparecem	4
mudo	4
pedi-lhe	4
insecto	4
pagamentos	4
sólido	4
violenta	4
vendem	4
compre	4
cú	4
cãozinho	4
polly	4
réu	4
matty	4
absoluto	4
ressaca	4
pimenta	4
longos	4
saberei	4
estadual	4
mantenham-se	4
art	4
pousa	4
tammy	4
gostavam	4
lutam	4
pope	4
síndrome	4
célula	4
compartilhar	4
bobo	4
drive	4
dificilmente	4
comia	4
discussões	4
lutei	4
planeia	4
parava	4
salvamento	4
gritou	4
fuma	4
violou	4
vê-las	4
brien	4
fichas	4
necessários	4
escolhemos	4
esperou	4
rich	4
baxter	4
abe	4
letal	4
celular	4
paradeiro	4
adopção	4
francos	4
esconder-se	4
incomodado	4
cathy	4
baixe	4
monty	4
pode-me	4
auto	4
nojenta	4
flecha	4
assassinou	4
avisa	4
objectivos	4
tornam	4
irene	4
foi-me	4
conhece-lo	4
futura	4
aguente	4
flutuar	4
inicio	4
qualidades	4
dante	4
hayes	4
cristãos	4
depor	4
dinozzo	4
combinar	4
salvar-te	4
artéria	4
fenda	4
específica	4
deitada	4
instalação	4
batom	4
eléctrico	4
cheryl	4
bolinhos	4
imaginem	4
val	4
furacão	4
refere-se	4
tenho-o	4
putos	4
cimo	4
conte-me	4
satisfação	4
cumpriu	4
colchão	4
jacto	4
trocos	4
fachada	4
devo-te	4
hostil	4
casco	4
stu	4
enviaram	4
entrares	4
retirado	4
generosa	4
imortal	4
canhões	4
convidei	4
feriado	4
moscas	4
golo	4
mentido	4
sentimental	4
corporal	4
avisei-te	4
desafiar	4
assina	4
atravessou	4
fofo	4
gestão	4
sabido	4
lembrar-te	4
cruzeiro	4
otto	4
recomendo	4
fantásticos	4
madre	4
devas	4
apocalipse	4
tentarei	4
gilbert	4
brinca	4
fugiste	4
falência	4
atleta	4
discreto	4
manuel	4
levantou	4
nã	4
dc	4
parares	4
expressar	4
insisto	4
tacos	4
ivy	4
metida	4
atendo	4
raiz	4
ofender	4
ninguem	4
ouviste-me	4
perturbada	4
montana	4
feijão	4
tocava	4
lida	4
viaja	4
artificial	4
chamar-te	4
fractura	4
soar	4
paquistão	4
consultar	4
apartamentos	4
galo	4
digressão	4
bota	4
costumavam	4
grades	4
amo-o	4
vega	4
robinson	4
desenhada	4
meti	4
legítimo	4
mae	4
portland	4
percorrer	4
baseada	4
sacar	4
ajudam	4
possivel	4
revolta	4
cintura	4
precisão	4
jogamos	4
marcação	4
morava	4
abençoado	4
flórida	4
gaita	4
encerrar	4
anedota	4
violentos	4
acontecimento	4
chichi	4
avariado	4
nobres	4
lote	4
baleias	4
chamam-lhe	4
deeks	4
ganharam	4
encarregado	4
addison	4
irrelevante	4
tranquila	4
rios	4
perdas	4
enviados	4
ruiva	4
vegetais	4
pêlo	4
falasse	4
domingos	4
numero	4
plena	4
transmissor	4
queixar	4
instalar	4
unidas	4
cortina	4
considero	4
camioneta	4
músico	4
faz-nos	4
cass	4
frankenstein	4
espetacular	4
satisfazer	4
acabares	4
lateral	4
raio-x	4
sao	4
air	4
gama	4
menu	4
assustaste-me	4
explique	4
callie	4
envergonhada	4
tentarem	4
servido	4
projectos	4
maurice	4
insinuar	4
causas	4
lo	4
assento	4
debra	4
robôs	4
afecta	4
ferir	4
magro	4
trazer-me	4
estágio	4
juíza	4
autocarros	4
passarinho	4
your	4
alá	4
docinho	4
sova	4
procurou	4
esgoto	4
financeira	4
eduardo	4
ajustar	4
doçura	4
javier	4
recorrer	4
desaparecidas	4
hannibal	4
ditado	4
zoológico	4
grécia	4
virei	4
quereis	4
emocionalmente	4
saberão	4
day	4
desmaiou	4
georgia	4
pensaria	4
marc	4
esmagar	4
imensos	4
encontra-se	4
desvio	4
fabulosa	4
powell	4
asilo	4
escritórios	4
inteiramente	4
willy	4
fazer-se	4
pinturas	4
mccoy	4
perguntei-lhe	4
adequada	4
mal-entendido	4
stewie	4
impecável	4
garantido	4
riso	4
rins	4
agências	4
ironia	4
britânica	4
levares	4
exigir	4
picante	4
idosos	4
luis	4
navegar	4
lizzie	4
vantagens	4
simmons	4
viu-o	4
processos	4
explosivo	4
recolha	4
oiço	4
cometa	4
doris	4
tornaste	4
potter	4
caia	4
comandar	4
aplicação	4
paisagem	4
paras	4
pouquinho	4
passes	4
chapéus	4
criminosa	4
tinha-me	4
traidores	4
quentin	4
impressionada	4
comentar	4
costumavas	4
convenceu	4
cantos	4
prometido	4
congelado	4
elijah	4
pátria	4
chegava	4
repita	4
forçada	4
quanta	4
sugar	4
condessa	4
ladra	4
merecer	4
peterson	4
ligeiramente	4
gates	4
interferência	4
podes-me	4
joyce	4
excitada	4
dee	4
bebia	4
enterrada	4
alcunha	4
resolvi	4
estadia	4
melanie	4
bem-estar	4
escuras	4
conclusões	4
químico	4
ensinar-te	4
precisos	4
vermes	4
bombeiro	4
matas	4
aspectos	4
malditas	4
magoar-me	4
consumo	4
prejudicar	4
nomeado	4
pisar	4
celebração	4
despertar	4
úteis	4
explico	4
estupor	4
arodri	4
mestres	4
manipular	4
construída	4
fragmentos	4
point	4
preservativo	4
verificação	4
conhecias	5
ruínas	5
chulo	5
camada	5
pagos	5
mantimentos	5
siga-me	5
incomum	5
lori	5
nalguma	5
contrabando	5
brandy	5
conheças	5
jenkins	5
vilão	5
rostos	5
atingida	5
organismo	5
preocupas	5
encontremos	5
esqueço	5
contos	5
morrerem	5
janice	5
rumor	5
lorenzo	5
formigas	5
pico	5
semente	5
residentes	5
contabilidade	5
dinossauros	5
vence	5
mérito	5
gasto	5
correios	5
concentrado	5
abrimos	5
tomaram	5
sossegado	5
farsa	5
fossemos	5
perdê-lo	5
crack	5
lume	5
mi	5
achámos	5
borboleta	5
formulário	5
cinzento	5
emprestar	5
tenso	5
bradley	5
entretenimento	5
latim	5
vendemos	5
peg	5
títulos	5
gaiola	5
peruca	5
reitor	5
reportagem	5
claras	5
rodar	5
acabem	5
assaltos	5
terrivelmente	5
sérios	5
tráfego	5
boris	5
dão-me	5
manter-te	5
deixarmos	5
melinda	5
north	5
berço	5
clássica	5
psicólogo	5
recuperou	5
laurie	5
hugh	5
pan	5
mandá-lo	5
callen	5
estatuto	5
nadia	5
apanhá-los	5
morresse	5
jasper	5
exausto	5
continuares	5
wesley	5
imigração	5
empurra	5
doméstica	5
escutas	5
maravilhosas	5
símbolos	5
shh	5
calmos	5
crucial	5
comam	5
biologia	5
pano	5
atropelado	5
tomate	5
judith	5
maçãs	5
oposição	5
cohen	5
stripper	5
escolheram	5
ventilação	5
blusa	5
fundamental	5
dá-te	5
divino	5
voltando	5
fi	5
stewart	5
mágicos	5
insulto	5
exércitos	5
continuará	5
carregado	5
limusina	5
reservado	5
pulmão	5
nocturno	5
molhada	5
dê-nos	5
mack	5
construímos	5
patroa	5
atirei	5
emenda	5
desça	5
gostariam	5
dalton	5
raptar	5
regimento	5
créditos	5
afastados	5
gold	5
entrámos	5
denver	5
partiste	5
chegaremos	5
faça-me	5
cera	5
pontaria	5
enforcado	5
tentativas	5
apanhar-te	5
viviam	5
valiosa	5
proteger-me	5
calados	5
cliff	5
enlouqueceu	5
ricardo	5
christy	5
abigail	5
comprimento	5
â	5
matou-a	5
case	5
mexicanos	5
porreira	5
hambúrgueres	5
tabuleiro	5
decorrer	5
vivendo	5
transforma	5
provocou	5
belle	5
afundar	5
parvoíce	5
entrarmos	5
animar	5
fax	5
junta-te	5
agradecimento	5
zombies	5
baixem	5
recomendação	5
re	5
sherman	5
obrigações	5
hodgins	5
jóia	5
abater	5
christina	5
elefantes	5
desejam	5
simone	5
primária	5
equipamentos	5
havai	5
disfarçado	5
comunistas	5
arsenal	5
aceitável	5
lixados	5
piza	5
boss	5
transição	5
bebeste	5
pudim	5
dinamite	5
sabão	5
alucinações	5
saint	5
fina	5
financeiros	5
arredores	5
soviética	5
biológica	5
ausente	5
verifiquem	5
batida	5
terramoto	5
religiosa	5
senadora	5
peles	5
insensível	5
alimentação	5
precisou	5
cúpula	5
lsso	5
tequila	5
freira	5
rezo	5
deliciosa	5
avisou	5
referências	5
estragou	5
convidou-me	5
violino	5
cynthia	5
italiana	5
negociação	5
negativa	5
compromissos	5
ensina	5
transformação	5
baixem-se	5
salvos	5
helicópteros	5
nozes	5
roubos	5
sugeriu	5
wolf	5
prateleira	5
gostaram	5
gostávamos	5
gata	5
subam	5
ss	5
preguiçoso	5
imperial	5
caminha	5
irónico	5
livrar-se	5
abelha	5
lendas	5
libby	5
oferecer-lhe	5
canja	5
avisar-te	5
congelar	5
sustentar	5
bosques	5
puderam	5
mandas	5
monge	5
legenda	5
acontecia	5
cruzamento	5
labirinto	5
matava	5
misturar	5
lenha	5
quiseram	5
bella	5
gémeas	5
valentine	5
nevada	5
resolveu	5
ri	5
condenação	5
banquete	5
ptpt	5
afirmativo	5
isabelle	5
consultor	5
exibição	5
ficarias	5
velhota	5
camarão	5
anão	5
broche	5
michigan	5
chocante	5
colinas	5
jogas	5
esfregar	5
guardo	5
servo	5
comecemos	5
experimente	5
vicky	5
destruídos	5
apanham	5
meter-me	5
salsichas	5
ajudava	5
dispensado	5
cêntimo	5
mentiste-me	5
interpretar	5
sarilho	5
lógico	5
sétimo	5
distribuir	5
enviou-me	5
ramos	5
gruta	5
confesso	5
esfomeado	5
polegar	5
residente	5
comunicado	5
usadas	5
apercebi	5
lamentamos	5
bastidores	5
prenderam	5
irritar	5
marissa	5
hipoteca	5
gibson	5
quadrante	5
barbie	5
saberem	5
estragaste	5
harmonia	5
pôr-do-sol	5
saudáveis	5
arranja-me	5
comprometido	5
executado	5
pata	5
vedação	5
surge	5
lucky	5
tocado	5
prevenir	5
arterial	5
bebido	5
lixem	5
tac	5
revela	5
zoey	5
be	5
leituras	5
juro-te	5
roosevelt	5
internacionais	5
boné	5
balões	5
gin	5
encontrasse	5
knight	5
vencedores	5
veterinário	5
chupar	5
padrasto	5
enigma	5
pago-te	5
juntem-se	5
predadores	5
deixas-me	5
navegação	5
crença	5
luther	5
rum	5
falarem	5
ocupação	5
naval	5
cerebrais	5
concordas	5
invadiu	5
leva-nos	5
matarem	5
edwards	5
pomos	5
bordel	5
anomalia	5
cuida-te	5
darem	5
regime	5
desapontado	5
damien	5
tou	5
cantora	5
disputa	5
levasse	5
chamam-me	5
aceitamos	5
roberts	5
reunidos	5
camille	5
investigadores	5
danielle	5
favoritos	5
turk	5
conhece-o	5
terminámos	5
gabrielle	5
liberta	5
extras	5
buscas	5
sadie	5
envenenado	5
antónio	5
temporária	5
lançado	5
danças	5
au	5
q	5
angelo	5
desapareçam	5
recebes	5
aturar	5
sida	5
joguei	5
diariamente	5
silas	5
duvidar	5
prue	5
estaca	5
peitos	5
atracção	5
automático	5
morreres	5
gases	5
mato-o	5
localizador	5
reles	5
determinada	5
aplicar	5
becca	5
abraham	5
recua	5
falhados	5
desmaiar	5
agitado	5
durma	5
mostra-lhe	5
bizarro	5
àqueles	5
exploração	5
controlada	5
marta	5
concorrência	5
dúzias	5
jade	5
contexto	5
etiqueta	5
promovido	5
tirem-no	5
tesoura	5
iate	5
ba	5
seríamos	5
ajudar-vos	5
armstrong	5
criativo	5
agarrou	5
permitiu	5
disseste-lhe	5
drogada	5
casar-me	5
peritos	5
romeu	5
chique	5
mexa-se	5
agradeço-te	5
consumir	5
vazios	5
dirias	5
encontrava	5
afasta	5
obstáculo	5
namoro	5
beija-me	5
culturas	5
mover-se	5
implica	5
dea	5
admirar	5
cuidadosamente	5
u	5
arranhão	5
fruto	5
caem	5
reconhecido	5
intruso	5
ronald	5
documentário	5
daniels	5
deixaste-me	5
ginger	5
boom	5
treze	5
perdendo	5
infectado	5
apanhou-me	5
donny	5
aleluia	5
pontapés	5
caixote	5
z	5
interessam	5
klingon	5
encanto	5
necessárias	5
darren	5
impediu	5
embarcar	5
jorge	5
uses	5
elsa	5
correcção	5
ensinei	5
participação	5
distinguir	5
acabarmos	5
esther	5
gotham	5
termine	5
morras	5
tirem-me	5
magoes	5
estudou	5
semelhantes	5
foguete	5
incêndios	5
distrair	5
patife	5
existiu	5
precisasse	5
sushi	5
grã-bretanha	5
saberás	5
stacy	5
nega	5
clayton	5
dourada	5
agulhas	5
agradece	5
conheço-a	5
racional	5
facilitar	5
uniformes	5
queimou	5
discursos	5
insuportável	5
porca	5
teto	5
passaportes	5
comparação	5
reconheces	5
livra-te	5
chamando	5
acelera	5
presidencial	5
tornam-se	5
billie	5
fantásticas	5
banks	5
ajudará	5
karma	5
spa	5
exijo	5
móveis	5
queimada	5
hálito	5
preparei	5
atrapalhar	5
gastei	5
dormimos	5
frutos	5
preferência	5
conquista	5
lembrava	5
aliado	5
ovelha	5
passatempo	5
esquilo	5
preston	5
orleães	5
médicas	5
protocolos	5
encontres	5
escumalha	5
sabeis	5
pateta	5
apareceste	5
propor	5
penteado	5
precises	5
ajudasse	5
crawford	5
telefona-me	5
defesas	5
inaceitável	5
pagaram	5
aumentou	5
go	5
bastantes	5
mordeu	5
horizonte	5
viajante	5
passadas	5
biológico	5
medir	5
restaurar	5
lamber	5
resolução	5
poste	5
brisa	5
espantosa	5
propaganda	5
saísse	5
alho	5
gail	5
wong	5
he	5
cocktail	5
viste-o	5
intensa	5
chang	5
sentia-me	5
passarem	5
gozo	5
creek	5
atenções	5
preparar-se	5
borda	5
motim	5
docas	5
chelsea	5
imobiliário	5
sentiria	5
news	5
tomam	5
contratei	5
ama-me	5
parlamento	5
pegamos	5
csi	5
pinta	5
andré	5
tornaram	5
ofendido	5
viciada	5
perigos	5
senti-lo	5
ginástica	5
escavar	5
cross	5
rebelião	5
pretendia	5
levo-o	5
nasce	5
casca	5
investidores	5
bazar	5
colocaram	5
treinados	5
demorei	5
memorial	5
ama-te	5
hulk	5
corria	5
vaso	5
virado	5
muralha	5
homenzinho	5
afastar-se	5
revisto	5
marcy	5
agricultores	5
concorrer	5
mexeu	5
sombrio	5
home	5
juros	5
usares	5
humilhação	5
crenças	5
costeira	5
parecias	5
tentação	5
convencê-lo	5
relógios	5
carlo	5
esteban	5
pesa	5
briggs	5
renee	5
escrava	5
gerald	5
ocasiões	5
tirar-lhe	5
triplo	5
placas	5
dá-lhes	5
realista	5
apresentar-te	5
palma	5
porcarias	5
paus	5
correram	5
square	5
definir	5
chester	5
can	5
move	5
suspensão	5
casaste	5
refrigerante	5
datas	5
foco	5
camelot	5
consolo	5
reformado	5
chocado	5
jogam	5
rodeado	5
pagar-te	5
sózinho	5
trey	5
palavrinha	5
gramas	5
lilly	5
irritada	5
excitação	5
cilada	5
netflix	5
concluir	5
gallagher	5
identificou	5
desesperadamente	5
falhaste	5
querendo	5
bicho	5
leme	5
indiano	5
sinos	5
ballet	5
timmy	5
exausta	5
perdedor	5
tempestades	5
apollo	5
tropa	5
roland	5
perguntam	5
preferem	5
formatura	5
plantar	5
sanchez	5
namoradas	5
filmagem	5
jacques	5
indícios	5
sutton	5
mudar-me	5
agrada-me	5
achado	5
músculo	5
consequência	5
rusty	5
baterias	5
encontradas	5
decido	5
inventário	5
yale	5
crichton	5
trouxe-me	5
paulie	5
preservar	5
sacerdote	5
atrai	5
brincos	5
esquecia	5
abortar	5
faço-te	5
aceitam	5
sirva	5
clinton	5
bryce	5
up	5
hipócrita	5
frito	5
ter-nos	5
camisas	5
nixon	5
aurora	5
garanhão	5
alteração	5
regular	5
comerciais	5
ator	5
derreter	5
áudio	5
ajudaste	5
farol	5
extinção	5
pormenor	5
passar-me	5
perturbar	5
frases	5
interruptor	5
amar-te	5
decoração	5
bolhas	5
abusar	5
acertei	5
astronautas	5
referes-te	5
vulcão	5
tornar-te	5
cabina	5
atalho	5
subitamente	5
genes	5
unido	5
isqueiro	5
dormem	5
repare	5
what	5
escalar	5
subtil	5
prego	5
agarrado	5
presidência	5
pulsos	5
fuzileiro	5
deprimente	5
espuma	5
consentimento	5
permitem	5
feias	5
esquecemos	5
reconheci	5
falls	5
descobertas	5
relatos	5
ouvi-te	5
tratada	5
torcer	5
infinito	5
noutras	5
mostrou-me	5
greene	5
estacionado	5
pintor	5
vaguear	5
high	5
músicos	5
assustados	5
explosões	5
armadas	5
envelhecer	5
transportes	5
zecacurto	5
mentem	5
zoo	5
viesses	5
barb	5
tate	5
eternamente	5
vinhos	5
maravilhosos	5
henderson	5
expresso	5
raptor	5
trá-lo	5
render	5
iá	5
perfeitas	5
cintos	5
duelo	5
sujas	5
imbecis	5
tratados	5
gémea	5
fibra	5
apanharmos	5
fraternidade	5
malucas	5
intuição	5
gangues	5
assume	5
mãezinha	5
apagado	5
brinco	5
possuem	5
instantes	5
amarrado	5
disparos	5
weaver	5
empire	5
lyle	5
ascensão	5
cegos	5
marinheiros	5
pegas	5
matei-o	5
travões	5
tanya	5
detê-lo	5
disparado	5
suspeitar	5
resolvo	5
langley	5
comprometida	5
aprendido	5
levarei	5
complicações	5
bebem	5
kenneth	5
voces	5
proponho	5
noticiário	5
ligadas	5
separado	5
chamaria	5
lanche	5
conseguirei	5
mexer-se	5
salvaste-me	5
motivação	5
dramático	5
satélites	5
newton	5
descubram	5
email	5
útero	5
exemplar	5
falar-lhe	5
vidente	5
arbustos	5
candidatura	5
brendan	5
descansado	5
outrora	5
fugitivos	5
assumiu	5
fenómeno	5
íntimo	5
avenue	5
google	5
trabalhaste	5
kev	5
extrair	5
arco-íris	5
bloqueado	5
incomodá-lo	5
mentor	5
pensilvânia	5
animada	5
historia	5
trish	5
padres	5
brooks	5
destroços	5
suborno	5
trará	5
lunático	5
diploma	5
celas	5
detonador	5
astronauta	5
trabalharam	5
trigo	5
fez-te	5
presunto	5
floyd	5
queimados	5
side	5
sookie	5
humilhante	5
morrerão	5
católico	5
estatal	5
rufus	5
bateste	5
gravador	5
aceites	5
sub	5
hayley	5
levarem	5
punhal	5
recuem	5
ajuda-nos	5
shannon	5
boato	5
divertimento	5
ser-se	5
solte	5
gordos	5
activa	5
susie	5
sobrevivido	5
cova	5
charuto	5
desafios	5
pólo	5
hospitalidade	5
agricultor	5
pensasse	5
carlton	5
goku	5
casacos	5
deveras	5
lutadores	5
entendidos	5
darryl	5
knox	5
courtney	5
onu	5
universal	5
preservativos	5
província	5
group	5
leve-o	5
tomava	5
justificar	5
admitiu	5
nativos	5
planeou	5
mordomo	5
importam-se	5
salmão	5
am	5
terço	5
móvel	5
desistas	5
crowley	5
sessenta	5
relâmpago	5
caluda	5
torto	5
sirvo	5
apresento-vos	5
morde	5
frutas	5
abóbora	5
metes	5
rap	5
fornecedor	5
aprovar	5
barris	5
estao	5
porta-te	5
compartimento	5
patética	5
descolar	5
achavas	5
esconder-me	5
válvula	5
científico	5
trabalhe	5
curado	5
generosidade	5
provisões	5
tirares	5
lynette	5
registar	5
burra	5
rebentou	5
crocodilo	5
levou-o	5
estranhamente	5
descubro	5
pagar-lhe	5
ella	5
porcento	5
marion	5
rival	5
meritíssima	5
alternativas	5
pulsação	5
nell	5
zeus	5
nus	5
mistérios	5
limonada	5
extrema	5
magnífica	5
sigo	5
combates	5
vasculhar	5
pregar	5
biscoito	5
treinos	5
chame-me	5
leonardo	5
partilha	5
revelação	5
acusada	5
habituada	5
fósforos	5
ocidente	5
merdoso	5
negação	5
ganhe	5
hetty	5
dizias	5
interpol	5
erik	5
vierem	5
parvos	5
compreendem	5
obcecada	5
ensaios	5
tesouros	5
kelso	5
costumes	5
serio	5
dava-me	5
entenderam	5
trocou	5
repugnante	5
tecidos	5
centavo	5
spray	5
rituais	5
pretendes	5
árabes	5
traído	5
confortáveis	5
tosse	5
surf	5
quadrado	5
voou	5
chi	5
prová-lo	5
dizerem	5
ásia	5
duzentos	5
falavam	5
cassidy	5
holden	5
proibida	5
cercado	5
gostem	5
ajudes	5
podiamos	5
simulação	5
marquei	5
confiava	5
campeões	5
canyon	5
prove	5
tiram	5
exclusivo	5
atlântico	5
vigarista	5
jj	5
singh	5
di	5
dormitório	5
bater-me	5
mantenho	5
provoca	5
perguntares	5
reconheceu	5
lésbicas	5
mudar-se	5
gerar	5
cunhada	5
lutando	5
ignorante	5
post	5
celebridade	5
devolve-me	5
item	5
vi-os	5
quebrado	5
otis	5
mandar-me	5
consta	5
agiu	5
kaboom	5
conheciam	5
magoei	5
proveito	5
adicionar	5
apaixonar	5
faríamos	5
comichão	5
traje	5
punição	5
inquérito	5
afogar	5
patricia	5
walsh	5
usavam	5
ricas	5
larga-a	5
prefeito	5
vip	5
tires	5
team	5
gole	5
holt	5
brigar	5
indicar	5
veria	5
roberto	5
factor	5
mete-te	5
jurei	5
pesar	5
prostituição	5
predador	5
engana	5
aproximação	5
rancor	5
aquário	5
esperes	5
maníaco	5
garra	5
lila	5
lagosta	5
promover	5
obrigou	5
fry	5
exagerado	5
gotas	5
anónimo	5
jonah	5
caderno	5
kat	5
bender	5
identidades	5
lançou	5
justamente	5
ferver	5
arruinado	5
florestas	5
colaboração	5
desista	5
pêlos	5
costumas	5
manter-se	5
exista	5
mijo	5
estibordo	5
oral	5
matança	5
ligo-lhe	5
tribos	5
atletas	5
fletcher	5
sobreviveram	5
felicidades	5
lamentar	5
aparelhos	5
esplêndido	5
amou	5
antibióticos	5
compreensível	5
custe	5
stanford	5
atual	5
bastardos	5
souberem	5
críticas	5
veteranos	5
musica	5
celebridades	5
drones	5
loura	5
livrar-me	5
clarence	5
cordeiro	5
tela	5
seminário	5
atraído	5
virtude	5
pastilhas	5
seguidas	5
sawyer	5
mamilos	5
prioridades	5
mexicana	5
pagaste	5
traga-me	5
empréstimos	5
nervosos	5
iminente	5
jax	5
prepare-se	5
parta	5
marciais	5
fizessem	5
escritores	5
composto	5
entrava	5
talentoso	5
perdermos	5
prisioneira	5
senhorio	5
1ah08	5
desesperados	5
doses	5
suspensa	5
incluir	5
aah	5
arde	5
respondo	5
construíram	5
torturar	5
encantada	5
mario	5
murdock	5
armamento	5
bridget	5
chegados	5
esforçar	5
autógrafo	5
virgil	5
determinação	5
leais	5
ty	5
doca	5
compramos	5
cereja	5
virgindade	5
permita	5
limitado	5
obstáculos	5
sensibilidade	5
ex-namorada	5
envio	5
audiências	5
daphne	5
cebola	5
amas-me	5
ocorrer	5
respondam	5
diverti-me	5
chorou	5
contem	5
entregues	5
madrid	5
captar	5
anfitrião	5
paraste	5
mangueira	5
feitiços	5
coral	5
consigam	5
ace	5
ameaçado	5
garante	5
faze-lo	5
meter-te	5
antena	5
pendurar	5
secretamente	5
passares	5
privados	5
negado	5
sobrevive	5
pacotes	5
ajudas	5
skinner	5
distraído	5
nat	5
stargate	5
atendeu	5
wu	5
nash	5
papagaio	5
trancar	5
bronx	5
derem	5
marcos	5
devolve	5
cumprimentar	5
atlantic	5
señor	5
dentada	5
ouças	5
masculina	5
enterro	5
with	5
surpreender	5
mmm	5
inconveniente	5
certidão	5
associado	5
traços	5
qualificado	5
mostrei	5
chocolates	5
enganei-me	5
aiden	5
tímida	5
larga-o	5
linhagem	5
ficasses	5
desiludido	5
condenada	5
gregos	5
american	5
martini	5
programação	5
medalhão	5
entrando	5
caças	5
grady	5
sanguínea	5
buscá-los	5
marketing	5
respondeste	5
ranger	5
design	5
aspirina	5
protótipo	5
complicadas	5
livraria	5
engravidar	5
quilo	5
cozinheira	5
características	5
respeitável	5
inspecção	5
inúmeras	5
morcego	5
maston	5
souberes	5
kay	5
ex-namorado	5
habituar	5
richmond	5
sujos	5
comprometer	5
dádiva	5
marchar	5
deixemos	5
anónima	5
mentindo	5
malandro	5
imitar	5
pen	5
souberam	5
virmos	5
tesão	5
mostarda	5
descida	5
emitir	5
night	5
fica-te	5
colômbia	5
louvado	5
ignição	5
ajudinha	5
tuvok	5
rabos	5
lema	5
recados	5
obrigados	5
elevada	5
inofensivo	5
expandir	5
continuarmos	5
concordei	5
golfo	5
convencida	5
agradeço-lhe	5
contando	5
rastejar	5
confronto	5
entrevistar	5
urinar	5
contamos	5
woods	5
implacável	5
coop	5
alexis	5
bert	5
moisés	5
guardei	5
frost	5
morreria	5
zangados	5
sentar-nos	5
profundas	5
ganância	5
certifique-se	5
afirmar	5
referir	5
ollie	5
obteve	5
corremos	5
lunar	5
poderosas	5
assédio	5
temia	5
rir-se	5
pontuação	5
ghost	5
bancária	5
contasse	5
veia	5
andaram	5
afastada	5
sugerem	5
defeitos	5
figuras	5
judia	5
cartazes	5
drone	5
apanharem	5
parceria	5
farinha	5
veneza	5
leito	5
notou	5
maureen	5
castigar	5
aprovado	5
balança	5
produtores	5
patente	5
hyde	5
fofa	5
viveram	5
estabelecimento	5
alegações	5
módulo	5
fibras	5
royal	5
trazer-te	5
perseguido	5
jardineiro	5
pousar	5
ajudaram	5
irlandeses	5
hóspede	5
old	5
discrição	5
perderes	5
ficavam	5
bilhar	5
brava	5
massas	5
desarmado	5
vaivém	5
passarmos	5
declarou	5
vigilante	5
amuleto	5
polónia	5
conto-te	5
ame	5
catástrofe	5
listas	5
sensíveis	5
glorioso	5
pilar	5
kensi	5
suzanne	5
mentalmente	5
stiles	5
apareces	5
assado	5
gemma	5
aguentas	5
prestem	5
enterrados	5
viajou	5
conseguiam	5
reno	5
calculei	5
chanceler	5
perdoa	5
universitário	5
adivinhem	5
imprudente	5
canos	5
aproximes	5
tiffany	5
despache-se	5
viktor	5
pirâmide	5
dar-se	5
sutiã	5
ansiosos	5
desportivo	5
triângulo	5
ola	5
dispararam	5
colocamos	5
humphrey	5
dutch	5
encontrarei	5
publicamente	5
dicas	5
sloane	5
reactor	5
boazona	5
privadas	5
manda-me	5
recruta	5
custam	5
bronze	5
alinhar	5
adiantado	5
pára-quedas	5
detesta	5
comunitário	5
candeeiro	5
ingredientes	5
remorsos	5
traumatismo	5
mudares	5
confiam	5
fotográfica	5
deste-lhe	5
explode	5
abras	5
visível	5
registada	5
hassan	5
avisá-lo	5
modesto	5
submundo	5
postura	5
center	5
vargas	5
viola	5
rebanho	5
gasta	5
country	5
tratamentos	5
coça	5
desilusão	5
estatísticas	5
ficariam	5
experiente	5
utilidade	5
leitor	5
theresa	5
arame	5
russ	5
resulte	5
safar-se	5
intelectual	5
temporariamente	5
alérgico	5
shelly	5
bum	5
véu	5
agnes	5
sinistro	5
mandar-te	5
reagiu	5
operador	5
espinha	5
lisbon	5
cristais	5
tirou-me	5
circulação	5
ajudas-me	5
dominic	5
centavos	5
conhecê-los	5
agradecida	5
japonesa	5
deve-me	5
cristã	5
associados	5
hormonas	5
fábricas	5
acabada	5
citar	5
tenho-te	5
surpreende-me	5
superficial	5
facilidade	5
certificado	5
mostro	5
sólida	5
dizes-me	5
dani	5
samurai	5
fortemente	5
convento	5
medula	5
detector	5
obrigatório	5
activado	5
telefono	5
recuso-me	5
espaciais	5
mostrar-lhes	5
republicanos	5
muçulmanos	5
vencido	5
flint	5
pilhas	5
confundir	5
higiénico	5
apresente	5
mantê-los	5
partilhamos	5
programado	5
espelhos	5
chorei	5
agressor	5
produz	5
balística	5
escolhidos	5
genético	5
sérias	5
web	5
abel	5
destruíram	5
animados	5
tipa	5
morreste	5
escotilha	5
inventado	5
lara	5
mecânica	5
transcrição	5
totó	5
percentagem	5
mula	5
pesados	5
take	5
pôs-me	5
harriet	5
naquelas	5
tolerar	5
andamento	5
malley	5
nigel	5
supor	5
hangar	5
objecção	5
óbvia	5
aplica	5
importaria	5
atravessa	5
encomendar	5
recompensas	5
bananas	5
machos	5
cultural	5
comediante	5
lindsey	5
twitter	5
salvar-me	5
precisaria	5
cinza	5
futuros	5
irmãozinho	5
pratt	5
alcoólico	5
voltarão	5
mordido	5
bolha	5
incomode	5
gracie	5
gorila	5
circuitos	5
vaticano	5
espancado	5
maca	5
chin	5
optimista	5
swat	5
cresceste	5
prancha	5
notado	5
mares	5
lacey	5
cumpri	5
lucious	5
ziva	5
ignorância	5
apanhas	5
quero-a	5
desconhecidos	5
allan	5
sterling	5
preparou	5
montagem	5
negativos	5
trent	5
oregon	5
arrogância	5
ally	5
state	5
ventre	5
assembleia	5
ancestrais	5
preparativos	5
patos	5
arruinou	5
caneca	5
yuri	5
imitação	5
clareza	5
sanders	5
deve-se	5
levantar-se	5
fogão	5
cortei	5
entranhas	5
epidemia	5
vitima	5
expansão	5
lutem	5
controlam	5
arranjem	5
ligam	5
aria	5
falido	5
chan	5
centros	5
abriram	5
forca	5
winter	5
consistente	5
nasceram	5
tranca	5
rossi	5
proteja	5
íntimos	5
celia	5
noroeste	5
aranhas	5
edie	5
fuja	5
escuros	5
agarra-te	5
taxas	5
corvo	5
decides	5
ames	5
fernando	5
regularmente	5
mini	5
elo	5
colt	5
andámos	5
revólver	5
dance	5
ensinar-me	5
barman	5
cheira-me	5
sucata	5
voos	5
divulgar	5
lutaram	5
coca-cola	5
moras	5
jeitoso	5
pilot	5
levou-a	5
aproxima-te	5
escapado	5
paulo	5
investimentos	5
deram-lhe	5
assustou	5
irresponsável	5
terminaram	5
apetece-me	5
geoffrey	5
seguramente	5
parcial	5
willow	5
compreendido	5
resync	5
matasse	5
representam	5
aproxime	5
trabalhámos	5
roubadas	5
evidentemente	5
crê	5
considerada	5
estuda	5
combinámos	5
orquestra	5
considere	5
crueldade	5
ohh	5
pertencer	5
falharam	5
florença	5
perícia	5
agradecia	5
fundador	5
havendo	5
bandeja	5
nordeste	5
esgotos	5
escape	5
conste	5
cometemos	5
jogava	5
degraus	5
lembram	5
fósforo	5
procurá-la	5
prazeres	5
apanhaste-me	5
assassinados	5
terraço	5
preparar-me	5
nuca	5
ideais	5
vitórias	5
columbia	5
deixou-te	5
kai	5
compram	5
deitar-me	5
maestro	5
parasita	5
antiguidades	5
pequenote	5
profundezas	5
usaria	5
katrina	5
dakota	5
faz-se	5
mataste-o	5
out	5
dunham	5
sofisticado	5
limitada	5
corro	5
united	5
homossexuais	5
garfo	5
vencedora	5
dewey	5
horatio	5
dita	5
dirão	5
sudoeste	5
ofensiva	5
du	5
dispensar	5
beta	5
wright	5
milionário	5
satisfeitos	5
isca	5
esqueleto	5
quintas	5
manada	5
corporação	5
maratona	5
manifestação	5
säo	5
retribuir	5
telefono-te	5
depender	5
fitas	5
indústrias	5
diversas	5
decifrar	5
chamá-la	5
informada	5
acreditavam	5
terrenos	5
básica	5
tocam	5
bengala	5
carteiro	5
arrumado	5
trouxe-o	5
inimiga	5
crystal	5
stop	5
estragues	5
alí	5
engenheiros	5
rapidez	5
izzy	5
wheeler	5
batem	5
cobardes	5
va	5
laboratórios	5
bicha	5
alasca	5
hás-de	5
mercearia	5
crescemos	5
davam	5
dançarina	5
reddington	5
mónica	5
perceba	5
dane	5
escapa	5
legumes	5
acabaria	5
quimioterapia	5
dou-vos	5
garantias	5
atencioso	5
construí	5
pescador	5
idéias	5
veste-te	5
percepção	5
fiquemos	5
condolências	5
explicar-te	5
ressentimentos	5
infantaria	5
matar-se	5
catarina	5
abranda	5
jody	5
secundários	5
acreditaria	5
veterano	5
cassandra	5
truman	5
ocasionalmente	5
skate	5
grandeza	5
puzzle	5
malvada	5
acabarem	5
milo	5
puxe	5
síria	5
danificado	5
emergências	5
enganei	5
esfaqueado	5
calcular	5
ouvirem	5
reboque	5
dispositivos	5
enganar-me	5
lopez	5
tratem	5
supervisão	5
espanhóis	5
lês	5
pílula	5
armes	5
lentes	5
acelerador	5
sujeitos	5
descontrair	5
palestra	5
acompanhe	5
punha	5
quisessem	5
caçadora	5
pará-lo	5
retira	5
generais	5
odeia-me	5
melhorou	5
violador	5
apple	5
malone	5
kentucky	5
órgão	5
intimidade	5
escolhes	5
rush	5
apelo	5
tigela	5
metáfora	5
testículos	5
amavas	5
mentirosos	5
pérolas	5
cookie	5
incidentes	5
sujar	5
preste	5
regresse	5
pleno	5
respeitado	5
salva-vidas	5
cruzada	5
fogos	5
deprimida	5
abdómen	5
morrison	5
bosta	5
phillips	5
perturbador	5
importo-me	5
publicado	5
gravemente	5
multas	5
psiquiátrico	5
administrador	5
aproveite	5
oferecer-te	5
depósitos	5
vereador	5
resistente	5
kgb	5
est	5
raven	5
globo	5
arrastado	5
trudy	5
apoia	5
hart	5
enfarte	5
deriva	5
deixar-vos	5
escreves	5
agitação	5
campa	5
obrigou-me	5
blues	5
arrependimento	5
deixei-a	5
dobra	5
harbor	5
receberá	5
quartel-general	5
arrefecer	5
visitar-me	5
obrigues	5
impedir-me	5
diários	5
segurem-se	5
drogados	5
sully	5
caranguejo	5
argumentos	5
poça	5
connecticut	5
prender-me	5
maxwell	5
conta-lhe	5
atividade	5
erupção	5
cachorrinho	5
enche	5
iluminação	5
temas	5
interpretação	5
credibilidade	5
santiago	5
lixada	5
jogadas	5
funcionamento	5
national	5
lã	5
virtual	5
puxou	5
compreendi	5
sintam	5
conflitos	5
múltiplas	5
bonitão	5
assistentes	5
barraca	5
dizem-me	5
vance	5
orgasmo	5
perdê-la	5
reparem	5
buzz	5
karev	5
perguntaram	5
crescente	5
relacionamentos	5
ferrari	5
whitney	5
devo-lhe	5
apontada	5
enfrenta	5
bryan	5
meto	5
calmamente	5
composição	5
fizeste-o	5
sequestro	5
colisão	5
encostar	5
espertinho	5
inicialmente	5
spence	5
representantes	5
cook	5
wraith	5
imigrantes	5
sobrenatural	5
durão	5
teimosa	5
júpiter	5
trilho	5
operado	5
vulneráveis	5
fugimos	5
magra	5
tijolo	5
cadete	5
sinceridade	5
darcy	5
dissesses	5
descobrisse	5
décimo	5
ofertas	5
realizado	5
apaixonei-me	5
governos	5
granadas	5
amaldiçoado	5
pa	5
contenção	5
sufocar	5
fiscal	5
psicológico	5
terminada	5
eco	5
agricultura	5
planeei	5
adormeceu	5
desvantagem	5
tem-me	5
adormeci	5
variedade	5
almofadas	5
matthews	5
penhasco	5
masters	5
discordo	5
órfãos	5
torná-lo	5
conheci-o	5
amadores	5
mandamos	5
mudamos	5
apanhá-la	5
falar-me	5
tapar	5
arrancou	5
amendoins	5
expulsa	5
informados	5
define	5
michel	5
suicidou-se	5
rod	5
contactou	5
desprezo	5
prédios	5
igualdade	5
grandioso	5
isolar	5
preliminares	5
procurador-geral	5
horários	5
esquemas	5
escolhida	5
get	5
sorria	5
torpedos	5
pílulas	5
meteu-se	5
vala	5
mckay	5
duras	5
acesa	5
claude	5
ratazana	5
viena	5
divirta-se	5
lang	5
richards	5
churchill	5
punhos	5
apertada	5
tentasse	5
demônio	5
rabino	5
mudará	5
apoiado	5
romper	5
alterado	5
les	5
afastar-me	5
abu	5
populares	5
agarrei	5
concertos	5
normas	5
adjunto	5
fotografar	5
bonecos	5
pedi-te	5
louie	5
assusta-me	5
dêem-lhe	5
vagas	5
vidros	5
gestapo	5
encontrou-o	5
nacionais	5
trouxe-lhe	5
aprecia	5
melhora	5
transformado	5
financiar	5
sanduíches	5
solteiros	5
willis	5
sheppard	5
hawk	5
deixou-a	5
aldeias	5
charutos	5
youtube	5
oxford	5
doação	5
bailarina	5
agressiva	5
noutros	5
bolsas	5
vago	5
copiar	5
dog	5
mantenha-se	5
vejo-vos	5
acende	5
faraó	5
pedires	5
concordam	5
automóveis	5
sénior	5
capuz	5
deite-se	5
patrulhas	5
pretas	5
raptores	5
this	5
chili	5
faltou	5
ova	5
unha	5
improvisar	5
sonha	5
aliviado	5
pagava	5
dolorosa	5
springs	5
mercenários	5
dedicação	5
aidan	5
doar	5
juntar-me	5
observador	5
life	5
lucifer	5
preocupar-me	5
quer-me	5
analista	5
condenar	5
tese	5
cessar	5
espaços	5
realeza	5
sortuda	5
tambor	5
possuir	5
cuspir	5
coloquem	5
juliette	5
lixeira	5
isabella	5
poemas	5
ctu	5
lembrado	5
foguetes	5
homicida	5
tradições	5
ketchup	5
avise	5
desordem	5
confiável	5
juntar-te	5
exagero	5
concordámos	5
cap	5
exigente	5
livremente	5
acertaste	5
vitaminas	5
separadas	5
curtas	5
achares	5
envergonhar	5
alimenta	5
jogue	5
subs	5
analgésicos	5
ultimo	5
assentar	5
permite-me	5
crescida	5
negligência	5
passagens	5
syd	5
frederick	5
mencionei	5
ganhava	5
chatos	5
levarmos	5
escritora	5
ficavas	5
injustiça	5
colocada	5
avante	5
nuas	5
yankees	5
cora	5
sugestões	5
aleijado	5
alarmes	5
ide	5
andávamos	5
bora	5
lembres	5
selecção	5
moon	5
taxista	5
rolar	5
triunfo	5
alérgica	5
hawkins	5
obama	5
agonia	5
ajudando	5
equação	5
sã	5
prince	5
necessitamos	5
ambicioso	5
merecemos	5
ouvi-o	5
relacionados	5
jin	5
chicote	5
retaguarda	5
jude	5
olhamos	5
eletricidade	5
desprezível	5
atingidos	5
desgosto	5
apagou	5
impulsos	5
dezoito	5
posso-te	5
comas	5
orleans	5
rejeitado	5
colocá-la	5
mosteiro	5
separar-nos	5
bin	5
sudeste	5
fran	5
inauguração	5
conexão	5
ligamos	5
infernal	5
caitlin	5
voador	5
visitou	5
consulado	5
soma	5
disparei	5
mostrar-vos	5
importes	5
alvin	5
comovente	5
ressonância	5
camponeses	5
luís	5
aplauso	5
encontraria	5
levo-a	5
perderia	5
gabby	5
feroz	5
corajosos	5
deixei-te	5
forçados	5
assinei	5
contaram	5
criando	5
retomar	5
recorda	5
ângela	5
donzela	5
coleção	5
arranjaram	5
pensarem	5
externa	5
jaime	5
telefonado	5
avariou	5
devolva	5
fracturas	5
fanny	5
limpou	5
cona	5
lembrei	5
macarrão	5
lsto	5
bater-lhe	5
conheçam	5
imprevisível	5
heidi	5
traduzir	5
oswald	5
palm	5
hera	5
servirá	5
decker	5
atenda	5
significou	5
madeline	5
medalhas	5
gratos	5
abdicar	5
acordaste	5
detidos	5
esperavam	5
visses	5
adoro-o	5
abismo	5
illinois	5
jurados	5
moss	5
andrews	5
bolacha	5
acusados	5
argentina	5
mencionado	5
vendia	5
elias	5
beck	5
blocos	5
di-lo	5
lê-lo	5
milton	5
magnus	5
estrangeira	5
exposta	5
interessar	5
procuradoria	5
ate	5
aguentem	5
lin	5
bússola	5
plástica	5
sofrido	5
recuperado	5
pesadas	5
zoom	5
conduziu	5
preliminar	5
trabalhavam	5
existiam	5
carvalho	5
abrem	5
dá-mo	5
jurou	5
manter-nos	5
comeres	5
bate-me	5
cirurgias	5
adivinhe	5
pinguins	5
patterson	5
extracção	5
tyson	5
acerta	5
olhaste	5
more	5
atinge	5
sunny	5
acertado	5
aviso-te	5
ligares	5
chateies	5
tijolos	5
financiamento	5
ciumento	5
disse-vos	5
sonya	5
acompanhado	5
resumo	5
darmos	5
estábulo	5
down	5
privilégios	5
mania	5
inferiores	5
caíste	5
demônios	5
comportar	5
boyle	5
comandos	5
führer	5
fizeram-me	5
chamavam	5
anita	5
arquitecto	5
subúrbios	5
tartarugas	5
educada	5
desliguem	5
cante	5
extorsão	5
admissão	5
registros	5
timothy	5
canalizador	5
gastou	5
vernon	5
anotações	5
hood	5
noel	5
juntou	5
beija	5
averiguar	5
burton	5
eramos	5
lamenta	5
artur	5
holanda	5
auge	5
ioga	5
hale	5
funerária	5
intervir	5
acordem	5
perdoado	5
trenó	5
fiz-lhe	5
odor	5
cachimbo	5
eminência	5
iogurte	5
moya	5
convites	5
grossa	5
jogando	5
sherry	5
republicano	5
faminto	5
tácticas	5
espertalhão	5
atacam	5
deitou	5
imposto	5
preocupa-se	5
mantém-se	5
citação	5
afecto	5
tem-se	5
aprendiz	5
físicos	5
cargas	5
mutantes	5
automática	5
cromo	5
criadas	5
rangers	5
marado	5
vovó	5
clive	5
fralda	5
cobertores	5
ahh	5
thea	5
trovão	5
potenciais	5
falávamos	5
lorraine	5
dirigir-se	5
batia	5
posta	5
autorizada	5
francine	5
tratar-me	5
beatles	5
pira-te	5
compradores	5
excepcional	5
descobrem	5
baratos	5
sinclair	5
cerco	5
feitio	5
precisará	5
miseráveis	5
inscrição	5
sentisse	5
alfândega	5
reverter	5
explicaria	5
wc	5
teme	5
trazeres	5
anatomia	5
engraçadinho	5
experimental	5
anular	5
video	5
podres	5
planeamento	5
napoleão	5
contribuir	5
alfredo	5
georgie	5
esfera	5
descarga	5
rendição	5
divertimo-nos	5
proteínas	5
afaste	5
dinossauro	5
jardins	5
giles	5
judas	5
seguiram	5
desportos	5
precisaremos	5
lagarto	5
temperamento	5
escaparam	5
et	5
caine	5
esposo	5
largou	5
conferências	5
beethoven	5
bisbilhotar	5
acostumado	5
bufo	5
impaciente	5
morram	5
defende	5
pegaram	5
prende	5
luca	5
iowa	5
espelunca	5
sinto-o	5
elogios	5
nocturna	5
entregá-lo	5
liga-lhe	5
talentosa	5
escurecer	5
agradecer-me	5
spartacus	5
sergei	5
informática	5
tinto	5
eleitores	5
voam	5
permitirei	5
passasse	5
lobisomens	5
cowboys	5
cruzadas	5
impedido	5
moram	5
ingénuo	5
digna	5
herbert	5
atlantis	5
intacto	5
desmond	5
candy	5
escondem	5
infelizes	5
fendas	5
gere	5
aparecerem	5
reage	5
desenvolveu	5
tartes	5
esconde-te	5
camelo	5
segundas	5
marcial	5
presumir	5
bocas	5
custa-me	5
giros	5
cujos	5
morango	5
colmeia	5
evita	5
alugado	5
oklahoma	5
sensor	5
concentrar-me	5
hacker	5
rafael	5
explicar-me	5
exibir	5
rufia	5
adoráveis	5
uvas	5
parecesse	5
bifes	5
signifique	5
extraordinárias	5
legião	5
transformou-se	5
ming	5
preocupam	5
cordão	5
tremendo	5
pedia	5
árbitro	5
or	5
estabilidade	5
on-line	5
aplausos	5
chances	5
fode	5
preferir	5
tábua	5
parámos	5
nascem	5
físicas	5
petição	5
roubou-me	5
ofereço	5
carregador	5
diriam	5
tragam-no	5
rampa	5
igrejas	5
arrependo	5
subo	5
butch	5
hospedeiro	5
moço	5
compatível	5
enviem	5
monitorizar	5
frances	5
quadrados	5
golden	5
punk	5
mago	5
chega-te	5
arranjar-me	5
empatar	5
frontal	5
roxo	5
mudando	5
julgam	5
arranjar-lhe	5
recreio	5
provado	5
doe	5
oceanos	5
fixo	5
informou	5
juvenil	5
jennings	5
conviver	5
matámos	5
paddy	5
robbins	5
cylon	5
cegas	5
picada	5
dizer-se	5
viverá	5
apropriada	5
recusa-se	5
bateu-me	5
deixou-nos	5
unida	5
espanhola	5
pote	5
sela	5
tobias	5
castanhos	5
raylan	5
recusado	5
quantidades	5
pálido	5
átrio	5
tribunais	5
camisolas	5
coleira	5
sonia	5
comeram	5
sofrem	5
messias	5
encontrarás	5
dezasseis	5
conseguirás	5
salem	5
mostrem	5
nobel	5
pendurada	5
palha	5
àquilo	5
argo	5
ruptura	5
an	5
desfiladeiro	5
amnésia	5
transformar-se	5
visitá-lo	5
imobiliária	5
cantina	5
amargo	5
atiraram	5
bon	5
soltas	5
ópio	5
moção	5
visitante	5
reconstrução	5
freiras	5
su	5
bourbon	5
burros	5
defensor	5
paranóia	5
tropical	5
equivalente	5
olive	5
repouso	5
nº	5
invencível	5
conhecermos	5
indicações	5
seduzir	5
oitavo	5
coincide	5
culpes	5
recrutar	5
incomodar-te	5
desejei	5
arrombar	5
verificou	5
mentir-me	5
pagar-me	5
espectro	5
apresentado	5
hip-hop	5
milão	5
oitenta	5
perverso	5
escocês	5
povos	5
vice	5
metidos	5
façam-no	5
butler	5
betsy	5
newman	5
receba	5
imploro-te	5
anestesia	5
leah	5
shelley	5
arrepios	5
artefacto	5
tango	5
baunilha	5
compraram	5
maryland	5
objeto	5
cho	5
vómito	5
quereres	5
adoptar	5
exercer	5
milha	5
soa-me	5
confies	5
degrau	5
abaixa-te	5
tomando	5
ritchie	5
bull	5
ocorrido	5
alega	5
salvares	5
grão	5
caminhão	5
mrs	5
fogem	5
en	5
autêntica	5
gaius	5
continuei	5
dilema	5
essencialmente	5
eliminado	5
voltarás	5
viu-me	5
rastrear	5
rápidas	5
martinez	5
bebam	5
insultar	5
servidores	5
libertou	5
vadio	5
barreiras	5
terrestres	5
esparguete	5
xander	5
frias	5
referia	5
celeste	5
críticos	5
contei-lhe	5
cheirava	5
funcionava	5
selos	5
jerome	5
ethel	5
embarque	5
admirável	5
deliberadamente	5
soprar	5
matem-no	5
vassoura	5
nato	5
criamos	5
aterrou	5
decência	5
darwin	5
expostos	5
congelador	5
percam	5
esteróides	5
ligeira	5
pinguim	5
esgotado	5
humidade	5
roubam	5
precauções	5
ponham-se	5
haven	5
põe-no	5
leva-os	5
tinha-o	5
crachá	5
locke	5
rupert	5
apanhar-me	5
fizéssemos	5
grelha	5
usá-los	5
viciados	5
confiamos	5
procurados	5
abraços	5
mantemos	5
frios	5
ip	5
comendo	5
mero	5
harlem	5
jantares	5
geleia	5
tarzan	5
stanton	5
gastos	5
dramática	5
anormais	5
castigado	5
vai-nos	5
ultra	5
amorzinho	5
rendimento	5
registro	5
cirurgiões	5
contou-te	5
confidenciais	5
distúrbio	5
reparações	5
brindar	5
contar-nos	5
electrónica	5
cubo	5
puxem	5
ilegalmente	5
camadas	5
anões	5
maddy	5
esticar	5
carly	5
safado	5
desempregado	5
cruéis	5
curvas	5
luar	5
utilizado	5
cox	5
inspirado	5
deslizar	5
maine	5
sóbria	5
todo-poderoso	5
respondem	5
seeker	5
descontrolado	5
tanga	5
buda	5
benton	5
sereia	5
tostão	5
sobrenome	5
represento	5
ice	5
vendida	5
encontrarão	5
bass	5
sabê-lo	5
concorrentes	5
descreve	5
felicity	5
bactérias	5
viajantes	5
tirar-nos	5
soviéticos	5
hão-de	5
tira-a	5
magoá-lo	5
explicar-lhe	5
ofereceu-me	5
lidamos	5
manda-o	5
hot	5
potente	5
dispor	5
caseiro	5
pistolas	5
marcador	5
bloom	5
mantinha	5
asma	5
mata-a	5
corto	5
desnecessário	5
hoover	5
sensacional	5
tóxico	5
chegaria	5
protegidos	5
achasse	5
chiça	5
acordados	5
direcções	5
imploro	5
mcdonald	5
levaram-no	5
pesquisei	5
contornar	5
ônibus	5
cyril	5
gorjetas	5
libertem	5
dillon	5
demonstra	5
retirou	5
bonzinho	5
preocupa-me	5
anotar	5
bridge	5
localizado	5
previsão	5
ouçam-me	5
restrição	5
indiferente	5
frustrante	5
diaz	5
graxa	5
fechaduras	5
natasha	5
convencer-me	5
byron	5
marjorie	5
órfão	5
madrasta	5
devoção	5
golfinhos	5
estás-te	5
andes	5
gelatina	5
câmeras	5
raros	5
odo	5
virgens	5
massachusetts	5
criativa	5
gala	5
resumindo	5
nico	5
coulson	5
subterrâneo	5
perguntem	5
rosen	5
monges	5
repetidamente	5
intacta	5
mandaram-me	5
bruta	5
faith	5
vendê-lo	5
remota	5
alvejou	5
partem	5
informe	5
falsificação	5
revelado	5
alergia	5
cheyenne	5
lamentável	5
colheitas	5
lares	5
minta	5
bisturi	5
morria	5
reconfortante	5
ll	5
impostor	5
conduza	5
gangster	5
europeu	5
israelitas	5
vara	5
portugal	5
porta-voz	5
tirá-los	5
fêmeas	5
banqueiro	5
tragam-me	5
natação	5
criticar	5
víamos	5
vc	5
un	5
ilusões	5
noventa	5
cumpre	5
retire	5
manobras	5
adaptar	5
emissão	5
demitir	5
mereceu	5
grimm	5
discutiram	5
adega	5
jensen	5
louisiana	5
reilly	5
escritos	5
voçê	5
joanna	5
starbuck	5
malik	5
buster	5
vendedores	5
filmado	5
dodge	5
know	5
adormecido	5
vieres	5
fedor	5
criam	5
decorar	5
disney	5
poupanças	5
devidamente	5
dell	5
conversámos	5
entes	5
escondi	5
reviravolta	5
encarregue	5
sobrevivi	5
union	5
apresento	5
conheceres	5
atiro	5
mera	5
mostrado	5
ligava	5
agradeça	5
psicológica	5
aberrações	5
inesperada	5
ambiental	5
suavemente	5
cadillac	5
gossip	5
alien	5
emocionais	5
an4	5
melodia	5
smallville	5
aproveitem	5
portuguese	5
distantes	5
destruí-lo	5
esponja	5
cheiram	5
impotente	5
ponha-se	5
link	5
cortaram	5
boys	5
levem-na	5
parasitas	5
metralhadora	5
casual	5
radiante	5
phyllis	5
sogra	5
fins-de-semana	5
descendente	5
daryl	5
jà	5
lillian	5
direta	5
prático	5
montado	5
cometeste	5
agradáveis	5
regional	5
alexandre	5
tornaste-te	5
lima	5
fraquinho	5
religiosos	5
deslumbrante	5
morrerei	5
alpendre	5
bairros	5
hamlet	5
acabasse	5
herman	5
evitado	5
confere	5
dedicada	5
denunciou	5
apanhámo-lo	5
penetrar	5
cálculo	5
múltiplos	5
ramon	5
julieta	5
chaminé	5
patriota	5
alojamento	5
elise	5
elenco	5
reviver	5
astrid	5
tomares	5
iniciou	5
obstrução	5
chorando	5
costeletas	5
coiro	5
tentarmos	5
worf	5
acidental	5
óscar	5
temperaturas	5
tailândia	5
atraída	5
leland	5
cartuchos	5
cápsulas	5
bilhões	5
esmagado	5
torturado	5
harley	5
chama-lhe	5
angus	5
disserem	5
cafés	5
lha	5
gostares	5
automaticamente	5
mova	5
genuíno	5
noticia	5
trocado	5
destruídas	5
aceitaria	5
fecharam	5
disseram-nos	5
adquirir	5
infiel	5
huck	5
aguardem	5
terminaste	5
julio	5
mataram-no	5
guardou	5
intensidade	5
adoro-vos	5
pediram-me	5
frescos	5
warner	5
apresento-lhe	5
alavanca	5
suécia	5
tacada	5
conta-nos	5
mutação	5
preces	5
obriga	5
xarope	5
cercados	5
poupa	5
cumprida	5
stacey	5
sedativo	5
mutuamente	5
pedrada	5
espingardas	5
jardas	5
travão	5
restou	5
incendiar	5
fôr	5
cruzado	5
ordenar	5
avaria	5
manuscrito	5
tratá-lo	5
cece	5
smoking	5
inspira	5
arqueiro	5
filtro	5
dividido	5
casou-se	5
norris	5
jaffa	5
pregos	5
enviaste	5
tensa	5
recipiente	5
recibos	5
ruína	5
desgraçados	5
sites	5
jarvis	5
mountain	5
barbeiro	5
estragada	5
cantam	5
convidaste	5
pusemos	5
mangas	5
peão	5
danço	5
baralho	5
redondezas	5
tramados	5
guarda-roupa	5
dedicar	5
pô-los	5
urânio	5
catálogo	5
winchester	5
dó	5
rasgar	5
millie	5
plantação	5
bandeiras	5
esquilos	5
interrogado	5
sarar	5
beau	5
natas	5
empurrão	5
limpezas	5
persegue	5
instrutor	5
falar-te	5
cresceram	5
pararem	5
causada	5
perdi-o	5
engatar	5
borg	5
castor	5
seta	5
abaixe	5
henri	5
fofinho	5
vestes	5
panela	5
concreto	5
lexi	5
setenta	5
cultivar	5
anca	5
benson	5
atualmente	5
reportar	5
furo	5
bennet	5
explica-me	5
mei	5
típica	5
adorado	5
significaria	5
polo	5
fera	5
gostasses	5
lion-o	5
poker	5
angariação	5
defensiva	5
chove	5
estäo	5
tigres	5
concha	5
escute-me	5
redução	5
ensinado	5
brent	5
acabava	5
fraquezas	5
sorriam	5
cornos	5
interrupção	5
firmes	5
foreman	5
fabricante	5
mostra-nos	5
reparação	5
sing	5
mercúrio	5
morcegos	5
webber	5
contínuo	5
pike	5
lembrares	5
aparente	5
muçulmano	5
just	5
odin	5
arguido	5
shots	5
ouvi-los	5
ancas	5
testemunhou	5
recusei	5
âncora	5
indicado	5
edna	5
reconsiderar	5
focar	5
permanentemente	5
contribuição	5
tocaste	5
juliet	5
estáveis	5
perguntando	5
repórteres	5
alumínio	5
desenhou	5
diabetes	5
tendências	5
demitido	5
abençoada	5
ocular	5
enfermeiro	5
matriz	5
asiático	5
beijei	5
reinado	5
médico-legista	5
tessa	5
expliquei	5
estritamente	5
seringa	5
troféus	5
alertar	5
vilões	5
banhos	5
artístico	5
deixe-se	5
deixaremos	5
imprimir	5
sofreram	5
qu	5
deixada	5
mpenaf	5
fritz	5
margens	5
corres	5
clone	5
ganhares	5
escorpião	5
tocar-lhe	5
aprendes	5
dirige-se	5
preferidos	5
sobrancelhas	5
aparências	5
sweets	5
cenouras	5
gentilmente	5
gatinha	5
alzheimer	5
perder-te	5
turista	5
turco	5
subconsciente	5
preocupares	5
jasmine	5
q2	5
recepcionista	5
frustrado	5
ariel	5
pepper	5
ensinaram	5
ike	5
lemon	5
gangs	5
saliva	5
protestar	5
wisconsin	5
aceitaste	5
regressei	5
conselheira	5
atriz	5
escritas	5
giras	5
auggie	5
dividimos	5
are	5
super-herói	5
licor	5
previsível	5
she	5
básicas	5
achavam	5
obvio	5
descreveu	5
caligrafia	5
esquisitos	5
manto	5
mordida	5
assaltado	5
tenciona	5
semelhança	5
carroll	5
massagens	5
pintado	5
rejeitar	5
lamentas	5
circunstância	5
batedor	5
krusty	5
ve	5
barragem	5
funcionando	5
vampira	5
diversões	5
princeton	5
mutante	5
desfeito	5
armários	5
imortalidade	5
surfar	5
mercados	5
comanda	5
compreenda	5
destinados	5
democratas	5
aprendem	5
marley	5
fode-me	5
heil	5
prometo-lhe	5
pecadores	5
ofício	5
crocodilos	5
subida	5
aborrecer	5
genebra	5
esqui	5
min	5
fidelidade	5
round	5
pinto	5
torneira	5
obscuro	5
económica	5
cotovelo	5
abaixem-se	5
covil	5
vinci	5
honor	5
centímetro	5
saberias	5
estupendo	5
conhecem-se	5
estufa	5
baba	5
origens	5
mantem	5
ernest	5
corey	5
artifício	5
conhecidas	5
jed	5
colocam	5
transportador	5
salários	5
acolhimento	5
verso	5
resolva	5
disfarçar	5
despir	5
avise-me	5
bette	5
descobrires	5
dharma	5
decida	5
infectados	5
beijinho	5
saibamos	5
tratarei	5
chore	5
telefónicos	5
pia	5
romances	5
impor	5
vergonhoso	5
coitada	5
apareceres	5
boo	5
duende	5
fofinha	5
pontes	5
dispares	5
insanidade	5
absorver	5
evoluir	5
moradores	5
adorou	5
afirmação	5
mandados	5
galactica	5
chamo-lhe	5
aeryn	5
quark	5
correta	5
missouri	5
assustou-me	5
milícia	5
america	5
mantive	5
acreditaste	5
retornar	5
boone	5
claros	5
waffles	5
arranjares	5
power	5
aproximem-se	5
cadê	5
activos	5
genro	5
cavalgar	5
vissem	5
sócia	5
elevadores	5
ensinam	5
magnética	5
avance	5
stock	5
canela	5
good	5
referia-me	5
marian	5
vingar-se	5
pedisse	5
pensarmos	5
pêsames	5
enrolar	5
drácula	5
daily	5
preocupar-se	5
magoá-la	5
verificamos	5
boletim	5
existisse	5
anciãos	5
anima-te	5
histórica	5
largas	5
metam	5
falará	5
memorando	5
renunciar	5
diamond	5
mon	5
espia	5
conveniência	5
julgamentos	5
delícia	5
grissom	5
light	5
tédio	5
entendimento	5
antiquado	5
loiro	5
ages	5
mesquita	5
mágicas	5
matará	5
daremos	5
morty	5
vibração	5
grites	5
muros	5
envenenamento	5
cancelou	5
derrame	5
cumprimento	5
embalagem	5
dependem	5
vigiado	5
charmoso	5
proprietários	5
chupa	5
fragmento	5
sopra	5
chuis	5
encerrada	5
gritando	5
philippe	5
des	5
bagageira	5
compor	5
respondes	5
ptbr	5
mentiu-me	5
ressurreição	5
divisões	5
detonar	5
basquete	5
meteram	5
comprámos	5
tito	5
grosso	5
honras	5
cylons	5
filhote	5
aguentava	5
frascos	5
colónias	5
ceia	5
chamamos-lhe	5
mentiria	5
colocaste	5
manta	5
nápoles	5
aperitivos	5
influenciar	5
dimensões	5
passaria	5
irracional	5
oui	5
imaginado	5
praias	5
pneumonia	5
quererá	5
bárbaros	5
ria	5
dev	5
sky	5
bianca	5
múmia	5
utah	5
qué	5
organizações	5
atiraste	5
actualização	5
espectáculos	5
ataquem	5
progredir	5
reaver	5
incriminar	5
coxas	5
muralhas	5
prudente	5
duquesa	5
pilas	5
hà	5
harlan	5
afiada	5
espanto	5
relembrar	5
charley	5
componentes	5
prestam	5
hanson	5
sofri	5
perkins	5
ratazanas	5
favoritas	5
catorze	5
colaterais	5
táxis	5
barrett	5
navalha	5
soja	5
instituições	5
plenamente	5
separe	5
fazem-me	5
observado	5
prendemos	5
carver	5
conduzia	5
françois	5
beijar-te	5
intestino	5
qi	5
cobb	5
dependendo	5
tonelada	5
cansativo	5
assaltante	5
tolerância	5
alabama	5
converter	5
pulgas	5
implante	5
servia	5
beijou	5
pombo	5
smart	5
pergunte-lhe	5
ofensivo	5
janeway	5
like	5
implantes	5
chateia	5
fodam	5
orson	5
caindo	5
aconselhamento	5
metais	5
donut	5
adele	5
radicais	5
entreguei	5
abertamente	5
vendeste	5
pónei	5
tralha	5
criaste	5
ementa	5
numas	5
turquia	5
roupão	5
mariquinhas	5
hi	5
cairo	5
óbito	5
echo	5
fowler	5
localizá-lo	5
explicou	5
vinde	5
rivais	5
introduzir	5
recrutas	5
deixe-os	5
duck	5
silva	5
formam	5
aprenderam	5
metem	5
oprah	5
pergunta-me	5
papo	5
sacramento	5
artefactos	5
camuflagem	5
tributo	5
principio	5
darius	5
tréguas	5
comê-lo	5
verdades	5
conseguíamos	5
discordar	5
munição	5
espalhados	5
village	5
quilómetro	5
declaro	5
apagão	5
fechei	5
inapropriado	5
morena	5
puser	5
aveia	5
constipação	5
escrevia	5
aprenda	5
lábio	5
sábados	5
control	5
aparecesse	5
amores	5
panamá	5
prometemos	5
divorciado	5
assumindo	5
reúne	5
decentes	5
deficiente	5
bear	5
bunda	5
abordar	5
mudámos	5
neelix	5
similar	5
fiéis	5
confidencialidade	5
nascença	5
perguntarem	5
isolada	5
escreveram	5
envenenar	5
demorará	5
cisco	5
everett	5
indicação	5
gémeo	5
sermões	5
iii	5
entrasse	5
chocada	5
continuemos	5
haveis	5
voando	5
comê-la	5
geórgia	5
setor	5
dax	5
sierra	5
matinal	5
executivos	5
banca	5
pequim	5
ragnar	5
tomadas	5
apontamentos	5
vagabundos	5
balançar	5
madrinha	5
esvaziar	5
avançamos	5
surto	5
hardy	5
dermos	5
scanner	5
fitzgerald	5
monta	5
parecemos	5
trá-la	5
feixe	5
strike	5
parques	5
assombrada	5
gloriosa	5
manicómio	5
irmãzinha	5
caveira	5
cate	5
plateia	5
gueto	5
sinatra	5
conduzes	5
torpedo	5
mascote	5
aliens	5
elevados	5
colunas	5
entäo	5
vencemos	5
soluções	5
lyon	5
digo-lhes	5
objetos	5
vejo-a	5
batas	5
acusar-me	5
abres	5
krishna	5
rima	5
traí	5
atenta	5
simpáticas	5
revolucionário	5
vinnie	5
trazê-los	5
tabela	5
ling	5
aroma	5
itens	5
apito	5
assino	5
doador	5
molhar	5
escalada	5
assassínios	5
pores	5
hillary	5
cume	5
ameaçar-me	5
cruzados	5
telescópio	5
pizzas	5
investiguei	5
parasse	5
vácuo	5
pescadores	5
maligno	5
atos	5
alterou	5
acreditaram	5
grade	5
concorrente	5
mostras	5
queimadura	5
cadetes	5
católicos	5
keen	5
intermediário	5
chatear-me	5
gretchen	5
lux	5
teoricamente	5
tornozelos	5
leitores	5
gardner	5
avesso	5
oleg	5
capturados	5
amos	5
piorou	5
flora	5
bote	5
abastecimento	5
gostos	5
plaza	5
decidires	5
kayla	5
superintendente	5
reyes	5
cofres	5
franca	5
constrangedor	5
dicionário	5
profundos	5
desemprego	5
atendedor	5
habituais	5
aperte	5
alce	5
adicional	5
conhece-la	5
tennessee	5
tesla	5
nomear	5
maternidade	5
guardam	5
traidora	5
tona	5
rádios	5
relatar	5
africano	5
bicicletas	5
confiem	5
atómica	5
encurralados	5
sondagens	5
arruma	5
ganso	5
eixo	5
forçou	5
errar	5
frescas	5
cenoura	5
contador	5
maduro	5
bravura	5
competente	5
metropolis	5
húmido	5
credível	5
imundo	5
adiantar	5
executiva	5
libertada	5
fuller	5
audições	5
marines	5
acompanha	5
directos	5
frequências	5
trabalharmos	5
europeus	5
enforcar	5
ouves-me	5
balanço	5
sinceros	5
agido	5
maço	5
encurralado	5
papi	5
compara	5
culinária	5
holandês	5
ocupadas	5
trágica	5
shopping	5
arch	5
parecidas	5
brick	5
adversários	5
apontou	5
precedentes	5
yu	5
tripas	5
norm	5
chapman	5
herb	5
espirito	5
chamaste-me	5
ressuscitar	5
bagunça	5
baixou	5
redenção	5
vasta	5
prometeu-me	5
flagrante	5
tanas	5
tenho-a	5
raras	5
restante	5
bestas	5
ecstasy	5
ervilhas	5
disse-o	5
sémen	5
relacionada	5
pi	5
falecida	5
remediar	5
flexível	5
interrompido	5
caçadeira	5
fenomenal	5
vicki	5
abaixa	5
alianças	5
demorado	5
skye	5
seguir-nos	5
hotch	5
fezes	5
vagão	5
psicótico	5
liberal	5
bruxaria	5
etapa	5
acabados	5
perguntava	5
recusou-se	5
lilith	5
seymour	5
mostraram	5
cantando	5
estimado	5
verificado	5
génios	5
pittsburgh	5
garden	5
mártir	5
enfiado	5
aquisição	5
divertidas	5
assinaturas	5
grega	5
gravou	5
continuaremos	5
caseira	5
gerard	5
meteres	5
ruiz	5
catedral	5
vénus	5
desistido	5
pediria	5
nathaniel	5
punido	5
liberte	5
cancelada	5
importares	5
wagner	5
yoga	5
louros	5
incentivo	5
cantava	5
sucedeu	5
estraga	5
miuda	5
lanternas	5
estrago	5
alas	5
afectado	5
pombos	5
separa	5
sonhava	5
conhece-me	5
impune	5
barulhos	5
tende	5
coreano	5
aliviada	5
astuto	5
linus	5
discretamente	5
monumento	5
alvarez	5
corretor	5
duvida	5
pegada	5
confrontar	5
trajectória	5
lisonjeado	5
inteiros	5
partilham	5
radio	5
descontrai	5
desembucha	5
oferecido	5
clássicos	5
brigas	5
considerável	5
envolveu	5
caffrey	5
enjoado	5
heights	5
excursão	5
turcos	5
calorias	5
flanco	5
convulsões	5
parafusos	5
todavia	5
operacionais	5
devolvê-lo	5
at	5
individual	5
thornton	5
cafeína	5
turtle	5
carpete	5
náuseas	5
tirámos	5
matou-se	5
formulários	5
manifesto	5
batendo	5
suporta	5
roubar-me	5
elástica	5
mercê	5
varinha	5
desististe	5
antoine	5
compreendemos	5
tetas	5
castro	5
surpreendentemente	5
viatura	5
mustang	5
fluidos	5
mantém-me	5
padaria	5
panfletos	5
mandei-o	5
guarda-chuva	5
anunciou	5
charro	5
contar-lhes	5
despejar	5
forenses	5
flechas	5
baixinho	5
percebia	5
karaté	5
concentrar-nos	5
invisíveis	5
vibrações	5
chips	5
mostraste	5
riacho	5
matarei	5
é-me	5
ducky	5
abbott	5
jornalismo	5
sogro	5
rejeição	5
porsche	5
amarrar	5
tendem	5
bank	5
ofereci	5
not	5
mineiros	5
chui	5
pacífica	5
preocupava	5
pede-lhe	5
reforço	5
saborear	5
solte-me	5
raciocínio	5
combinam	5
designado	5
bastava	5
ocultar	5
complexa	5
ostras	5
ultrapassa	5
tiradas	5
convencional	5
cabedal	5
cujas	5
empregadas	5
respondas	5
auto-estima	5
xangai	5
deverão	5
creche	6
esconder-te	6
fornecimento	6
deixem-na	6
modernos	6
tróia	6
minto	6
nojentos	6
domina	6
laden	6
destinada	6
ganancioso	6
agitar	6
decomposição	6
mastigar	6
esqueces	6
dinastia	6
provei	6
vasto	6
zeke	6
trazemos	6
reformar	6
substâncias	6
n0te	6
acompanhar-me	6
ramsey	6
paralelo	6
mudes	6
borboletas	6
brando	6
capitólio	6
vegetal	6
patrões	6
gênio	6
baza	6
baú	6
tirarmos	6
internas	6
incomodá-la	6
nevar	6
libertados	6
luna	6
alcateia	6
grite	6
ides	6
ursinho	6
amanha	6
experimentei	6
desço	6
tirava	6
aéreas	6
psiquiátrica	6
ajude-nos	6
lagos	6
pureza	6
propostas	6
lizzy	6
município	6
sê-lo	6
derramar	6
independentes	6
referes	6
rhodes	6
nadine	6
seita	6
peluche	6
apanhou-o	6
mandei-te	6
monitores	6
mosquitos	6
escultura	6
provocado	6
divorciar	6
ca	6
escolhem	6
soutien	6
espectadores	6
louça	6
pérola	6
cometeram	6
bateram	6
miriam	6
pararmos	6
morreremos	6
mars	6
beatrice	6
cambridge	6
con	6
rahl	6
marsh	6
esperares	6
telefonaste	6
snow	6
estagiário	6
quagmire	6
polaco	6
rodriguez	6
arrombamento	6
futuras	6
diálogo	6
aubrey	6
batimento	6
minnesota	6
passeios	6
viam	6
impossíveis	6
julius	6
viking	6
magnético	6
válido	6
dezassete	6
universidades	6
tutor	6
bethany	6
escondeste	6
traga-o	6
subindo	6
segui-la	6
paneleiro	6
sussurrar	6
tripp	6
alugou	6
culpar-me	6
saír	6
compensação	6
substituição	6
presidentes	6
silenciosa	6
pular	6
rezei	6
medricas	6
pêssego	6
who	6
usarem	6
pintou	6
proa	6
manos	6
divertidos	6
ouvisse	6
fazem-no	6
falhada	6
engraçados	6
malibu	6
voçês	6
invadiram	6
camarim	6
gritei	6
samaritano	6
teia	6
dispensa	6
babe	6
loretta	6
descendentes	6
famosas	6
mútuo	6
cain	6
webster	6
pondo	6
cancela	6
formado	6
violado	6
servos	6
oculto	6
feriu	6
hopper	6
demore	6
faísca	6
nomeação	6
dwayne	6
barrow	6
páre	6
minúsculo	6
embalar	6
precisarmos	6
marks	6
prime	6
secos	6
imperatriz	6
acenar	6
fez-nos	6
sugeres	6
vulcano	6
feto	6
comprida	6
cabeleireiro	6
secas	6
controla-te	6
jurado	6
trouxe-a	6
levantado	6
pousada	6
sentiram	6
bunny	6
ingrid	6
suspiro	6
atenas	6
hectares	6
jamaica	6
especulação	6
ré	6
estreito	6
hino	6
colocados	6
dígitos	6
greta	6
estabilizar	6
introdução	6
collier	6
memphis	6
refeitório	6
po	6
energias	6
asseguro-lhe	6
rhonda	6
coxa	6
desapareceste	6
multibanco	6
mundiais	6
carniceiro	6
analisei	6
desenvolvido	6
sabotar	6
net	6
grosseiro	6
efectuar	6
gerry	6
empate	6
filas	6
fosso	6
pip	6
julien	6
tios	6
destrua	6
chakotay	6
geneticamente	6
er	6
sueco	6
comete	6
macio	6
aprendizagem	6
viu-a	6
clint	6
sairemos	6
deixarão	6
len	6
assegura-te	6
suprimentos	6
recuperei	6
cruzes	6
grãos	6
ânimo	6
dinamarca	6
enfrentamos	6
contacte	6
admirador	6
perdia	6
boi	6
grama	6
magoaria	6
perdoo-te	6
way	6
aproximar-me	6
milímetros	6
assumi	6
egito	6
democrata	6
sentiu-se	6
limpei	6
cautela	6
surgiram	6
troquei	6
passaram-se	6
trip	6
blog	6
autorizar	6
entrego	6
substituído	6
mariana	6
relacionadas	6
ajuda-o	6
quarterback	6
dador	6
contactá-lo	6
erguer	6
eléctricos	6
xavier	6
aceitares	6
wang	6
vomitou	6
manipulação	6
kirby	6
but	6
deliciosos	6
convicção	6
shield	6
odeio-o	6
maddie	6
limpe	6
guardanapo	6
andromeda	6
mantendo	6
levem-nos	6
entreter	6
fundadores	6
voluntariamente	6
ajudarem	6
desçam	6
marshal	6
abdominais	6
melhoras	6
participou	6
enviamos	6
começará	6
sanguíneo	6
bondoso	6
básicos	6
cinderela	6
vivíamos	6
voluntária	6
hiro	6
distinção	6
aprovada	6
josie	6
migalhas	6
lutado	6
town	6
abandona	6
mudaria	6
abriste	6
gales	6
deixaram-me	6
homem-aranha	6
punir	6
coleman	6
seal	6
mostro-lhe	6
reinos	6
tomarei	6
pariu	6
durant	6
continuarem	6
recordo-me	6
refazer	6
concelho	6
tiger	6
esquiar	6
frita	6
dex	6
significativo	6
intestinos	6
bundy	6
levá-las	6
traria	6
auxílio	6
ori	6
proceder	6
abrires	6
individuais	6
fugindo	6
sigilo	6
manning	6
foguetão	6
safa	6
envolvidas	6
bichos	6
virou-se	6
seven	6
duração	6
subi	6
savage	6
passavam	6
apólice	6
lia	6
jai	6
vermont	6
quinhentos	6
bombista	6
coloco	6
vaidade	6
diz-te	6
there	6
confusos	6
caviar	6
frustração	6
casámos	6
ângulos	6
lâminas	6
muscular	6
matador	6
chet	6
denúncia	6
horrivel	6
nascemos	6
sdi	6
viste-a	6
mandá-la	6
terminarmos	6
queridas	6
lute	6
hiccup	6
delito	6
selar	6
ligaduras	6
planeava	6
sobrevivem	6
solomon	6
entidade	6
anomalias	6
guiada	6
enviar-te	6
guisado	6
corruptos	6
greer	6
higgins	6
acreditasse	6
brock	6
porquinho	6
gesso	6
sódio	6
granger	6
regulamentos	6
lendo	6
confiou	6
electrónico	6
considerados	6
papeis	6
recupera	6
tomámos	6
moinho	6
agitada	6
ligeiro	6
srtª	6
ingénua	6
bad	6
sensata	6
tenho-me	6
seguia	6
sentou-se	6
coruja	6
sair-te	6
delegados	6
cardíacos	6
encontro-me	6
desesperadas	6
ofereceu-se	6
fá-lo-ei	6
soou	6
costura	6
bochechas	6
selado	6
disparados	6
sisko	6
lente	6
preferias	6
incomodes	6
podido	6
elliott	6
obtive	6
klein	6
transferida	6
despediu	6
arranhões	6
carregue	6
pente	6
ídolo	6
organizou	6
jethro	6
profetas	6
submarinos	6
barton	6
tragas	6
empurre	6
got	6
surda	6
savannah	6
fingiu	6
interessava	6
imóvel	6
rodeada	6
consultas	6
fumas	6
alberto	6
toa	6
ganharmos	6
rabbit	6
aparecia	6
agi	6
viável	6
supõe	6
jose	6
wanda	6
mercy	6
vigor	6
marque	6
obrigar-me	6
prendam	6
underwood	6
celestial	6
imune	6
dolores	6
discreta	6
nódoa	6
dolly	6
enganas	6
capitao	6
sobrevivemos	6
pulmonar	6
externo	6
chinatown	6
derramado	6
barbear	6
espiral	6
rosemary	6
acreditado	6
regressem	6
valentim	6
rusga	6
argumentar	6
sexualidade	6
encerramento	6
instantaneamente	6
misturado	6
hollis	6
manchester	6
ultrapassado	6
encaixar	6
allie	6
surgem	6
guerreira	6
robots	6
preferiria	6
arrependida	6
ajudem-nos	6
tirarem	6
cenários	6
carneiro	6
nódoas	6
dançarino	6
sucedida	6
foi-lhe	6
prometida	6
recebia	6
continha	6
cary	6
skip	6
mando-te	6
doméstico	6
peculiar	6
pamela	6
noruega	6
buckley	6
luxúria	6
atores	6
preocupar-te	6
dental	6
costela	6
dorian	6
tasha	6
deem	6
moreno	6
now	6
hicks	6
rodrigo	6
hilary	6
fang	6
vendê-la	6
cinzenta	6
czar	6
visitá-la	6
convencê-la	6
apostei	6
eficiência	6
rotas	6
kappa	6
niki	6
sonhando	6
litro	6
impeça	6
hodges	6
meditação	6
relvado	6
varrer	6
largura	6
bombardeamento	6
particulares	6
täo	6
atuar	6
porte	6
raines	6
encontrou-a	6
chambers	6
kerry	6
relato	6
lars	6
mm-hmm	6
comprei-te	6
usasse	6
bombordo	6
romana	6
trocas	6
reflexos	6
macia	6
incluído	6
recarregar	6
agarre	6
caímos	6
devamos	6
inchaço	6
regressado	6
pagará	6
pretendem	6
musicais	6
ardeu	6
pub	6
avanços	6
let	6
trincheiras	6
hippie	6
stein	6
inventaram	6
raul	6
conhaque	6
maxilar	6
barro	6
declarado	6
inimigas	6
diarreia	6
uva	6
holograma	6
lemos	6
íntima	6
desactivar	6
jeanne	6
exílio	6
algas	6
apagadas	6
lem	6
gaby	6
fugas	6
mudem	6
mildred	6
arriscou	6
admita	6
sintoma	6
passe-me	6
ruivo	6
atrevido	6
egípcios	6
morangos	6
abri-la	6
raças	6
ardente	6
sentirá	6
nota-se	6
continuando	6
protejam	6
viajam	6
familiarizado	6
agarrem	6
palavrões	6
seio	6
lâmpadas	6
banido	6
errei	6
casarmos	6
soletrar	6
esperarmos	6
continuarei	6
delirar	6
económico	6
wood	6
villa	6
incompetente	6
espreita	6
taberna	6
desistes	6
animação	6
oráculo	6
servimos	6
irrita	6
usá-las	6
controlador	6
anónimos	6
caloiro	6
imaginam	6
prêmio	6
beijar-me	6
recomendar	6
entendas	6
family	6
cretinos	6
charleston	6
preocupante	6
agem	6
pálida	6
apaixonei	6
arábia	6
leila	6
estrague	6
proximidade	6
recebida	6
irving	6
começaremos	6
joias	6
exorcismo	6
preparar-nos	6
guardava	6
criminais	6
mantém-no	6
lynch	6
abusos	6
virias	6
gordas	6
distúrbios	6
damos-lhe	6
escravatura	6
paragens	6
partindo	6
kristen	6
concentre-se	6
viverem	6
declan	6
reclusos	6
postais	6
borracho	6
negou	6
invasores	6
credenciais	6
desrespeito	6
conjunta	6
escondê-lo	6
falavas	6
horrores	6
ajuste	6
formato	6
supervisionar	6
pendente	6
educar	6
congelada	6
reflectir	6
bexiga	6
pauline	6
rip	6
cherry	6
violações	6
evitá-lo	6
regulamento	6
candidata	6
avisos	6
inspirar	6
cinturão	6
leve-a	6
wendell	6
originalmente	6
patins	6
tour	6
lingerie	6
baço	6
montecito	6
chateados	6
concebido	6
higiene	6
ç	6
saddam	6
humilhado	6
angústia	6
minhoca	6
sentei-me	6
confirmada	6
hoffman	6
reich	6
deixaste-o	6
detenções	6
punhado	6
tolices	6
conceder	6
quer-te	6
rebuçados	6
bmw	6
junte-se	6
subsolo	6
farmacêutica	6
junte	6
bom-dia	6
depoimentos	6
chanel	6
rosco	6
aniversários	6
rufias	6
morrermos	6
júlia	6
agua	6
sorvete	6
hematomas	6
aceitaram	6
resume	6
lolaus	6
diária	6
paco	6
cosmos	6
confusões	6
mindy	6
leroy	6
gritava	6
actuais	6
contentores	6
pergaminho	6
restrições	6
moran	6
sairia	6
cativeiro	6
estripador	6
feios	6
congelados	6
trata-me	6
freud	6
utiliza	6
desagradáveis	6
fechamos	6
micro	6
weston	6
mara	6
burocracia	6
babysitter	6
arranjam	6
kang	6
desculpar-me	6
pára-brisas	6
sangrenta	6
parvoíces	6
custou-me	6
assaltantes	6
vegeta	6
royce	6
estúdios	6
salsa	6
ow	6
carolyn	6
provaste	6
flauta	6
tentaria	6
repentino	6
átomos	6
t-shirts	6
asgard	6
saunders	6
acolá	6
detida	6
abutres	6
concordaram	6
atacou-me	6
admiração	6
soberano	6
dossier	6
descuidado	6
câncer	6
ousado	6
primitivo	6
anal	6
usámos	6
aproximar-nos	6
rotação	6
dunn	6
sarcasmo	6
detestava	6
ballard	6
picasso	6
fodida	6
decepção	6
dead	6
engole	6
rindo	6
arranque	6
emprestada	6
cebolas	6
severo	6
fluido	6
camarote	6
filhotes	6
apaches	6
igor	6
convenci	6
demoram	6
diligência	6
armazéns	6
deputado	6
abandono	6
hopkins	6
simpsons	6
aneurisma	6
altera	6
empatia	6
redonda	6
chamam-se	6
compreendeu	6
ridge	6
ahmed	6
pirâmides	6
incisão	6
adoro-a	6
mãozinha	6
ingrediente	6
vagabunda	6
alemãs	6
carris	6
justifica	6
chegarão	6
mede	6
temem	6
espalhar-se	6
inúmeros	6
olharem	6
alucinação	6
sai-me	6
fostes	6
tornares	6
cortadas	6
vocação	6
jarro	6
canalização	6
thorne	6
solares	6
mandava	6
promissor	6
enviadas	6
caramelo	6
tambores	6
ignora	6
dá-lo	6
recluso	6
missy	6
ruins	6
tornaria	6
descobertos	6
buffalo	6
tellos0	6
estou-lhe	6
álbuns	6
wolfe	6
torradas	6
planet	6
peras	6
matrimónio	6
intrusos	6
saca	6
imaginário	6
empolgante	6
receptor	6
sossego	6
elétrica	6
vil	6
hidrogénio	6
administrar	6
escorregar	6
bombardeiros	6
zane	6
comerciante	6
calmas	6
calça	6
machucar	6
manteres	6
cargueiro	6
libertá-lo	6
ofensas	6
estruturas	6
telefonou-me	6
empurrou	6
clary	6
descolagem	6
criámos	6
suv	6
perseguidor	6
ventilador	6
removido	6
bebendo	6
destroçado	6
aleatório	6
escaldante	6
preparadas	6
diretora	6
abandonei	6
ram	6
achas-te	6
desvendar	6
derrotados	6
arnie	6
larvas	6
algoritmo	6
gel	6
engate	6
jeans	6
edison	6
reservada	6
pianista	6
cambada	6
habitat	6
orlando	6
eclipse	6
quisemos	6
mackenzie	6
clones	6
dirijo	6
repetição	6
tremenda	6
ajudamos	6
saboroso	6
contagioso	6
encontro-te	6
comprem	6
soubermos	6
r2	6
liberty	6
salvem	6
parsons	6
mai	6
escondes	6
indianos	6
ferguson	6
ganga	6
persistente	6
multidões	6
hilda	6
falaria	6
nervo	6
aperceber	6
autorizou	6
saudita	6
hollow	6
irregular	6
observe	6
diplomática	6
deixo-o	6
confirme	6
estimativa	6
crescendo	6
mudas	6
proteína	6
porta-bagagens	6
concentrada	6
cirurgiã	6
oponente	6
decidem	6
parafuso	6
louro	6
esquecer-me	6
panda	6
clínico	6
graduação	6
debater	6
bowman	6
conversarmos	6
pretexto	6
potencialmente	6
perdeu-se	6
mellie	6
vladimir	6
temporizador	6
pagares	6
berkeley	6
adão	6
acusou	6
danificada	6
cometem	6
shore	6
truz	6
esqueço-me	6
diminui	6
vasos	6
desconfiado	6
risos	6
dominion	6
excluir	6
auschwitz	6
reiniciar	6
saga	6
tocha	6
fartos	6
distinto	6
desligo	6
reter	6
habitação	6
conhecíamos	6
apontam	6
facada	6
gravada	6
ladrar	6
restava	6
peludo	6
inquilinos	6
deserta	6
imaginou	6
bird	6
termino	6
morgana	6
infantis	6
tornará	6
personalidades	6
unica	6
acusá-lo	6
comunidades	6
florence	6
queres-me	6
provávelmente	6
esquisitas	6
transmissões	6
tentador	6
resiste	6
amarelas	6
marechal	6
sheridan	6
seguir-te	6
trate-me	6
recife	6
aterrorizado	6
usarmos	6
juntei	6
buenos	6
lidera	6
amava-a	6
engoliu	6
hostis	6
remotamente	6
bancário	6
soviético	6
caesar	6
tornando	6
duplos	6
levantou-se	6
lasanha	6
sofremos	6
concedido	6
margo	6
adoptado	6
perdoar-me	6
abri-lo	6
trazendo	6
apareço	6
publicou	6
queques	6
pantera	6
orgânico	6
tc	6
práticas	6
exceção	6
proteger-nos	6
árduo	6
arranjo-te	6
encontra-o	6
esperaria	6
tríade	6
europeia	6
lip	6
encoste	6
gentis	6
deveis	6
salvado	6
alfinete	6
engraçadas	6
tapetes	6
sagrados	6
escusado	6
ocidentais	6
rupias	6
apache	6
esfomeada	6
ciganos	6
fritos	6
otários	6
force	6
poupado	6
infectada	6
confiado	6
amarrada	6
mostrares	6
deitei	6
bohannon	6
conselheiros	6
perdi-me	6
paralisia	6
socorros	6
leela	6
cristbet	6
importasse	6
peço-vos	6
peçam	6
speed	6
conhecer-vos	6
amarelos	6
abundância	6
palermas	6
paternidade	6
cuidarei	6
coelhinho	6
darão	6
mostra-lhes	6
carinhoso	6
italiansubs	6
presumi	6
criatividade	6
permanecem	6
purgatório	6
espalhado	6
telefonar-lhe	6
disparam	6
sire	6
prisional	6
levei-o	6
afirmou	6
metralhadoras	6
seguradora	6
espalha	6
dot	6
apanharam-no	6
bancárias	6
emerson	6
chinelos	6
insultos	6
retiradas	6
penitenciária	6
isolados	6
eddy	6
esqueçamos	6
apresentar-me	6
melvin	6
irina	6
frigorifico	6
cachecol	6
armazenamento	6
óssea	6
tumba	6
servi	6
pickles	6
flanders	6
caldeira	6
calipigia	6
lendário	6
stern	6
penelope	6
subornos	6
izzie	6
fiada	6
tira-lhe	6
perdedores	6
ny	6
fischer	6
geradores	6
lucille	6
paralisado	6
tomes	6
sangrento	6
brutalidade	6
moléculas	6
faz-lhe	6
pedirei	6
fertilidade	6
consideram	6
consiste	6
california	6
ganhos	6
funerais	6
istambul	6
năo	6
adolescência	6
reside	6
precisarei	6
telefónicas	6
centena	6
dão-nos	6
ir-te	6
áustria	6
conhecia-o	6
moradas	6
puré	6
cana	6
convidá-la	6
híbrido	6
compete	6
toni	6
explicado	6
impasse	6
set	6
menta	6
sucção	6
cómico	6
davey	6
august	6
mauzão	6
maionese	6
bilionário	6
pecador	6
suspender	6
apareçam	6
hesitar	6
maconha	6
detonação	6
suicidou	6
ver-se	6
dickie	6
súbita	6
irlandesa	6
aparenta	6
adiantamento	6
salvas	6
cortem	6
aang	6
falhanço	6
esqueceram	6
xeque	6
admirado	6
mozart	6
adicionais	6
enxofre	6
reduzida	6
batemos	6
piolhos	6
brutalmente	6
insetos	6
trataste	6
envenenada	6
aguentou	6
subornar	6
campeã	6
gráfico	6
suposição	6
cúmplices	6
tree	6
yard	6
non	6
montou	6
dinâmica	6
magistrado	6
bárbaro	6
justine	6
dominante	6
duram	6
apanhei-a	6
recrutamento	6
whiskey	6
atadas	6
una	6
segura-o	6
tres	6
hospedeira	6
deixasses	6
fazê-las	6
shot	6
reduz	6
karaoke	6
cubanos	6
conan	6
lockhart	6
processado	6
gabar	6
rã	6
fritar	6
website	6
constance	6
alfaiate	6
death	6
mayday	6
grávidas	6
montreal	6
condutores	6
concedida	6
parcialmente	6
rodeios	6
run	6
atividades	6
funcional	6
fez-lhe	6
procurámos	6
viessem	6
playboy	6
estimulante	6
tire-me	6
panfleto	6
fat	6
sentias	6
jogaste	6
tocar-me	6
raja	6
correspondem	6
aceitado	6
virada	6
devolvido	6
bravos	6
finja	6
delgado	6
deitados	6
levantar-me	6
cairá	6
sento-me	6
coloca-o	6
mercenário	6
entregar-me	6
investigado	6
cuddy	6
casar-nos	6
específicas	6
furiosos	6
paguem	6
matem-nos	6
perspicaz	6
vendidos	6
scarlett	6
killer	6
magoaste	6
ferry	6
gozes	6
aprovou	6
fingindo	6
viajei	6
engenho	6
desejaria	6
reformatório	6
cuide-se	6
saltei	6
coitadinho	6
pôr-nos	6
brinque	6
mit	6
interrogatórios	6
keaton	6
textos	6
direitinho	6
territórios	6
escrevem	6
investidor	6
opera	6
decididamente	6
fanático	6
fulo	6
tê-las	6
ancião	6
afogado	6
encontraram-no	6
correspondente	6
bélgica	6
vitimas	6
riquezas	6
ousa	6
sapos	6
parâmetros	6
rand	6
sorrisos	6
êxtase	6
whitey	6
medieval	6
histérica	6
portador	6
insulina	6
yankee	6
desejamos	6
jeannie	6
sopro	6
polar	6
rastro	6
arbusto	6
rameira	6
informa	6
buchanan	6
estão-se	6
centrais	6
porreiros	6
nono	6
causando	6
mudei-me	6
20h	6
fértil	6
polvo	6
informadores	6
brass	6
fabricar	6
amava-o	6
desabafar	6
apagada	6
dark	6
partires	6
verificámos	6
esboço	6
trabalhem	6
kms	6
brandt	6
madura	6
senta-se	6
separada	6
infinita	6
anos-luz	6
covardes	6
bernadette	6
supergirl	6
pandora	6
ouviu-me	6
dublin	6
arrisca	6
ía	6
miudo	6
psiquiatria	6
paolo	6
recriar	6
escuteiro	6
prosperidade	6
escondendo	6
back	6
lorelai	6
alinhas	6
trabalhadora	6
morais	6
apreensão	6
estalo	6
brothers	6
identificá-lo	6
reduzido	6
estátuas	6
cuidadosa	6
detectado	6
pressionado	6
compensa	6
ambulante	6
tens-me	6
liza	6
casares	6
mccarthy	6
tuck	6
investiga	6
empreiteiro	6
sylvester	6
judaica	6
cadeado	6
colarinho	6
odiei	6
governamental	6
inchado	6
dissestes	6
providenciar	6
avozinha	6
cocktails	6
rondas	6
hoyt	6
suspeitava	6
causei	6
enfrentou	6
strippers	6
trazer-lhe	6
pica	6
vínhamos	6
característica	6
séc	6
infelicidade	6
bato	6
sociopata	6
expiatório	6
transacção	6
barulhento	6
escrituras	6
enjoada	6
desenterrar	6
cobaia	6
entendia	6
transparente	6
detê-los	6
inspirador	6
hades	6
cianeto	6
anya	6
aha	6
metanfetaminas	6
concluído	6
yvonne	6
condomínio	6
tú	6
felicia	6
saque	6
evie	6
búfalo	6
castanha	6
jet	6
ouvir-nos	6
fornece	6
aguentam	6
grana	6
benji	6
contaminação	6
pôr-se	6
aparição	6
sonhou	6
latino	6
vertical	6
expulsos	6
taxi	6
serpentes	6
derrotou	6
delia	6
renovar	6
traficar	6
trava	6
governanta	6
lençol	6
alferes	6
toronto	6
segues	6
crente	6
indecente	6
apostado	6
lenços	6
arrancado	6
carteiras	6
apanhamo-lo	6
edmund	6
mercer	6
gandhi	6
microondas	6
chutar	6
rahul	6
intencionalmente	6
continuaram	6
possuído	6
veloz	6
alinha	6
toxina	6
perez	6
lembrou	6
molecular	6
apertados	6
vegetariana	6
laranjas	6
detetives	6
terrivel	6
inseguro	6
manuais	6
tirano	6
fixa	6
salvatore	6
amir	6
himmler	6
acharem	6
destinos	6
ficaríamos	6
mississippi	6
nerd	6
pedófilo	6
mafioso	6
pol	6
aldeões	6
escobar	6
myers	6
pacific	6
retaliação	6
apercebido	6
substituta	6
carrinhas	6
vão-me	6
noticiários	6
levaram-me	6
fazer-vos	6
status	6
desligues	6
howie	6
implicar	6
honrada	6
asteróide	6
webb	6
barracão	6
poe	6
estudado	6
antiguidade	6
powers	6
deborah	6
colleen	6
tocando	6
vegetariano	6
vê-me	6
humildade	6
maia	6
pediste-me	6
flick	6
importou	6
bi	6
insolente	6
acordes	6
sair-se	6
blaine	6
encontrámo-lo	6
germes	6
felipe	6
loucuras	6
discutido	6
ginny	6
universitária	6
pupilas	6
identificada	6
amesterdão	6
discutem	6
over	6
hospício	6
raptaram	6
kono	6
aspirador	6
trezentos	6
fá-la	6
buscá-las	6
alcoólica	6
expectativa	6
limpem	6
réplica	6
katy	6
fluir	6
sauna	6
rivers	6
acesas	6
escorregou	6
papas	6
paisana	6
mäe	6
fire	6
pride	6
sibéria	6
obrigadinho	6
merci	6
suprema	6
transforma-se	6
amizades	6
destacamento	6
novatos	6
latina	6
mudar-te	6
contêm	6
tocares	6
estojo	6
ibm	6
madonna	6
esmeralda	6
abençoados	6
encomendas	6
moralidade	6
pouse	6
genitais	6
parece-lhe	6
fases	6
afirmam	6
strauss	6
rembrandt	6
popa	6
recebê-lo	6
alegres	6
trates	6
gigantesco	6
médium	6
confirmam	6
luas	6
cuidou	6
vivermos	6
avariada	6
alvejar	6
fodidos	6
bárbara	6
politicamente	6
ceo	6
atacante	6
metemos	6
licenças	6
meia-idade	6
main	6
sofria	6
queixar-se	6
essenciais	6
sabotagem	6
alternativo	6
erecção	6
juntou-se	6
amá-lo	6
imóveis	6
sabonete	6
destruíste	6
negociante	6
chocar	6
cafetaria	6
giovanni	6
gale	6
pum	6
epinefrina	6
barcelona	6
wild	6
civilizado	6
acompanhantes	6
tórax	6
encontrei-me	6
preguiçosos	6
dava-lhe	6
paranóica	6
tru	6
confessa	6
curada	6
desmaiado	6
sofisticada	6
antecedência	6
jardinagem	6
jace	6
atendes	6
pagaria	6
procuravam	6
atraiu	6
painéis	6
ajustes	6
fantoche	6
corvos	6
algemado	6
rasca	6
filipinas	6
rochedo	6
whoo	6
iv	6
mister	6
pose	6
perderá	6
sagradas	6
impossivel	6
diversos	6
custas	6
névoa	6
delegacia	6
end	6
cartwright	6
dardos	6
exterminador	6
exclusiva	6
grove	6
griffith	6
interminável	6
salvamos	6
il	6
ferreiro	6
restrita	6
humilhar	6
levámos	6
trek	6
casamos	6
israelita	6
fda	6
recta	6
download	6
ocorreram	6
paramédico	6
desonesto	6
injusta	6
fornecedores	6
franz	6
apanha-a	6
gera	6
surra	6
carpinteiro	6
soltem-me	6
pregador	6
colocar-te	6
tranquilidade	6
recém	6
limitar	6
contusões	6
deixam-me	6
avengers	6
mascarado	6
slim	6
desligada	6
integral	6
gorilas	6
hobbs	6
indicador	6
hem	6
talbot	6
frequente	6
suicidas	6
havias	6
desconfiar	6
barker	6
michaels	6
conseguirão	6
ingrato	6
oferecem	6
inteiras	6
galáxias	6
sábia	6
velhice	6
shanti	6
trocamos	6
prometi-lhe	6
intimidar	6
escritura	6
part-time	6
entusiasmados	6
instrução	6
ernesto	6
ko	6
tinha-se	6
atirou-se	6
tj	6
ficávamos	6
fénix	6
prá	6
quilômetros	6
acreditares	6
pronunciar	6
joguinhos	6
discretos	6
dimitri	6
terno	6
azeite	6
casaram	6
tirania	6
reforçar	6
andasse	6
loiça	6
marcados	6
ter-vos	6
kaos	6
assisti	6
salvá-los	6
ofereceram	6
hello	6
afectou	6
abraça-me	6
justos	6
marfim	6
interceptar	6
instalado	6
colocando	6
motas	6
lúcifer	6
fazemo-lo	6
deite	6
atraentes	6
vovô	6
esgotamento	6
agarra-o	6
jérsia	6
lançada	6
milhouse	6
preferidas	6
oferecemos	6
atirar-me	6
rações	6
deixavam	6
funcionará	6
perdesse	6
apanhares	6
trouxeste-me	6
contacta	6
egípcio	6
salvar-nos	6
irresistível	6
chico	6
levem-me	6
arrepender-te	6
harmon	6
misericordioso	6
vito	6
amigão	6
empurrem	6
trunfo	6
randolph	6
murros	6
amigáveis	6
visitar-te	6
fingi	6
ótimas	6
conhecesses	6
inserir	6
olga	6
bolinho	6
verificaste	6
partirmos	6
habituados	6
fanáticos	6
pugilista	6
amasse	6
comerem	6
deduzo	6
cratera	6
planícies	6
hampshire	6
planeias	6
apertem	6
lindíssima	6
desligados	6
have	6
rapaziada	6
despedidas	6
toxinas	6
levar-vos	6
exigem	6
documentação	6
existo	6
significativa	6
puxado	6
benedict	6
esquecida	6
tô	6
clare	6
quebrei	6
apresentações	6
preparando	6
pratica	6
popularidade	6
segurá-lo	6
eliza	6
comerciantes	6
exemplos	6
turbo	6
guardem	6
acordares	6
joanne	6
sofro	6
goldman	6
traíste	6
emprestas-me	6
desmaiei	6
concordado	6
hierarquia	6
descobres	6
trimestre	6
cutler	6
tapa	6
marlene	6
caráter	6
censuro	6
regressaram	6
summers	6
carreiras	6
escuteiros	6
furado	6
brincam	6
lutaste	6
morton	6
agradecimentos	6
caracóis	6
enxerto	6
imploro-lhe	6
cuidadosos	6
direitas	6
comprá-lo	6
recinto	6
caber	6
intencional	6
turbulência	6
agindo	6
delegação	6
assustadores	6
cálice	6
mármore	6
localizei	6
liras	6
toupeira	6
descendo	6
soneca	6
conor	6
esperaste	6
ponche	6
condutas	6
quebrada	6
neutralizar	6
duendes	6
là	6
canalhas	6
mendigo	6
injecções	6
distração	6
matraca	6
reprodução	6
vó	6
treinadores	6
escravidão	6
guardá-lo	6
telhados	6
fixar	6
obrigue	6
dobbs	6
obra-prima	6
casinha	6
planeio	6
nicki	6
aviação	6
watts	6
fodeste	6
assinada	6
interiores	6
want	6
soubéssemos	6
eliot	6
civilizações	6
calas	6
trepar	6
emocionado	6
vikings	6
deram-nos	6
desejo-te	6
marquês	6
desiludir	6
utilizador	6
víbora	6
sweet	6
águias	6
encontram-se	6
convidar-me	6
salgada	6
gritam	6
colonos	6
estábulos	6
freya	6
trump	6
tarados	6
empurrado	6
fumaça	6
finjas	6
olimpíadas	6
jacuzzi	6
organizada	6
andie	6
precipício	6
subiram	6
ball	6
roubá-lo	6
líquidos	6
esperámos	6
trago-te	6
trela	6
retrete	6
lançador	6
viral	6
batam	6
rebekah	6
insistes	6
vendes	6
ucrânia	6
contrataram	6
tomara	6
sondagem	6
precisem	6
zelândia	6
espalhou	6
alface	6
sensei	6
necessitam	6
obediência	6
arranjá-lo	6
chow	6
controlá-lo	6
vestir-me	6
brecha	6
zangues	6
dá-ma	6
av	6
bebedeira	6
morrerás	6
desliguei	6
dependente	6
abbey	6
resolvidos	6
arrepiante	6
lambert	6
intrigante	6
racial	6
lavatório	6
marla	6
viveste	6
adoeceu	6
comprei-o	6
sustento	6
sensuais	6
bater-te	6
artística	6
pagarei	6
ante	6
indemnização	6
minoria	6
odiar-me	6
amaldiçoada	6
right	6
avançados	6
roubamos	6
angariar	6
engravidou	6
scofield	6
atires	6
convida	6
fizestes	6
perspetiva	6
remorso	6
suíço	6
combatentes	6
sonar	6
chuto	6
reunir-se	6
escondia	6
canil	6
gestos	6
demoraram	6
carrasco	6
torrada	6
al-qaeda	6
bug	6
goza	6
bowl	6
if	6
oferecer-me	6
tocaram	6
cubano	6
livrar-te	6
india	6
aprenderes	6
versões	6
trapalhada	6
liguei-lhe	6
lyla	6
western	6
derrubou	6
preocupas-te	6
serves	6
cisne	6
uss	6
costumamos	6
dino	6
rebenta	6
tem-no	6
francesas	6
contou-lhe	6
contracto	6
faixas	6
esquecer-te	6
permitiria	6
congregação	6
duffy	6
emails	6
apresentar-vos	6
ocorreu-me	6
suicidar-se	6
performance	6
acabando	6
caca	6
ordeno	6
callahan	6
abandonados	6
bea	6
doutoramento	6
elegância	6
suicidar	6
saudação	6
deficientes	6
jaguar	6
margot	6
racismo	6
arrepender-se	6
crie	6
islândia	6
caio	6
agarrem-no	6
klingons	6
vestidas	6
titus	6
explicas	6
trouxesse	6
chamares	6
impedi-los	6
tava	6
walden	6
arquitectura	6
baterista	6
tamanha	6
receberes	6
hawaii	6
winnie	6
disparaste	6
sanidade	6
dourados	6
poços	6
retardado	6
beijinhos	6
charlene	6
assuma	6
gomez	6
convém	6
salvaram	6
sapatilhas	6
eliminação	6
fodas	6
treinadora	6
hayden	6
chamas-te	6
cordelinhos	6
propulsão	6
javi	6
saldo	6
rainhas	6
sugeri	6
ramirez	6
cauteloso	6
ambições	6
prateado	6
kimberly	6
correrá	6
apto	6
guru	6
absurda	6
abrigos	6
owens	6
mandou-te	6
validade	6
eagle	6
relaxante	6
contrata	6
potássio	6
endireitar	6
mentalidade	6
chifres	6
bancada	6
enzo	6
rj	6
quero-os	6
financeiras	6
password	6
trixie	6
sentas	6
actualizar	6
mudar-nos	6
here	6
observações	6
serial	6
pearson	6
oakland	6
peido	6
mendoza	6
galdéria	6
planeiam	6
usar-te	6
combinamos	6
tencionava	6
estupido	6
arranjos	6
when	6
porção	6
destruidor	6
pegá-lo	6
colombo	6
ponham-no	6
prender-te	6
penhores	6
graal	6
psicopatas	6
prometeste-me	6
autógrafos	6
acordas	6
ensinaste	6
tendas	6
prendam-no	6
preparar-te	6
acalme	6
perfurar	6
protejam-se	6
tecnologias	6
apoiantes	6
internado	6
salomão	6
cnn	6
colheres	6
constrói	6
directores	6
largues	6
terminará	6
blood	6
rover	6
serve-te	6
dons	6
ultrapassou	6
aponte	6
hostilidade	6
excêntrico	6
tira-nos	6
precisemos	6
definitivo	6
draper	6
afastes	6
dispenso	6
ficassem	6
theodore	6
guardiões	6
deitar-te	6
desanda	6
levantei	6
imoral	6
reacções	6
usarei	6
rigor	6
aguardo	6
operários	6
magoem	6
renascer	6
jfk	6
egoístas	6
soda	6
assombrado	6
meigo	6
égua	6
permito	6
wi-fi	6
paranormal	6
microscópio	6
place	6
lucien	6
valentes	6
joalharia	6
darling	6
conway	6
desejado	6
nobreza	6
grado	6
decidirem	6
viajo	6
manualmente	6
chorava	6
intoxicação	6
autorizados	6
wars	6
waters	6
apaixonou-se	6
suzy	6
deficiência	6
limitações	6
carnaval	6
curiosos	6
mcnamara	6
contratada	6
contínua	6
mostrando	6
jacobs	6
válida	6
empresarial	6
leopardo	6
competência	6
assustá-lo	6
arduamente	6
enrolado	6
guias	6
acessórios	6
christie	6
contarei	6
pt-br	6
escavação	6
declara	6
baseball	6
mumbai	6
piça	6
blindado	6
mcgarrett	6
banqueiros	6
livrar-nos	6
herpes	6
catalina	6
caixotes	6
adesiva	6
protegê-los	6
dora	6
resolvermos	6
gustav	6
distraída	6
pontual	6
marnie	6
preciosos	6
trabalharem	6
canhoto	6
enlouqueceste	6
ameaçada	6
equilibrar	6
casar-te	6
houdini	6
dirk	6
comporta	6
fartei-me	6
tardes	6
toxicológico	6
golfinho	6
planeada	6
benção	6
inclinado	6
preciosas	6
trouxe-nos	6
asiática	6
escolham	6
arranjava	6
assustes	6
ministros	6
subimos	6
desarmar	6
cortaste	6
steph	6
átomo	6
alergias	6
orgânica	6
assentos	6
acelerado	6
tradicionais	6
telefonista	6
traduções	6
lingua	6
assustadoras	6
homie	6
rocco	6
demoras	6
componente	6
jt	6
neutro	6
sentimo-nos	6
fish	6
dessem	6
relíquia	6
salte	6
bbc	6
suaves	6
camponês	6
lágrima	6
ração	6
berger	6
protagonista	6
atuação	6
afastar-te	6
jem	6
snake	6
consome	6
conseguíssemos	6
exteriores	6
iron	6
abalado	6
perfuração	6
regente	6
church	6
bilião	6
karan	6
ouvinte	6
químicas	6
mata-os	6
bloqueada	6
impedi-la	6
lulu	6
diplomata	6
sultão	6
discípulos	6
testado	6
choram	6
bonitinho	6
abandonaste	6
teso	6
bronzeado	6
remar	6
observem	6
alimentado	6
conhecerem	6
vacinas	6
perturbação	6
venci	6
regiões	6
luisadom	6
classes	6
polegadas	6
pepe	6
darnell	6
nassau	6
iamos	6
disfarces	6
domicílio	6
00h	6
batimentos	6
sentirei	6
stokes	6
coincidem	6
talyn	6
romeo	6
levei-a	6
prateleiras	6
stressado	6
ocupa	6
enferrujado	6
problemático	6
boulevard	6
aches	6
ding	6
mandarem	6
solucionar	6
idiotice	6
enviam	6
carrego	6
mossad	6
arrisquei	6
dispensados	6
poluição	6
apresentados	6
sacerdotes	6
vendendo	6
desmontar	6
encenação	6
afiado	6
errou	6
esqueceres	6
religiões	6
vigiá-lo	6
polígrafo	6
partiu-se	6
misteriosas	6
cru	6
trincheira	6
alexandra	6
inventa	6
duplicar	6
plausível	6
itinerário	6
mostrar-nos	6
acostumar	6
3d	6
camera	6
conduzi	6
blanche	6
bajor	6
demonstrou	6
contaste-lhe	6
fracas	6
fleming	6
veludo	6
apostou	6
aprendo	6
desejoso	6
loucamente	6
inn	6
munique	6
estática	6
capataz	6
sorriu	6
aura	6
vestia	6
dre	6
bochecha	6
marianne	6
gorducho	6
reabrir	6
seguirem	6
idades	6
juíz	6
procuraram	6
rural	6
slade	6
devagarinho	6
aguda	6
viriam	6
prometeram	6
blusão	6
jd	6
lápide	6
matadouro	6
janine	6
hakeem	6
anulação	6
maravilhosamente	6
touchdown	6
ensinar-lhe	6
sucessor	6
prentiss	6
penal	6
marrocos	6
enganou-me	6
hara	6
espantado	6
mastro	6
coçar	6
marinho	6
lançados	6
passemos	6
apareci	6
patentes	6
seguirmos	6
mount	6
neural	6
agarrada	6
lawson	6
primeira-dama	6
irritar-me	6
entraremos	6
obtém	6
quântico	6
divertiste-te	6
resistiu	6
estabelecido	6
chatices	6
preferimos	6
extremos	6
atração	6
socos	6
whitman	6
pino	6
desgraçada	6
relaxado	6
despensa	6
acalma	6
exercito	6
respeitam	6
demos-lhe	6
apanhem-nos	6
levantes	6
mercadorias	6
tractor	6
damian	6
narizes	6
sentirem	6
estima	6
aceitação	6
permitirá	6
impressora	6
tratá-la	6
fedorento	6
conservador	6
levaram-na	6
song	6
uh-huh	6
chegues	6
estéril	6
politica	6
cláusula	6
insubs	6
dolares	6
torna-te	6
conversando	6
filósofo	6
fun	6
ecografia	6
jarra	6
manténs	6
mortos-vivos	6
repensar	6
cobertas	6
encontra-me	6
trouxer	6
pulseiras	6
lutámos	6
swan	6
enfia	6
son	6
formou	6
palestina	6
certifiquem-se	6
moças	6
cigana	6
orientar	6
from	6
despedidos	6
willard	6
pinça	6
porem	6
bêbedos	6
abandonaram	6
treinada	6
convidar-te	6
operadora	6
davies	6
coisinhas	6
cantou	6
condescendente	6
assegurar-me	6
herdeira	6
lagoa	6
encontrei-te	6
efectivamente	6
shay	6
cozinho	6
finalista	6
tocamos	6
cobertos	6
dei-lhes	6
beijaste	6
caução	6
incapacidade	6
luc	6
factura	6
matar-vos	6
quântica	6
sobreviverá	6
apresentei	6
atf	6
iluminar	6
capas	6
leigh	6
árctico	6
helga	6
demanda	6
espinhos	6
herdou	6
explico-te	6
invocar	6
africana	6
teclado	6
harding	6
tóxicos	6
humm	6
tristan	6
salt	6
atreva	6
bebês	6
kiki	6
pertenceu	6
bullock	6
corretamente	6
chuvas	6
cabeceira	6
josef	6
certinho	6
quererem	6
johnnie	6
existido	6
pântanos	6
cosmo	6
ringo	6
diabólico	6
prova-o	6
salva-me	6
paradise	6
tampões	6
controlos	6
rifle	6
copas	6
vivam	6
intensivos	6
espetar	6
manterem	6
camp	6
leucemia	6
fazia-me	6
divorciados	6
furar	6
montada	6
javali	6
anexo	6
valiosas	6
fujas	6
esclarecido	6
chantagear	6
olímpicos	6
interpretes	6
extravagante	6
elevar	6
recuperá-lo	6
finas	6
velório	6
infame	6
garth	6
males	6
turismo	6
inquilino	6
sózinha	6
elmo	6
rédeas	6
súbito	6
procuradora	6
foca	6
silenciosamente	6
mandes	6
saires	6
dividida	6
pisa	6
ninjas	6
atirar-se	6
tornarem	6
viação	6
cromos	6
cozido	6
desenhei	6
zachary	6
ciúme	6
bombardear	6
apelar	6
sobrecarga	6
sabine	6
entrará	6
abalada	6
gohan	6
raptos	6
faculdades	6
cordelia	6
beneficiar	6
atentamente	6
tê-lo-ia	6
thundercats	6
liguei-te	6
femininas	6
esquecem	6
batedores	6
hipnose	6
maninho	6
renascimento	6
choques	6
sujidade	6
pás	6
reg	6
arcebispo	6
prodígio	6
proctor	6
gatinhos	6
novela	6
garantida	6
court	6
fez-se	6
riscas	6
peters	6
transmite	6
darby	6
15h	6
senadores	6
apercebeu	6
projecção	6
nichols	6
dá-se	6
rendimentos	6
mortalidade	6
motoristas	6
gerência	6
italian	6
específicos	6
finjo	6
mandou-o	6
lixes	6
distribuidor	6
perguntava-me	6
neville	6
levadas	6
viveres	6
incomodo	6
sobrar	6
genocídio	6
burger	6
carinha	6
hilton	6
paróquia	6
aumente	6
sintonia	6
poetas	6
protestos	6
mi6	6
posses	6
parrish	6
embriagado	6
anfitriã	6
descartável	6
warwick	6
sétima	6
coser	6
empresta-me	6
haiti	6
emprestar-me	6
desenhado	6
ativo	6
igualzinho	6
amava-te	6
detestas	6
devolveu	6
dançam	6
shea	6
yakuza	6
bartowski	6
famintos	6
london	6
amarga	6
heterossexual	6
severa	6
mata-te	6
gritaria	6
matarmos	6
masmorra	6
francesca	6
rice	6
page	6
convencidos	6
norton	6
espontânea	6
destruí	6
boazinha	6
pareces-me	6
vigilantes	6
claud	6
tornasse	6
dash	6
atiram	6
divorciada	6
people	6
besteira	6
tradutor	6
procurei-te	6
espalhem-se	6
orgia	6
escutei	6
pitt	6
nudez	6
gringo	6
viajando	6
becker	6
exagerei	6
ressentimento	6
abre-a	6
descartar	6
valentão	6
terrence	6
paga-me	6
perita	6
informático	6
nero	6
trilha	6
cavidade	6
feiticeiros	6
compositor	6
repleto	6
fields	6
decreto	6
express	6
religiosas	6
season	6
garanto-vos	6
verões	6
deverei	6
adormecida	6
trancadas	6
arruinada	6
thunder	6
observando	6
mandarei	6
mataste-a	6
portar	6
mosqueteiros	6
conheci-a	6
vejo-os	6
erguida	6
moca	6
candace	6
doctor	6
reservar	6
picos	6
pólen	6
ruídos	6
enganou-se	6
devlin	6
metê-lo	6
idosa	6
alhada	6
comportar-se	6
núpcias	6
pegando	6
contaminado	6
scotland	6
empenho	6
cota	6
foley	6
apresentador	6
foges	6
complicar	6
lsd	6
revelam	6
fileiras	6
ter-me-ia	6
hetero	6
prometa	6
mg	6
crises	6
córtex	6
colesterol	6
havana	6
transmitido	6
coordenar	6
avental	6
conseguisses	6
obedece	6
hamptons	6
anseio	6
russas	6
complicados	6
húmida	6
produtora	6
cause	6
bate-lhe	6
descemos	6
arranjes	6
wilkes	6
sola	6
agrado	6
korra	6
cantem	6
champagne	6
vestir-se	6
hitchcock	6
dubai	6
trataram	6
comportamentos	6
axel	6
confundido	6
picar	6
molde	6
inventaste	6
destacado	6
fury	6
notaste	6
considerei	6
uat	6
sairei	6
focado	6
coroação	6
deixados	6
bruxelas	6
preocupa-te	6
torradeira	6
ligá-lo	6
solteiras	6
utilização	6
ajudantes	6
rales	6
tortas	6
solitários	6
deseja-me	6
kathleen	6
castelos	6
cínico	6
hobby	6
rondar	6
adler	6
sumiu	6
estratégias	6
sayid	6
enviá-lo	6
wesen	6
jackpot	6
armou	6
tópico	6
asfixia	6
fundamento	6
gladys	6
faróis	6
emmett	6
formiga	6
fizeram-no	6
andarem	6
transfusão	6
funcionária	6
escombros	6
conhecendo	6
mestrado	6
meteorito	6
tomografia	6
disfarçada	6
buffet	6
lavo	6
retórica	6
ligando	6
fui-me	6
alinhamento	6
considerou	6
violentas	6
correrem	6
parecem-me	6
sobras	6
caldwell	6
priya	6
protestantes	6
guardanapos	6
contusão	6
sobem	6
alegar	6
mp	6
determinados	6
comprava	6
condiz	6
hazel	6
gilmore	6
causam	6
gangsters	6
habitualmente	6
voltinha	6
destemido	6
urbana	6
intrometer	6
estender	6
escrevemos	6
two	6
decepcionado	6
bing	6
pequeninos	6
deu-mo	6
comprar-te	6
alucinar	6
indefeso	6
fascista	6
batidas	6
esqueceram-se	6
ditador	6
levou-nos	6
vagamente	6
assuste	6
nascida	6
pago-lhe	6
pareço-te	6
pancho	6
advocacia	6
solidariedade	6
mate-me	6
deixo-vos	6
conte-nos	6
formalidade	6
manifestantes	6
psicóloga	6
horace	6
fugires	6
designer	6
mineral	6
bem-sucedido	6
aeroportos	6
perfis	6
omega	6
voadores	6
perguntamos	6
anders	6
roubando	6
ciclos	6
derrick	6
namoriscar	6
aprova	6
braddock	6
trilhos	6
calminha	6
mate-o	6
corporações	6
tremor	6
carole	6
híbridos	6
ogiva	6
contactado	6
comidas	6
une	6
gino	6
cardassianos	6
aceitava	6
apanho-te	6
conhece-a	6
tai	6
retirem	6
retirar-se	6
10h	6
completos	6
perseguir-me	6
cantas	6
roberta	6
cage	6
soltem	6
escrevendo	6
sím	6
olhado	6
convidá-lo	6
fósseis	6
amar-me	6
enterrou	6
levi	6
garrison	6
inventor	6
apresentar-lhe	6
flexões	6
desfruta	6
protegem	6
legendasproject	6
glee	6
cedeu	6
titanic	6
reproduzir	6
yates	6
cortados	6
irs	6
desconhecidas	6
guardada	6
utilizada	6
previu	6
detém	6
operada	6
bip	6
decrescente	6
maguire	6
delinda	6
forrest	6
objetivos	6
ris	6
quota	6
regulares	6
bryant	6
wilcox	6
empenhado	6
tomarem	6
tok	6
lasers	6
trailer	6
equador	6
lembrou-se	6
palheiro	6
deixei-me	6
extremidade	6
fiasco	6
great	6
abatidos	6
wilma	6
espancar	6
marselha	6
tampouco	6
comparecer	6
porcelana	6
informal	6
gracias	6
assaltou	6
deck	6
idoso	6
wyoming	6
ski	6
nego	6
pistoleiro	6
presunçoso	6
aproximam-se	6
coiote	6
sd-6	6
contaria	6
brighton	6
milénio	6
presto	6
aplaudir	6
ocorrência	6
idênticos	6
associada	6
ensine	6
tech	6
apaixonou	6
fúnebre	6
ensinamentos	6
indelicado	6
estaleiro	6
túmulos	6
heller	6
sofra	6
comunhão	6
desci	6
newport	6
gostarem	6
aa	6
empresários	6
exclusivamente	6
intersect	6
pavor	6
segui-los	6
demito-me	6
compensar-te	6
inspeccionar	6
waldorf	6
maddox	6
ruben	6
africanos	6
contratados	6
atingiram	6
mande-o	6
mija	6
incluem	6
vocãª	6
continuasse	6
cospe	6
utilizando	6
inundação	6
binóculos	6
venezuela	6
alfabeto	6
afetar	6
restrito	6
imaginaste	6
patrulhar	6
definido	6
envia-me	6
bateu-lhe	6
gasosa	6
realizou	6
ciao	6
aterrorizada	6
dormente	6
zeros	6
champô	6
publicação	6
ótimos	6
primário	6
cumprido	6
said	6
22h	6
bruxo	6
cataratas	6
how	6
gengibre	6
daddy	6
wei	6
lanças	6
malha	6
nebraska	6
sí	6
braun	6
ponha-o	6
hematoma	6
sádico	6
trabalhares	6
veados	6
umbigo	6
leiam	6
hubert	6
shepard	6
tomás	6
coincidências	6
terri	6
arruinaste	6
dougie	6
hansen	6
magricela	6
bambi	6
percebas	6
feiticeira	6
9h	6
remoção	6
produzido	6
espalhadas	6
doutores	6
musa	6
visíveis	6
segurem	6
conseguirias	6
cremos	6
traço	6
mitologia	6
supondo	6
cash	6
mimada	6
treinei	6
suposta	6
feno	6
compton	6
sarjeta	6
propõe	6
upper	6
juice	6
convulsão	6
bem-vindas	6
controlar-me	6
treinamento	6
estagiária	6
trégua	6
minúscula	6
biografia	6
intimação	6
tornes	6
aj	6
joker	6
poupança	6
governamentais	6
atacarem	6
escória	6
forman	6
liu	6
che	6
vao	6
aproximem	6
aceitá-lo	6
envolva	6
colocá-los	6
singapura	6
governadora	6
patinar	6
rabugento	6
corno	6
tinha-te	6
stand	6
recital	6
escoceses	6
pm	6
esterco	6
sudão	6
mosquito	6
danvers	6
pendentes	6
solta-o	6
amáveis	6
brittany	6
aumentaram	6
roscoe	6
delaney	6
kendra	6
rafa	6
holocausto	6
entreguem	6
loki	6
chile	6
partirem	6
salazar	6
repararam	6
esperarei	6
nádegas	6
vogel	6
rias	6
fungo	6
bam	6
paso	6
desempenhar	6
afogou-se	6
despertador	6
cansaço	6
oca	6
timing	6
elle	6
sortudos	6
imperdoável	6
engenhoso	6
tiraram-me	6
abana	6
encontrou-se	6
viste-me	6
oval	6
dolan	6
zen	6
vestígio	6
levaremos	6
tripulantes	6
filipe	6
mamíferos	6
vestuário	6
pressiona	6
virtualmente	6
gibbons	6
burrows	6
della	6
despercebido	6
prestas	6
viajamos	6
escolheria	6
superstição	6
rene	6
almôndegas	6
abdul	6
carregando	6
construtor	6
gracinha	6
piscinas	6
construções	6
wilder	6
venderam	6
separem-se	6
pascal	6
gigantesca	6
exploradores	6
deslize	6
adivinhado	6
bahamas	6
fatias	6
convencê-los	6
dudley	6
legendado	6
cliché	6
equipado	6
atacamos	6
queimaram	6
bashir	6
refrescar	6
co	6
couve	6
hipoteticamente	6
ignorado	6
clientela	6
arranjámos	6
traçar	6
moses	6
bebas	6
valiosos	6
prior	6
clifford	6
dissermos	6
zo	6
filho-da-puta	6
frequentar	6
remo	6
recheio	6
atropelada	6
acompanha-me	6
vin	6
atropelamento	6
levantamento	6
aconselho	6
despedir-te	6
formalmente	6
acumular	6
empolgado	6
realistas	6
linden	6
impresso	6
coletes	6
diplomacia	6
gratuita	6
teixeira	6
votou	6
raios-x	6
recupere	6
jeitosa	6
traseiros	6
meyer	6
recordes	6
embrulho	6
troll	6
perderem	6
injectar	6
recuso	6
consideramos	6
perdemo-lo	6
beka	6
desperdiçado	6
segurando	6
cds	6
dusty	6
mer	6
enganaste	6
partilho	6
liso	6
tesouras	6
lavado	6
alterada	6
atitudes	6
optar	6
alexandria	6
arrependimentos	6
engordar	6
capone	6
choi	6
eileen	6
mandou-nos	6
amá-la	6
divida	6
hewes	6
fugitiva	6
desintoxicação	6
biológicos	6
gavetas	6
franqueza	6
maxine	6
regressam	6
katya	6
vocabulário	6
simms	6
interrogá-lo	6
unicórnio	6
descansada	6
abdominal	6
mediterrâneo	6
infantário	6
quahog	6
mordam	6
mandíbula	6
coroas	6
panteras	6
dixie	6
space	6
receava	6
encontrou-me	6
negociador	6
contar-vos	6
queimadas	6
trajes	6
confirmaram	6
starling	6
pretty	6
skywalker	6
lil	6
incapazes	6
pocilga	6
destruindo	6
canetas	6
liberais	6
períodos	6
assada	6
irritação	6
apertadas	6
destruí-la	6
touros	6
desmancha-prazeres	6
golias	6
furto	6
cansei-me	6
salvei-te	6
sabores	6
providência	6
mencionaste	6
derrubado	6
esmagada	6
fixamente	6
beisebol	6
íntimas	6
jessi	6
congo	6
porta-aviões	6
elimina	6
participantes	6
tentavam	6
deacon	6
yi	6
tuberculose	6
arlo	6
mensageiros	6
conspirar	6
enfiou	6
imitador	6
modificar	6
desistimos	6
hesitação	6
afastou	6
comermos	6
conduzido	6
juntem	6
ligasse	6
enganaste-me	6
matrículas	6
calares	6
disparada	6
complexos	6
rodeia	6
elanna	6
apague	6
convocar	6
tremores	6
órfã	6
madeleine	6
idêntico	6
estaline	6
raju	6
adultério	6
ryder	6
was	6
avisem	6
cessar-fogo	6
modesta	6
permaneçam	6
westen	6
concussão	6
transtorno	6
enviar-me	6
donas	6
mao	6
prevenção	6
totós	6
nojentas	6
massagista	6
cubos	6
sonhado	6
saudade	6
iniciado	6
abrirem	6
permanentes	6
urna	6
dirigido	6
bandos	6
canadiano	6
sossegada	6
estreita	6
atrasadas	6
continuamente	6
doações	6
mateo	6
comunicador	6
brutus	6
maturidade	6
adama	6
diâmetro	6
positivos	6
lisonjeada	6
desapontada	6
controlamos	6
nilo	6
tumores	6
prolongar	6
five	6
admiti-lo	6
memorável	6
agrediu	6
deli	6
cortador	6
je	6
enterrá-lo	6
acessível	6
estrume	6
funcionado	6
georgetown	6
atiras	6
similares	6
maçaneta	6
ajoelha-te	6
provam	6
chamá-los	6
põe-na	6
intérprete	6
aproximando	6
dirigindo	6
conversei	6
reeves	6
manson	6
juras	6
insignificantes	6
kip	6
dependesse	6
balneário	6
universitários	6
usa-o	6
rugas	6
responderam	6
vão-te	6
carnificina	6
exigiu	6
bonjour	6
walters	6
asiáticos	6
mudarem	6
pine	6
colado	6
hurley	6
farra	6
polegares	6
cortez	6
ocorrem	6
cesta	6
aquece	6
ovni	6
doninha	6
brewster	6
sucessão	6
liverpool	6
perversa	6
reembolso	6
fecham	6
matilha	6
enfraquecer	6
caraíbas	6
jantamos	6
cotovelos	6
indicada	6
venenosa	6
escapei	6
sicília	6
esforçar-me	6
discernimento	6
enviar-lhe	6
reze	6
tirasse	6
malária	6
idioma	6
venenoso	6
mitzvah	6
puramente	6
parágrafo	6
cruza	6
guarnição	6
correia	6
moriarty	6
monopólio	6
alunas	6
urbano	6
company	6
division	6
recolhe	6
aceleração	6
acho-o	6
encontra-te	6
sardinhas	6
josephine	6
olhar-me	6
gravei	6
ralo	6
encontrámo-nos	6
nemo	6
miniatura	6
parto-te	6
excita	6
psiquiatras	6
lao	6
lu	6
cresça	6
desapontar	6
elegantes	6
manha	6
parteira	6
disses-te	6
permitam-me	6
gestor	6
minerais	6
lixívia	6
encorajar	6
ordena	6
chamarei	6
contei-te	6
basil	6
jillian	6
cólera	6
selma	6
hut	6
comunica	6
monsenhor	6
tori	6
especificações	6
conchas	6
leve-nos	6
incendiário	6
suma	6
davenport	6
séries	6
16h	6
bellamy	6
larson	6
varsóvia	6
classificação	6
dardo	6
informá-lo	6
delicadeza	6
queridinha	6
relaxem	6
perjúrio	6
ribeiro	6
soprano	6
horn	6
referiu	6
publico	6
channing	6
tariq	6
interface	6
destruímos	6
apêndice	6
científicos	6
aprecie	6
kendall	6
põe-se	6
vitamina	6
conferir	6
deixá-las	6
roupeiro	6
mantida	6
atropelou	6
sulu	6
carlson	6
comandantes	6
newark	6
mostres	6
levantada	6
giz	6
leram	6
aconselhar	6
usaremos	6
casinos	6
suzie	6
tias	6
ativar	6
call	6
minnie	6
censura	6
avisados	6
julgues	6
receberem	6
favorável	6
casei-me	6
reclamações	6
odiaria	6
desperta	6
guardamos	6
terminam	6
descansem	6
marine	6
certezas	6
eie	6
proibição	6
bloqueia	6
excessivo	6
maura	6
ka	6
sombria	6
decidida	6
atar	6
nona	6
cavanaugh	6
tratar-te	6
britney	6
estilhaços	6
apoiam	6
men	6
matulão	6
tomará	6
aquático	6
transe	6
joana	6
possuída	6
protectora	6
desajeitado	6
ganhando	6
rolos	6
stitch	6
densidade	6
tirem-nos	6
abutre	6
abstinência	6
finley	6
pc	6
melhoria	6
académico	6
beijá-la	6
macy	6
responda-me	6
cleópatra	6
piora	6
prendi	6
holland	6
opostos	6
uhtred	6
caixões	6
segure-se	6
mereça	6
térmica	6
ético	6
colocas	6
dormires	6
australiano	6
cc	6
adoravam	6
farrell	6
farmacêutico	6
mcqueen	6
despedir-se	6
peck	6
puseram-me	6
marisol	6
pertencemos	6
18h	6
pode-nos	6
pobrezinha	6
fracassado	6
doentia	6
departamentos	6
cozinhas	6
guitarrista	6
foleiro	6
fine	6
cutter	6
baldwin	6
afeta	6
escolares	6
puxei	6
iluminado	6
acostumada	6
répteis	6
continuado	6
azeitonas	6
agressivos	6
mamilo	6
crockett	6
justificação	6
lina	6
pobrezinho	6
excepções	6
portos	6
anarquia	6
colorido	6
colateral	6
organismos	6
conquistador	6
vivesse	6
horton	6
shaun	6
passarei	6
cercada	6
anti	6
lavada	6
arlene	6
alegadamente	6
records	6
ki	6
orange	6
avc	6
supera	6
saltem	6
poster	6
idaho	6
roer	6
evangelho	6
kowalski	6
aborrecidos	6
quecas	6
redondo	6
púrpura	6
consegui-lo	6
contactei	6
adolf	6
mantermos	6
vómitos	6
forasteiro	6
executados	6
stressante	6
magnum	6
especular	6
florista	6
bubba	6
carcaça	6
sentinela	6
w	6
ridículas	6
wellington	6
cher	6
maluquice	6
dióxido	6
utilizou	6
choras	6
contou-nos	6
sunset	6
polacos	6
boa-noite	6
crânios	6
prescott	6
lentos	6
suado	6
concentrem-se	6
pedi-las	6
pingar	6
secretaria	6
niles	6
terças	6
previsões	6
apaixonar-me	6
honorários	6
pôr-lhe	6
apanhava	6
wilfred	6
girls	6
sacou	6
novinho	6
inspirou	6
íman	6
substancial	6
recebendo	6
boomer	6
usar-me	6
carroças	6
reuniu	6
siobhan	6
deitar-se	6
weir	6
cônsul	6
fossa	6
domésticos	6
processamento	6
terminares	6
comprometidos	6
demores	6
intervalos	6
novata	6
choramingar	6
normalidade	6
tamanhos	6
viagra	6
espalhou-se	6
justas	6
honolulu	6
zebra	6
sybil	6
phasers	6
rafe	6
comemoração	6
metia	6
fazendeiro	6
malvados	6
zelda	6
estalagem	6
focinho	6
caloiros	6
abaixe-se	6
caírem	6
gradualmente	6
maroto	6
sextas	6
clemência	6
feitiçaria	6
espreitadela	6
épico	6
petey	6
atraídos	6
teri	6
agradecidos	6
broca	6
culpe	6
artérias	6
mulas	6
falsificar	6
marx	6
cegueira	6
pediu-lhe	6
acordá-lo	6
transportado	6
sharp	6
encomendou	6
mattie	6
parks	6
economias	6
procuraste	6
dependência	6
17h	6
recuperá-la	6
calleigh	6
entrarei	6
levantar-te	6
mandá-los	6
vulcanos	6
barbas	6
inspector-chefe	6
marisco	6
arrecadação	6
consola	6
xeque-mate	6
rowan	6
profissionalmente	6
oxigênio	6
pendurados	6
krypton	6
faces	6
fede	6
cullen	6
recaída	6
scooter	6
preocuparia	6
mentiram	6
contribuintes	6
orador	6
impressionantes	6
viúvas	6
microfones	6
compreensivo	6
ternura	6
comunismo	6
deixai-me	6
levavam	6
garret	6
achais	6
estende	6
seguires	6
prematuro	6
imortais	6
vesti	6
descrito	6
biopsia	6
nuns	6
hippies	6
bagas	6
roube	6
causados	6
sirene	6
jeremiah	6
lonnie	6
traste	6
curtos	6
acreditarem	6
terramotos	6
bombaim	6
jurídico	6
enviámos	6
energética	6
adalind	6
forbes	6
tons	6
durará	6
amo-vos	6
acalmar-te	6
pertence-me	6
vitela	6
heróico	6
mesquinho	6
freeza	6
faço-lhe	6
envolvendo	6
burgess	6
damasco	6
pôs-se	6
snarf	6
endereços	6
sirenes	6
demência	6
incrivel	6
sands	6
principiante	6
produzem	6
pessimista	6
deixa-lo	6
casper	6
desafio-te	6
escadaria	6
ten	6
incerteza	6
subsídio	6
penn	6
winters	6
kiss	6
ampliar	6
encontrássemos	6
digam-lhe	6
trapos	6
four	6
deixassem	6
asher	6
indefesa	6
cdc	6
antecipar	6
bancários	6
fortalecer	6
barlow	6
cómoda	6
tiraste-me	6
assistiu	6
protejo-te	6
dêem-nos	6
infringir	6
conservar	6
kaplan	6
atendimento	6
juntarem	6
sandálias	6
garza	6
anzol	6
aires	6
salgado	6
jato	6
alarido	6
deep	6
décima	6
ouvi-a	6
ada	6
sindicatos	6
apoiar-te	6
sábios	6
atendas	6
dragon	6
desmoronar	6
escondam-se	6
brenner	6
hemingway	6
afundou	6
pegaste	6
ter-te-ia	6
russel	6
nelly	6
enforcamento	6
morales	6
bristow	6
dirijam-se	6
dirigia	6
fá-los	6
respondido	6
razoáveis	6
conner	6
reservei	6
protestante	6
grava	6
lucrar	6
buzina	6
históricos	6
estrangular	6
apavorado	6
pisos	6
dou-lhes	6
compatriotas	6
defender-se	6
taelons	6
desconforto	6
firewall	6
pastelaria	6
betão	6
visibilidade	6
remy	6
velhotes	6
matricula	6
sífilis	6
rejeitou	6
avançou	6
sheriff	6
negativas	6
camden	6
bentley	6
auscultadores	6
apresentam	6
decorações	6
landry	6
avisá-los	6
constantes	6
juntar-nos	6
tico	6
consumidores	6
chb7aa2d	6
minhocas	6
magoar-se	6
trio	6
salinger	6
psíquica	6
corporais	6
fazer-lhes	6
aumentando	6
lula	6
bret	6
cuidando	6
arranjarmos	6
gruber	6
cava	6
marada	6
admites	6
egoísmo	6
trazerem	6
olsen	6
torná-la	6
escorregadio	6
licenciatura	6
índice	6
pagarem	6
largado	6
diremos	6
propulsores	6
apanharam-me	6
marlon	6
guido	6
per	6
cimeira	6
cumpro	6
permaneceu	6
cornell	6
angelina	6
tornamos	6
bisavô	6
primárias	6
encheu	6
apresente-se	6
insegura	6
islão	6
atrases	6
lutadora	6
orgulho-me	6
íris	6
mill	6
marcadas	6
ripostar	6
rafeiro	6
acompanhá-lo	6
afogou	6
oitava	6
ganchos	6
clandestino	6
perseguem	6
complicação	6
paixões	6
tang	6
coágulo	6
lutava	6
lançaram	6
cometas	6
fodi	6
mc	6
protetor	6
agressividade	6
mal-educado	6
meti-me	6
robe	6
tamara	6
aorta	6
field	6
voltasses	6
inclinação	6
estante	6
deslocado	6
quebra-cabeças	6
metanfetamina	6
meditar	6
passaremos	6
optimo	6
estilista	6
programada	6
valeria	6
proibidos	6
intelecto	6
marionetas	6
jericho	6
cuidamos	6
reclamação	6
lidei	6
rótulo	6
devastador	6
rohit	6
assar	6
moody	6
convenceste	6
raina	6
apaixonar-se	6
vibrar	6
gate	6
totalidade	6
shaolin	6
freeman	6
varíola	6
ordinário	6
fedelho	6
ni	6
destroem	6
genuína	6
canoa	6
desforra	6
juanita	6
cromwell	6
vijay	6
oculta	6
descontrai-te	6
aquecedor	6
receia	6
spring	6
fazio	6
dançando	6
teyla	6
first	6
weiss	6
descontrolada	6
vespa	6
concursos	6
resistentes	6
chimpanzé	6
mete-o	6
seguiste	6
tormento	6
declínio	6
chevy	6
versos	6
rimmer	6
pegam	6
ipod	6
permaneça	6
impenetrável	6
baloiço	6
cinzeiro	6
atrasos	6
fumava	6
viragem	6
adoramos-te	6
expressões	6
virar-se	6
juntam	6
coitadinha	6
rolling	6
cortam	6
grimes	6
voight	6
causaram	6
aziz	6
emitiu	6
envolvem	6
contados	6
nan	6
envenenou	6
alejandro	6
olharam	6
reality	6
acolhedor	6
cahill	6
parecendo	6
poppy	6
hazzard	6
puberdade	6
chamou-lhe	6
mitos	6
desiludida	6
perdi-a	6
talhante	6
frasier	6
meramente	6
esquece-o	6
entendendo	6
joanie	6
conquistou	6
moira	6
acharia	6
goodman	6
semelhanças	6
puros	6
incomodou	6
raivoso	6
conversinha	6
maría	6
amabilidade	6
bev	6
formada	6
pilares	6
prometa-me	6
esfaqueou	6
acharmos	6
viu-te	6
inicia	6
fitch	6
travesti	6
sykes	6
hendricks	6
concentrar-se	6
bartlet	6
espantalho	6
viajado	6
sentia-se	6
concessão	6
diversidade	6
caranguejos	6
trarei	6
brincalhão	6
capturou	6
8h	6
sera	6
manifestações	6
andróide	6
see	6
game	6
bofetada	6
orion	6
relâmpagos	6
legislação	6
fargo	6
renovação	6
condecorado	6
calculado	6
esconder-nos	6
sand	6
faye	6
ponderar	6
smithers	6
exprimir	6
ignorantes	6
inofensiva	6
mudasse	6
pauzinhos	6
baseia-se	6
patton	6
afogamento	6
arturo	6
sharpe	6
pacificamente	6
mail	6
estourar	6
cientes	6
pavilhão	6
cometidos	6
capacetes	6
começasse	6
adora-te	6
hell	6
poupe	6
contratempo	6
enganam	6
mu	6
brilham	6
trabalhasse	6
andrei	6
ilustre	6
lhalves	6
júlio	6
jimbo	6
slogan	6
liberdades	6
molhadas	6
sonhaste	6
afogar-se	6
banal	6
oposta	6
saturação	6
hai	6
parvas	6
talho	6
scottie	6
divorciar-se	6
mesada	6
suponha	6
clique	6
despachado	6
empreendimento	6
continues	6
mordeu-me	6
cacau	6
dás-nos	6
cortar-te	6
explorador	6
motivado	6
rach	6
bee	6
sento	6
investido	6
ensina-me	6
elfos	6
esquecê-lo	6
lightman	6
fraser	6
dote	6
pressões	6
insuficiência	6
elétrico	6
opressão	6
tiroteios	6
fiambre	6
esquecimento	6
fórum	6
entendam	6
verbal	6
perseguidos	6
matemático	6
davina	6
ganharem	6
custer	6
channel	6
cirúrgica	6
assustá-la	6
chung	6
picha	6
esquecendo	6
divertindo	6
partiremos	6
venceste	6
namora	6
defendeu	6
primitiva	6
atendeste	6
solicitar	6
larsen	6
patriotas	6
candidatar	6
cateter	6
visitar-nos	6
tem-nos	6
almoços	6
objeção	6
conhecer-me	6
relativo	6
ases	6
científicas	6
sox	6
caísse	6
ia-me	6
especiarias	6
pós-traumático	6
tomarmos	6
viv	6
fungos	6
filhinha	6
explosiva	6
estrondo	6
sabre	6
burrito	6
derretido	6
arrisco	6
amaste	6
serviria	6
caminhando	6
vegetação	6
swift	6
cálcio	6
testemunhos	6
sedução	6
casulo	6
saíam	6
remos	6
hare	6
manda-os	6
dificultar	6
posso-lhe	6
necessitar	6
chorão	6
conto-lhe	6
matou-os	6
invenções	6
pio	6
estrangulada	6
lorna	6
langston	6
beliche	6
projetos	6
saberiam	6
destruam	6
identificados	6
qualificada	6
chapa	6
desobedecer	6
ambientais	6
mudarmos	6
movam-se	6
job	6
ciumenta	6
encontrá-las	6
continentes	6
omaha	6
extremas	6
rígida	6
planeámos	6
pagando	6
mackey	6
quincy	6
desejo-lhe	6
distintos	6
pequei	6
gargalhadas	6
tire-o	6
zhang	6
socialmente	6
garfield	6
alargar	6
gráficos	6
coleccionador	6
distâncias	6
nba	6
fabrico	6
hospedado	6
capitalismo	6
pager	6
feng	6
fala-se	6
factores	6
crowder	6
rapariguinha	6
modernas	6
tratares	6
mídia	6
nutrientes	6
queimando	6
berma	6
ligadura	6
leeds	6
chat	6
negada	6
encomendei	6
cancele	6
biquíni	6
tournée	6
queimei	6
dariam	6
espécime	6
actua	6
exótico	6
mueller	6
disfarçados	6
vomitei	6
ripley	6
pensarei	6
comer-te	6
sa	6
riggs	6
colocaria	6
retiraram	6
riem	6
mendez	6
zulu	6
encontras-te	6
latinos	6
reanimação	6
enganar-te	6
passadeira	6
bendito	6
chamaram-me	6
estabeleceu	6
existes	6
areias	6
ramona	6
concluída	6
conta-lhes	6
viro	6
recomendou	6
investigou	6
negocio	6
matei-a	6
jekyll	6
mcbride	6
sutura	6
meia-hora	6
decisivo	6
ruthie	6
contrataste	6
devorar	6
baldes	6
vomitado	6
calar-te	6
cory	6
campanhas	6
enfiada	6
apaguem	6
tocar-te	6
comparada	6
museus	6
deram-te	6
cerimónias	6
suspense	6
búfalos	6
ravi	6
bermudas	6
súbditos	6
miligramas	6
honey	6
hélio	6
zelador	6
cartucho	6
autores	6
mecânicos	6
narcisista	6
deu-se	6
governante	6
rabinho	6
mme	6
transacções	6
blackjack	6
casaria	6
urgentes	6
finalidade	6
kathryn	6
involuntário	6
baronesa	6
judd	6
taquicardia	6
montalbano	6
bracelete	6
estalar	6
abrindo	6
nativo	6
agatha	6
palermo	6
socapa	6
wo	6
suplente	6
colby	6
afeição	6
definitiva	6
bobagem	6
penthouse	6
tentaremos	6
devolvo	6
despejo	6
cantores	6
treinou	6
passar-te	6
bailes	6
sangramento	6
localizada	6
eléctricas	6
combustão	6
casadas	6
sonja	6
cósmica	6
babylon	6
vestem	6
espectaculares	6
lockwood	6
roleta	6
compatíveis	6
tratando	6
aceitem	6
mindinho	6
comício	6
cocas	6
hogg	6
sobreviveste	6
belga	6
variáveis	6
nascente	6
valerá	6
vénia	6
roxy	6
conhecer-nos	6
poupe-me	6
lowell	6
bactéria	6
acordamos	6
encontraste-o	6
disseram-lhe	6
bênçãos	6
boxers	6
radha	6
ianques	6
cilindro	6
chamamento	6
restauração	6
herdar	6
emilio	6
aguentar-se	6
assustar-te	6
maminhas	6
entregamos	6
miudos	6
nicolas	6
porcas	6
robertson	6
pensará	6
mantiveram	6
acho-te	6
saida	6
colaboradores	6
golf	6
beijado	6
lancaster	6
volts	6
lucrativo	6
criadores	6
bicos	6
crua	6
berry	6
albuquerque	6
sg-1	6
atirar-te	6
colonial	6
earp	6
doutra	6
davas	6
bacia	6
desaparecerem	6
emil	6
platina	6
portaste-te	6
grutas	6
economizar	6
trance	6
esqueletos	6
provocação	6
crowe	6
dançamos	6
geografia	6
mexeres	6
afastem	6
trocaram	6
cesar	6
hydra	6
adaga	6
micro-ondas	6
virtudes	6
subterrânea	6
assenta	6
vadios	6
shin	6
cursos	6
intocável	6
morse	6
cumprimenta	6
vistes	6
abre-o	6
soltou	6
vão-nos	6
sininho	6
foi-nos	6
cascata	6
injustamente	6
perceberem	6
acompanho-te	6
implicações	6
hackers	6
taças	6
digerir	6
educados	6
desistiram	6
kris	6
traumas	6
letreiro	6
fornicar	6
surpreendeu	6
mostrem-me	6
aperitivo	6
meados	6
mostra-te	6
mantenhas	6
noz	6
consistentes	6
hiperespaço	6
combinações	6
hepatite	6
largue-a	6
iniciação	6
receção	6
true	6
sofrendo	6
levas-me	6
bertie	6
perceberes	6
renal	6
sinbad	6
simultaneamente	6
reuben	6
velejar	6
ligarei	6
violoncelo	6
sujeira	6
concretizar	6
chegarei	6
pinga	6
ferengi	6
emmy	6
mostrava	6
refrescante	6
cubro	6
baby-sitter	6
continuação	6
resíduo	6
operatório	6
estocolmo	6
fiscais	6
intriga	6
impedir-te	6
impulsivo	6
cripta	6
eleitoral	6
denso	6
dezanove	6
recuperamos	6
darlene	6
24h	6
pressione	6
reciclagem	6
edificio	6
ancestral	6
pisou	6
relevância	6
socialista	6
dominado	6
aguentei	6
hemisfério	6
gansos	6
divide	6
confissões	6
cerimônia	6
mantém-nos	6
setas	6
permitindo	6
dizia-me	6
yvette	6
autoestrada	6
mágoa	6
assinaste	6
encolher	6
vinagre	6
micah	6
poole	6
preconceito	6
recompensado	6
extradição	6
fula	6
deixaram-no	6
bizarra	6
mexericos	6
tofu	6
esquecer-se	6
certificar-se	6
aja	6
coreanos	6
vu	6
esqueces-te	6
mabel	6
paradoxo	6
perspectivas	6
fracção	6
ambrose	6
emergir	6
carona	6
apolo	6
web-dl	6
co2	6
crónica	6
bd	6
serviram	6
demolição	6
19h	6
kal-el	6
singular	6
livra	6
jangada	6
qualificações	6
sinceras	6
confusas	6
abastecer	6
haverias	6
frágeis	6
carrossel	6
recrutado	6
pragas	6
tumulto	6
rijo	6
recompor	6
norfolk	6
lili	6
desastres	6
aproxime-se	6
expulsou	6
facadas	6
tentemos	6
gunther	6
distrital	6
confiantes	6
patsy	6
mato-a	6
demente	6
planeamos	6
secador	6
silicone	6
dubois	6
despertou	6
suplemento	6
prendê-la	6
preparo	6
tobin	6
semanal	6
novak	6
bertha	6
paixoneta	6
melhore	6
seleção	6
farpado	6
conas	6
transporta	6
vespas	6
etiquetas	6
rygel	6
sven	6
levantei-me	6
entregá-la	6
prejudicial	6
recomendações	6
cachorro-quente	6
manipulado	6
cecil	6
ridículos	6
filial	6
milady	6
roth	6
desperdices	6
rinoceronte	6
cigano	6
tank	6
acompanhada	6
abria	6
doidas	6
aniversariante	6
super-heróis	6
rebentaram	6
regressamos	6
finos	6
jogaram	6
arranco-te	6
falante	6
homo	6
tucson	6
ananás	6
regionais	6
carruagens	6
seção	6
leva-te	6
patrocinador	6
surpreendidos	6
roubava	6
lona	6
movimentar	6
emite	6
rápidamente	6
metamorfo	6
passarão	6
rivera	6
calcanhares	6
navid	6
perturba	6
mayer	6
comporta-te	6
mos	6
chegavam	6
cuidem	6
key	6
descapotável	6
aumentam	6
acusa	6
atlas	6
julgada	6
transtornado	6
reflexão	6
tranquilizante	6
essex	6
assombrar	6
violeta	6
bolton	6
adoptada	6
ganharia	6
preocupou	6
examinei	6
ícone	6
pusesse	6
bach	6
envolver-me	6
anteontem	6
emery	6
manhoso	6
penetração	6
tábuas	6
valho	6
move-se	6
trabalhavas	6
votem	6
exterminar	6
vlad	6
assustadas	6
pagãos	6
lavei	6
cristianismo	6
plutónio	6
reconhecem	6
fotógrafos	6
trampa	6
fiável	6
horrivelmente	6
estagiários	6
cha	6
beneficência	6
suicídios	6
superou	6
amén	6
estilos	6
camarões	6
casam	6
esplendor	6
hammer	6
minimamente	6
marin	6
noturno	6
sweeney	6
fascinado	6
lisboa	6
resolveste	6
bartlett	6
realizada	6
pegado	6
superioridade	6
mort	6
spears	6
desportiva	6
palace	6
tyr	6
navais	6
separaram	6
emmet	6
aluguei	6
entenderia	6
entregares	6
margie	6
concerteza	6
blunt	6
pede-me	6
transtornada	6
jacqueline	6
deixem-se	6
embarcação	6
autodestruição	6
emissário	6
mimado	6
despe	6
batidos	6
amiguinhos	6
dib	6
penitência	6
moribundo	6
afastares	6
gomas	6
leopold	6
portais	6
esperaram	6
perdoem-me	6
financeiramente	6
addicted	6
duvidei	6
vodca	6
amarras	6
baixe-se	6
monique	6
feriados	6
templos	6
revolucionária	6
aceitasse	6
distintas	6
tijuana	6
gerais	6
chinesas	6
estrangeiras	6
alcança	6
desfeita	6
titânio	6
tira-os	6
possuo	6
severamente	6
activada	6
abandone	6
dá-la	6
dissessem	6
imparcial	6
adriana	6
capangas	6
enredo	6
saturno	6
toca-me	6
estudava	6
ness	6
versus	6
posterior	6
zumbido	6
despistar	6
pooh	6
desorientado	6
obrigá-lo	6
acerto	6
pratas	6
rejeitada	6
corresponder	6
sea	6
softcopi	6
cuidei	6
valium	6
poderiamos	6
steele	6
pancadas	6
encharcado	6
continuarão	6
sonora	6
twilight	6
kumar	6
válvulas	6
firmemente	6
olharmos	6
larkin	6
controles	6
acres	6
àquelas	6
cobaias	6
curandeiro	6
teóricos	6
automáticas	6
importaste	6
adequadamente	6
romero	6
desenvolveram	6
habituar-me	6
luka	6
aproximou	6
compressão	6
hipocrisia	6
sparks	6
brincas	6
copa	6
eiffel	6
femininos	6
lamechas	6
desfazer-se	6
aproveitar-se	6
rompeu	6
medíocre	6
capitães	6
renas	6
observar-nos	6
danificar	6
convenientemente	6
dia-a-dia	6
devida	6
mantenha-o	6
crês	6
cartéis	6
poria	6
planeaste	6
tropeçar	6
normandia	6
curto-circuito	6
excluído	6
sinta-se	6
margarita	6
invejo	6
concepção	6
proporções	6
imigrante	6
suponhamos	6
rezamos	6
aprovo	6
atirando	6
desleixado	6
pagámos	6
nino	6
marquesa	6
aparecerá	6
mostramos	6
beberes	6
misteriosamente	6
horroroso	6
nasal	6
trocados	6
concorde	6
flack	6
identificaram	6
transferidos	6
grover	6
moramos	6
aproximou-se	6
vestiário	6
hip	6
flutuante	6
escrúpulos	6
odeie	6
torna-o	6
estrangulamento	6
prestígio	6
filmou	6
menciona	6
príncipes	6
esfaquear	6
ugh	6
atrelado	6
dirigida	6
geometria	6
libertar-me	6
noivas	6
peidos	6
recolhemos	6
expulsão	6
agradeças	6
continuaria	6
fizemo-lo	6
cone	6
negligente	6
sepulturas	6
lexie	6
crosta	6
ring	6
guaxinim	6
ultrapassei	6
cbi	6
retido	6
ahhh	6
piggy	6
arriscada	6
gravitacional	6
cabeludo	6
acertada	6
folheto	6
fodeu	6
moray	6
muad	6
faminta	6
prejuízo	6
contestar	6
beaumont	6
sintético	6
histeria	6
úlcera	6
picado	6
lider	6
meteoro	6
demitiu-se	6
carrinhos	6
meio-irmão	6
urgentemente	6
desentendimento	6
moldura	6
retirados	6
rayburn	6
soul	6
orquídea	6
alegra-me	6
idênticas	6
filma	6
herrmann	6
cell	6
atras	6
tossir	6
motos	6
trazer-nos	6
canivete	6
contanto	6
santificado	6
orar	6
palavra-passe	6
instantânea	6
provaram	6
kiera	6
apanhar-nos	6
hamster	6
submeter	6
prestou	6
beirute	6
caril	6
registados	6
diminuiu	6
achem	6
imparável	6
invadido	6
keating	6
sorridente	6
restar	6
controlas	6
civilizada	6
janey	6
esquizofrenia	6
perdoo	6
fugia	6
diagnosticado	6
fascistas	6
verniz	6
resolvida	6
porta-luvas	6
babá	6
craniano	6
arrasado	6
tex	6
adoecer	6
lavabos	6
refrigerantes	6
budista	6
zia	6
princesas	6
comprar-lhe	6
acabarão	6
enfrentam	6
marés	6
racistas	6
mexidos	6
amgod	6
terminarem	6
belfast	6
avalanche	6
incerto	6
vícios	6
pagasse	6
cupido	6
siegfried	6
mística	6
inexplicável	6
conversão	6
esquecemo-nos	6
axe	6
desactivado	6
rascunho	6
anakin	6
colocadas	6
dustin	6
sombrios	6
borrão	6
apaguei	6
inquieto	6
telefonar-te	6
demo	6
cláudia	6
salvadora	6
escutado	6
retratos	6
substitui	6
tocada	6
masturbação	6
temple	6
escolheres	6
amen	6
nah	6
consolação	6
ofendida	6
ridiculo	6
infiltrados	6
recusaram	6
organiza	6
leary	6
gostoso	6
infectar	6
sentinelas	6
darias	6
sutter	6
crescidos	6
põe-nos	6
testosterona	6
risca	6
look	6
lutaremos	6
gaines	6
destruirá	6
atravessei	6
franny	6
orquídeas	6
montante	6
injeção	6
discutiu	6
osama	6
amazonas	6
perderemos	6
sobremesas	6
gladiador	6
donnelly	6
fisk	6
head	6
vestir-te	6
melão	6
desfecho	6
ogivas	6
gore	6
premir	6
mortimer	6
lacrosse	6
sociedades	6
distinta	6
vandalismo	6
buy	6
esconda	6
alimentar-se	6
programar	6
enriquecer	6
destaque	6
berros	6
furtivo	6
jodi	6
brincava	6
mordidela	6
avisá-la	6
colocar-me	6
clavícula	6
rigsby	6
suíte	6
lástima	6
conduzem	6
marcadores	6
derramamento	6
gratuito	6
finges	6
caias	6
esgotar-se	6
castigada	6
maléfico	6
reconciliação	6
ale	6
peregrinos	6
geoff	6
astral	6
apresentá-lo	6
frigideira	6
investi	6
alimentares	6
singer	6
peões	6
adoração	6
say	6
mandamentos	6
circulo	6
disciplinar	6
aperfeiçoar	6
caçam	6
boate	6
proprietária	6
lafayette	6
warrick	6
formosa	6
edwin	6
acompanhá-la	6
superman	6
vancouver	6
postas	6
lixou	6
law	6
vigário	6
néctar	6
lan	6
picard	6
hagen	6
portar-se	6
sobreviva	6
recusaste	6
aplicações	6
pô-las	6
apresentar-se	6
bloqueou	6
school	6
gema	6
checar	6
lutarem	6
senhoritas	6
apoiou	6
carreguem	6
uther	6
inspire	6
acasalamento	6
concordaria	6
abbie	6
incompetência	6
mamar	6
loomis	6
aceitarei	6
absolvição	6
próstata	6
melhorado	6
arrastou	6
agrade	6
individuo	6
assassinaram	6
convicções	6
coiso	6
sharona	6
adaptar-se	6
hampton	6
fetiche	6
esmagados	6
dotado	6
luigi	6
baseados	6
levanto	6
pseudónimo	6
almeida	6
maçarico	6
baril	6
movendo	6
nocturnos	6
composta	6
dispersar	6
promovida	6
intravenosa	6
samson	6
charada	6
eliminados	6
vota	6
suposições	6
repleta	6
dover	6
cool	6
michele	6
hard	6
aprendendo	6
reinar	6
lembraste-te	6
propôs	6
propósitos	6
parecerá	6
thatcher	6
procurar-te	6
diplomático	6
ramón	6
imunda	6
colombianos	6
ligarem	6
alimentam	6
louisa	6
observadores	6
agiste	6
condor	6
comprares	6
aldrabão	6
corto-te	6
segui-o	6
quiséssemos	6
georges	6
interessadas	6
conceber	6
roteiro	6
atribuído	6
matava-me	6
cortá-lo	6
consegue-se	6
raptados	6
stones	6
samir	6
rasgado	6
agimos	6
xxi	6
reagem	6
heart	6
horizontal	6
starbucks	6
calem	6
acompanhar-te	6
asqueroso	6
desertor	6
they	6
metano	6
infiltrar	6
humildes	6
agrícola	6
excessiva	6
batista	6
espetáculos	6
annalise	6
namorei	6
leres	6
artrite	6
guardiã	6
pênis	6
chamarem	6
virilha	6
mace	6
co-piloto	6
hackear	6
honrados	6
exageres	6
vikram	6
camilla	6
entregar-te	6
cargos	6
tropeçou	6
21h	6
anonimato	6
exigência	6
queima-roupa	6
movido	6
assustei	6
travessia	6
catering	6
lutarei	6
derradeiro	6
rúpias	6
acha-se	6
perguntei-te	6
dickens	6
patrocinadores	6
embaraço	6
reservatório	6
bagagens	6
esfomeados	6
competitivo	6
kings	6
tropecei	6
connors	6
ahrens	6
precipitado	6
id	6
necessitas	6
dar-te-ei	6
meros	6
merecido	6
parecerem	6
yin	6
clínicas	6
davidson	6
depositar	6
lowe	6
lubrificante	6
libra	6
carlisle	6
fútil	6
deveriamos	6
ganhará	6
rapido	6
myka	6
capô	6
chamem-me	6
carmine	6
nucky	6
cuidava	6
defender-me	6
atribuir	6
juntaram	6
advertência	6
interagir	6
trancados	6
elaborado	6
transforme	6
julgados	6
sonhador	6
anedotas	6
dever-me	6
hardware	6
garotinha	6
cortamos	6
levantá-lo	6
românticos	6
psicológicos	6
sangrou	6
dirija	6
moldar	6
hm	6
traiu-me	6
deslocar	6
secções	6
carregas	6
estica	6
mudava	6
kanan	6
empacotar	6
lister	6
wing	6
banir	6
conscientes	6
rodeo	6
velocidades	6
subtitles	6
sucedidos	6
mexido	6
bois	6
prosperar	6
partilhado	6
rodeados	6
lembrem	6
selada	6
danificados	6
mccall	6
travesseiro	6
tornava	6
gastas	6
débil	6
mergulhadores	6
acaba-se	6
cerâmica	6
êxitos	6
pronúncia	6
xau	6
cappuccino	6
safar-te	6
indício	6
tas	6
ordenei	6
ronny	6
radioactivo	6
rigoroso	6
alcançou	6
firmeza	6
persa	6
infecções	6
pomba	6
eden	6
scan	6
matrimonial	6
embrulhar	6
atingi	6
indicou	6
deliciosas	6
pós	6
cólon	6
beijou-me	6
aceitará	6
vendedora	6
dure	6
kovac	6
intensamente	6
convenceu-me	6
desfrutem	6
mafiosos	6
ensiná-lo	6
assumimos	6
apanhaste-o	6
identificações	6
obediente	6
cubram	6
dirigem-se	6
mandámos	6
carnes	6
saiste	6
fergus	6
solenemente	6
discotecas	6
dizem-nos	6
protegeu	6
meyers	6
misteriosos	6
assustam	6
concretas	6
perdoai-me	6
obsceno	6
mafia	6
nikolai	6
divindade	6
weber	6
cirúrgico	6
saltado	6
masculinidade	6
haveriam	6
descobriremos	6
biológicas	6
cincinnati	6
deixaste-a	6
limbo	6
neha	6
conquistas	6
inesquecível	6
tencionas	6
armazenar	6
despesa	6
canário	6
pinóquio	6
agredido	6
espirituais	6
desonra	6
revelaram	6
comprada	6
desodorizante	6
félix	6
simular	6
erika	6
atrevida	6
embebedar	6
civilizados	6
relutante	6
espera-se	6
folgo	6
pu-lo	6
especado	6
palhaçada	6
cesariana	6
tornem	6
bafo	6
frangos	6
trancou	6
queimem	6
televisor	6
agarrou-me	6
jonesy	6
masculinos	6
saldos	6
tranças	6
bambu	6
descafeinado	6
existam	6
tentará	6
formem	6
fabricantes	6
mantém-na	6
pedreira	6
registou	6
rouge	6
talia	6
riam	6
marwan	6
limitados	6
danado	6
trazida	6
existente	6
concentrados	6
brutais	6
semáforo	6
audácia	6
aquiles	6
detergente	6
combinados	6
património	6
atirou-me	6
raquel	6
gogh	6
ameaçador	6
tricia	6
dina	6
puma	6
cultivo	6
verónica	6
mereci	6
pêssegos	6
eixos	6
aluguel	6
medusa	6
godfrey	6
toc	6
navegador	6
extraordinários	6
väo	6
entediante	6
devil	6
violentamente	6
pervertidos	6
cidadã	6
mudá-lo	6
sô	6
chatas	6
tinha-a	6
renegado	6
alcoólicos	6
dispostas	6
detecção	6
optimus	6
dispensada	6
desistires	6
compro-te	6
estudando	6
assobiar	6
trama	6
deseje	6
carregou	6
hailey	6
reina	6
comprá-la	6
cacete	6
sync	6
viper	6
cumpra	6
caídos	6
xelins	6
eureka	6
eisenhower	6
passou-me	6
papão	6
cortar-lhe	6
convenções	6
ordinária	6
requerem	6
armando	6
vocalista	6
perseguindo	6
regressarmos	6
tocarem	6
bowie	6
johann	6
atrocidades	6
aw	6
aprendam	6
plantações	6
pintada	6
barricada	6
sniper	6
fingimos	6
escondo	6
wormhole	6
milorde	6
indefinidamente	6
thorn	6
adorada	6
arranha-céus	6
electrónicos	6
contraste	6
esculturas	6
desaparecesse	6
interferências	6
clarice	6
constitui	6
faltando	6
corras	6
poético	6
custado	6
diárias	6
viajem	6
preservação	6
esquecidos	6
possessão	6
inverter	6
nabo	6
c-4	6
fugirem	6
recitar	6
têem	6
ro	6
ponha-me	6
girafa	6
buscar-nos	6
controladas	6
ajudarei	6
polir	6
collants	6
imaturo	6
homicidio	6
despedi	6
vestiu	6
ferris	6
restabelecer	6
odeio-a	6
gratificante	6
motins	6
desconfiança	6
tem-na	6
discursar	6
meteorologia	6
muller	6
passei-me	6
maciça	6
best	6
preguiça	6
bess	6
abate	6
convence	6
patifes	6
chapada	6
free	6
votei	6
revistem	6
caminhadas	6
avançadas	6
experimentou	6
abbs	6
irma	6
ravina	6
curou	6
produziu	6
contras	6
lêem	6
controlados	6
autodefesa	6
interessa-me	6
estàs	6
paradas	6
bronco	6
durmam	6
harrington	6
compreendas	6
imprevisto	6
precoce	6
juntamos	6
treina	6
comitê	6
zé-ninguém	6
olaf	6
desapareces	6
milly	6
duff	6
zé	6
casasse	6
glass	6
lucius	6
mcgill	6
incomodada	6
adiantados	6
pisca	6
waldo	6
vicodin	6
convencer-te	6
vulcões	6
rosewood	6
safo	6
investigamos	6
executada	6
arrancar-te	6
virem-se	6
levanta-se	6
shows	6
inscrever	6
aéreos	6
assassinadas	6
importamos	6
tramada	6
guardados	6
preenchido	6
sairam	6
dmitri	6
encaixam	6
descobrirá	6
groot	6
cobre-me	6
nottingham	6
soltos	6
requisitos	6
cuidará	6
duvidas	6
excitados	6
rohan	6
retirei	6
herbie	6
modificações	6
calçado	6
joguinho	6
voadora	6
peixinho	6
slater	6
donativo	6
lecter	6
yoko	6
sigas	6
bypass	6
velhinha	6
duane	6
matilda	6
utilizadores	6
pará-los	6
nado	6
nutrição	6
apresentada	6
concebida	6
arkady	6
acompanhe-me	6
pinheiro	6
facilita	6
moreira	6
accionistas	6
individualmente	6
shalom	6
baton	6
eleita	6
darhk	6
ceptro	6
presumindo	6
imperativo	6
bófias	6
tramou	6
mouth	6
seguirá	6
mergulha	6
berrar	6
janta	6
tresanda	6
safou	6
chaleira	6
pergunto-lhe	6
melody	6
zodíaco	6
jameson	6
pintas	6
aspirar	6
viverei	6
estã	6
ambulâncias	6
traiçoeiro	6
esconderijos	6
her	6
colada	6
patti	6
condenações	6
influente	6
causaste	6
satisfaz	6
giants	6
veer	6
experimento	6
benta	6
faltas	6
parish	6
palavra-chave	6
industriais	6
especializado	6
gargalhada	6
corcunda	6
odiamos	6
gastaste	6
pediatra	6
reunimos	6
fazia-o	6
emocionada	6
ratas	6
talibãs	6
magic	6
estatística	6
românticas	6
schultz	6
insano	6
esconderam	6
chamar-se	6
brother	6
rubi	6
recortes	6
storybrooke	6
informante	6
caída	6
entregaste	6
jeep	6
capturada	6
menção	6
pressinto	6
demoraria	6
hola	6
fujo	6
enrique	6
emissões	6
lexington	6
inestimável	6
desafia	6
elevadas	6
sentamo-nos	6
agradecer-vos	6
caldo	6
punheta	6
intrigado	6
snyder	6
duvidoso	6
elixir	6
sequestrado	6
recear	6
jactos	6
infiltrada	6
ménage	6
apontem	6
nbc	6
intelectuais	6
satisfatório	6
mad	6
fumei	6
mandando	6
calder	6
transformá-lo	6
ziggy	6
crawley	6
deteve	6
marciano	6
aventureiro	6
estafeta	6
nervosas	6
esquinas	6
esperteza	6
nebulosa	6
humildemente	6
nine	6
oculares	6
servi-lo	6
variação	6
esquece-se	6
portou-se	6
cuspo	6
box	6
graciosa	6
sarcástico	6
adquirido	6
dame	6
odessa	6
pus-me	6
marmelada	6
evoluiu	6
aeronave	6
hemorragias	6
identificámos	6
pairar	6
cozinhados	6
consumidor	6
atirada	6
discriminação	6
escondemos	6
apetecia	6
preferiu	6
disneylândia	6
georgina	6
crazy	6
spider	6
engodo	6
perdoou	6
enigmas	6
parvalhões	6
sanguessugas	6
werner	6
encriptação	6
stressada	6
camionista	6
devoto	6
diesel	6
distracções	6
ironicamente	6
resolvem	6
múltipla	6
delírio	6
sylvie	6
assinaram	6
lucia	6
expira	6
aterrador	6
ferrugem	6
encha	6
margarida	6
pedirem	6
pastores	6
serva	6
vulgares	6
acreditará	6
calçar	6
roubámos	6
florescer	6
enterrei	6
incendiou	6
encontra-a	6
mahoney	6
critério	6
bono	6
chefia	6
altruísta	6
desembarque	6
adoravas	6
entediado	6
ashton	6
ephram	6
péssimas	6
referir-se	6
matassem	6
rir-te	6
enfermagem	6
ilumina	6
vigília	6
juntares	6
precipitadas	6
bernardo	6
viajava	6
aloha	6
elaborar	6
amem	6
humilhada	6
pensasses	6
mário	6
interrompida	6
milwaukee	6
ousada	6
riscar	6
atrevem	6
arrebentar	6
incomodar-me	6
caxemira	6
vai-lhe	6
levamo-lo	6
prado	6
kes	6
gostosa	6
arrependo-me	6
incomoda-me	6
completas	6
apanho-o	6
revestimento	6
hop	6
preconceitos	6
natalia	6
killian	6
evasão	6
mulherengo	6
mudaram-se	6
precedente	6
povoado	6
dormiram	6
lannister	6
manager	6
magnitude	6
condizer	6
devastada	6
encontrem-no	6
aguardamos	6
indique	6
trair-me	6
gregor	6
edimburgo	6
lanie	6
delaware	6
proíbe	6
palmadas	6
ousadia	6
isis	6
recordas	6
trolls	6
afectada	6
permitidos	6
secretárias	6
magoou-se	6
lucinda	6
consumido	6
persuadir	6
fá-lo-ia	6
crepúsculo	6
saudar	6
radiador	6
pareçam	6
transplantes	6
kincaid	6
ângelo	6
ponho-te	6
mikhail	6
rãs	6
processá-lo	6
rena	6
lidas	6
guloseimas	6
vou-vos	6
rixa	6
bateres	6
tirem-na	6
inchada	6
bucky	6
mexes	6
laurent	6
vinny	6
tripla	6
cooperativa	6
reabastecer	6
hauser	6
didi	6
adiamento	6
chiana	6
mágoas	6
espontâneo	6
passa-lhe	6
juntado	6
eufemismo	6
artagnan	6
defiance	6
grisalho	6
fume	6
lew	6
repentinamente	6
britânicas	6
atacadores	6
columbo	6
inversão	6
questionário	6
educadamente	6
auditoria	6
traduzidas	6
ensino-te	6
premeditado	6
defendê-lo	6
esfaqueada	6
carregados	6
manda-a	6
arriscaria	6
assistindo	6
encontramo-lo	6
magoam	6
guardá-la	6
land	6
mantiver	6
sonham	6
encontraram-na	6
teller	6
dançarinos	6
inquisição	6
fumado	6
healy	6
mandares	6
zhaan	6
anotado	6
zangar	6
colhões	6
passávamos	6
chamasse	6
confiares	6
voei	6
admirava	6
meteoritos	6
cabeca	6
lixar-me	6
historiador	6
rocket	6
enviarei	6
herc	6
beale	6
detectou	6
forasteiros	6
sulista	6
lab	6
kendrick	6
patéticos	6
infalível	6
entusiasmante	6
obrigatória	6
deitem-se	6
abrirmos	6
pin	6
faciais	6
port	6
pinky	6
chino	6
entregar-lhe	6
hendrix	6
preocupadas	6
espiã	6
permanecerá	6
gonzalo	6
fodasse	6
equações	6
caracol	6
pensassem	6
tónico	6
estudaste	6
correctas	6
gonna	6
perde-se	6
nata	6
adeptos	6
mystic	6
letais	6
aviso-o	6
yan	6
melhorias	6
governa	6
apetece-te	6
correctos	6
barclay	6
interrogação	6
meretíssimo	6
caga	6
cotton	6
roulotte	6
kelvin	6
cbs	6
táctico	6
tenho-os	6
encontrei-os	6
comprar-me	6
transar	6
segurá-la	6
viram-no	6
fallon	6
visitei	6
skipper	6
tibete	6
surfista	6
funda	6
externas	6
enfrentá-lo	6
yoda	6
percebam	6
trai	6
brasas	6
pró	6
serie	6
imaginando	6
demoníaca	6
gastam	6
explodido	6
coreografia	6
adquiriu	6
perigosamente	6
jung	6
tribal	6
transferências	6
marota	6
sioux	6
ameixa	6
plásticos	6
desfrute	6
expediente	6
avisem-me	6
nypd	6
responderes	6
corar	6
relíquias	6
pepino	6
ocean	6
acerta-lhe	6
doadores	6
contracções	6
yes	6
crow	6
suco	6
instalou	6
inspirada	6
deixariam	6
pedir-lhes	6
escorrega	6
vietnam	6
profecias	6
elisa	6
proximidades	6
rosario	6
esposito	6
encarrego-me	6
faltavam	6
continental	6
rudolph	6
queriamos	6
alistair	6
narrativa	6
trabalhávamos	6
anubis	6
hadar	6
breves	6
doem	6
canibais	6
abc	6
esfrega	6
descubras	6
dróides	6
atirá-lo	6
cansar	6
sei-o	6
kessler	6
elfo	6
ameaçaram	6
valsa	6
superficiais	6
cus	6
psíquico	6
conjuntos	6
mega	6
lidou	6
berlin	6
descontraído	6
incomoda-te	6
chiu	6
apalpar	6
diverti	6
chopper	6
olhai	6
péssimos	6
substitutos	6
modéstia	6
juntaram-se	6
levarão	6
avisar-me	6
rolex	6
abraão	6
tau	6
sandoval	6
precisaste	6
holloway	6
angelica	6
conheceram-se	6
gritado	6
reator	6
recordas-te	6
aptidão	6
elyse	6
prendido	6
aliada	6
abominável	6
nadinha	6
exaustão	6
pipa	6
rolha	6
auditório	6
gêmeos	6
bean	6
preguiçosa	6
execuções	6
vaqueiro	6
experientes	6
alem	6
metálico	6
redimir	6
quantico	6
barbearia	6
desaparecerá	6
excalibur	6
aconteceu-me	6
evitar-me	6
aflição	6
chuta	6
skippy	6
vintage	6
tomasse	6
repentina	6
dançava	6
minimizar	6
esboços	6
sentadas	6
localizou	6
sedutor	6
mexer-me	6
discutas	6
acordámos	6
vigiada	6
despedaçado	6
alegou	6
carregadas	6
organizados	6
resolvam	6
cancelei	6
pioneiros	6
mantenha-me	6
vestindo	6
embrulhado	6
confiscar	6
revelada	6
alvejada	6
embrulhada	6
talheres	6
perseguiu	6
afiados	6
interpretado	6
concluiu	6
camelos	6
comovido	6
forneceu	6
gorro	6
tornamo-nos	6
ensinaste-me	6
internato	6
alfonso	6
crusoe	6
wessex	6
repousar	6
gob	6
inventada	6
acompanhamento	6
cachorros-quentes	6
chama-o	6
gillian	6
sobrenaturais	6
