# Italian CEFR Vocabulary Database (A1=1, A2=2, B1=3, B2=4, C1=5, C2=6)
# Word	Level
e	1
non	1
che	1
di	1
la	1
il	1
un	1
a	1
per	1
è	1
in	1
una	1
mi	1
sono	1
ho	1
l'	1
si	1
ha	1
ma	1
lo	1
cosa	1
con	1
no	1
le	1
ti	1
se	1
da	1
i	1
come	1
io	1
ci	1
hai	1
questo	1
bene	1
qui	1
sei	1
del	1
tu	1
solo	1
mio	1
al	1
me	1
tutto	1
c'	1
te	1
era	1
della	1
mia	1
fatto	1
fare	1
essere	1
so	1
quando	1
sì	1
ora	1
lei	1
gli	1
ne	1
oh	1
questa	1
detto	1
ok	1
va	1
perche	1
quello	1
mai	1
alla	1
o	1
anche	1
stato	1
abbiamo	1
tutti	1
dei	1
grazie	1
chi	1
sta	1
molto	1
più	1
voglio	1
perché	1
tuo	1
beh	1
sia	1
nel	1
lui	1
allora	1
posso	1
piu	1
ehi	1
prima	1
tua	1
suo	1
niente	1
qualcosa	1
sai	1
siamo	1
un'	1
cosi	1
davvero	1
ancora	1
hanno	1
stai	1
fa	1
sua	1
così	1
casa	1
uno	1
dove	1
su	1
vero	1
vuoi	1
noi	1
due	1
quindi	1
dire	1
d'	1
delle	1
quella	1
sempre	1
altro	1
sto	1
andare	1
ad	1
po	1
loro	1
devo	1
quel	1
forse	1
li	1
proprio	1
certo	1
tempo	1
nella	1
poi	1
vi	1
credo	1
vita	1
cose	1
sul	1
quanto	1
puoi	1
fuori	1
anni	1
cui	1
andiamo	1
dell'	1
parte	1
visto	1
qualcuno	1
all'	1
lavoro	1
voi	1
ciao	1
dio	1
volta	1
dopo	1
adesso	1
stata	1
uomo	1
padre	1
devi	1
bisogno	1
gia	1
amico	1
ed	1
posto	1
nessuno	1
via	1
cos'	1
fai	1
signore	1
meglio	1
cazzo	1
dai	1
dal	1
vuole	1
sembra	1
giorno	1
ogni	1
modo	1
senza	1
vedere	1
dobbiamo	1
signor	1
qualche	1
dispiace	1
penso	1
ecco	1
parlare	1
tra	1
mamma	1
già	1
sarebbe	1
dalla	1
troppo	1
fosse	1
possiamo	1
ce	1
nuovo	1
male	1
madre	1
avete	1
tanto	1
favore	1
successo	1
vai	1
sulla	1
giusto	1
sa	1
miei	1
aspetta	1
avere	1
altra	1
farlo	1
alle	1
facendo	1
abbia	1
momento	1
ero	1
aveva	1
ragazzi	1
deve	1
persone	1
nostro	1
tipo	1
prego	1
grande	1
può	1
senti	1
appena	1
potrebbe	1
soldi	1
dice	1
sapere	1
tre	1
oggi	1
questi	1
piace	1
idea	1
siete	1
ai	1
avevo	1
figlio	1
accordo	1
gente	1
sicuro	1
vieni	1
degli	1
guarda	1
dentro	1
trovato	1
queste	1
caso	1
forza	1
dov'	1
tutte	1
pensi	1
signora	1
faccio	1
nome	1
avuto	1
problema	1
altri	1
puo	1
aver	1
mondo	1
tutta	1
preso	1
nulla	1
nostra	1
donna	1
stare	1
basta	1
insieme	1
faccia	1
ragazza	1
subito	1
famiglia	1
ragazzo	1
volevo	1
okay	1
sentito	1
ah	1
stesso	1
ragione	1
sarà	1
tuoi	1
capito	1
notte	1
volte	1
testa	1
serve	1
tesoro	1
sotto	1
eh	1
suoi	1
vado	1
sara	1
dato	1
stiamo	1
bella	1
scusa	1
erano	1
pensavo	1
avrei	1
prendere	1
buona	1
porta	1
bello	1
moglie	1
vorrei	1
storia	1
succede	1
morto	1
cercando	1
dici	1
persona	1
pronto	1
meno	1
dovuto	1
avanti	1
capisco	1
secondo	1
venire	1
polizia	1
lì	1
avrebbe	1
stanno	1
mentre	1
letto	1
fino	1
dico	1
amici	1
fine	1
aiuto	1
paura	1
fratello	1
stavo	1
uomini	1
nell'	1
domani	1
facciamo	1
abbastanza	1
capo	1
amore	1
nei	1
ucciso	1
state	1
piano	1
macchina	1
trovare	1
comunque	1
vediamo	1
giorni	1
nemmeno	1
mano	1
dall'	1
presto	1
stati	1
merda	1
far	1
bambino	1
andato	1
vedo	1
tornare	1
quelle	1
cio	1
primo	1
vostro	1
neanche	1
sera	1
giro	1
morte	1
e'	1
qua	1
pensato	1
buon	1
anno	1
mie	1
diavolo	1
quasi	1
piacere	1
bel	1
dovrei	1
nessun	1
contro	1
stessa	1
felice	1
colpa	1
punto	1
andata	1
dovrebbe	1
vedi	1
quale	1
chiesto	1
invece	1
perchè	1
migliore	1
nostri	1
finito	1
figlia	1
dovresti	1
papa	1
almeno	1
sento	1
quei	1
col	1
ore	1
passato	1
magari	1
minuti	1
terra	1
vostra	1
strada	1
sola	1
credi	1
importante	1
sue	1
salve	1
settimana	1
perso	1
uscire	1
parlato	1
papà	1
stasera	1
scusi	1
dollari	1
occhi	1
mani	1
ultima	1
possibile	1
scuola	1
significa	1
sapevo	1
nelle	1
potrei	1
stava	1
bambini	1
eri	1
importa	1
indietro	1
riesco	1
sangue	1
chiama	1
messo	1
piccolo	1
traduzione	1
tardi	1
cuore	1
marito	1
viene	1
venuto	1
ieri	1
spero	1
ricordi	1
quelli	1
dovremmo	1
lasciato	1
ascolta	1
difficile	1
quell'	1
auto	1
chiamato	1
ciò	1
altre	1
parlando	1
pensare	1
fantastico	1
fatta	1
numero	1
veramente	1
fanno	1
com'	1
serio	1
possa	1
fossi	1
entrare	1
anch'	1
qualsiasi	1
pensa	1
dicendo	1
acqua	1
portato	1
stanza	1
problemi	1
forte	1
nessuna	1
lascia	1
amo	1
roba	1
agente	1
dietro	1
corpo	1
pare	1
sentire	1
foto	1
telefono	1
voleva	1
poco	1
prendi	1
piccola	1
vicino	1
quest'	1
sacco	1
stia	1
capire	1
potuto	1
cinque	1
strano	1
tue	1
andando	1
donne	1
sappiamo	1
bravo	1
ragazze	1
festa	1
senso	1
genere	1
quattro	1
dare	1
attimo	1
sorella	1
pure	1
probabilmente	1
film	1
parla	1
ufficio	1
verso	1
mesi	1
farti	1
unica	1
morire	1
signorina	1
vecchio	1
domanda	1
ben	1
guerra	1
dottore	1
conosco	1
qual	1
vivere	1
vista	1
prova	1
nuova	1
ricordo	1
divertente	1
avessi	1
sicura	1
paio	1
conto	1
perdere	1
dimmi	1
farmi	1
figli	1
mezzo	1
lavorare	1
unico	1
esattamente	1
squadra	1
esatto	1
possono	1
fate	1
faro	1
sapete	1
dottor	1
parola	1
piedi	1
sopra	1
motivo	1
avevi	1
cavolo	1
capitano	1
finita	1
volete	1
siano	1
potresti	1
gioco	1
perfetto	1
be	1
mente	1
mangiare	1
resto	1
credere	1
fortuna	1
tratta	1
chiamo	1
morta	1
là	1
entrambi	1
avresti	1
passare	1
cena	1
the	1
sarei	1
controllo	1
affari	1
spiace	1
ultimo	1
facile	1
farò	1
buongiorno	1
davanti	1
tizio	1
dammi	1
sicurezza	1
dalle	1
quanti	1
dica	1
matrimonio	1
john	1
vogliono	1
molti	1
culo	1
fuoco	1
cercare	1
pistola	1
potremmo	1
re	1
mandato	1
puttana	1
negli	1
cioe	1
inizio	1
saranno	1
causa	1
voglia	1
mettere	1
fammi	1
uccidere	1
vogliamo	1
faremo	1
però	1
genitori	1
sesso	1
potete	1
ricevuto	1
vivo	1
presidente	1
città	1
citta	1
succedendo	1
ospedale	1
fu	1
agli	1
scritto	1
smettila	1
vada	1
attenzione	1
sulle	1
bere	1
situazione	1
omicidio	1
revisione	1
avesse	1
ottimo	1
cura	1
durante	1
provato	1
parole	1
lasciare	1
dicono	1
new	1
prossima	1
nostre	1
arrivato	1
paese	1
sull'	1
andate	1
chiunque	1
capisci	1
pace	1
immagino	1
musica	1
tieni	1
oddio	1
jack	1
libro	1
eravamo	1
amica	1
diventare	1
sui	1
sbagliato	1
dirmi	1
wow	1
farai	1
entra	1
venuta	1
scelta	1
voluto	1
portare	1
assolutamente	1
molte	1
chiedo	1
torna	1
scoperto	1
fatti	1
settimane	1
dirlo	1
alcuni	1
prigione	1
giornata	1
piuttosto	1
buono	1
aspettare	1
parli	1
arrivare	1
lungo	1
vede	1
avvocato	1
deciso	1
sarai	1
messaggio	1
dormire	1
dieci	1
stupido	1
usare	1
dello	1
cielo	1
guardare	1
bagno	1
aria	1
voce	1
tornato	1
vuol	1
giù	1
conosci	1
benissimo	1
prendo	1
verita	1
cane	1
restare	1
chiamare	1
poter	1
campo	1
luce	1
sam	1
qualunque	1
giovane	1
signori	1
fra	1
provare	1
minuto	1
saperlo	1
lontano	1
gruppo	1
continua	1
arrivo	1
gran	1
realta	1
cerca	1
passo	1
domande	1
insomma	1
bambina	1
pensando	1
capelli	1
trova	1
onore	1
aiutare	1
verità	1
prove	1
n'	1
funziona	1
alto	1
giu	1
credevo	1
futuro	1
preoccuparti	1
idiota	1
cibo	1
fretta	1
cara	1
finalmente	1
morti	1
odio	1
solito	1
brava	1
é	1
incidente	1
allo	1
dev'	1
intenzione	1
speciale	1
cambiare	1
vera	1
camera	1
oltre	1
semplice	1
dirti	1
riguardo	1
finche	1
aspetto	1
viaggio	1
chiaro	1
chiamata	1
bocca	1
permesso	1
piacerebbe	1
dovete	1
giocare	1
ordine	1
circa	1
ovviamente	1
finire	1
piu'	1
natale	1
i'	1
direi	1
vostri	1
occhio	1
pronta	1
scusami	1
mattina	1
cercato	1
crede	1
sistema	1
york	1
fondo	1
resta	1
devono	1
prossimo	1
pronti	1
saputo	1
scusate	1
potere	1
milioni	1
soltanto	1
armi	1
arriva	1
fermo	1
mese	1
chiedere	1
cristo	1
torno	1
venite	1
controllare	1
appuntamento	1
s	1
chiami	1
vecchia	1
detective	1
pero	1
metti	1
grado	1
vanno	1
nave	1
iniziato	1
perche'	1
informazioni	1
libero	1
stronzo	1
grandi	1
pezzo	1
segreto	1
colpo	1
faceva	1
piacciono	1
porto	1
oppure	1
completamente	1
vederti	1
lista	1
venga	1
veloce	1
assassino	1
sapeva	1
finché	1
tom	1
ormai	1
interessa	1
generale	1
giusta	1
tenere	1
pazzo	1
vittima	1
giuro	1
consiglio	1
michael	1
alcune	1
semplicemente	1
zio	1
centro	1
specie	1
mille	1
sogno	1
lasci	1
carino	1
doveva	1
brutto	1
nello	1
aspetti	1
incredibile	1
sole	1
glielo	1
legge	1
spesso	1
guardate	1
cambiato	1
scena	1
volevi	1
charlie	1
lasciami	1
gentile	1
rispetto	1
ve	1
fara	1
zitto	1
incontro	1
farà	1
servono	1
rapporto	1
errore	1
mike	1
sanno	1
pagare	1
sorpresa	1
occhiata	1
risposta	1
presa	1
servizio	1
medico	1
usato	1
hey	1
caro	1
schifo	1
avrai	1
dolore	1
saresti	1
personale	1
quali	1
saro	1
peggio	1
addio	1
addosso	1
dovevo	1
poteva	1
pieno	1
diverso	1
vestiti	1
sparato	1
realtà	1
do	1
sarò	1
normale	1
fame	1
programma	1
nonna	1
sappia	1
sembrava	1
migliori	1
notizie	1
avevamo	1
riesci	1
posizione	1
vengo	1
rimanere	1
compagnia	1
proposito	1
farci	1
joe	1
ricorda	1
frank	1
prende	1
tante	1
avevano	1
arrivando	1
chiuso	1
terribile	1
ritardo	1
attento	1
bar	1
sembri	1
fallo	1
dimenticato	1
bisogna	1
impossibile	1
cioè	1
studio	1
stessi	1
arma	1
conosce	1
uscita	1
ii	1
fin	1
disse	1
david	1
vattene	1
quante	1
guai	1
intorno	1
video	1
manca	1
esserci	1
grosso	1
tanti	1
dolce	1
chiave	1
cervello	1
coraggio	1
interessante	1
peccato	2
questione	2
adoro	2
aereo	2
guardi	2
rubato	2
sala	2
base	2
peter	2
george	2
sette	2
sente	2
compleanno	2
potrebbero	2
relazione	2
cliente	2
spalle	2
seconda	2
parti	2
vale	2
qualcun	2
diritto	2
sicuramente	2
appartamento	2
pranzo	2
saremo	2
denaro	2
riuscito	2
continuare	2
serata	2
nero	2
vestito	2
carta	2
ex	2
dottoressa	2
bastardo	2
potevo	2
iniziare	2
lavora	2
otto	2
conosciuto	2
zona	2
stavi	2
intendo	2
negozio	2
trovo	2
aspettando	2
partita	2
tv	2
spazio	2
andra	2
notizia	2
tempi	2
linea	2
james	2
riguarda	2
soli	2
parliamo	2
uh	2
poliziotto	2
scappare	2
fronte	2
vinto	2
averlo	2
tranquillo	2
silenzio	2
andati	2
fossero	2
simile	2
pezzi	2
calma	2
santo	2
ricerca	2
pena	2
aspettate	2
stesse	2
esiste	2
scoprire	2
altrimenti	2
diceva	2
luogo	2
lettera	2
vive	2
salvare	2
canzone	2
vengono	2
pubblico	2
senta	2
corso	2
henry	2
regalo	2
sentite	2
rimasto	2
lavorando	2
né	2
scherzando	2
stamattina	2
missione	2
test	2
salute	2
farebbe	2
scelto	2
dura	2
computer	2
stupida	2
avremmo	2
aiutarti	2
contatto	2
pericolo	2
entro	2
parlo	2
alex	2
freddo	2
triste	2
promesso	2
esercito	2
america	2
ultimi	2
trovi	2
dunque	2
guardia	2
jane	2
infatti	2
possibilita	2
intendi	2
fbi	2
casino	2
buonanotte	2
caccia	2
gay	2
arrivata	2
lavori	2
max	2
certamente	2
regole	2
vostre	2
dovrai	2
secondi	2
ballo	2
ascoltami	2
birra	2
ovunque	2
club	2
paul	2
arrivati	2
governo	2
bellissima	2
oro	2
duro	2
cucina	2
decisione	2
anima	2
forma	2
tornata	2
esempio	2
incontrato	2
occasione	2
stanotte	2
porti	2
droga	2
possibilità	2
cellulare	2
necessario	2
avremo	2
ferma	2
borsa	2
prometto	2
palle	2
nonno	2
piena	2
attacco	2
dagli	2
affatto	2
colpito	2
salvato	2
siediti	2
reale	2
comprare	2
inferno	2
parlarne	2
diciamo	2
regina	2
carina	2
aperto	2
brutta	2
braccio	2
fermati	2
stavamo	2
crimine	2
andrà	2
chiesa	2
effetti	2
tenente	2
sapevi	2
scrivere	2
scommetto	2
paziente	2
scarpe	2
danny	2
livello	2
fermi	2
ia	2
lunga	2
mentito	2
viva	2
spettacolo	2
usa	2
visita	2
alcun	2
sarah	2
precedenti	2
diventato	2
mica	2
sinistra	2
percio	2
processo	2
mare	2
direttore	2
intelligente	2
mary	2
rende	2
comprato	2
classe	2
ehm	2
cambio	2
scorsa	2
farla	2
bianco	2
tavolo	2
stagione	2
dite	2
nick	2
dannazione	2
cavallo	2
sergente	2
incinta	2
rotto	2
aiuti	2
episodio	2
rispondere	2
contento	2
conoscere	2
inglese	2
volo	2
attraverso	2
riesce	2
differenza	2
apri	2
passi	2
uscito	2
coi	2
codice	2
lato	2
hotel	2
maggiore	2
farsi	2
uniti	2
trovata	2
eccolo	2
carne	2
lavorato	2
star	2
umano	2
certa	2
miglior	2
averti	2
de	2
pagato	2
libera	2
avrà	2
vorrebbe	2
caldo	2
pelle	2
interno	2
temo	2
leggere	2
comandante	2
cerco	2
avrebbero	2
pomeriggio	2
documenti	2
farei	2
giudice	2
mostro	2
destra	2
luna	2
ringrazio	2
guardando	2
pericoloso	2
buone	2
affare	2
figliolo	2
jake	2
vino	2
passa	2
presente	2
ordini	2
arrivederci	2
caffè	2
barca	2
maledizione	2
nuovi	2
vederlo	2
lezione	2
intero	2
dia	2
partire	2
venuti	2
sogni	2
chiedendo	2
alta	2
nord	2
pensate	2
jimmy	2
parlarti	2
perciò	2
congratulazioni	2
data	2
sposato	2
gliel'	2
sembrare	2
treno	2
radio	2
l	2
comune	2
cattivo	2
imparato	2
smettere	2
ottima	2
aiutarmi	2
ama	2
intera	2
responsabile	2
abbiano	2
lascio	2
farcela	2
bomba	2
agenti	2
belle	2
m'	2
pochi	2
san	2
clienti	2
periodo	2
energia	2
segno	2
mangiato	2
calmati	2
chiudi	2
posti	2
accidenti	2
bellissimo	2
quegli	2
dovrebbero	2
vivi	2
speranza	2
rischio	2
caffe	2
rosso	2
soprattutto	2
combattere	2
tocca	2
operazione	2
zia	2
sexy	2
gamba	2
biglietto	2
pazza	2
ufficiale	2
vorresti	2
vincere	2
gambe	2
pressione	2
farle	2
seguito	2
nascosto	2
maestro	2
fantastica	2
benvenuto	2
and	2
sarebbero	2
offerta	2
ami	2
vite	2
scherzo	2
qualcos'	2
finta	2
testimone	2
fratelli	2
banca	2
aprire	2
potesse	2
stronzate	2
indirizzo	2
tale	2
ottenere	2
potessi	2
jim	2
esperienza	2
portata	2
messa	2
steve	2
piangere	2
bill	2
segreti	2
scorso	2
tony	2
lasciate	2
andremo	2
sud	2
uccisa	2
darmi	2
torni	2
pianeta	2
darti	2
inoltre	2
serie	2
esci	2
ray	2
vittime	2
diversi	2
porca	2
guida	2
prezzo	2
strana	2
arrabbiato	2
vecchi	2
verrà	2
orribile	2
gesu	2
ritorno	2
entrato	2
animali	2
enorme	2
metto	2
harry	2
passaggio	2
imparare	2
progetto	2
danno	2
naturalmente	2
colpevole	2
ragazzino	2
metri	2
tommy	2
chiavi	2
mossa	2
finestra	2
suppongo	2
destino	2
molta	2
saltare	2
correre	2
frega	2
edificio	2
colazione	2
collo	2
difesa	2
diro	2
vicini	2
fiducia	2
aiutato	2
maggior	2
avermi	2
saprei	2
capisce	2
ristorante	2
nomi	2
laboratorio	2
scegliere	2
comando	2
chiedi	2
arte	2
meta	2
discorso	2
nove	2
avra	2
segnale	2
perfetta	2
fortunato	2
libri	2
carriera	2
blu	2
cominciare	2
muro	2
will	2
tranne	2
bob	2
proteggere	2
prendendo	2
dubbio	2
dati	2
stazione	2
emergenza	2
giustizia	2
immediatamente	2
odore	2
umani	2
college	2
ascolti	2
contrario	2
terzo	2
preoccupare	2
locale	2
mette	2
faranno	2
battaglia	2
aiutarla	2
diverse	2
notato	2
chiamate	2
sceriffo	2
sembrano	2
evitare	2
spirito	2
seduto	2
bianca	2
ryan	2
lingua	2
dipartimento	2
controllato	2
massimo	2
praticamente	2
riunione	2
po'	2
rumore	2
torta	2
guardami	2
dirò	2
accanto	2
eroe	2
turno	2
piccoli	2
entrambe	2
dovremo	2
potrai	2
londra	2
vedrai	2
punti	2
fiori	2
vederla	2
persino	2
ovvio	2
furgone	2
amy	2
coppia	2
ridere	2
inizia	2
pausa	2
billy	2
grave	2
vedete	2
memoria	2
dovevi	2
aiutami	2
tranquilla	2
cosi'	2
naso	2
andava	2
nemico	2
mangia	2
chiudere	2
felici	2
colonnello	2
palla	2
giovani	2
richard	2
nuove	2
costa	2
laggiù	2
lee	2
scatola	2
torniamo	2
albero	2
you	2
tribunale	2
razza	2
anello	2
prenda	2
idee	2
piede	2
ferita	2
ferito	2
cerchi	2
preoccupato	2
verra	2
sentimenti	2
arresto	2
project	2
averla	2
dà	2
soldato	2
natura	2
cominciato	2
inutile	2
casi	2
prendiamo	2
colore	2
basso	2
uso	2
don	2
anzi	2
storie	2
digli	2
daniel	2
preferito	2
dirle	2
utile	2
cattiva	2
cani	2
sparare	2
parigi	2
diventa	2
chiamano	2
ascoltare	2
kevin	2
decidere	2
professore	2
fidanzato	2
sensazione	2
andartene	2
legale	2
carte	2
compito	2
srt	2
stronza	2
contenta	2
provi	2
los	2
corte	2
tengo	2
pesce	2
pensano	2
johnny	2
obiettivo	2
incontrare	2
nato	2
visti	2
show	2
conta	2
accesso	2
breve	2
risolvere	2
isola	2
povero	2
stavolta	2
mark	2
affrontare	2
poliziotti	2
opera	2
anna	2
buoni	2
ballare	2
bacio	2
resti	2
funzionato	2
bordo	2
sbaglio	2
giochi	2
verde	2
saremmo	2
aperta	2
improvviso	2
continui	2
fianco	2
alzati	2
accettare	2
metà	2
continuo	2
peso	2
piaciuto	2
stile	2
corsa	2
entrata	2
soluzione	2
maria	2
fanculo	2
contratto	2
arrabbiata	2
fermare	2
retro	2
meraviglioso	2
guidare	2
denti	2
mandare	2
fidati	2
sveglia	2
tiene	2
ultimamente	2
creato	2
prendermi	2
kate	2
dipende	2
innocente	2
scopo	2
coltello	2
chris	2
fila	2
magia	2
effetto	2
procuratore	2
ricordare	2
smesso	2
dna	2
vendere	2
pantaloni	2
miss	2
centrale	2
azione	2
principe	2
cadavere	2
chiusa	2
fede	2
nipote	2
andro	2
soldati	2
conti	2
finisce	2
stavano	2
riuscita	2
troveremo	2
stampa	2
of	2
assistente	2
ognuno	2
robert	2
debole	2
risultati	2
ridicolo	2
sii	2
vaffanculo	2
andarci	2
adam	2
dirtelo	2
grandioso	2
americano	2
gesù	2
francese	2
chiederti	2
faresti	2
taxi	2
sottotitoli	2
creare	2
peggiore	2
bevuto	2
rimasta	2
angolo	2
latte	2
buio	2
siate	2
malattia	2
gatto	2
suona	2
troviamo	2
brian	2
estate	2
scomparsa	2
fargli	2
risposto	2
condizioni	2
muoviti	2
charles	2
angeles	2
fiume	2
schiena	2
sindaco	2
nonostante	2
reso	2
campagna	2
andrai	2
tenuto	2
paga	2
seguire	2
cerchiamo	2
scott	2
coglione	2
rachel	2
bobby	2
dettagli	2
chiaramente	2
rispondi	2
capace	2
distrutto	2
forze	2
importanza	2
debba	2
importanti	2
particolare	2
stanco	2
piani	2
mantenere	2
piaceva	2
richiesta	2
parecchio	2
dando	2
principale	2
rose	2
insegnato	2
faccenda	2
vento	2
immaginare	2
dimenticare	2
matto	2
convinto	2
rovinato	2
campione	2
buonasera	2
braccia	2
laggiu	2
decisamente	2
washington	2
usando	2
provando	2
momenti	2
sbagliata	2
andrò	2
pensarci	2
mercato	2
valore	2
sbrigati	2
salire	2
drink	2
riuscire	2
spiegare	2
principessa	2
provo	2
avro	2
attenta	2
zitta	2
eddie	2
andy	2
bellezza	2
prendete	2
tanta	2
morendo	2
rilassati	2
buco	2
conversazione	2
dover	2
speravo	2
attesa	2
pensiero	2
rimane	2
benvenuti	2
conoscenza	2
ponte	2
malato	2
claire	2
sedia	2
vedremo	2
omicidi	2
walter	2
finale	2
impronte	2
sistemare	2
pensiamo	2
emma	2
succedere	2
avrò	2
emily	2
ghiaccio	2
tracce	2
bottiglia	2
accettato	2
indagine	2
pensava	2
passata	2
super	2
eppure	2
fottuto	2
propria	2
tiro	2
cadere	2
ll	2
diversa	2
sguardo	2
perdita	2
milione	2
camminare	2
eccoci	2
dan	2
pratica	2
americani	2
primi	2
villaggio	2
scuse	2
fantasma	2
trovarlo	2
potevi	2
preferisco	2
scusatemi	2
ispettore	2
teoria	2
chiamami	2
dovere	2
camion	2
parco	2
palazzo	2
privato	2
dovreste	2
troia	2
chiede	2
volessi	2
purtroppo	2
eccola	2
preoccupata	2
area	2
aspettavo	2
prenderti	2
accusa	2
crederci	2
martin	2
stelle	2
direttamente	2
ie	2
aiuta	2
esserlo	2
voler	2
cento	2
fidanzata	2
andarmene	2
seriamente	2
pista	2
terza	2
desiderio	2
preoccupi	2
mentendo	2
ubriaco	2
angelo	2
tradurre	2
luci	2
popolo	2
case	2
grace	2
dita	2
vince	2
infermiera	2
altezza	2
seduta	2
minaccia	2
età	2
controlla	2
nazionale	2
genio	2
caduto	2
corri	2
cinema	2
t	2
passati	2
tetto	2
alcuna	2
stella	2
josh	2
media	2
politica	2
voci	2
suono	2
to	2
copertura	2
conosciamo	2
vissuto	2
piaci	2
internet	2
eric	2
lettere	2
occupato	2
sposata	2
cancro	2
numeri	2
diamo	2
credimi	2
compagno	2
merito	2
società	2
quand'	2
nient'	2
spada	2
vedermi	2
scendere	2
pazienti	2
kim	2
dirgli	2
leggi	2
cambia	2
facevo	2
pete	2
sentita	2
diventata	2
perfettamente	2
ragazzina	2
bicchiere	2
autobus	2
dargli	2
vuoto	2
porte	2
animale	2
jason	2
azienda	2
sabato	2
pollo	2
spiaggia	2
ordinato	2
rotta	2
dovesse	2
telefonata	2
thomas	2
completo	2
lasciamo	2
entri	2
liceo	2
rosa	2
mezza	2
innamorato	2
doccia	2
guardato	2
matt	2
stanca	2
arrestato	2
esce	2
date	2
venduto	2
gara	2
comincia	2
orologio	2
eravate	2
fan	2
erba	2
viso	2
bevi	2
metta	2
fece	2
ascoltate	2
distanza	2
alice	2
maledetto	2
chiamarmi	2
magnifico	2
universo	2
esame	2
quartiere	2
uccidermi	2
andarsene	2
sposa	2
partito	2
lascialo	2
strade	2
cappello	2
pagina	2
mostra	2
giardino	2
intendevo	2
testimoni	2
nera	2
taglio	2
velocemente	2
potente	2
killer	2
potrà	2
muore	2
segni	2
paradiso	2
rabbia	2
fuga	2
biglietti	2
s'	2
toccare	2
termine	2
collega	2
vittoria	2
assurdo	2
mr	2
giornale	2
dimmelo	2
insegnante	2
annie	2
talento	2
o'	2
spaventato	2
naturale	2
vicina	2
coinvolto	2
immagini	2
figo	2
grossa	2
umana	2
amiche	2
girare	2
seria	2
corrente	2
libertà	2
rubare	2
venendo	2
doppio	2
immagine	2
certe	2
conoscerti	2
tantissimo	2
allarme	2
ultime	2
militare	2
padrone	2
prenderlo	2
arrivano	2
azioni	2
tipi	2
sveglio	2
amor	2
potremo	2
preparato	2
direzione	2
gratis	2
dito	2
vendetta	2
cantare	2
distruggere	2
lasciata	2
funzionare	2
invitato	2
chuck	2
regola	2
servizi	2
luke	2
zero	2
ruolo	2
cavalli	2
c	2
mattino	2
pazzi	2
funerale	2
dallo	2
ospiti	2
ministro	2
venti	2
ottenuto	2
intende	2
simon	2
abbiate	2
domenica	2
tette	2
vorrà	2
ted	2
spia	2
manda	2
rimani	2
partner	2
dritto	2
presenza	2
eta	2
abby	2
succedera	2
son	2
offerto	2
atto	2
apprezzo	2
discutere	2
mentire	2
gestire	2
chilometri	2
migliaia	2
sugli	2
lasciarmi	2
volevano	2
street	2
guardati	2
domattina	2
lasciatemi	2
pensavi	2
vacanza	2
nemici	2
medicina	2
speriamo	2
sali	2
tira	2
scappato	2
pur	2
informazione	2
lucy	2
sposare	2
andarcene	2
est	2
accaduto	2
violenza	2
articolo	2
crescere	2
suonare	2
forti	2
caduta	2
calmo	2
presi	2
parlarle	2
cugino	2
fossimo	2
messaggi	2
famiglie	2
povera	2
danni	2
sentivo	2
sospetto	2
guardie	2
gira	2
trappola	2
dirai	2
starai	2
attenti	2
diventando	2
criminale	2
lady	2
giacca	2
unita	2
rossa	2
dormito	2
scomparso	2
modi	2
entrate	2
sarete	2
commesso	2
pugno	2
opinione	2
chiamava	2
cresciuto	2
mal	2
interesse	2
laura	2
mettiamo	2
bell'	2
sig	2
francia	2
ossa	2
roma	2
carico	2
fastidio	2
lisa	2
premio	2
fermato	2
sopravvivere	2
studenti	2
battuta	2
dappertutto	2
dave	2
tè	2
hank	2
profondo	2
arrivi	2
cella	2
finora	2
membro	2
lupo	2
gas	2
macchine	2
risposte	2
lotta	2
presento	2
piccole	2
mostri	2
moto	2
percento	2
jeff	2
vorra	2
carl	2
colpi	2
amicizia	2
diritti	2
pulito	2
protezione	2
disturbo	2
avranno	2
assieme	2
dicevo	2
diretto	2
pane	2
pesante	2
city	2
park	2
aeroporto	2
gloria	2
scusarmi	2
creduto	2
risponde	2
terapia	2
santa	2
dirci	2
disastro	2
uova	2
tirato	2
tenga	2
sedere	2
veri	2
preparare	2
versione	2
costruire	2
rete	2
sean	2
potra	2
guardo	2
puzza	2
ricco	2
ali	2
sposati	2
gola	2
fumo	2
crisi	2
dirmelo	2
raggiungere	2
nervoso	2
minimo	2
persa	2
traccia	2
inghilterra	2
albergo	2
tornate	2
incendio	2
falso	2
dirglielo	2
ucciderlo	2
polvere	2
chicago	2
gioia	2
fucile	2
maniera	2
william	2
sessuale	2
orecchie	2
privata	2
tentativo	2
weekend	2
totale	2
poche	2
sicuri	2
sentirmi	2
aspettiamo	2
svegliati	2
parlano	2
scherzi	2
trucco	2
lord	2
trovate	2
t'	2
dovevamo	2
nascondere	2
aiutarci	2
succederà	2
rendere	2
urla	2
larry	2
calda	2
aspettato	2
dovessi	2
ambulanza	2
superiore	2
m	2
dean	2
volare	2
mancato	2
perdono	2
errori	2
proprietario	2
piaccia	2
raccontato	2
ospite	2
dovro	2
dovrò	2
dillo	2
poteri	2
credito	2
recente	2
dovrà	2
pizza	2
fatemi	2
amato	2
kyle	2
telecamere	2
quarto	2
bravi	2
avessero	2
movimento	2
regno	2
volevamo	2
stomaco	2
membri	2
licenziato	2
preferirei	2
tirare	2
chiedevo	2
analisi	2
muoversi	2
merita	2
volesse	2
promessa	2
capita	2
farvi	2
credete	2
sissignore	2
dannato	2
phil	2
baby	2
bei	2
assicuro	2
abbandonato	2
facilmente	2
scale	2
attorno	2
darò	2
smetterla	2
corpi	2
sospettato	2
mettendo	2
puo'	2
cinese	2
verranno	2
imbarazzante	2
fonte	2
mancano	2
perdendo	2
studiare	2
divano	2
amante	2
risultato	2
accuse	2
jerry	2
societa	2
neppure	2
bloccato	2
avessimo	2
tornati	2
scrivania	2
complicato	2
louis	2
pavimento	2
tolto	2
mila	2
famoso	2
desideri	2
lily	2
traffico	2
avrete	2
eccoti	2
contare	2
cia	2
prestito	2
potreste	2
solamente	2
chissà	2
sorriso	2
sentiamo	2
lavorava	2
ferite	2
proiettile	2
motore	2
specialmente	2
posta	2
darle	2
lontana	2
file	2
ingresso	2
riuscivo	2
respira	2
mettiti	2
fido	2
nate	2
roger	2
lasciati	2
piatto	2
folle	2
proposta	2
rapporti	2
tuttavia	2
cazzate	2
affascinante	2
virus	2
liberta	2
simili	2
jenny	2
carter	2
prenderla	2
bugie	2
clark	2
prese	2
sterline	2
trovarmi	2
frattempo	2
leo	2
banda	2
esplosione	2
alan	2
calcio	2
ricerche	2
lago	2
barry	2
ascolto	2
teatro	2
riusciamo	2
ladro	2
spaventata	2
compagni	2
facciamolo	2
tentato	2
sorpreso	2
pioggia	2
debito	2
occhiali	2
conoscete	3
taglia	3
gary	3
resynch	3
pietra	3
uccello	3
sito	3
maiale	3
dubito	3
parcheggio	3
serviva	3
camicia	3
comportamento	3
comodo	3
montagna	3
respirare	3
uccisi	3
bianchi	3
seguendo	3
costruito	3
formaggio	3
kelly	3
sparo	3
assunto	3
uscite	3
sapessi	3
facevi	3
diretta	3
averne	3
spazzatura	3
divorzio	3
innamorata	3
tagliato	3
maggie	3
possano	3
fatte	3
tazza	3
agenzia	3
volto	3
morgan	3
intervento	3
creda	3
mucchio	3
permettere	3
salto	3
team	3
rimasti	3
puntate	3
pensieri	3
taylor	3
soccorso	3
respiro	3
giuria	3
modello	3
panico	3
darci	3
giornali	3
ombra	3
piscina	3
marina	3
ricordate	3
portate	3
tavola	3
mezz'	3
trovarla	3
carica	3
salta	3
pensione	3
copia	3
pilota	3
sorveglianza	3
dichiarazione	3
costretto	3
smetti	3
neri	3
limite	3
portarlo	3
bugia	3
mettermi	3
elizabeth	3
centinaia	3
affitto	3
appartiene	3
idioti	3
evento	3
bugiardo	3
governatore	3
riusciti	3
venne	3
sé	3
daro	3
dono	3
amanda	3
moda	3
petto	3
custodia	3
dovra	3
farne	3
impressione	3
strega	3
jackson	3
coso	3
malata	3
dimostrare	3
terreno	3
tradito	3
neve	3
veniva	3
impegnato	3
portando	3
interessi	3
vorrai	3
speciali	3
odia	3
molly	3
portarti	3
ragioni	3
gelato	3
perfino	3
spara	3
lentamente	3
metterti	3
vergogna	3
adorabile	3
iniziamo	3
chloe	3
castello	3
medici	3
pazienza	3
organizzato	3
sonno	3
trovati	3
colleghi	3
toccato	3
malapena	3
nota	3
tornando	3
conoscerla	3
maschio	3
ascoltando	3
mostrato	3
karen	3
festeggiare	3
indovinare	3
liberi	3
attaccato	3
togliere	3
risolto	3
sporco	3
pari	3
passate	3
sentirti	3
voti	3
passando	3
complimenti	3
nathan	3
miracolo	3
epoca	3
vicenda	3
divertimento	3
meriti	3
volere	3
troppe	3
anticipo	3
lezioni	3
giocando	3
rapina	3
cercavo	3
parlava	3
nazione	3
band	3
argomento	3
sbagli	3
artista	3
california	3
pillole	3
facessi	3
firmato	3
alba	3
telecamera	3
auguri	3
stupidi	3
fase	3
abito	3
suicidio	3
uguale	3
julia	3
preoccupa	3
meravigliosa	3
ginocchio	3
galera	3
ride	3
alberi	3
veloci	3
familiare	3
interessato	3
feste	3
troppi	3
positivo	3
muovetevi	3
andiamocene	3
diamine	3
sparire	3
invito	3
onesto	3
fuggire	3
portami	3
punta	3
victor	3
tenerlo	3
università	3
fortunata	3
usciamo	3
stara	3
patrick	3
provarci	3
bosco	3
patto	3
sale	3
ovest	3
bestia	3
presenta	3
socio	3
susan	3
personalmente	3
magazzino	3
b	3
commissione	3
coloro	3
sullo	3
coach	3
bastardi	3
vantaggio	3
spese	3
mezzanotte	3
contanti	3
morale	3
avvocati	3
caspita	3
tim	3
fallito	3
indossare	3
occupo	3
esperto	3
pensaci	3
onda	3
rendi	3
preciso	3
andrebbe	3
saltato	3
fondi	3
firmare	3
totalmente	3
incubo	3
babbo	3
fattoria	3
presenti	3
senatore	3
conosciuti	3
tasca	3
secolo	3
cima	3
avendo	3
corridoio	3
bersaglio	3
parlarmi	3
vedono	3
sorelle	3
chili	3
superare	3
esistono	3
eccellente	3
originale	3
muoverti	3
stammi	3
sopportare	3
sparito	3
probabile	3
lasciala	3
credono	3
jones	3
km	3
n	3
greg	3
riposo	3
indovina	3
diverte	3
esterno	3
stan	3
muovere	3
smith	3
concerto	3
yo	3
buttato	3
clinica	3
champagne	3
maestà	3
episodi	3
sir	3
troverai	3
tecnologia	3
scappa	3
firma	3
americana	3
oliver	3
calmi	3
riposare	3
furto	3
vendita	3
togliti	3
dormi	3
criminali	3
carcere	3
voto	3
rock	3
tyler	3
arthur	3
tomba	3
legame	3
mostrare	3
mancanza	3
single	3
materiale	3
facesse	3
ln	3
superato	3
passeggiata	3
impazzire	3
amen	3
lasciarlo	3
opportunità	3
causato	3
lasciarti	3
follia	3
attività	3
dirvi	3
messi	3
trovarti	3
divertiti	3
leader	3
football	3
unità	3
personali	3
charlotte	3
supporto	3
tratti	3
medicine	3
derek	3
giornalista	3
dorme	3
scala	3
aiutarvi	3
opportunita	3
scienza	3
costume	3
rompere	3
pò	3
scendi	3
episode	3
sembro	3
uccide	3
rischi	3
conseguenze	3
passione	3
cercate	3
olivia	3
autista	3
d	3
essermi	3
terry	3
coscienza	3
discussione	3
beccato	3
profilo	3
prete	3
sinceramente	3
vorremmo	3
elena	3
gusto	3
compiti	3
ross	3
europa	3
esca	3
tunnel	3
attivita	3
season	3
cercano	3
assicurazione	3
foresta	3
robin	3
ucciderti	3
permette	3
mappa	3
palco	3
lieto	3
confuso	3
manchi	3
filo	3
ripeto	3
portarla	3
howard	3
trattato	3
certi	3
gioca	3
figurati	3
helen	3
fabbrica	3
federale	3
cieco	3
responsabilità	3
messico	3
lancio	3
titolo	3
motivi	3
assegno	3
tornerà	3
tizi	3
belli	3
van	3
grazia	3
red	3
dicessi	3
conosceva	3
sufficiente	3
oscar	3
farete	3
calci	3
egli	3
istante	3
pene	3
amare	3
lasciar	3
sorta	3
sincero	3
ammettere	3
retta	3
veda	3
pulire	3
uscendo	3
tempesta	3
penny	3
chiamiamo	3
vice	3
rebecca	3
trovano	3
difficili	3
crediamo	3
jeremy	3
maschera	3
visione	3
cominciamo	3
nata	3
jo	3
reazione	3
cattivi	3
dormendo	3
eccomi	3
regali	3
sapesse	3
oggetto	3
jay	3
vivono	3
esco	3
jordan	3
west	3
sport	3
vederci	3
sfortunatamente	3
contatti	3
prendono	3
sezione	3
my	3
onestamente	3
segreta	3
ascensore	3
furono	3
miglia	3
rifugio	3
casey	3
fiero	3
spalla	3
all	3
rischiare	3
profumo	3
coincidenza	3
portarmi	3
alcol	3
ricevere	3
inventato	3
impegno	3
brutte	3
zucchero	3
chiedermi	3
giudizio	3
spari	3
pochino	3
personaggio	3
lacrime	3
esami	3
conoscevo	3
crimini	3
usi	3
scemo	3
reparto	3
usata	3
pazzesco	3
corda	3
benzina	3
dissi	3
rick	3
creatura	3
fumare	3
pulita	3
king	3
vincent	3
raccontare	3
ambiente	3
beth	3
fidi	3
capite	3
canzoni	3
quant'	3
garage	3
spiegazione	3
disposto	3
lascero	3
andrew	3
proviamo	3
sara'	3
confine	3
propri	3
significato	3
letteralmente	3
oggetti	3
ione	3
televisione	3
frankie	3
baseball	3
sociale	3
professor	3
struttura	3
accusato	3
prendero	3
disgustoso	3
specchio	3
venerdi	3
butta	3
perdonami	3
dosso	3
cambiamento	3
svegliato	3
proprieta	3
venisse	3
reputazione	3
partenza	3
hannah	3
punizione	3
conviene	3
jamie	3
navi	3
organizzare	3
portiamo	3
uccelli	3
fico	3
influenza	3
tedesco	3
dodici	3
marcus	3
joey	3
nascita	3
scambio	3
distretto	3
fiera	3
incontri	3
palestra	3
direbbe	3
inviato	3
universita	3
angela	3
illegale	3
man	3
on	3
big	3
bruce	3
starà	3
perde	3
piacevole	3
oceano	3
tagliare	3
servire	3
chiederle	3
cioccolato	3
farli	3
seduti	3
preferita	3
rovinare	3
decisioni	3
previsto	3
talmente	3
ricky	3
urlare	3
dolcezza	3
pubblica	3
esserne	3
huh	3
documento	3
desidera	3
um	3
ricchi	3
soffrire	3
labbra	3
controlli	3
stronzi	3
mangi	3
superiori	3
potrò	3
risorse	3
ethan	3
jackie	3
biblioteca	3
tornerò	3
settore	3
robot	3
canta	3
cooper	3
portano	3
veleno	3
ufficialmente	3
diario	3
continuate	3
proprietà	3
uguali	3
spiega	3
adulti	3
aprite	3
stiano	3
salvo	3
jesse	3
studi	3
offesa	3
online	3
legato	3
fred	3
metterci	3
incontrati	3
incarico	3
ricominciare	3
troppa	3
inverno	3
agio	3
maglietta	3
facevano	3
orgoglioso	3
impazzito	3
recuperare	3
organizzazione	3
frase	3
emozioni	3
jessica	3
esplodere	3
civile	3
betty	3
biscotti	3
julie	3
guadagnare	3
attore	3
vecchie	3
aiutatemi	3
sigaretta	3
grasso	3
gradi	3
amava	3
pago	3
verrai	3
umore	3
mondiale	3
rapito	3
ragazzini	3
avreste	3
parlargli	3
accada	3
levati	3
convincere	3
condividere	3
riso	3
russo	3
consegna	3
finiti	3
relazioni	3
colpire	3
legno	3
doc	3
eventi	3
cercava	3
ferro	3
dolci	3
abiti	3
studente	3
dottori	3
mac	3
aiutarlo	3
poveri	3
divertendo	3
raggio	3
scientifica	3
marty	3
raggiunto	3
resistenza	3
partecipare	3
disponibile	3
estremamente	3
aspettano	3
richiamo	3
agire	3
cerimonia	3
fegato	3
stretto	3
torre	3
pessima	3
imbarazzo	3
todd	3
sfida	3
aiutando	3
fermata	3
prenderemo	3
cole	3
indagini	3
porno	3
professionale	3
stop	3
doug	3
fredda	3
adatto	3
prime	3
dille	3
strane	3
brillante	3
potevamo	3
droghe	3
sieda	3
grida	3
orso	3
darsi	3
istinto	3
vegas	3
dubbi	3
lascerò	3
harvey	3
dì	3
eva	3
tornera	3
chiacchiere	3
figura	3
scoprirlo	3
maledetta	3
deserto	3
golf	3
mando	3
ringraziamento	3
ricordati	3
fantasmi	3
staro	3
blocco	3
considerato	3
dovrete	3
metro	3
inizi	3
splendida	3
gliene	3
intanto	3
dovuta	3
diventi	3
cio'	3
cammina	3
prenderò	3
alti	3
progetti	3
zombie	3
grossi	3
ammazzo	3
prodotto	3
pensavamo	3
fingere	3
prendilo	3
succeda	3
quadro	3
circostanze	3
lassù	3
benvenuta	3
las	3
presentato	3
aperti	3
preside	3
crudele	3
becco	3
parleremo	3
esseri	3
delitto	3
catherine	3
linda	3
febbre	3
owen	3
rossi	3
sentirlo	3
averci	3
spinto	3
armadio	3
battere	3
olio	3
it	3
mutande	3
gordon	3
sally	3
professionista	3
arriviamo	3
rinforzi	3
notti	3
parlate	3
katie	3
capirlo	3
cina	3
aggressione	3
mangio	3
vetro	3
falla	3
sistemato	3
miller	3
lucas	3
racconti	3
stupendo	3
elicottero	3
consigli	3
mistero	3
cadaveri	3
nastro	3
black	3
gigante	3
datemi	3
negativo	3
resistere	3
giocato	3
chiara	3
penna	3
johnson	3
jess	3
parker	3
prenditi	3
cameriera	3
dannata	3
teste	3
viviamo	3
condizione	3
miliardi	3
alibi	3
assassini	3
fortunati	3
poterlo	3
u	3
disco	3
shawn	3
moltissimo	3
prendersi	3
offro	3
cresciuta	3
tornero	3
caroline	3
valigia	3
smettetela	3
house	3
coda	3
fidarti	3
urgente	3
el	3
pistole	3
potro	3
rifiutato	3
funzioni	3
corretto	3
tratto	3
rivederti	3
cassetta	3
improvvisamente	3
chieda	3
sottofondo	3
sistemi	3
mettono	3
russi	3
splendido	3
giri	3
lontani	3
tedeschi	3
normali	3
litigare	3
percorso	3
battute	3
confronti	3
prigionieri	3
germania	3
vere	3
carlos	3
synch	3
connor	3
tour	3
puttane	3
giovanotto	3
velocità	3
marcia	3
orario	3
steven	3
commissario	3
scappata	3
deluso	3
ditemi	3
ian	3
federali	3
completa	3
saggio	3
avevate	3
antonio	3
wilson	3
sposarmi	3
miele	3
romantico	3
fregato	3
marco	3
texas	3
conferenza	3
straordinario	3
sciocco	3
tecnicamente	3
prigioniero	3
finto	3
noioso	3
accetto	3
justin	3
folla	3
stress	3
trasferito	3
piantala	3
segretario	3
gia'	3
demone	3
gus	3
bevo	3
junior	3
sciocchezze	3
julian	3
buffo	3
tenuta	3
occupata	3
cucinare	3
pericolosa	3
destro	3
eroina	3
oscuro	3
scritta	3
serva	3
gang	3
mira	3
salsa	3
torto	3
geniale	3
nervosa	3
zoe	3
fiamme	3
chiamarti	3
montagne	3
conferma	3
cari	3
teddy	3
extra	3
sapevamo	3
studiato	3
preparando	3
orecchio	3
campi	3
assicurati	3
precedente	3
innocenti	3
anne	3
nudo	3
fermarlo	3
parenti	3
ascoltato	3
tragedia	3
figlie	3
ritornare	3
responsabilita	3
preoccuparsi	3
richiesto	3
servito	3
disposizione	3
mettilo	3
pesci	3
roy	3
andar	3
bassa	3
territorio	3
raccogliere	3
chef	3
combattimento	3
bruciato	3
larga	3
morso	3
usano	3
piatti	3
incastrato	3
nina	3
finn	3
realmente	3
by	3
cretino	3
vasca	3
contea	3
fottuta	3
stronzata	3
arrabbiare	3
limiti	3
entriamo	3
andasse	3
ron	3
simpatico	3
portati	3
delizioso	3
fottiti	3
coraggioso	3
ricordato	3
registrato	3
assicurarmi	3
cittadini	3
africa	3
potenza	3
costo	3
onesta	3
canale	3
uniforme	3
barba	3
tramite	3
e-mail	3
quanta	3
gibbs	3
mezzi	3
primavera	3
sophie	3
boston	3
visite	3
alza	3
lasciarla	3
dylan	3
salutare	3
vuota	3
preferisci	3
dirà	3
figa	3
staremo	3
nancy	3
apre	3
kenny	3
sconosciuto	3
ebbene	3
dennis	3
stanze	3
argento	3
liam	3
geloso	3
randy	3
incantesimo	3
maesta	3
arriverà	3
colloquio	3
udienza	3
inglesi	3
dicevi	3
presentare	3
fisica	3
tappeto	3
eccitante	3
miseria	3
accadere	3
han	3
cognome	3
esser	3
corto	3
dacci	3
conosciuta	3
commerciale	3
lavorano	3
esistenza	3
furbo	3
giocatore	3
set	3
lasciando	3
manager	3
offre	3
chiamando	3
novità	3
vampiro	3
davis	3
soggetto	3
chissa	3
chiamarlo	3
grant	3
odi	3
muove	3
rivista	3
cattive	3
museo	3
troverò	3
marshall	3
appassiona	3
brav'	3
vedevo	3
virginia	3
passiamo	3
pessimo	3
credeva	3
prossimi	3
uccido	3
trovero	3
amano	3
mmm	3
servira	3
equipaggio	3
cassa	3
diglielo	3
tenete	3
essersi	3
minima	3
zuppa	3
metterlo	3
lottare	3
immaginavo	3
matematica	3
orgoglio	3
volontà	3
succo	3
restate	3
massa	3
patatine	3
scelte	3
cintura	3
lavoriamo	3
traditore	3
ebrei	3
sigarette	3
andranno	3
brown	3
adora	3
guardarmi	3
procedura	3
cavo	3
mentale	3
offrire	3
collegamento	3
capi	3
aggiungere	3
immaginato	3
peggiori	3
party	3
quindici	3
spencer	3
annuncio	3
panino	3
attraente	3
sospetti	3
dira	3
tradimento	3
accorto	3
cartello	3
mosca	3
fisico	3
ripreso	3
madame	3
carol	3
divisione	3
pancia	3
veicolo	3
raccolto	3
rinunciare	3
proiettili	3
facciano	3
autorità	3
vergine	3
ubriaca	3
litigato	3
usciti	3
vacanze	3
gesto	3
dopotutto	3
conoscono	3
email	3
pura	3
meraviglia	3
fatelo	3
arrestare	3
largo	3
miami	3
adulto	3
colori	3
auguro	3
infanzia	3
jacob	3
scegli	3
gabbia	3
sognato	3
cambiata	3
bambine	3
avventura	3
vorranno	3
intervista	3
fidarmi	3
resa	3
pianto	3
nascosta	3
attacchi	3
serpente	3
appunto	3
piange	3
combinato	3
gioielli	3
tornerai	3
fiato	3
sabbia	3
margaret	3
gatti	3
locali	3
wayne	3
possesso	3
capitolo	3
scrive	3
osso	3
jules	3
italia	3
foste	3
piangendo	3
notare	3
indossa	3
vampiri	3
giapponese	3
evan	3
frutta	3
viveva	3
mettete	3
spagnolo	3
apposta	3
segui	3
bla	3
superficie	3
ufficiali	3
nascondendo	3
istruzioni	3
motel	3
eli	3
sin	3
volentieri	3
continuiamo	3
curioso	3
hollywood	3
girato	3
felicità	3
fresca	3
album	3
pasto	3
comincio	3
abbi	3
nozze	3
giurato	3
chiusi	3
farmaci	3
denuncia	3
novita	3
picchiato	3
uccidendo	3
sospeso	3
canto	3
pacco	3
toby	3
riserva	3
coperta	3
cammino	3
registrazione	3
incredibilmente	3
concentrati	3
strani	3
leggenda	3
amavo	3
eccezionale	3
telefilm	3
egoista	3
sano	3
identita	3
busta	3
barbara	3
femminile	3
occupa	3
alzare	3
grato	3
catturato	3
scopare	3
danza	3
arrivera	3
scorta	3
parto	3
cancello	3
riley	3
riprendere	3
chiamarla	3
martha	3
viaggiare	3
anime	3
richiede	3
na	3
ipotesi	3
battuto	3
giudicare	3
preparati	3
bombe	3
spetta	3
bibbia	3
potevano	3
conte	3
bici	3
perdonare	3
confessione	3
singolo	3
persi	3
russia	3
piaccio	3
sapevano	3
cavaliere	3
aula	3
burro	3
venerdì	3
italiano	3
mettersi	3
top	3
produzione	3
abbandonare	3
impresa	3
ringraziare	3
programmi	3
bonnie	3
whoa	3
love	3
scrittore	3
velocita	3
addirittura	3
poesia	3
marie	3
intenzioni	3
sinistro	3
riescono	3
veniamo	3
croce	3
calore	3
deposito	3
riesca	3
walker	3
buttare	3
darà	3
truppe	3
nobile	3
sposo	3
spieghi	3
impegnata	3
funzionano	3
comporta	3
confermato	3
booth	3
torneremo	3
travis	3
pesca	3
muori	3
reverendo	3
elezioni	3
possibilita'	3
bagagli	3
successa	3
minacciato	3
menti	3
creature	3
lauren	3
fresco	3
tasse	3
holly	3
attrice	3
brad	3
scrivi	3
jenna	3
campioni	3
stavate	3
militari	3
plastica	3
verrò	3
dispositivo	3
edward	3
giappone	3
salva	3
finestre	3
ellen	3
riconosciuto	3
espressione	3
sapore	3
starò	3
potessimo	3
versi	3
branco	3
tocco	3
florida	3
conosca	3
mister	3
disagio	3
parlami	3
ken	3
coma	3
inquietante	3
disegno	3
tenerla	3
atmosfera	3
spostati	3
fatica	3
volante	3
chance	3
saluti	3
dritta	3
cancellato	3
hill	3
esagerato	3
impero	3
temperatura	3
immagina	3
scimmia	3
dimentica	3
servirà	3
topo	3
bimbo	3
andatevene	3
secoli	3
catena	3
elegante	3
quinn	3
femmina	3
sete	3
racconto	3
coglioni	3
fermarmi	3
liz	3
regista	3
dell	3
ruota	3
spiegato	3
rifiuto	3
battito	3
lou	3
ammazzare	3
audrey	3
civili	3
flotta	3
uccidi	3
rivedere	3
ahi	3
spostare	3
imbecille	3
attaccare	3
allenamento	3
paghi	3
sodo	3
massima	3
lewis	3
patate	3
infarto	3
casini	3
ossigeno	3
sorprende	3
affetto	3
convinta	3
colpita	3
francis	3
buca	3
combattuto	3
leslie	3
questioni	3
testimoniare	3
dispiacerebbe	3
fermarti	3
ladri	3
trauma	3
rimanga	3
russell	3
riportato	3
indizio	3
x	3
spezzato	3
dl	3
sessuali	3
aaron	3
tiri	3
ann	3
vent'	3
shock	3
migliorare	3
lunedi	3
ucciderla	3
subspedia	3
condannato	3
nasconde	3
miles	3
pagano	3
significhi	3
perdoni	3
sentirsi	3
identità	3
cure	3
go	3
potrete	3
ministero	3
sensi	3
morirai	3
tubo	3
badare	3
cabina	3
jennifer	3
cacciato	3
semplici	3
vedervi	3
gliela	3
soci	3
pietà	3
acque	3
demoni	3
accompagno	3
tempio	3
trenta	3
mortale	3
mago	3
pugni	3
carro	3
tema	3
francisco	3
riportare	3
fiore	3
occupi	3
esperimento	3
dimenticata	3
gomma	3
muoviamoci	3
tatuaggio	3
whisky	3
qualità	3
dollaro	3
reato	3
investito	3
dipinto	3
carrie	3
qual'	3
white	3
vicolo	3
capacità	3
noto	3
patente	3
riuscirai	3
villa	3
giochiamo	3
anniversario	3
finisci	3
sapendo	3
trovava	3
pieni	3
stupro	3
potenziale	3
parlavo	3
scrivendo	3
cuori	3
coinvolta	3
testimonianza	3
standard	3
tienilo	3
dovevano	3
nuotare	3
premi	3
tende	3
guadagnato	3
cortesia	3
scoperta	3
comitato	3
strategia	3
cultura	3
harris	3
leonard	3
diversamente	3
confusione	3
obiezione	3
april	3
iniziando	3
cavoli	3
mangiamo	3
simbolo	3
linguaggio	3
tradizione	3
minore	3
schermo	3
cameriere	3
fantasia	3
mason	3
bastone	3
francesi	3
portatelo	3
polso	3
dicevano	3
possiede	3
earl	3
armato	3
j	3
settembre	3
mancata	3
sostegno	3
bloccata	3
neanch'	3
sbagliate	3
controllando	3
gentiluomo	3
dara	3
classico	3
chirurgo	3
istituto	3
progressi	3
magico	3
informato	3
eliminare	3
pagine	3
clay	3
sembrato	3
collegato	3
segue	3
fedele	3
vacci	3
ripetere	3
viaggi	3
natalie	3
spiego	3
trovarci	3
mandi	3
accetta	3
matthew	3
spinta	3
difficoltà	3
taci	3
licenza	3
diane	3
profondamente	3
cappotto	3
funzionera	3
staff	3
caos	3
rubata	3
dichiarato	3
stephen	3
evviva	3
finchè	3
finirà	3
identificato	3
tono	3
spesa	3
nuda	3
puro	3
togli	3
insegnare	3
prostituta	3
coprire	3
rapimento	3
collezione	3
trattamento	3
brucia	3
preparo	3
sopravvissuto	3
entrati	3
aumento	3
debiti	3
cassaforte	3
targa	3
tenendo	3
sparisci	3
sperare	3
sintomi	3
comporti	3
janet	3
prepara	3
coperto	3
saluto	3
riavere	3
brindisi	3
famosa	3
piaciuta	3
porterò	3
temporale	3
sparita	3
considerazione	3
ringraziarti	3
riusciremo	3
scopri	3
ricca	3
dana	3
finche'	3
ebreo	3
ammetterlo	3
lana	3
seno	3
mangiando	3
cade	3
violento	3
isolato	3
ritrovato	3
beve	3
atteggiamento	3
frigo	3
grae'	3
distrutta	3
chiederlo	3
megan	3
rovina	3
popolare	3
logan	3
dispiaciuto	3
accade	3
leone	3
operazioni	3
scuole	3
corona	3
young	3
restano	3
occupati	3
comunicazione	3
insalata	3
tengono	3
boom	3
segreteria	3
coca	3
unione	3
fidare	3
scatole	3
spiacente	3
ideale	3
resisti	3
batteria	3
occuparmi	3
continuamente	3
portalo	3
termini	3
uccideranno	3
uovo	3
ritmo	3
polmoni	3
evidente	3
armata	3
amata	3
impatto	3
consulente	3
accento	3
allison	3
eccome	3
condanna	3
baci	3
filmato	3
ricompensa	3
alicia	3
speranze	3
storto	3
desidero	3
fotografia	3
sms	3
stipendio	3
rappresenta	3
esserti	3
svegliata	3
spento	3
appuntamenti	3
albert	3
pazzia	3
ellie	3
spaventoso	3
addestramento	3
walt	3
diamanti	3
tecnica	3
nucleare	3
crema	3
antica	3
facevamo	3
acceso	3
dammelo	3
sparatoria	3
verro	3
teniamo	3
angeli	3
dettaglio	3
sbirri	3
botte	3
politico	3
cambi	3
attentamente	3
notevole	3
colui	3
segretaria	3
tocchi	3
india	3
scherzare	3
aggredito	3
tumore	3
daremo	3
complice	3
proteggerti	3
assumere	3
boss	3
telefonate	3
hanna	3
procedere	3
interessata	3
e'o	3
halloween	3
cancellare	3
immaginazione	3
metodo	3
sopporto	3
suoni	3
capisca	3
stretta	3
tenda	3
diventano	3
raccolta	3
viste	3
trasferimento	3
tenerti	3
cugina	3
pastore	3
attraversare	3
andavo	3
wendy	3
dimostrato	3
misura	3
finisca	3
trasformato	3
scrivo	3
eroi	3
joseph	3
autorita	3
usiamo	3
sederti	3
consegnare	3
pregare	3
rifiuti	3
coniglio	3
serial	3
confronto	3
unici	3
assistenza	3
metterla	3
benedica	3
telefoni	3
roccia	3
cravatta	3
stupide	3
sapremo	3
tal	3
spagna	3
movente	3
fottuti	3
difendere	3
little	3
speso	3
abbassa	3
keith	3
spaziale	3
cocaina	3
portava	3
unghie	3
chiamero	3
cantina	3
medica	3
continuano	3
livelli	3
porterà	3
lois	3
normalmente	3
fallimento	3
aerei	3
temere	3
liberare	3
interrogatorio	3
felix	3
liberato	3
registri	3
gruppi	3
appunti	3
carattere	3
stando	3
vincitore	3
dose	3
abita	3
curare	3
mollare	3
cerchio	3
trattare	3
catturare	3
ragionevole	3
terroristi	3
prodotti	3
altrove	3
assomiglia	3
ammetto	3
finira	3
cimitero	3
abitudine	3
considerando	3
cauzione	3
mandata	3
campeggio	3
banco	3
michelle	3
euro	3
victoria	3
possibili	3
patetico	3
monte	3
ritorna	3
matta	3
elettrica	3
ostaggio	3
asta	3
lassu	3
costi	3
hitler	3
tina	3
sofferenza	3
seguo	3
considerare	3
attuale	3
vestita	3
riusciva	3
squadre	3
contattare	3
chiediamo	3
armati	3
successe	3
cambiamenti	3
peggior	3
registro	3
cortile	3
brutti	3
mettila	3
mestiere	3
terribili	3
bionda	3
qualcuna	3
maya	3
mogli	3
vomitare	3
sforzo	3
sebbene	3
sparate	3
interni	3
cowboy	3
sesto	3
emorragia	3
preoccupati	3
protocollo	3
teneva	3
williams	3
rintracciare	3
imperatore	3
stivali	3
gentili	3
joan	3
feci	3
sacrificio	3
perdi	3
jonathan	3
educazione	3
piacerà	3
rivoluzione	3
compagna	3
vodka	3
arriveranno	3
licenziata	3
potermi	3
uhm	3
grilletto	3
eccoli	3
eccetto	3
risate	3
malattie	3
portero	3
sociali	3
lanciato	3
tensione	3
avvicina	3
elliot	3
rilasciato	3
uccidera	3
collana	3
distintivo	3
operatoria	3
peccati	3
erica	3
negro	3
indagare	3
capacita	3
giallo	3
internazionale	3
fatevi	3
chiudo	3
ashley	3
one	3
chitarra	3
generazione	3
lasciano	3
onde	3
shane	3
neil	3
invitati	3
linee	3
castle	3
alzato	3
distruzione	3
dovranno	3
reali	3
piazza	3
autopsia	3
confusa	3
sentirai	3
potranno	3
protetto	3
cotta	3
volerlo	3
tutt'	3
dormo	3
rottura	3
monica	3
blake	3
rispettare	3
ansia	3
diventati	3
toccarmi	3
usate	3
secco	3
dick	3
svegli	3
rimediare	3
topi	3
citta'	3
bambola	3
hamburger	3
presumo	3
avviso	3
dea	3
piacera	3
cittadino	3
qualita	3
muoiono	3
green	3
portafoglio	3
siccome	3
iscrew	3
comunità	3
entrano	3
comunicare	3
stupenda	3
mitchell	3
beneficenza	3
getta	3
ordinare	3
warren	3
dimentichi	3
complesso	3
genitore	3
bruciare	3
balla	3
lieta	3
altrettanto	3
infelice	3
tenermi	3
giocatori	3
mezzogiorno	3
alison	3
romanzo	3
dar	3
usarlo	3
ambasciatore	3
fermatevi	3
cambiano	3
baciato	3
smetta	3
condotto	3
neal	3
giunto	3
yeah	3
prezioso	3
orgogliosa	3
anziani	3
religione	3
murphy	3
harold	3
promozione	3
merce	3
pensassi	3
bo	3
apra	3
chiedono	3
riuscite	3
salvi	3
passaporto	3
vanessa	3
zitti	3
pubblicita	3
sareste	3
cacca	3
infermiere	3
gabriel	3
disperato	3
richieste	3
servi	3
mickey	3
particolarmente	3
serena	3
regalato	3
continuato	3
riconosco	3
gemelli	3
comunita	3
consegnato	3
trono	3
privacy	3
racconta	3
spaventa	3
fratellino	3
abbraccio	3
figata	3
vedova	3
tagli	3
lincoln	3
lanciare	3
straordinaria	3
sincera	3
wade	3
pipi	3
falsa	3
jill	3
senz'	3
contenti	3
undici	3
tipa	3
mammina	3
accendere	3
guanti	3
sedetevi	3
adrian	3
poterti	3
sofferto	3
consigliere	3
feriti	3
sacro	3
moriremo	3
partiamo	3
tranquilli	3
restiamo	3
fascicolo	3
prenderci	3
interrompere	3
girati	3
cinesi	3
raccomando	3
bandiera	3
spiriti	3
chip	3
malcolm	3
stabile	3
autorizzazione	3
separati	3
pubblicità	3
crea	3
eccellenza	3
ostaggi	3
caramelle	3
facce	3
riconoscere	3
sbaglia	3
tracy	3
trasmissione	3
record	3
lusso	3
trattava	3
jean	3
sfortuna	3
morirà	3
tentare	3
mobili	3
ammesso	3
apertura	3
spegni	3
spina	3
troveranno	3
visitare	3
damon	3
fango	3
schiavi	3
leggendo	3
capitato	3
anthony	3
ehila	3
infezione	3
valigie	3
compra	3
impronta	3
isolati	3
rientrare	3
gelosa	3
parlero	3
impegni	3
sporca	3
congresso	3
accomodi	3
ford	3
economia	3
entusiasta	3
prendila	3
matti	3
violazione	3
controllate	3
metallo	3
pronte	3
lunghi	3
pelo	3
amiamo	3
rallenta	3
scopre	3
scommettere	3
opzione	3
trasporto	3
asilo	3
ronnie	3
drago	3
is	3
ammiraglio	3
ammazzato	3
lane	3
acciaio	3
parere	3
amministrazione	3
pietre	3
guidato	3
suolo	3
nora	3
sentono	3
associazione	3
vedrà	3
shh	3
impedire	3
alieni	3
riprese	3
cucciolo	3
morira	3
bentornato	3
diego	3
barney	3
mollato	3
capitale	3
pacchetto	3
macchia	3
marine	3
perduto	3
guido	3
motori	3
uccise	3
streghe	3
codardo	3
volonta	3
vende	3
principio	3
aiutera	3
abituato	3
preferisce	3
your	3
produttore	3
scommessa	3
dale	3
imputato	3
bus	3
luglio	3
abilita	3
amber	3
candidato	3
subsfactory	3
certezza	3
cifra	3
out	3
duramente	3
appello	3
noah	3
kit	3
dozzina	3
sammy	3
confessato	3
puntata	3
heather	3
tipico	3
lama	3
magnifica	3
origine	3
colin	3
lupi	3
nelson	3
isolamento	3
chiese	3
lunedì	3
profonda	3
hmm	3
entrando	3
lancia	3
dava	3
cacciatore	3
sollievo	3
eun	3
schifoso	3
saprai	3
mo	3
armadietto	3
proprie	3
vidi	3
porco	3
tramonto	3
facebook	3
paige	3
saprà	3
impiegato	3
connessione	3
tecnico	3
segnali	3
ridotto	3
leggo	3
miniera	3
promesse	3
fidanzamento	3
cominci	3
spegnere	3
quarta	3
lega	3
nervi	3
cercarlo	3
raymond	3
daranno	3
cameron	3
continuava	3
stadio	3
baciare	3
sensibile	3
familiari	3
contattato	3
paesi	3
chiacchierata	3
parlerò	3
cam	3
li'	3
rita	3
aiuterà	3
appetito	3
scappando	3
pasta	3
bang	3
sede	3
cavi	3
pam	3
sembrerebbe	3
dipendenti	3
cantante	3
giornalisti	3
invisibile	3
schema	3
darvi	3
posteriore	3
jersey	3
batte	3
estero	3
concesso	3
centesimi	3
opzioni	3
norman	3
rosie	3
accadra	3
hong	3
guardalo	3
rendo	3
diretti	3
collina	3
craig	3
risulta	3
portera	3
esso	3
leon	3
babysitter	3
scene	3
indossi	3
mitch	3
forno	3
passeggeri	3
saluta	3
allontanati	3
dog	3
cartella	3
sorridere	3
indica	3
sbirro	3
partite	3
lance	3
discorsi	3
quinto	3
avvertito	3
tigre	3
corrisponde	3
deboli	3
manette	3
essendo	3
averle	3
cronaca	3
drew	3
sí	3
attori	3
vengano	3
time	3
averli	3
assoluto	3
servo	3
capirai	3
ridicola	3
essa	3
datti	3
hunter	3
trasferita	3
girl	3
preghiera	3
diana	3
tuta	3
manuale	3
attrezzi	3
allenatore	3
materia	3
servirebbe	3
scavare	3
stefan	3
compreso	3
philip	3
password	3
martedi	3
ridendo	3
fantastici	3
alternativa	3
dannatamente	3
avervi	3
terribilmente	3
berlino	3
aspettami	3
sposi	3
essi	3
daisy	3
leggero	3
abitanti	3
desiderato	3
valle	3
boy	3
hall	3
insegna	3
prenotato	3
bugiarda	3
stufo	3
parente	3
realizzato	3
lasciarci	3
passano	3
assenza	3
avvertimento	3
hot	3
trevor	3
for	3
klaus	3
identificare	3
sviluppo	3
bara	3
basket	3
tristezza	3
mela	3
osservazione	3
russa	3
vedrò	3
contiene	3
troverete	3
debbie	3
stone	3
incazzare	3
ricetta	3
lento	3
umanità	3
hector	3
ucciderò	4
indossava	4
minacce	4
cazzata	4
doppia	4
christopher	4
maggio	4
road	4
mario	4
grata	4
fascino	4
blue	4
iniziata	4
recitare	4
tessuto	4
orribili	4
francamente	4
accademia	4
dir	4
risponda	4
diresti	4
infine	4
antico	4
passami	4
sconvolto	4
gravidanza	4
malati	4
interessano	4
maledetti	4
portatile	4
ucciderà	4
leggera	4
guardiamo	4
cazzone	4
suggerisco	4
ruth	4
guerriero	4
quartier	4
mettero	4
database	4
corre	4
nicole	4
costretta	4
investigatore	4
avverto	4
funzionerà	4
vola	4
karl	4
luoghi	4
clara	4
verdi	4
ella	4
guardano	4
somma	4
osi	4
pagamento	4
venissi	4
coinvolgere	4
sposarti	4
indipendente	4
spingi	4
esecuzione	4
organi	4
abbandonata	4
arti	4
cellule	4
maschi	4
riparare	4
sentiva	4
potenti	4
responsabili	4
enormi	4
sbattuto	4
impara	4
kurt	4
guadagno	4
vedendo	4
irruzione	4
mel	4
scienziati	4
rinunciato	4
politici	4
onesti	4
accadrà	4
bravissimo	4
island	4
ambasciata	4
strumento	4
impianto	4
movimenti	4
medaglia	4
terre	4
flash	4
madri	4
terrore	4
troverà	4
ala	4
rapita	4
pattuglia	4
modulo	4
innamorati	4
manhattan	4
recupero	4
videocamera	4
cardiaco	4
bicicletta	4
salvarti	4
facili	4
confessare	4
chiamerò	4
spostato	4
perdente	4
esercizio	4
complicata	4
perdiamo	4
metterò	4
seguitemi	4
drogato	4
giuste	4
melissa	4
bloccati	4
lydia	4
coordinate	4
shaw	4
intelligenza	4
chimica	4
mandati	4
spacciatore	4
giovedi	4
east	4
dwight	4
centimetri	4
munizioni	4
meredith	4
impressionante	4
solare	4
ribelli	4
norma	4
marte	4
gettato	4
laser	4
scuso	4
circolo	4
scontro	4
sedile	4
ndt	4
gonna	4
sorridi	4
sposarsi	4
vedro	4
lasciatelo	4
ragae'	4
solita	4
personaggi	4
cambiando	4
presentazione	4
magica	4
cranio	4
accomodati	4
legali	4
descrizione	4
pallottola	4
sapra	4
gita	4
seth	4
indiano	4
riservato	4
ritiro	4
katherine	4
bailey	4
tara	4
serviranno	4
cuscino	4
piante	4
passera	4
cause	4
laurea	4
indiani	4
blair	4
gps	4
domestica	4
mafia	4
difficolta	4
scarpa	4
trascorso	4
giugno	4
christine	4
uscirne	4
abbassare	4
malissimo	4
robbie	4
carmen	4
strumenti	4
cerebrale	4
tregua	4
franklin	4
carini	4
salvatore	4
ottobre	4
situazioni	4
nascere	4
lesbica	4
bishop	4
sconvolta	4
perdo	4
aspettava	4
autorizzato	4
spasso	4
giuramento	4
terrorista	4
seguimi	4
popolazione	4
nascosti	4
riconosce	4
ooh	4
lunghe	4
vedrete	4
barista	4
mangiano	4
negozi	4
preoccuparmi	4
cellulari	4
padri	4
andre	4
vic	4
kong	4
brooke	4
stuart	4
vari	4
interessanti	4
invitata	4
scaricato	4
jung	4
brooklyn	4
angel	4
scordato	4
insetti	4
circo	4
spedito	4
sepolto	4
sana	4
scopriremo	4
miranda	4
chase	4
alzi	4
correte	4
coppie	4
testamento	4
doyle	4
moneta	4
arrivate	4
stabilire	4
sebastian	4
giapponesi	4
post	4
cleveland	4
seminterrato	4
iraq	4
afghanistan	4
won	4
beviamo	4
muscoli	4
poker	4
ascoltatemi	4
preda	4
mancava	4
petrolio	4
valentino	4
chiappe	4
chiude	4
rissa	4
stufa	4
uccidero	4
rivolta	4
adatta	4
muoio	4
campanello	4
monsieur	4
felicita	4
teresa	4
zoo	4
camere	4
fondamentale	4
turner	4
soffre	4
stabilito	4
obbligato	4
conclusione	4
logica	4
pat	4
sopravvissuti	4
meg	4
guardarti	4
lavare	4
presentano	4
svelta	4
gene	4
cinquanta	4
boschi	4
sorellina	4
falsi	4
parecchi	4
aprile	4
gina	4
flynn	4
informatore	4
volume	4
gravi	4
generoso	4
franca	4
veronica	4
day	4
galleria	4
beach	4
brandon	4
interrotto	4
straniero	4
misterioso	4
duri	4
zone	4
squalo	4
spingere	4
muoia	4
mura	4
elementi	4
martello	4
mele	4
scandalo	4
graham	4
occuparsi	4
sere	4
reid	4
mazza	4
chiuse	4
ruote	4
viola	4
avery	4
custode	4
sostanza	4
principi	4
varie	4
lutto	4
pillola	4
campus	4
riflettere	4
umane	4
ralph	4
confermare	4
bevendo	4
medio	4
pablo	4
allen	4
prometti	4
divertirsi	4
cocktail	4
scontato	4
cassetto	4
permetti	4
accadendo	4
causare	4
concetto	4
diede	4
presso	4
psicopatico	4
lavoravo	4
sostenere	4
cenare	4
sheldon	4
sbrigatevi	4
dovunque	4
leva	4
equilibrio	4
abilità	4
tacchino	4
mulder	4
pub	4
aumentare	4
dicci	4
svelto	4
incontrarci	4
compro	4
rimangono	4
rimango	4
risparmiare	4
malvagio	4
bellissimi	4
vagina	4
zaino	4
umorismo	4
accordi	4
prenderli	4
jen	4
tac	4
sciocca	4
microfono	4
consapevole	4
attrezzatura	4
spendere	4
colpisce	4
telefonato	4
sprecare	4
sentiti	4
chiusura	4
provarlo	4
intelligenti	4
industria	4
mcgee	4
chiamati	4
preoccupatevi	4
vederli	4
sorte	4
ni	4
incluso	4
funzione	4
grayson	4
eterno	4
ciclo	4
opposto	4
fottere	4
sentiero	4
arriveremo	4
collins	4
preoccupazione	4
scotch	4
muova	4
insegnanti	4
vedeva	4
mostrarti	4
bagagliaio	4
incidenti	4
lire	4
ripresa	4
supermercato	4
pulizie	4
acido	4
interna	4
coraggiosa	4
accedere	4
attirare	4
mori	4
evvai	4
inutili	4
alcool	4
benedizione	4
cassie	4
kent	4
senzatetto	4
adolescente	4
copione	4
sostiene	4
tortura	4
talpa	4
sandy	4
eccezione	4
maglia	4
h	4
prega	4
aiutata	4
andassi	4
copie	4
rivelato	4
divertitevi	4
prenderà	4
sperando	4
may	4
positiva	4
collaborazione	4
seattle	4
radiazioni	4
festival	4
vacca	4
soddisfatto	4
diventerà	4
banche	4
pozzo	4
bay	4
sindrome	4
costoso	4
assegnato	4
dipendente	4
bimba	4
coro	4
cin	4
dieta	4
garcia	4
becca	4
debolezza	4
corea	4
v	4
patria	4
compassione	4
up	4
ivan	4
dimensioni	4
truffa	4
that	4
venivano	4
ira	4
pagata	4
artisti	4
atti	4
cacchio	4
pervertito	4
funzionando	4
permettermi	4
comunicazioni	4
decidi	4
metteremo	4
credevi	4
parete	4
cal	4
liv	4
divertenti	4
giunta	4
repubblica	4
mucca	4
ruby	4
obiettivi	4
pianta	4
kitty	4
corrotto	4
indagando	4
dimostra	4
noia	4
dee	4
ando	4
canada	4
noiosa	4
apparire	4
amanti	4
sfigato	4
harper	4
conflitto	4
stanley	4
guarire	4
jin	4
crescendo	4
salvata	4
ingegnere	4
finite	4
brave	4
realizzare	4
immobiliare	4
finirai	4
cambiate	4
scopato	4
provate	4
diremo	4
connie	4
fonti	4
bada	4
wallace	4
madison	4
giovanni	4
naomi	4
quinta	4
tasche	4
lindsay	4
muovi	4
effettivamente	4
manny	4
violet	4
lascerai	4
carlo	4
cesso	4
licenziare	4
decide	4
legati	4
rob	4
guaio	4
romantica	4
giungla	4
avuta	4
importava	4
bicchieri	4
unito	4
cos	4
gridare	4
doloroso	4
andrei	4
elenco	4
sopravvivenza	4
sbagliavo	4
canna	4
portala	4
baffi	4
detta	4
tess	4
calibro	4
birre	4
ginocchia	4
q	4
salotto	4
impiegati	4
disegni	4
bucato	4
cacciare	4
legata	4
bottiglie	4
carla	4
zach	4
andai	4
specifico	4
incontrata	4
dichiaro	4
autore	4
caleb	4
tucker	4
fissato	4
indosso	4
assurda	4
padrona	4
ago	4
esperimenti	4
promettimi	4
benjamin	4
sperma	4
prenderai	4
riconosci	4
prospettiva	4
riempire	4
diventerai	4
curtis	4
hope	4
recentemente	4
deliziosa	4
combinazione	4
usarla	4
rischioso	4
sega	4
antichi	4
matrimoni	4
aveste	4
jeans	4
conseguenza	4
troy	4
tokyo	4
prossime	4
muri	4
phoebe	4
lettura	4
farebbero	4
accetti	4
molla	4
condotta	4
scienziato	4
finiscono	4
times	4
vaso	4
cesare	4
fagioli	4
azzardo	4
articoli	4
metodi	4
sforzi	4
cieca	4
anziano	4
assistere	4
jet	4
perfezione	4
opere	4
soggiorno	4
garantisco	4
carburante	4
giocattoli	4
decesso	4
nominato	4
mrs	4
anelli	4
tempismo	4
trasformare	4
offrirti	4
esprimere	4
clown	4
rifiuta	4
verme	4
piene	4
centesimo	4
occupando	4
rotelle	4
soldo	4
nè	4
fagli	4
partiti	4
guardarlo	4
autostrada	4
joel	4
complimento	4
riuscirci	4
bingo	4
darai	4
seri	4
tieniti	4
andavano	4
vivendo	4
chiarire	4
concluso	4
sorprese	4
duca	4
fortunatamente	4
lasceremo	4
poiché	4
peli	4
preghiere	4
riceve	4
elementare	4
grey	4
singola	4
basi	4
fida	4
addormentato	4
statua	4
confini	4
frequenza	4
darei	4
andrea	4
biancheria	4
sporchi	4
ricevuta	4
odiano	4
assassina	4
massaggio	4
rapidamente	4
liquido	4
crederai	4
fotografie	4
comanda	4
gusti	4
fermate	4
r	4
novembre	4
clyde	4
amministratore	4
segua	4
ra	4
donald	4
mensa	4
burke	4
rory	4
grosse	4
von	4
mail	4
ispirazione	4
chirurgia	4
impazzita	4
ana	4
esaminare	4
pierce	4
agito	4
succedesse	4
sentenza	4
nascondi	4
aperte	4
marchio	4
chiedero	4
scopa	4
vomito	4
incazzato	4
collaborare	4
sfuggire	4
mettetevi	4
annullare	4
sappi	4
duke	4
rifiutare	4
vietato	4
shopping	4
beni	4
formazione	4
torneo	4
papino	4
continuazione	4
parlarci	4
svolta	4
juan	4
maniere	4
alieno	4
monroe	4
fossa	4
pericolosi	4
g	4
evidentemente	4
indizi	4
benny	4
coinvolti	4
conoscevi	4
premere	4
valigetta	4
affidamento	4
copertina	4
sorprendente	4
sharon	4
scopata	4
assassinato	4
quaggiu	4
nido	4
proteggendo	4
guidi	4
condoglianze	4
finisco	4
esperti	4
prestato	4
portafogli	4
saperne	4
spie	4
fuggito	4
divorziato	4
night	4
world	4
attraversato	4
raro	4
rosse	4
cioccolata	4
valga	4
cazzi	4
valori	4
valutazione	4
rumori	4
misure	4
roman	4
nascondersi	4
vorrebbero	4
mandando	4
angie	4
obitorio	4
disposta	4
kang	4
pigiama	4
iniziano	4
spera	4
pianificato	4
trascinato	4
corsi	4
sedermi	4
sire	4
carrozza	4
riunioni	4
preferiti	4
prendera	4
dente	4
fiona	4
pulsante	4
kennedy	4
scopi	4
portarci	4
andò	4
vietnam	4
trovera	4
certificato	4
dentista	4
duncan	4
routine	4
detesto	4
porre	4
guardava	4
facci	4
monaco	4
avversario	4
psichiatra	4
parliamone	4
bell	4
attivo	4
coperte	4
escono	4
anderson	4
ritirare	4
lex	4
perse	4
girando	4
agosto	4
irlandese	4
appoggio	4
forme	4
lavoratori	4
quota	4
perimetro	4
menu	4
toro	4
cercherò	4
frutto	4
lloyd	4
costumi	4
boyd	4
schiavo	4
urlando	4
studentessa	4
mick	4
lemon	4
fermarci	4
oscurità	4
grassa	4
ned	4
temevo	4
brennan	4
vivente	4
recita	4
autunno	4
preoccupo	4
bravissima	4
tali	4
passerà	4
arco	4
patty	4
finiamo	4
denise	4
affrontato	4
mandate	4
riparo	4
ebbe	4
accesa	4
incubi	4
depressione	4
pieta	4
joy	4
consenso	4
false	4
nuovamente	4
bassi	4
aspettavi	4
long	4
sid	4
chiederò	4
fidarsi	4
rene	4
rappresentante	4
divisa	4
tennis	4
porteremo	4
discusso	4
vadano	4
tornano	4
compromesso	4
concordo	4
regolare	4
proibito	4
investimento	4
concorso	4
terro	4
claudia	4
vitale	4
bagni	4
chiudete	4
degno	4
utili	4
reed	4
eve	4
presentarti	4
leggermente	4
fermarsi	4
potessero	4
sconfiggere	4
clan	4
louise	4
quì	4
avenue	4
indiana	4
morì	4
salvezza	4
pa	4
programmato	4
sun	4
satellite	4
marzo	4
uffici	4
salito	4
ancor	4
giovedì	4
alec	4
dvd	4
rinchiuso	4
bastare	4
rivoglio	4
ovvero	4
maestra	4
capra	4
giocattolo	4
brick	4
rimanete	4
scimmie	4
perfetti	4
accorta	4
isaac	4
simpatica	4
infranto	4
corruzione	4
lenzuola	4
scout	4
torneranno	4
credermi	4
fissare	4
provaci	4
strappato	4
sentimento	4
atterraggio	4
dimenticavo	4
suonato	4
raggi	4
diranno	4
solitario	4
fisicamente	4
renda	4
alquanto	4
manco	4
penale	4
sembrate	4
staranno	4
divertito	4
cresce	4
proviene	4
favola	4
torte	4
winston	4
messe	4
becky	4
server	4
salvarlo	4
diamante	4
risparmi	4
gemma	4
fiamma	4
beckett	4
uccida	4
adorano	4
color	4
mosse	4
orleans	4
togliermi	4
concludere	4
diploma	4
contenuto	4
guadagni	4
riga	4
professionisti	4
comprendere	4
martedì	4
prendetelo	4
prenderanno	4
denunciato	4
divento	4
botta	4
puntato	4
adulta	4
preparatevi	4
bruno	4
avvicinando	4
goccia	4
chfbede3	4
insolito	4
vena	4
tagliata	4
alfa	4
fidanzati	4
foglie	4
ciascuno	4
lampada	4
fama	4
prendeva	4
panini	4
sconfitta	4
durata	4
salvataggio	4
scortese	4
lavanderia	4
attendere	4
vedra	4
dicembre	4
attacca	4
competizione	4
selvaggio	4
compri	4
vernice	4
round	4
freccia	4
gentilezza	4
rispondo	4
spreco	4
modella	4
svelti	4
commercio	4
puntare	4
commettere	4
comportato	4
paraggi	4
osservare	4
assassinio	4
miguel	4
suite	4
mancherai	4
vendite	4
pensavano	4
riabilitazione	4
rancore	4
bones	4
flusso	4
musicale	4
insistito	4
guy	4
quantità	4
scusarti	4
ottime	4
cercarla	4
comprata	4
mm	4
foglio	4
griffin	4
calmata	4
votare	4
vinci	4
lizzie	4
amelia	4
siti	4
don'	4
sedersi	4
note	4
arresti	4
maiali	4
succedono	4
glenn	4
watson	4
tentando	4
diagnosi	4
sospettati	4
chiedete	4
nazioni	4
sappiate	4
sydney	4
rimuovere	4
rimettere	4
harrison	4
diamoci	4
queen	4
correndo	4
perry	4
titoli	4
parecchie	4
fornito	4
quadri	4
codici	4
muoverci	4
satana	4
cercata	4
esagerando	4
nessun'	4
ucciderci	4
astronave	4
abituata	4
conoscerlo	4
vie	4
tacere	4
mediche	4
verdetto	4
saggezza	4
approvazione	4
ritratto	4
controlliamo	4
romeo	4
guerre	4
nuvole	4
fox	4
fuochi	4
uccidono	4
riporta	4
unite	4
web	4
tosta	4
candele	4
scaricare	4
bistecca	4
fissa	4
orari	4
necessaria	4
diventera	4
recuperato	4
buchi	4
dedicato	4
alexander	4
stranieri	4
scaduto	4
leale	4
registrare	4
disperata	4
letti	4
telefonica	4
riscontro	4
gil	4
stiate	4
palmer	4
nausea	4
cristallo	4
chiari	4
applauso	4
toc	4
curiosa	4
cicatrice	4
dallas	4
eterna	4
riferimento	4
infermeria	4
riconoscimento	4
bastano	4
molo	4
erede	4
apro	4
legami	4
barnes	4
divenne	4
invitare	4
farmaco	4
ritengo	4
meccanico	4
cominciando	4
protagonista	4
letale	4
circondato	4
permetta	4
force	4
importi	4
animo	4
pesanti	4
arrogante	4
impazzendo	4
impulso	4
alleati	4
ottimi	4
scomparsi	4
unirsi	4
maggiori	4
oscurita	4
fili	4
costante	4
tristi	4
assegni	4
ascoltarmi	4
perderai	4
lena	4
alcolici	4
sapranno	4
compiere	4
intervenire	4
commenti	4
sensori	4
river	4
pareti	4
sconfitto	4
scienze	4
chad	4
sceso	4
salvarla	4
harvard	4
dissero	4
volevate	4
we	4
seguirmi	4
andavamo	4
fermiamo	4
dividere	4
svenuto	4
ego	4
madonna	4
andarvene	4
judy	4
moon	4
curriculum	4
rendono	4
budget	4
priorita	4
nerd	4
wells	4
sindacato	4
haley	4
vide	4
dimissioni	4
spedizione	4
rispondete	4
multa	4
rischiato	4
probabilita	4
with	4
solitudine	4
mento	4
istruzione	4
paolo	4
sofia	4
avvelenato	4
cat	4
gentilmente	4
elvis	4
successivo	4
nolan	4
permetterò	4
andrete	4
improbabile	4
professione	4
commedia	4
cava	4
pregato	4
scacchi	4
allah	4
compiuto	4
calzini	4
costato	4
reagito	4
scordatelo	4
assicurato	4
detenuti	4
yang	4
omar	4
ossessionato	4
lawrence	4
mamme	4
zack	4
valido	4
ignorare	4
business	4
somiglia	4
salite	4
tremendo	4
ari	4
f	4
quantita	4
condurre	4
presentarvi	4
accettarlo	4
randall	4
sconosciuta	4
campionato	4
prepari	4
dawn	4
siedi	4
nicky	4
esperienze	4
mostrano	4
volontario	4
innanzitutto	4
cindy	4
professoressa	4
impegnati	4
raccontami	4
cambierà	4
wes	4
ginnastica	4
spaventare	4
sognare	4
yoga	4
pipì	4
guidando	4
pisciare	4
particolari	4
christian	4
verificare	4
ranger	4
ulteriori	4
colonna	4
principali	4
terrò	4
conforto	4
preferite	4
vicepresidente	4
wyatt	4
emozionante	4
caporale	4
nell	4
distrettuale	4
mangiate	4
bollente	4
michele	4
sgualdrina	4
eliminato	4
supervisore	4
fui	4
vergogno	4
amichevole	4
ninja	4
gwen	4
avvisato	4
lati	4
cereali	4
assistito	4
comportarti	4
restituire	4
delicato	4
fisso	4
campbell	4
espresso	4
uniche	4
missili	4
elemento	4
gennaio	4
capaci	4
razzista	4
riuscissi	4
affamato	4
cambiera	4
rispondimi	4
emozione	4
saint	4
maddie	4
infinito	4
beverly	4
sprecato	4
conoscervi	4
procede	4
famosi	4
dimenticati	4
cd	4
crescita	4
jan	4
radar	4
curva	4
trovarsi	4
aggiustare	4
nebbia	4
maschile	4
sconto	4
metropolitana	4
portale	4
proverò	4
rimandare	4
etichetta	4
qualcun'	4
preziosa	4
indicano	4
entusiasmo	4
dicesse	4
classica	4
e'a	4
progettato	4
miracoli	4
occasioni	4
contano	4
probabilità	4
comportando	4
comuni	4
incontriamo	4
salti	4
fisher	4
regione	4
tolga	4
appropriato	4
holmes	4
iniezione	4
sconosciuti	4
woo	4
grano	4
ridi	4
happy	4
richiamato	4
lola	4
ritorni	4
riviste	4
stevie	4
turni	4
deposizione	4
galassia	4
economico	4
deb	4
assicurarsi	4
stark	4
avvicinare	4
borse	4
nikki	4
ubriachi	4
barbecue	4
archivio	4
scolastico	4
freddy	4
jared	4
intesi	4
xena	4
soffrendo	4
bagnato	4
hamilton	4
frequentare	4
bianche	4
cercarti	4
shelby	4
monete	4
overdose	4
guardavo	4
sequenza	4
colonia	4
sedici	4
esplosivo	4
alleanza	4
fenomeno	4
south	4
colto	4
pop	4
ruba	4
ava	4
fetta	4
obbligo	4
artie	4
cuoco	4
mondi	4
testo	4
incolpare	4
panni	4
ehilà	4
gabinetto	4
cresciuti	4
rubati	4
hammond	4
carine	4
incontrarti	4
moriranno	4
provero	4
ingannato	4
scully	4
trucchi	4
hawaii	4
eccitato	4
perdonatemi	4
circuito	4
sappiano	4
thompson	4
pianoforte	4
orbita	4
smette	4
pubblicato	4
spirituale	4
sol	4
preavviso	4
sbattere	4
pescare	4
adolescenti	4
formula	4
laurel	4
guadagna	4
douglas	4
delicata	4
costruzione	4
cody	4
riuscirò	4
guerrieri	4
casco	4
edifici	4
pirata	4
richie	4
scudo	4
usati	4
jeffrey	4
freddie	4
ordino	4
carson	4
lottato	4
austin	4
samantha	4
mikey	4
pianeti	4
tata	4
biscotto	4
willie	4
scarica	4
combattendo	4
costruita	4
poca	4
riva	4
brody	4
prato	4
assalto	4
nudi	4
salvarmi	4
finiscila	4
butto	4
guardiano	4
australia	4
private	4
stellare	4
tesi	4
orrore	4
scattare	4
urlo	4
stranamente	4
bowling	4
vulnerabile	4
muovendo	4
conoscenze	4
addormentata	4
incapace	4
cecchino	4
messicano	4
affidabile	4
ottiene	4
chiedergli	4
scarico	4
vuote	4
tolgo	4
negare	4
barone	4
occorre	4
seguita	4
mercoledi	4
pallone	4
ricercato	4
reggiseno	4
perdite	4
hobby	4
calcoli	4
capiamo	4
accompagni	4
ranch	4
preoccupazioni	4
prenderne	4
jazz	4
dischi	4
asso	4
peggy	4
omaggio	4
piacesse	4
lotteria	4
bottone	4
favoloso	4
accendi	4
sottile	4
partecipato	4
callie	4
disturbare	4
ingannare	4
moderna	4
liscia	4
puliti	4
oscura	4
kira	4
considera	4
starei	4
ncis	4
resterà	4
dramma	4
serratura	4
dannati	4
attentato	4
raggiungo	4
zampe	4
latino	4
incasinato	4
hockey	4
candela	4
concentrato	4
umanita	4
bancone	4
look	4
ospedali	4
grand	4
infinite	4
tae	4
pro	4
verbale	4
innocenza	4
inferiore	4
pensai	4
rilascio	4
quaggiù	4
catene	4
dovuti	4
marta	4
scomparse	4
serpenti	4
archer	4
cieli	4
ritirata	4
prudente	4
analizzare	4
supplico	4
sordo	4
girano	4
scende	4
destinazione	4
comoda	4
rotte	4
alte	4
rivelare	4
paparino	4
risata	4
lester	4
curato	4
abigail	4
postale	4
poterla	4
prostitute	4
maniaco	4
adams	4
baker	4
iris	4
jae	4
italian	4
dammela	4
gestisce	4
venduta	4
soffitto	4
statale	4
rituale	4
colpisci	4
senato	4
schmidt	4
brividi	4
dritti	4
permettero	4
banana	4
fermarli	4
venditore	4
valere	4
trasportare	4
esatta	4
mattinata	4
cittadina	4
riscatto	4
capiscono	4
esaminato	4
aiuterai	4
comandi	4
hard	4
sapevate	4
soffiata	4
penseranno	4
cha	4
ferire	4
sasha	4
starebbe	4
ritiene	4
respiri	4
menzogna	4
domando	4
foster	4
fotografo	4
fulmine	4
centinaio	4
corse	4
ripulire	4
porter	4
detenuto	4
paula	4
calmatevi	4
mandarmi	4
hal	4
marijuana	4
vogliano	4
manicomio	4
pompieri	4
unirti	4
decente	4
aggiunto	4
verrebbe	4
apparentemente	4
illusione	4
conquistare	4
costretti	4
vedranno	4
scorre	4
eccetera	4
agitato	4
grigio	4
kay	4
interrogato	4
iniziate	4
avvenuto	4
perdonato	4
sandra	4
demonio	4
asciugamano	4
meritano	4
sentirla	4
tienila	4
shakespeare	4
bestie	4
segnato	4
fucili	4
frattura	4
risorsa	4
penserai	4
stephanie	4
ricevi	4
ridono	4
em	4
proteggerla	4
negri	4
esista	4
estranei	4
appare	4
etero	4
garantire	4
apprezzato	4
roulotte	4
p	4
ammiro	4
bellissime	4
riscaldamento	4
meritava	4
nominare	4
inviare	4
sosta	4
cannone	4
proseguire	4
allucinazioni	4
samuel	4
comportarsi	4
desiderare	4
prepararsi	4
personalità	4
dipendenza	4
ridurre	4
it'	4
inevitabile	4
uccellino	4
matty	4
efficace	4
cacciatori	4
trasferire	4
theo	4
reggie	4
batman	4
drake	4
campana	4
sullivan	4
sollevato	4
sciopero	4
bussare	4
toast	4
negato	4
canti	4
bennett	4
ingiusto	4
pesi	4
secca	4
rivedremo	4
votato	4
gabe	4
operai	4
min	4
attaccata	4
giudici	4
lenny	4
murray	4
agenda	4
blog	4
registrazioni	4
proprietari	4
kara	4
jonah	4
aspettarti	4
donato	4
valida	4
offerte	4
peggiorare	4
morirò	4
generazioni	4
goditi	4
gavin	4
occupero	4
google	4
rocce	4
salita	4
rintracciato	4
negoziare	4
provino	4
femminuccia	4
alternative	4
prenderle	4
sheila	4
conrad	4
precisione	4
dirige	4
dj	4
preghiamo	4
trovarli	4
possiate	4
melanie	4
costruendo	4
ellis	4
anton	4
central	4
corde	4
estratto	4
karma	4
provocato	4
proteggermi	4
ossessione	4
dimenticarti	4
chiamavano	4
usava	4
sirena	4
trasferiti	4
aspettarmi	4
sandwich	4
versato	4
concentrarmi	4
delusa	4
reynolds	4
ritrovare	4
vermi	4
silenzioso	4
affinché	4
dipingere	4
potuta	4
impari	4
simpson	4
juliette	4
philadelphia	4
comprensione	4
vendo	4
dexter	4
sfruttare	4
mobile	4
dimostrazione	4
colpevoli	4
tasso	4
axl	4
gangster	4
erin	4
boris	4
pirati	4
vogliate	4
ribelle	4
avvicinati	4
palo	4
tattica	4
ricevo	4
fregare	4
val	4
aiuterò	4
finendo	4
ritirato	4
fidarci	4
incontrarla	4
mantenuto	4
convincente	4
brenda	4
api	4
marinaio	4
gomme	4
cavalieri	4
esperta	4
darebbe	4
intimo	4
fata	4
cifre	4
eseguire	4
creando	4
fantastiche	4
morisse	4
sacchetto	4
penserò	4
morris	4
garanzia	4
proposto	4
mona	4
approccio	4
ragno	4
combatti	4
ivy	4
cathy	4
spiegarmi	4
direttrice	4
spiegazioni	4
attenzioni	4
atterrare	4
papi	4
cyrus	4
fotografica	4
pierre	4
legalmente	4
salone	4
chiedervi	4
cercarmi	4
omicida	4
massacro	4
ballerina	4
stessero	4
grandiosa	4
semi	4
june	4
sherlock	4
piangi	4
gestione	4
toglierti	4
torcia	4
aspetterò	4
marea	4
legittima	4
piper	4
marrone	4
milano	4
costole	4
disgrazia	4
renderlo	4
hacker	4
finiremo	4
dolori	4
sbagliando	4
sviluppato	4
bisogni	4
funghi	4
sfuggito	4
rex	4
riusciro	4
valley	4
nati	4
reese	4
valgono	4
antenati	4
cagare	4
silver	4
portiere	4
carità	4
leggerlo	4
esagerare	4
reagire	4
interessati	4
get	4
greco	4
arrivarci	4
down	4
ragionare	4
software	4
hei	4
fragile	4
elefante	4
perderemo	4
scheda	4
spariti	4
audizione	4
legate	4
compare	4
sembravano	4
houston	4
esistere	4
mostrami	4
commento	4
rimosso	4
nipoti	4
donovan	4
georgia	4
epidemia	4
volerci	4
rospo	4
partendo	4
onorato	4
fecero	4
trent'	4
comportati	4
visuale	4
sinceri	4
pompa	4
poiche	4
dixon	4
volti	4
ombre	4
sadie	4
vene	4
prezzi	4
terminato	4
intelligence	4
ash	4
discuterne	4
giochetti	4
disordine	4
priorità	4
saper	4
instabile	4
gettare	4
aiutero	4
clarke	4
dispiaciuta	4
picchiare	4
nere	4
mandano	4
you'	4
limousine	4
appeso	4
lascerà	4
precisamente	4
rimarrà	4
cheerleader	4
sospetta	4
piccoletto	4
carbone	4
pugnale	4
bart	4
sapone	4
gin	4
cattura	4
fallire	4
parlavi	4
posa	4
compagnie	4
chen	4
settimo	4
hugh	4
inserito	4
venute	4
scozia	4
teso	4
ripeti	4
arnold	4
valerie	4
italiani	4
progresso	4
rapido	4
dibattito	4
buddy	4
ring	4
occidentale	4
valeva	4
spaghetti	4
annullato	4
terremo	4
rivederla	4
north	4
candidati	4
ward	4
stanchi	4
cerchero	4
creazione	4
sceneggiatura	4
sedie	4
opinioni	4
nazisti	4
offrendo	4
esplosivi	4
sanguinando	4
crane	4
ohio	4
riuscirà	4
bloccare	4
are	4
parlavamo	4
delusione	4
mettiamoci	4
scossa	4
scappi	4
disperazione	4
distante	4
voluti	4
digitali	4
raffreddore	4
permanente	4
schianto	4
stretti	4
mancare	4
scelgo	4
naturali	4
barche	4
disturbi	4
categoria	4
arrestata	4
filosofia	4
riferito	4
chang	4
co	4
intrappolato	4
visioni	4
protetta	4
viaggiato	4
sopportarlo	4
falli	4
estraneo	4
urlato	4
piove	4
firmi	4
tacchi	4
ricordarti	4
scopriamo	4
dominio	4
accadesse	4
invasione	4
attualmente	4
vedesse	4
dirla	4
impedito	4
calvin	4
dimensione	4
hans	4
democrazia	4
trapianto	4
moore	4
guardala	4
dimenticate	4
scommesse	4
volpe	4
dossier	4
altamente	4
peste	4
y	4
seguente	4
inchiesta	4
burt	4
soprannome	4
recenti	4
geni	4
sobrio	4
mh	4
musical	4
elettrico	4
monk	4
produrre	4
paure	4
destinato	4
cemento	4
prendimi	4
frode	4
attaccati	4
dovessimo	4
inganno	4
finanziario	4
organizzando	4
venir	4
sung	4
bernie	4
renderti	4
yen	4
globale	4
permetterci	4
orsi	4
radici	4
rara	4
pagati	4
fusione	4
vigilata	4
generatore	4
daphne	4
terrorizzato	4
alpha	4
consideri	4
yoon	4
liscio	4
sognando	4
milo	4
vendendo	4
delta	4
mise	4
tequila	4
squali	4
sposarci	4
acquisto	4
aerea	4
dichiarazioni	4
economica	4
minori	4
jasper	4
scappati	4
comunicato	4
tirate	4
ciambelle	4
stupidaggini	4
alfred	4
prosciutto	4
edizione	4
eleanor	4
cenere	4
iniziativa	4
mindy	4
porterai	4
useremo	4
bernard	4
divertirci	4
inserire	4
alimentare	4
contessa	4
onorevole	4
treni	4
irene	4
danneggiato	4
mancia	4
assoluta	4
febbraio	4
donnie	4
nascondiglio	4
violato	4
fermarla	4
penserà	4
incontrarlo	4
limone	4
barriera	4
finestrino	4
collegati	4
perderti	4
impedisce	4
piloti	4
presentimento	4
gratitudine	4
suprema	4
apparecchio	4
avvicinarsi	4
registrata	4
panchina	4
wolf	4
accompagnato	4
isabel	4
ji	4
lascera	4
contadino	4
incontreremo	4
fondazione	4
sbarre	4
missile	4
edgar	4
mito	4
suggerisce	4
end	4
giusti	4
adozione	4
usciva	4
garrett	4
spade	4
filmati	4
operare	4
seta	4
ditta	4
rusty	4
rifare	4
abitudini	4
riporto	4
liberarsi	4
tatuaggi	4
studiando	4
tecnici	4
ritardato	4
credetemi	4
accomodatevi	4
sbagliare	4
stradale	4
chelsea	4
santi	4
arrabbiati	4
jun	4
vendono	4
coltelli	4
parlarvi	4
allerta	4
volgare	4
basato	4
israele	4
rilasciare	4
protegge	4
spiegarti	4
cancelli	4
jon	4
superman	4
ceneri	4
sostanze	4
suggerito	4
pollice	4
ostacolo	4
scudi	4
timido	4
giocano	4
deriva	4
finch	4
quassu	4
insistere	4
malinteso	4
chiederglielo	4
avvertire	4
veste	4
poeta	4
high	4
polo	4
porteranno	4
mutandine	4
luca	4
know	4
incantevole	4
violenta	4
imboscata	4
can	4
mercoledì	4
faccende	4
resterai	4
divertita	4
servisse	4
piccolina	4
casse	4
ammazza	4
necessariamente	4
squillo	4
piccante	4
country	4
quassù	4
bunker	4
bevuta	4
incontra	4
franco	4
taco	4
alloggio	4
vitali	4
poltrona	4
fingendo	4
ritrovo	4
this	4
caduti	4
tredici	4
saltata	4
sufficienza	4
gray	4
sposta	4
american	4
combinando	4
grandezza	4
percy	4
tenerli	4
rocky	4
ammettilo	4
definizione	4
osare	4
sudore	4
bud	4
alzarsi	4
tradire	4
shepherd	4
pancake	4
gelosia	4
gallina	4
aquila	4
bestiame	4
riservata	4
lite	4
furba	4
like	4
ometto	4
svizzera	4
riuniti	4
muso	4
approvato	4
teorie	4
marc	4
bè	4
benone	4
esclusiva	4
broadway	4
infantile	4
pacifico	4
butti	4
caviglia	4
presentata	4
hudson	4
enterprise	4
giubbotto	4
marilyn	4
frocio	4
piccolino	4
costano	4
residenza	4
pesa	4
rossetto	4
poesie	4
aspettative	4
giganti	4
iniziale	4
pecore	4
marvin	4
kirk	4
eletto	4
fuma	4
frena	4
scritte	4
servivano	4
emotivo	4
or	4
cervo	4
rimarra	4
frutti	4
attivato	4
incredibili	4
toccata	4
fica	4
scambiato	4
dirigere	4
pensero	4
maglione	4
sponsor	4
stima	4
bacon	4
rimesso	4
offeso	4
rivisto	4
sentimentale	4
tana	4
seo	4
cedere	4
convincerlo	4
franchi	4
sputa	4
disegnare	4
punteggio	4
toccarlo	4
soo	4
vigilia	4
disponibili	4
sasso	4
iscritto	4
sottomarino	4
umile	4
keller	4
cuba	4
vescovo	4
stufato	4
lupin	4
fottutamente	4
disperatamente	4
sacrifici	4
accompagnare	4
interrogare	4
seme	4
bruciata	4
libretto	4
litri	4
alzata	4
farmacia	4
odiare	4
determinato	4
ciccione	4
toglie	4
politiche	4
cognato	4
rallentare	4
fornire	4
portarli	4
liberarmi	4
bridget	4
piega	4
discrezione	4
propongo	4
chiudiamo	4
woody	4
macchie	4
frequentato	4
nasconderti	4
maurice	4
gemella	4
condiviso	4
dozzine	4
amarti	4
voluta	4
scrittura	4
nadia	4
orchestra	4
enrico	4
scambiare	4
imparando	4
tonnellate	4
mini	4
scherza	4
ucciderai	4
spettacolare	4
lake	4
tirarti	4
senno	4
contadini	4
rilassarti	4
riposati	4
aah	4
dispiaccia	4
immediato	4
notiziario	4
riempito	4
bambole	4
impiccato	4
procurato	4
decido	4
altare	4
divertirti	4
esposizione	4
tecniche	4
scomparire	4
news	4
disposti	4
des	4
provano	4
tavoli	4
depresso	4
lenti	4
decise	4
pubblici	4
composto	4
dawson	4
stessimo	4
pan	4
vorreste	4
occuperò	4
guarigione	4
spot	4
scotty	4
air	4
precisa	4
buttata	4
ringrazia	4
ascia	4
disegnato	4
aiutarli	4
vigliacco	4
kansas	4
moriro	4
olive	4
avvicini	4
cestino	4
distratto	4
metterai	4
intenso	4
circolazione	4
rimaste	4
cambiati	4
calendario	4
insegno	4
differenti	4
capiti	4
valsa	4
soddisfazione	4
claude	4
caverna	4
rovinando	4
ognuna	4
paranoico	4
completato	4
vomitato	4
sorso	4
simone	4
frontiera	4
jedi	4
defunto	4
profitti	4
profitto	4
perdonarmi	4
rompe	4
confraternita	4
portatemi	4
semestre	4
accadde	4
mosso	4
elettorale	4
ioni	4
pugnalato	4
razzo	4
intendeva	4
sfigati	4
psicologo	4
jessie	4
volontari	4
scendo	4
scadenza	4
bong	4
chiedertelo	4
oriente	4
gold	4
dimenticarlo	4
addestrato	4
nicholas	4
estremo	4
rapida	4
ricchezza	4
homer	4
spiacevole	4
afferrato	4
procediamo	4
comunista	4
spaventati	4
tenero	4
sophia	4
avvicinarti	4
turisti	4
terrestre	4
inseguendo	4
aziende	4
balle	4
mortali	4
permettersi	4
digitale	4
kenneth	4
scherzavo	4
cavata	4
luis	4
rudy	4
glieli	4
dimentico	4
macellaio	4
what	4
batterie	4
significare	4
conoscessi	4
intimi	4
capanno	4
punito	4
donatore	4
biologico	4
cospirazione	4
shin	4
lacey	4
picnic	4
barattolo	4
attiva	4
pallida	4
saul	4
wall	4
contratti	4
conduce	4
trovavo	4
negativa	4
ricominciamo	4
mettimi	4
nsa	4
futura	4
cuccioli	4
derubato	4
khan	4
riferisci	4
sopravvissuta	4
balli	4
manica	4
piacevano	4
mentirmi	4
vicine	4
critica	4
miglio	4
nucleo	4
faremmo	4
aumenta	4
app	4
verremo	4
chiamalo	4
freno	4
lingue	4
staccato	4
rubando	4
storico	4
side	4
inviti	4
sostituire	4
vivian	4
illegali	4
passava	4
morfina	4
misteriosa	4
crociera	4
arabo	4
immondizia	4
corrispondenza	4
benedetto	4
cercavi	4
prepararmi	4
divina	4
vedessi	4
ristoranti	4
rodney	4
rischia	4
falco	4
bonus	4
legna	4
sembravi	4
twitter	4
usciremo	4
arrendo	4
monitor	4
operativo	4
basa	4
toglimi	4
feccia	4
fort	4
chandler	4
braccialetto	4
pulizia	4
audio	4
privati	4
trasforma	4
esposto	4
odiava	4
sidney	4
baciami	4
mercedes	4
aggredita	4
occuparti	4
cristiano	4
nude	4
privilegio	4
attraversando	4
ironia	4
smoking	4
manzo	4
song	4
hugo	4
ricevimento	4
gemelle	4
cocco	4
mandiamo	4
preparate	4
abuso	4
sciocchezza	4
straordinari	4
ferie	4
posizioni	4
affinche	4
freni	4
papa'	4
protesta	4
cagnolino	4
telefonare	4
quaranta	4
legga	4
cantiere	4
tradizionale	4
tradita	4
secchio	4
assunta	4
finirla	4
bauer	4
toglietevi	4
frammenti	4
creata	4
lasceranno	4
forbici	4
batti	4
vaccino	4
individuo	4
segrete	4
hills	4
applausi	4
insetto	4
ucciderli	4
pope	4
fammelo	4
bum	4
palude	4
scusare	4
zucca	4
carrello	4
scuro	4
esibizione	4
mais	4
investire	4
ezra	4
continueremo	4
fitz	4
strip	4
creatore	4
ringraziarmi	4
benessere	4
raramente	4
lava	4
estrema	4
armate	4
life	4
completare	4
interruzione	4
crescono	4
conclusioni	4
sposarlo	4
arancia	4
coppa	4
giornate	4
celebrare	4
disciplina	4
schifosa	4
fedeli	4
alberto	4
seguiamo	4
risparmiato	4
fran	4
particelle	4
kathy	4
terrorismo	4
marca	4
dessert	4
tedesca	4
cass	4
terrificante	4
guardarla	4
men	4
costantemente	4
sonny	4
venivo	4
mandy	4
richiamare	4
nucleari	4
riguardano	4
quarantena	4
evitarlo	4
gi	4
mina	4
premuto	4
modelli	4
condizionata	4
terapista	4
visitatori	4
violenti	4
just	4
indossando	4
facessimo	4
onnipotente	4
federazione	4
baxter	4
favori	4
durare	4
attende	4
merlino	4
osservando	4
concentrazione	4
voli	4
insopportabile	4
essenziale	4
incrocio	4
crollare	4
damien	4
glen	4
chan	4
menta	4
joshua	4
rilevato	4
tranquillamente	4
sal	4
caserma	4
ahia	4
dorothy	4
camminando	4
attrazione	4
scesa	4
briggs	4
patti	4
tessera	4
bert	4
peyton	4
apparteneva	4
metteranno	4
darren	4
terrorizzata	4
shirley	4
vederle	4
cosciente	4
utilizzare	4
descrivere	4
portarle	4
marciapiede	4
maleducato	4
facciate	4
rientra	4
tenersi	4
spinge	4
divertirmi	4
steso	4
proteggerlo	4
arrivasse	4
hee	4
furia	4
ferrovia	4
afferma	4
chiuda	4
jj	4
assicurarci	4
domicilio	4
kat	4
tartaruga	4
rovinata	4
sushi	4
evitando	4
casinò	4
oz	4
pericolose	4
apocalisse	4
corriere	4
shelly	4
sacchi	4
diecimila	4
uccidilo	4
schemi	4
risonanza	4
pietro	4
provviste	4
voltare	4
pos	4
mandero	4
valutare	4
frasi	4
brendan	4
uva	4
curiosità	4
lotto	4
parata	4
passeggero	4
vincente	4
svenuta	4
seguono	4
sbrigare	4
price	4
materiali	4
dí	4
immigrazione	4
pubbliche	4
appartengono	4
brandy	4
letteratura	4
hart	4
immaginate	4
marcel	4
archivi	4
eternità	4
addetto	4
k	4
vantaggi	4
sparano	4
gialla	4
hayley	4
guarito	4
shannon	4
vendi	4
salvati	4
medicinali	4
ucciderebbe	4
fazzoletto	4
rafael	4
bond	4
maresciallo	4
crack	4
consegne	4
evans	4
doverlo	4
verdure	4
chiedermelo	4
dani	4
cynthia	4
fritto	4
stevens	4
noti	4
mentali	4
siedo	4
personalita	4
scopra	4
convivere	4
generosa	4
aids	4
lori	4
perquisizione	4
mariti	4
good	4
critico	4
rendendo	4
water	4
stewart	4
now	4
cera	4
delinquente	4
divino	4
piattaforma	4
riuscira	4
pagherai	4
conversazioni	4
lavorate	4
lividi	4
pullman	4
stronzetto	4
muovermi	4
signorine	4
phoenix	4
sostituto	4
fumetti	4
dovessero	4
graffio	4
isole	4
sceglie	4
missioni	4
donazione	4
griglia	4
lasciaci	4
fascicoli	4
prestare	4
strappo	4
ops	4
christina	4
pressioni	4
spiegherebbe	4
selvaggi	4
percentuale	4
succederebbe	4
gravemente	4
suggerimento	4
bennet	4
definire	4
roberts	4
manderò	4
odiato	4
fienile	4
competere	4
thor	4
choi	4
facciamola	4
granché	4
nonni	4
litigio	4
tubi	4
ripulito	4
camille	4
preparazione	4
brasile	4
chiameremo	4
colpiti	4
difetti	4
avergli	4
americane	4
sufficienti	4
inventata	4
fi	4
arizona	4
editore	4
provocare	4
drogata	4
cominciano	4
musicista	4
lavorarci	4
lasciarli	4
crollo	4
scoppiare	4
granche	4
prendertela	4
seguite	4
evoluzione	4
mills	4
esther	4
picchiata	4
soddisfare	4
ragazzine	4
cambiarmi	4
osserva	4
dante	4
risalire	4
pasticcio	4
tirati	4
libreria	4
aspettero	4
nobili	4
aggressivo	4
chilo	4
perla	4
einstein	4
restera	4
legare	4
bastava	4
manutenzione	4
rimase	4
portarvi	4
notturno	4
nascoste	4
whiskey	4
definito	4
armatura	4
agnello	4
bordello	4
farsa	4
mantieni	4
maggioranza	4
mama	4
sott'	4
arteria	4
necessita	4
sedute	4
brutale	4
pulite	4
convincermi	4
tirarlo	4
capitan	4
alloggi	4
scommetterci	4
capirà	4
permettimi	4
anonima	4
baracca	4
arachidi	4
chiacchierare	4
cadendo	4
panna	4
patetica	4
sutton	4
gail	4
art	4
ricordarmi	4
anatra	4
kg	4
orientale	4
femmine	4
descritto	4
tenetevi	4
terremoto	4
samurai	4
occupiamo	4
ringraziarla	4
scommesso	4
blocca	4
mantiene	4
indovinate	4
ispirato	4
rilevante	4
vip	4
orgogliosi	4
rimaniamo	4
tossico	4
alzarti	4
escluso	4
reati	4
vennero	4
significava	4
fareste	4
udito	4
kane	4
ubriacone	4
pranzare	4
sballo	4
brien	4
doris	4
scopro	4
metterli	4
artificio	4
clacson	4
clima	4
decisi	4
contemporaneamente	4
rovini	4
seppellire	4
suv	4
pepe	4
sacra	4
soggetti	4
cugini	4
fastidioso	4
inchiostro	4
energie	4
cruz	4
tantissime	4
gorilla	4
pentirai	4
vicinanze	4
metterà	4
infilato	4
combatte	4
considero	4
he	4
avventure	4
parcheggiato	4
romani	4
spiegarlo	4
rispettato	4
florrick	4
pensera	4
trish	4
saggia	4
riferisce	4
assicurare	4
delegato	4
ceduto	4
psichiatrico	4
vega	4
agnes	4
brindiamo	4
correttamente	4
nuoto	4
si'	4
gabrielle	4
spiritoso	4
merci	4
deputato	4
lavoretto	4
avvisare	4
martini	4
more	4
puttanella	4
fini	4
comprensibile	4
eccitata	4
richiamami	4
affidato	4
lenta	4
dovevate	4
bush	4
trofeo	4
pagando	4
nash	4
meritato	4
privo	4
cicatrici	4
reporter	4
aiutano	4
architetto	4
spararmi	4
dance	4
fidato	4
ramo	4
darcy	4
dong	4
vuoti	4
brett	4
passeremo	4
calze	4
gossip	4
precisi	4
detroit	4
deprimente	4
scartoffie	4
rimorso	4
stacy	4
celeste	4
klingon	4
portland	4
suicida	4
telegramma	4
chilometro	4
successiva	4
italiana	4
fumi	4
alzate	4
educato	4
gestito	4
profondità	4
muffin	4
assaggiare	4
tessa	4
spogliarellista	4
ipocrita	4
dimenticherò	4
lesbiche	4
hood	4
tolta	4
account	4
viaggia	4
lealta	4
difetto	4
hunt	4
contabile	4
roberto	4
navetta	4
dolcetto	4
arrivò	4
seppellito	4
yogurt	4
jonas	4
lampo	4
furioso	4
resterò	4
tenevo	4
spaventosa	4
aggressore	4
collaterali	4
fantasie	4
occupare	4
grotta	4
tosse	4
stu	4
sospensione	4
intima	4
tate	4
pasqua	4
cantando	4
rimedio	4
wheeler	4
sessualmente	4
cambiamo	4
midollo	4
setta	4
folli	4
telegiornale	4
carri	4
tirar	4
javier	4
eredità	4
svegliare	4
ordina	4
piombo	4
procura	4
anziana	4
doveri	4
allegro	4
scorte	4
riferisco	4
avvicinato	4
irrilevante	4
tosto	4
resi	4
volato	4
immortale	4
salendo	4
egitto	4
ricostruire	4
ratti	4
cantano	4
sessione	4
arrosto	4
dignità	4
reagan	4
sfera	4
tribù	4
lealtà	4
azzurro	4
critiche	4
poterci	4
rich	4
dichiara	4
but	4
falle	4
miserabile	4
neonato	4
passero	4
seung	4
mandarlo	4
liberamente	4
oca	4
aspettavamo	4
evitato	4
adrenalina	4
roland	4
ty	4
alt	4
tenebre	4
maschere	4
laurie	4
capsula	4
colline	4
phillip	4
automatico	4
disturbato	4
psicologia	4
pagherò	4
antidoto	4
muovono	4
ammissione	4
abe	4
scriva	4
polly	4
torace	4
spostatevi	4
isabelle	4
moderno	4
sennò	4
spaccio	4
furti	4
crystal	4
powell	4
marmellata	4
scema	4
tirando	4
pagate	4
divertiremo	4
rispettabile	4
miliardo	4
genetica	4
incastrare	4
surf	4
beneficio	4
abbattere	4
fattore	4
emozionata	4
cross	4
distruggendo	4
joyce	4
cercheremo	4
minacciando	4
peggiorando	4
promettere	4
preservativo	4
esaurito	4
moduli	4
canali	4
occuperemo	4
cantato	4
lavato	4
ms	4
civiltà	4
baia	4
aggiornamento	4
gates	4
tanner	4
ridotta	4
nasce	4
diciotto	4
risale	4
unire	4
evacuare	4
wu	4
sporche	4
parlavano	4
bridge	4
assaggio	4
first	4
secret	4
nascondermi	4
violino	4
z	4
rubate	4
holden	4
separazione	4
splendore	4
pony	4
tirarmi	4
cappella	4
perdenti	4
liberarti	4
considerata	4
menzionato	4
amavi	4
cristina	4
sistemo	4
turbato	4
riflesso	4
aggiornato	4
atleta	4
stringere	4
cupcake	4
dichiarare	4
regolamento	5
sfugge	5
task	5
beccati	5
bacino	5
torres	5
litigando	5
scattato	5
fatale	5
sfondo	5
ragazzone	5
marcio	5
cartelle	5
jefferson	5
apriamo	5
scappate	5
antoine	5
comico	5
insignificante	5
aziendale	5
vinco	5
straccio	5
obama	5
caricare	5
lynn	5
interrogatori	5
dormono	5
seminario	5
casuale	5
selvaggia	5
uscirai	5
lesioni	5
sapersi	5
trent	5
contributo	5
when	5
aiuterebbe	5
grati	5
disturbarti	5
indicazioni	5
spike	5
sbagliati	5
evelyn	5
esplorare	5
farmelo	5
sella	5
narcotici	5
grassi	5
tienimi	5
pettegolezzi	5
cliff	5
zecca	5
pazzesca	5
mucche	5
galla	5
autentico	5
ritrovata	5
incontrarmi	5
trascorrere	5
pompino	5
interruttore	5
specialista	5
rum	5
ca	5
cristiani	5
ponti	5
sparargli	5
barzelletta	5
divertire	5
mari	5
cardinale	5
uccidiamo	5
officina	5
pearl	5
bentornata	5
jude	5
obbligata	5
municipio	5
scappiamo	5
cercavano	5
ritornato	5
doni	5
nah	5
mae	5
e'i	5
prigioniera	5
pisello	5
appartamenti	5
capira	5
allontanare	5
aree	5
resteremo	5
ostacoli	5
stalker	5
cinture	5
eseguito	5
decine	5
bam	5
vapore	5
et	5
curvatura	5
archie	5
insisto	5
collegio	5
buck	5
joon	5
adorato	5
battaglie	5
accusata	5
campane	5
irritante	5
esercizi	5
puzzle	5
solite	5
ingaggiato	5
zoey	5
offrirle	5
perda	5
difensore	5
popcorn	5
cucchiaio	5
trattata	5
jenkins	5
parrucca	5
corretta	5
costosa	5
giuseppe	5
andavi	5
romano	5
gamma	5
righe	5
solitamente	5
fara'	5
got	5
patrimonio	5
jamal	5
bimbi	5
povere	5
bates	5
materasso	5
capitare	5
dona	5
distrutti	5
frigorifero	5
pedro	5
brady	5
vicinato	5
veterinario	5
vigili	5
scoprirai	5
informata	5
tenerci	5
postazione	5
distributore	5
garantito	5
bollette	5
liberati	5
wally	5
facessero	5
talvolta	5
sigillo	5
annuale	5
polli	5
ratto	5
check	5
pallottole	5
rilassi	5
riflettuto	5
staccare	5
offri	5
duecento	5
suora	5
trasporti	5
orlo	5
degna	5
uscira	5
aborto	5
arancione	5
rio	5
rana	5
noci	5
complotto	5
paghiamo	5
dipinti	5
stuprata	5
trattenuto	5
atlanta	5
scendete	5
rimarrai	5
hayes	5
infernale	5
autografo	5
duello	5
provincia	5
spray	5
tragico	5
irlanda	5
ispezione	5
allegra	5
imminente	5
ri	5
opportunita'	5
nazista	5
veicoli	5
uccidimi	5
camminato	5
grido	5
odiavo	5
soda	5
nano	5
gideon	5
menzogne	5
banale	5
uscirà	5
preparata	5
uragano	5
dirvelo	5
rovescia	5
sonia	5
temporanea	5
sacrificare	5
industriale	5
accosta	5
quattordici	5
streaming	5
janice	5
metteva	5
bea	5
bandito	5
bradley	5
anomalia	5
fogna	5
fc	5
convinti	5
drive	5
costituzione	5
mentore	5
portatela	5
riposa	5
atrio	5
signoria	5
vendicarsi	5
ripartire	5
ignorato	5
fissando	5
orologi	5
mosche	5
alzo	5
festeggiamo	5
suicidato	5
oxford	5
creativo	5
poster	5
regolarmente	5
reggere	5
deficiente	5
back	5
caveau	5
helena	5
marge	5
sparando	5
dre	5
furgoncino	5
insinuando	5
accennato	5
fartelo	5
spazi	5
principalmente	5
mettera	5
invenzione	5
lorenzo	5
immaginarlo	5
guidava	5
balena	5
profondi	5
origini	5
contenitore	5
fumato	5
vabbe	5
apprezzare	5
leoni	5
lavandino	5
padroni	5
lionel	5
drone	5
buonissimo	5
terrà	5
precedenza	5
saprebbe	5
impaziente	5
operato	5
fontana	5
vivevo	5
pasti	5
nastri	5
chiamatemi	5
documentario	5
asciugamani	5
deeks	5
doverti	5
rifarlo	5
rispetti	5
care	5
elsa	5
anonimo	5
gardner	5
edwards	5
perlomeno	5
audace	5
napoli	5
lamenti	5
eredita	5
periferia	5
produttori	5
tirata	5
capodanno	5
chiedeva	5
malvagia	5
torturato	5
cagna	5
montgomery	5
restero	5
respinta	5
calmarti	5
abbigliamento	5
scientifico	5
beccare	5
pecora	5
alzarmi	5
prendine	5
bruciando	5
scendendo	5
riprendendo	5
clive	5
corna	5
emozionato	5
edith	5
ferrari	5
asino	5
mantello	5
yacht	5
credibile	5
differente	5
misero	5
frost	5
permetto	5
strizzacervelli	5
puzzi	5
maxine	5
piazzato	5
coinvolgimento	5
marion	5
primario	5
offensivo	5
etica	5
robinson	5
altrui	5
mandami	5
pisolino	5
parlerà	5
figuri	5
toccarla	5
eugene	5
avanzata	5
holt	5
sportivo	5
square	5
banchetto	5
malgrado	5
contesto	5
giurare	5
analizzato	5
spaccato	5
fortezza	5
dormitorio	5
sofferenze	5
buffa	5
elijah	5
meraviglie	5
interferire	5
bancarotta	5
originali	5
nazionali	5
morsi	5
artificiale	5
aidan	5
mostrarmi	5
determinare	5
sembrera	5
presentarmi	5
suonava	5
sciarpa	5
affittato	5
traditori	5
oppa	5
bottino	5
preoccupate	5
conferenze	5
colla	5
verita'	5
elaine	5
starmi	5
cammini	5
dom	5
verrete	5
rendermi	5
piacerti	5
balliamo	5
starete	5
sembrerà	5
fortemente	5
essenza	5
mutuo	5
abbracci	5
diversivo	5
scritti	5
trattenere	5
timmy	5
promosso	5
patrigno	5
darryl	5
chimico	5
brusio	5
gallo	5
controllano	5
magliette	5
logico	5
definitiva	5
appassionato	5
evacuazione	5
cadono	5
national	5
svedese	5
sacrificato	5
adottato	5
solletico	5
farina	5
buzz	5
accampamento	5
sistemata	5
bevete	5
temporaneo	5
ringraziarvi	5
adesivo	5
cancelliere	5
bagnata	5
way	5
medie	5
strette	5
sani	5
network	5
orgasmo	5
ritrovi	5
voltato	5
orfanotrofio	5
balcone	5
laureato	5
sollevare	5
mazzo	5
capello	5
piovere	5
cae'	5
agitata	5
controllata	5
plotone	5
inizieremo	5
fregati	5
grembo	5
fore'	5
teme	5
incaricato	5
ostile	5
salsiccia	5
presentati	5
diventerò	5
soffro	5
cervelli	5
superficiale	5
esse	5
studia	5
ringraziamo	5
spavento	5
affrontando	5
barbie	5
cannoni	5
rapire	5
susie	5
adori	5
social	5
ridammi	5
lasciali	5
bryce	5
gocce	5
sloan	5
circolare	5
pertanto	5
tammy	5
perderlo	5
sirene	5
carolina	5
svegliarmi	5
identificazione	5
sylvia	5
levi	5
hughes	5
preservativi	5
restituito	5
siede	5
sino	5
violentata	5
conigli	5
recinto	5
ottimista	5
necessità	5
du	5
liberazione	5
perduta	5
distrugge	5
720p	5
concorrenza	5
incirca	5
messicani	5
callen	5
camper	5
gregory	5
ugualmente	5
facciamoci	5
migliorando	5
avermelo	5
respinto	5
eccone	5
kung	5
dawero	5
dateci	5
tessuti	5
rispetta	5
indossato	5
amate	5
figuriamoci	5
pentagono	5
molestie	5
farfalla	5
cucinato	5
concedo	5
frequenti	5
banconote	5
inseguire	5
produce	5
metafora	5
ormoni	5
fianchi	5
perdona	5
erik	5
scherzetto	5
emotivamente	5
master	5
discarica	5
disprezzo	5
tiriamo	5
nanna	5
permetterti	5
gilbert	5
que	5
confidenza	5
paramedici	5
gliele	5
vediamoci	5
tenuti	5
comandare	5
spacca	5
erezione	5
joo	5
buttati	5
vedano	5
ricordavo	5
incastrata	5
falls	5
ingrid	5
rientro	5
lin	5
magro	5
spacco	5
wesley	5
cancella	5
necessari	5
caricato	5
cellula	5
allontanatevi	5
caverai	5
estrazione	5
perle	5
luigi	5
cavalcare	5
rinchiusa	5
bolle	5
spionaggio	5
home	5
roll	5
stregone	5
ingenuo	5
scoprisse	5
interpretare	5
iniziali	5
elettronica	5
esserle	5
servita	5
libere	5
schiaffo	5
prepararti	5
baciata	5
soliti	5
attivare	5
pagliaccio	5
investitori	5
orecchini	5
bizzarro	5
dama	5
pupazzo	5
turco	5
corno	5
fieri	5
abbattuto	5
necessarie	5
spacciatori	5
estrarre	5
incazzata	5
corti	5
riportarlo	5
comprendo	5
tabacco	5
gu	5
cattolica	5
camino	5
point	5
riuscirei	5
madrid	5
pollici	5
yi	5
beccata	5
vaga	5
giorgio	5
idraulico	5
procedure	5
toni	5
coraggiosi	5
difese	5
tic	5
fedina	5
formare	5
gerald	5
denunciare	5
portiera	5
dormiva	5
sfilata	5
diviso	5
sentirà	5
formale	5
prescindere	5
trasferirsi	5
migliaio	5
serviti	5
pericoli	5
cece	5
sapro	5
capezzoli	5
immobile	5
cartone	5
ricevute	5
ottieni	5
verifica	5
ripulita	5
diaz	5
umiliante	5
reni	5
durato	5
veglia	5
ironico	5
sviluppare	5
biliardo	5
indipendenza	5
center	5
sparite	5
definitivamente	5
comunisti	5
renee	5
inaugurazione	5
intensiva	5
guanto	5
aprirla	5
tremenda	5
tantino	5
allontanato	5
boxe	5
cho	5
eccovi	5
osa	5
tifo	5
link	5
piantato	5
straniera	5
addison	5
danielle	5
la'	5
traguardo	5
orrendo	5
dorsale	5
sparagli	5
aliena	5
consigliato	5
abusi	5
vulcano	5
soffitta	5
scusarsi	5
abile	5
scoprono	5
portaci	5
ch'	5
iniziò	5
aspetteremo	5
benefici	5
affrontarlo	5
impiego	5
improvvisa	5
infinita	5
ciccio	5
assemblea	5
inappropriato	5
guasto	5
bree	5
accettate	5
trattasse	5
lasciatela	5
baciarmi	5
pittore	5
monty	5
escludere	5
disturba	5
spugna	5
coinquilino	5
naruto	5
attratto	5
alito	5
tradotto	5
stupisce	5
dimora	5
ghost	5
metterei	5
vetri	5
stupidaggine	5
maturo	5
celebrita	5
celia	5
willy	5
scoperte	5
chiare	5
presentarsi	5
intendete	5
testardo	5
decenni	5
cast	5
prevedere	5
pass	5
assistenti	5
nuvola	5
espulso	5
marshal	5
cavalleria	5
distrazione	5
saprò	5
compenso	5
frequenta	5
balletto	5
lontanamente	5
ebrea	5
trasformata	5
richiedere	5
cogliere	5
bancomat	5
profeta	5
vendiamo	5
chiudendo	5
capanna	5
comprati	5
valeria	5
inclusa	5
sciroppo	5
pagherà	5
facciale	5
riposi	5
chiesi	5
scrisse	5
allergico	5
gravità	5
apparso	5
ricordano	5
favolosa	5
riporti	5
denver	5
comprende	5
pellicola	5
osato	5
manuel	5
rivediamo	5
dominic	5
fotta	5
annunciare	5
contenere	5
pochissimo	5
parlamento	5
muovo	5
capolavoro	5
rapinato	5
provengono	5
frankenstein	5
dirsi	5
suzanne	5
v'	5
tiffany	5
solido	5
pubblicare	5
intrappolati	5
kid	5
cylon	5
vabbè	5
scenario	5
sapessero	5
velo	5
ambizione	5
banditi	5
culla	5
finisse	5
compresa	5
trattano	5
convincerla	5
pomodori	5
maura	5
spettacoli	5
lucido	5
sabrina	5
calmare	5
modesto	5
teletrasporto	5
canyon	5
popolari	5
passaporti	5
sottovoce	5
informare	5
turbata	5
glee	5
levatevi	5
timore	5
conquista	5
fanciulla	5
chiodo	5
noccioline	5
sbrigarci	5
juliet	5
mentono	5
funzionava	5
tabulati	5
flebo	5
corrispondono	5
regge	5
bip	5
capitata	5
pareva	5
nascondono	5
stamani	5
entrarci	5
ricordata	5
scattata	5
disgustosa	5
abbandono	5
serbatoio	5
bagaglio	5
borsetta	5
giudicato	5
profezia	5
notturna	5
timothy	5
dategli	5
magnus	5
aiden	5
foro	5
supponiamo	5
trascinare	5
eddai	5
sprecando	5
sensazioni	5
dubitare	5
formato	5
insensibile	5
sorride	5
complicate	5
separate	5
ansioso	5
durerà	5
baltimora	5
diciassette	5
comprate	5
ascoltarlo	5
antincendio	5
battesimo	5
cupola	5
devon	5
raccontando	5
concentrarti	5
cuscini	5
sanitaria	5
dividiamo	5
wa	5
darlo	5
panorama	5
culi	5
assomigli	5
diventate	5
discutendo	5
sapresti	5
distinguere	5
vergogni	5
anonimi	5
ricognizione	5
vali	5
sostituito	5
cappelli	5
abituati	5
old	5
tanya	5
analista	5
copre	5
trovarne	5
cominciata	5
tornado	5
container	5
confesso	5
meccanismo	5
knox	5
poliziotta	5
georgie	5
telecomando	5
guancia	5
opportuno	5
alexis	5
eternita	5
scoprira	5
tonno	5
urgenza	5
temi	5
evita	5
nasa	5
valvola	5
ricatto	5
signorino	5
pestato	5
combattiamo	5
godere	5
milady	5
perfette	5
pratico	5
affar	5
guardata	5
mandarti	5
steroidi	5
concentrarci	5
vialetto	5
rasoio	5
vorrete	5
pienamente	5
cm	5
lavaggio	5
equipaggiamento	5
haven	5
colorado	5
bull	5
emotiva	5
frainteso	5
possiedo	5
tentativi	5
parlera	5
summer	5
at	5
trovasse	5
visivo	5
spettatori	5
gare	5
capii	5
divorziare	5
reggimento	5
solitaria	5
caitlin	5
siero	5
controllarlo	5
identico	5
significano	5
incendi	5
riguardi	5
corro	5
credevano	5
harriet	5
ergastolo	5
performance	5
potenziali	5
donare	5
preoccuparci	5
venezia	5
succedeva	5
navicella	5
gotham	5
worf	5
ginger	5
rito	5
intensa	5
passerai	5
avanguardia	5
sicure	5
potter	5
collegata	5
chiederei	5
permettete	5
coprifuoco	5
bretagna	5
marcire	5
consiste	5
inventare	5
pulisci	5
spedire	5
sene'	5
ciotola	5
tromba	5
gomito	5
richiami	5
lucia	5
rotoli	5
damigella	5
legittimo	5
pelliccia	5
grecia	5
dr	5
insiste	5
insulto	5
sentii	5
negativi	5
raccontarmi	5
patata	5
aprila	5
ave	5
trovassi	5
tentazione	5
attraversa	5
grammi	5
religioso	5
autostima	5
resoconto	5
basata	5
eden	5
squilla	5
alzatevi	5
accusare	5
soffia	5
ballando	5
lunghezza	5
supera	5
inaccettabile	5
mara	5
depressa	5
íl	5
aprilo	5
ciechi	5
binari	5
comodi	5
prendili	5
guardatemi	5
strike	5
motto	5
biologia	5
insegni	5
brooks	5
esservi	5
finanziaria	5
dintorni	5
plasma	5
prevede	5
sigaro	5
pancetta	5
arbitro	5
magra	5
britannico	5
giu'	5
silas	5
estivo	5
rivale	5
visitato	5
complicazioni	5
robaccia	5
lottando	5
celle	5
sacca	5
accolta	5
fuso	5
elettricità	5
schiava	5
avuti	5
bourbon	5
faro'	5
week-end	5
hodgins	5
jacques	5
operativa	5
ictus	5
tiralo	5
arrivino	5
if	5
subire	5
maratona	5
rico	5
comportarmi	5
padrino	5
parlerai	5
difeso	5
acconsentito	5
margot	5
corta	5
ereditato	5
fischio	5
realta'	5
senatrice	5
youtube	5
muoviamo	5
scoperti	5
assente	5
pannolini	5
nico	5
sentira	5
chiedigli	5
baule	5
chiesta	5
pagarmi	5
pittura	5
cola	5
vinceremo	5
mine	5
iran	5
dirigente	5
scarlett	5
battaglione	5
elicotteri	5
inseguito	5
nam	5
svegliarti	5
incrociato	5
citazione	5
musicisti	5
svezia	5
giovinezza	5
pubblicamente	5
migliorato	5
jesus	5
continente	5
labirinto	5
traghetto	5
cap	5
cassonetto	5
accompagna	5
teschio	5
laboratori	5
nottata	5
indagato	5
copro	5
amarmi	5
esercitazione	5
sfidare	5
allontani	5
quentin	5
rappresentare	5
giurisdizione	5
pasquale	5
ta	5
profondita	5
basse	5
gentiluomini	5
riprendersi	5
sgradevole	5
courtney	5
affamati	5
desiderate	5
allergica	5
jose	5
curiosita	5
funebre	5
salga	5
facoltà	5
jeannie	5
recitazione	5
kai	5
lucky	5
renderebbe	5
an	5
speravamo	5
ollie	5
horror	5
guscio	5
ignoto	5
venirmi	5
osservato	5
convento	5
formidabile	5
barbiere	5
carly	5
chiarezza	5
intestino	5
ingenua	5
deacon	5
coreano	5
calo	5
prendervi	5
casetta	5
wo	5
sfortunato	5
esemplare	5
piste	5
dinozzo	5
hyun	5
salvarci	5
peterson	5
discesa	5
mar	5
granata	5
sembrata	5
centimetro	5
religiosa	5
sonda	5
reception	5
prenotazione	5
strisce	5
investimenti	5
montare	5
simmons	5
misteri	5
nostalgia	5
entrava	5
francine	5
tornasse	5
marines	5
dette	5
stoffa	5
ombrello	5
occupazione	5
domestico	5
francesca	5
box	5
mostrando	5
nodo	5
utero	5
astuto	5
comunale	5
generali	5
aiutiamo	5
meravigliosi	5
tesori	5
nikita	5
pentola	5
accompagnarmi	5
cyril	5
game	5
costerà	5
giura	5
avanzato	5
sotterraneo	5
bloccate	5
artu	5
automobile	5
goku	5
facolta	5
candy	5
grana	5
cartolina	5
provoca	5
scompare	5
paghero	5
centri	5
salgo	5
riconosciuta	5
rendera	5
denny	5
argomenti	5
mack	5
contrabbando	5
cominciate	5
pensasse	5
veterani	5
spazzolino	5
venticinque	5
eccole	5
aiutaci	5
assai	5
alaska	5
sanguigno	5
localizzare	5
silenziosa	5
meyer	5
ape	5
portò	5
daccordo	5
poverino	5
preferiresti	5
mimi	5
biasimo	5
disturbarla	5
tondo	5
andiate	5
rimetti	5
foglia	5
troll	5
resistito	5
coinquilina	5
rifiutata	5
corsia	5
competenza	5
delinquenti	5
onorare	5
manchester	5
gibson	5
crawford	5
dopodomani	5
accusando	5
accendino	5
starmene	5
pallido	5
organo	5
attirato	5
cimice	5
arrendersi	5
lasciava	5
stalla	5
documentazione	5
intendevi	5
matita	5
olimpiadi	5
dicesti	5
quadra	5
organismo	5
addome	5
detenzione	5
abbandonati	5
karate	5
manovra	5
scintilla	5
assicurarti	5
rivolto	5
antidolorifici	5
occuparci	5
significherebbe	5
ammetti	5
cassette	5
giocava	5
truffatore	5
tiratore	5
proprietaria	5
sherman	5
granchio	5
pensarlo	5
vernon	5
kev	5
dimostrarlo	5
promette	5
maureen	5
lasciateci	5
bacia	5
burns	5
rufus	5
giardiniere	5
bibita	5
baciarti	5
riprendermi	5
gretchen	5
finocchio	5
bande	5
presti	5
fuggita	5
hulk	5
crederti	5
izzie	5
microonde	5
michigan	5
celibato	5
avvicinamento	5
raggiunge	5
possedere	5
julio	5
riccardo	5
viventi	5
empire	5
sepolta	5
bryan	5
maggiordomo	5
nuziale	5
mascalzone	5
louie	5
bon	5
istruttore	5
premuroso	5
igienica	5
dessi	5
yuri	5
trasferirmi	5
liberata	5
usero	5
pc	5
arrabbiarti	5
toccate	5
congelato	5
scopriranno	5
tornarci	5
sposiamo	5
sbrighiamoci	5
scendiamo	5
annunciato	5
venere	5
rogers	5
nasconderlo	5
mozione	5
eco	5
tipica	5
dircelo	5
esploso	5
pennsylvania	5
mettici	5
bersagli	5
stanne	5
elezione	5
tatto	5
vizio	5
cuoca	5
grigia	5
nigel	5
ernie	5
prenderei	5
celebrità	5
judith	5
avvicinatevi	5
segnalato	5
internazionali	5
recinzione	5
biologica	5
modus	5
esplosa	5
salutarti	5
les	5
svenire	5
tradizioni	5
bacchetta	5
girls	5
sbronza	5
scoiattolo	5
corrono	5
soddisfatta	5
scatenato	5
kappa	5
gelatina	5
guardaroba	5
pompiere	5
rayna	5
unisciti	5
ronald	5
starti	5
marinai	5
oggigiorno	5
maledettamente	5
spezzare	5
combini	5
predica	5
godetevi	5
trascorsi	5
indicare	5
spontanea	5
vivete	5
perfavore	5
metal	5
tenta	5
fritte	5
anteriore	5
noleggio	5
gravita	5
mah	5
sparisce	5
congedo	5
tener	5
schifezza	5
ciambella	5
vinta	5
imbroglione	5
valentine	5
mm-hmm	5
chiedilo	5
modificato	5
finali	5
ordinanza	5
brillanti	5
anita	5
perdero	5
teatrale	5
discreto	5
erbe	5
stazioni	5
am	5
armonia	5
arrestati	5
fascia	5
eccessivo	5
spiando	5
vicky	5
gialli	5
group	5
finanziari	5
preliminare	5
svolgere	5
buster	5
amichetto	5
cheryl	5
javawarrior2003	5
conservare	5
dammene	5
invidio	5
avanzi	5
distribuzione	5
er	5
salsicce	5
omosessuale	5
boccone	5
volando	5
continuerò	5
buffet	5
duemila	5
comportata	5
trappole	5
uniformi	5
userò	5
jeep	5
unirmi	5
bank	5
nicola	5
sottoterra	5
macello	5
rispondono	5
trasmesso	5
daniels	5
giacomo	5
urina	5
piacermi	5
indicato	5
individuato	5
ricevendo	5
ingegneria	5
timida	5
capiranno	5
condotti	5
suonano	5
stento	5
risveglio	5
passavo	5
operandi	5
droni	5
vivevano	5
gioiello	5
lamentele	5
accoltellato	5
troupe	5
cotone	5
grandissimo	5
adorava	5
cassandra	5
trasmettere	5
interiore	5
rabbino	5
conservato	5
hetty	5
paulie	5
pratiche	5
scatto	5
dimostri	5
credevamo	5
snack	5
ditegli	5
golden	5
cacciata	5
rigido	5
rame	5
lamentarti	5
manchera	5
beatrice	5
marziali	5
adorabili	5
soglia	5
sanchez	5
sync	5
firenze	5
assicuratevi	5
togliersi	5
commissioni	5
brent	5
aprendo	5
guardatevi	5
fato	5
misericordia	5
sbrighi	5
indirizzi	5
nodi	5
aglio	5
agitare	5
vocale	5
ga	5
stupratore	5
vaughn	5
ahh	5
rapine	5
comprarmi	5
ignorante	5
decida	5
patricia	5
risiamo	5
suonando	5
marketing	5
spaziali	5
dinosauri	5
localizzato	5
puntuale	5
trovai	5
culturale	5
sospira	5
discoteca	5
speri	5
katrina	5
scuri	5
frances	5
tassista	5
petra	5
roosevelt	5
vincono	5
intrappolata	5
insegnarmi	5
ripeterlo	5
televisivo	5
carbonio	5
prudenza	5
puzzolente	5
investigatori	5
destinati	5
abbracciare	5
cotto	5
invio	5
attaccano	5
interessava	5
tutore	5
imprese	5
giudiziario	5
riprendiamo	5
alleato	5
pila	5
conquistato	5
tesa	5
frecce	5
commissariato	5
organizza	5
impulsi	5
serbo	5
triangolo	5
volantini	5
alfredo	5
emendamento	5
videogiochi	5
giulietta	5
vagabondo	5
antibiotici	5
risparmia	5
metterle	5
infrangere	5
cesto	5
identica	5
interpretazione	5
accidentalmente	5
registratore	5
renderà	5
penseremo	5
agisce	5
giove	5
scenda	5
fax	5
ladra	5
afferra	5
scadente	5
corvo	5
durera	5
canadese	5
preston	5
proteggerci	5
utilizzato	5
residui	5
montaggio	5
mastro	5
affamata	5
yankee	5
razionale	5
sportiva	5
volano	5
intuito	5
imprevedibile	5
conoscermi	5
bevono	5
segnalazione	5
complici	5
atterrato	5
astronauta	5
messaggero	5
accadono	5
accompagnatore	5
smetto	5
incontriamoci	5
renderla	5
corridoi	5
ricordatevi	5
inventario	5
avra'	5
marziale	5
sollevata	5
hale	5
causata	5
allenamenti	5
flora	5
fidatevi	5
collegare	5
royal	5
spietato	5
presidenza	5
henderson	5
cavando	5
supereroe	5
emergenze	5
dalton	5
pronunciare	5
liquore	5
esausta	5
regime	5
giuda	5
giulia	5
aiuteremo	5
umiliazione	5
cartelli	5
rush	5
sostenuto	5
prendesse	5
marchese	5
continuavo	5
mostrerò	5
conoscevano	5
rispose	5
imparerai	5
piú	5
starci	5
taglie	5
portar	5
beva	5
punire	5
trasformazione	5
ja	5
spiegami	5
concentrata	5
mostrarle	5
tossicologico	5
portali	5
edie	5
segna	5
costringermi	5
us	5
caldi	5
gracie	5
university	5
perderla	5
pronuncia	5
specialità	5
stargate	5
mattoni	5
postino	5
dirigendo	5
ginevra	5
parcheggiare	5
lilly	5
chiamala	5
caratteristiche	5
invidia	5
trattarmi	5
filippo	5
statistiche	5
darius	5
efficiente	5
separare	5
indovinato	5
limonata	5
sans	5
pamela	5
sbornia	5
modificare	5
arrenderti	5
bastato	5
individui	5
lara	5
flint	5
seguirlo	5
light	5
scrittrice	5
sè	5
poverina	5
sequestro	5
considerati	5
julien	5
forzato	5
ulteriore	5
ricominciato	5
mappe	5
riportarla	5
preparativi	5
limitato	5
cristiana	5
attrezzature	5
scelti	5
souvenir	5
amaro	5
circondati	5
stressante	5
avvenuta	5
yale	5
comprando	5
formiche	5
partorire	5
riserve	5
risarcimento	5
elementari	5
rilassarmi	5
angoli	5
domestici	5
felpa	5
intento	5
sdraiati	5
cary	5
schiuma	5
chimiche	5
tantissimi	5
arcobaleno	5
matteo	5
fletcher	5
trattarsi	5
crowley	5
trama	5
ricomincia	5
scrittori	5
continuerà	5
ciglio	5
spezza	5
basterà	5
scolastica	5
ei	5
donny	5
buffone	5
prue	5
insegnarti	5
feloreena	5
serate	5
alimenti	5
cerasa	5
selezione	5
fish	5
svegliarsi	5
godendo	5
accese	5
cappuccio	5
dinamite	5
numerosi	5
tardis	5
fingi	5
luminoso	5
blackout	5
cattolico	5
colpe	5
vivrai	5
dillon	5
accettabile	5
concentrarsi	5
immenso	5
cominciò	5
russe	5
picco	5
queens	5
simboli	5
quarterback	5
affido	5
brunch	5
diventero	5
spuntino	5
fermera	5
sentirei	5
oswald	5
ribellione	5
massaggi	5
budino	5
permettetemi	5
togliamo	5
scia	5
clarence	5
who	5
vesti	5
romanzi	5
ritenuto	5
mangiarlo	5
smettete	5
darla	5
bussola	5
piangeva	5
frammento	5
decollo	5
lyon	5
striscia	5
sanguinare	5
imperiale	5
operatore	5
agenzie	5
tornassi	5
sorridendo	5
binario	5
ruoli	5
lamenta	5
muto	5
eccesso	5
irlandesi	5
lamento	5
vincitori	5
addominali	5
artigli	5
allontanarsi	5
ammalato	5
reazioni	5
abbassate	5
simulazione	5
scozzese	5
condizionale	5
onestà	5
impostore	5
sposate	5
disgraziato	5
rimessa	5
quartieri	5
ricostruzione	5
pomodoro	5
accolto	5
fogli	5
riggs	5
trafficante	5
carlton	5
arrabbi	5
individuare	5
rotti	5
gridando	5
spaventarti	5
introdotto	5
provavo	5
matricola	5
prostituzione	5
piacciano	5
avanza	5
convocato	5
right	5
lamentarsi	5
sposarla	5
sportello	5
piccioni	5
isabella	5
cenato	5
rima	5
detti	5
polonia	5
difendersi	5
mancherà	5
raduno	5
aprirlo	5
rompi	5
proveniente	5
uccisione	5
graziosa	5
masticare	5
insulti	5
rivelazione	5
ricorderai	5
interi	5
ossessionata	5
cerebrali	5
herr	5
sconvolgente	5
costata	5
tradisce	5
scivolare	5
canaglia	5
promettente	5
venissero	5
tango	5
nevada	5
turk	5
stressato	5
amatoriale	5
strambo	5
esecutivo	5
rami	5
see	5
distanze	5
acquisti	5
atteso	5
theresa	5
artiglieria	5
preti	5
fissata	5
luther	5
pugile	5
yu	5
antiche	5
pompe	5
positivi	5
vicki	5
lavagna	5
mettetelo	5
suicidi	5
fermerà	5
discussioni	5
davano	5
seguaci	5
furbi	5
aspirina	5
cassidy	5
invano	5
piscio	5
scoprirà	5
pakistan	5
covo	5
lieve	5
sacerdote	5
ow	5
picchia	5
rivela	5
emmett	5
vassoio	5
attico	5
lasciassi	5
modelle	5
parassita	5
continuerai	5
muscolo	5
inseguimento	5
scanner	5
tornava	5
interpretato	5
aiutati	5
rimpianto	5
bigliettoni	5
minimamente	5
ingredienti	5
avversari	5
fatela	5
spa	5
diffuso	5
spaventi	5
fedeltà	5
priva	5
colpirmi	5
baita	5
passerò	5
sawyer	5
izzy	5
dadi	5
prestiti	5
from	5
controllati	5
barbone	5
andassimo	5
fratture	5
debbano	5
giustificare	5
fighi	5
aggeggio	5
differenze	5
paracadute	5
abbandona	5
cook	5
sopracciglia	5
tenetelo	5
dimentichiamo	5
ade	5
sicario	5
ballerino	5
piume	5
christy	5
obbedire	5
lila	5
mance	5
richiedono	5
how	5
gatta	5
catastrofe	5
biondo	5
palm	5
include	5
umiliato	5
langley	5
lavatrice	5
clinton	5
satellitare	5
commerciali	5
rintracciarlo	5
ondata	5
affronta	5
governare	5
tombe	5
arena	5
autorizzata	5
shield	5
salvando	5
concerti	5
gabi	5
culetto	5
prof	5
talenti	5
reattore	5
immediata	5
saliva	5
nani	5
conoscesse	5
riferire	5
sergio	5
prendano	5
informati	5
tasto	5
assicurero	5
guardatelo	5
limitata	5
intruso	5
goccio	5
salmone	5
sorgente	5
importasse	5
lattina	5
costiera	5
dignita	5
psicologico	5
scopriro	5
sfogo	5
esausto	5
en	5
amsterdam	5
league	5
interamente	5
fiumi	5
sperato	5
pensateci	5
drogati	5
proteine	5
viscido	5
bugiardi	5
genetico	5
tela	5
bevande	5
colloqui	5
destinata	5
dialogo	5
frego	5
telefonici	5
suocera	5
esistesse	5
santiago	5
cadde	5
raccogliendo	5
minestra	5
hassan	5
compilare	5
blocchi	5
bussato	5
daresti	5
minacciata	5
we'	5
commovente	5
rapitori	5
'e	5
preliminari	5
suvvia	5
pianti	5
zampa	5
profonde	5
tribu	5
whitney	5
testi	5
vivace	5
aumentato	5
guinzaglio	5
tendenza	5
crollato	5
dure	5
orizzonte	5
completi	5
yard	5
sottosopra	5
adottare	5
virtù	5
fibre	5
ip	5
cascata	5
acquistare	5
kensi	5
conoscerci	5
armstrong	5
meravigliose	5
abraham	5
accettiamo	5
locanda	5
polsi	5
spegnete	5
county	5
illegalmente	5
recluta	5
freezer	5
heart	5
fesso	5
cognata	5
venderla	5
ricordami	5
minorenne	5
sookie	5
scavato	5
was	5
finiranno	5
ritirarsi	5
tronco	5
nixon	5
acceleratore	5
elettricita	5
mentalmente	5
ballato	5
spettro	5
checca	5
matthews	5
miniere	5
dead	5
lisbon	5
sterling	5
rubi	5
potevate	5
alimentari	5
stallone	5
sub	5
sentirci	5
lawson	5
pregando	5
chiarito	5
scenata	5
vaniglia	5
sospesa	5
corriamo	5
bevanda	5
mannaro	5
incisione	5
volontariamente	5
infiltrato	5
radice	5
circondata	5
mars	5
town	5
lode	5
professori	5
alias	5
senior	5
pantaloncini	5
sederci	5
decimo	5
bisturi	5
concorrenti	5
sovrintendente	5
salario	5
piango	5
matrimoniale	5
diffondere	5
organizzata	5
ziva	5
terminare	5
scansione	5
vincendo	5
rilassarsi	5
spaventando	5
duchessa	5
serra	5
dispositivi	5
lontane	5
russ	5
morirete	5
posticino	5
telefonico	5
snob	5
catering	5
disk	5
reclamo	5
atomica	5
lasciarsi	5
sfuggita	5
lavoreremo	5
napoleone	5
dopodiche	5
guidatore	5
condannati	5
figure	5
soia	5
burton	5
sedili	5
coroner	5
pento	5
schiacciato	5
gemello	5
storiella	5
esito	5
genero	5
tirarla	5
diga	5
ascoltarti	5
specchi	5
lasciò	5
venduti	5
forchetta	5
not	5
palloncini	5
sorvegliare	5
manderanno	5
artistico	5
parlassi	5
strato	5
sistemiamo	5
aiuteranno	5
chiedessi	5
pargolo	5
sanguina	5
spiare	5
penitenziario	5
tossici	5
previsioni	5
esplosioni	5
seal	5
rimpianti	5
interpol	5
combattente	5
scorrere	5
riservate	5
bloom	5
karaoke	5
bilancio	5
aggiunta	5
freghi	5
take	5
risolveremo	5
perderò	5
pneumatici	5
skipper	5
diabete	5
gigantesco	5
universale	5
liberate	5
lina	5
felicity	5
prendetevi	5
mascella	5
draghi	5
vestire	5
piselli	5
orfani	5
apollo	5
sopporta	5
tobias	5
aghi	5
creek	5
lucious	5
triplo	5
millimetri	5
slogan	5
eccita	5
beck	5
diventeremo	5
apertamente	5
cambiarlo	5
rendiamo	5
comportano	5
indossano	5
aurora	5
poteste	5
calde	5
connesso	5
live	5
polmone	5
console	5
finanze	5
feroce	5
stagno	5
pigro	5
malvagi	5
jax	5
evasione	5
buddha	5
sposti	5
penne	5
raccogli	5
funzionario	5
morbido	5
cercavamo	5
influenzare	5
ko	5
ariel	5
basti	5
abbondanza	5
rubrica	5
cambiarti	5
specialita	5
cercheranno	5
rimorchiare	5
mostrarvi	5
vinciamo	5
traiettoria	5
richmond	5
motivazione	5
bikini	5
pozione	5
reality	5
bontà	5
cruciale	5
gradirei	5
mangeremo	5
caramella	5
confidenziale	5
proporre	5
bussa	5
chiavetta	5
manderemo	5
spiccioli	5
aprono	5
societa'	5
indice	5
subs	5
fs30	5
risolviamo	5
poveretto	5
consentito	5
attaccando	5
musulmani	5
lanci	5
moriamo	5
dimesso	5
prototipo	5
desolato	5
volessero	5
chemio	5
tuono	5
ricoperto	5
facevate	5
aiutante	5
invia	5
informatico	5
cosce	5
walsh	5
permessi	5
liza	5
prevenire	5
fiocchi	5
baciati	5
risolve	5
contribuito	5
imbecilli	5
ragiona	5
startene	5
scheletro	5
specifica	5
elettori	5
nascondo	5
fuggitivo	5
fire	5
cipolle	5
bottoni	5
continuero	5
sigari	5
dogana	5
banane	5
ethel	5
carote	5
maniche	5
accorga	5
cofano	5
mancante	5
riuscissimo	5
respirazione	5
riuscirete	5
prendessi	5
cometa	5
yoo	5
riformatorio	5
pagamenti	5
scantinato	5
insegnano	5
fotocamera	5
urlano	5
fondamentalmente	5
trionfo	5
tormento	5
lascerei	5
part-time	5
frustrante	5
vivremo	5
jr	5
golfo	5
comprarti	5
manipolare	5
passarmi	5
galline	5
dottorato	5
meta'	5
capivo	5
lu	5
precauzione	5
fateci	5
effrazione	5
colpevolezza	5
seol	5
gallagher	5
muta	5
cambieranno	5
anders	5
risparmio	5
goblin	5
caffetteria	5
riferivo	5
intuizione	5
stiles	5
procedi	5
wright	5
mettervi	5
pannello	5
sovietica	5
aragosta	5
avviare	5
mantenete	5
vago	5
furiosa	5
palcoscenico	5
cibi	5
design	5
strutture	5
fondato	5
vargas	5
arrestarlo	5
permettono	5
esterna	5
fncomic	5
successi	5
usarli	5
trovino	5
brodo	5
penelope	5
matura	5
uccidersi	5
presuntuoso	5
scura	5
trovarvi	5
butler	5
shelley	5
have	5
stanford	5
bidone	5
here	5
clone	5
asia	5
camminata	5
aspettatemi	5
scappo	5
hospital	5
accompagnata	5
chiamerai	5
cookie	5
riempie	5
secchi	5
columbia	5
marino	5
seguiti	5
femminili	5
rappresentano	5
ecografia	5
esplode	5
andammo	5
pensavate	5
accelerare	5
riposarti	5
lavoratore	5
atleti	5
proceda	5
modifiche	5
tragica	5
proveremo	5
crederà	5
leggende	5
omega	5
uccideremo	5
provenienti	5
milton	5
gattino	5
otis	5
convincerti	5
orrenda	5
riparato	5
week	5
evadere	5
polpette	5
sky	5
sobria	5
trump	5
informatica	5
avanzare	5
trey	5
lettore	5
scorciatoia	5
ottengo	5
tragitto	5
innocuo	5
fotografico	5
compromessi	5
jody	5
regia	5
codardi	5
arturo	5
diventasse	5
dolcetti	5
joanna	5
mettiamola	5
chanel	5
lockhart	5
martinez	5
nomina	5
stupefacente	5
school	5
percepisco	5
camice	5
rivivere	5
impazziti	5
videocamere	5
hawkins	5
stanton	5
evie	5
paris	5
ragni	5
visibile	5
forense	5
lavoravano	5
fattorino	5
succhiare	5
camerino	5
verificato	5
fiammiferi	5
consapevolezza	5
aubrey	5
pazze	5
imbarazzato	5
brilla	5
michel	5
industrie	5
riuscisse	5
gong	5
perquisire	5
uccidete	5
mandarla	5
ricevete	5
hastings	5
calcolo	5
comportamenti	5
w	5
leah	5
crichton	5
voltati	5
bin	5
cora	5
magnetica	5
sessanta	5
convinzione	5
patterson	5
svolto	5
disney	5
insisti	5
soccorsi	5
tori	5
quotidiano	5
barb	5
reddington	5
decina	5
nasconderci	5
esaurimento	5
zoccola	5
astinenza	5
over	5
barrett	5
marchi	5
assaggiato	5
sposerai	5
testare	5
ascoltarla	5
scusarci	5
coscia	5
arriverai	5
acquistato	5
sentirtelo	5
problemino	5
ferirti	5
saprete	5
promemoria	5
dormivo	5
weaver	5
diventiamo	5
convince	5
pannolino	5
mississippi	5
sissignora	5
eliot	5
stacey	5
incasinata	5
occuparmene	5
buste	5
mettili	5
vinca	5
sogna	5
gioventù	5
parassiti	5
stringi	5
statemi	5
notiziari	5
spenta	5
registrando	5
finirò	5
tremare	5
fast	5
accende	5
affermativo	5
orientamento	5
ripostiglio	5
sentendo	5
bolla	5
natasha	5
mateo	5
parrucchiere	5
chet	5
installato	5
diamond	5
ideali	5
diverti	5
billie	5
voialtri	5
lecca	5
cresci	5
status	5
distruggerlo	5
ball	5
tornò	5
giuri	5
colpirlo	5
rischiando	5
mangiati	5
blues	5
prelevato	5
cessate	5
causando	5
supremo	5
shot	5
two	5
sci	5
provava	5
riconoscente	5
liquori	5
fisici	5
scotta	5
gerry	5
superata	5
diamogli	5
vociare	5
montana	5
can'	5
stereo	5
porsche	5
alcolizzato	5
illuminazione	5
impotente	5
rientrato	5
frederick	5
portiamolo	5
ottanta	5
quinte	5
macchiato	5
approfittare	5
eduardo	5
camicie	5
botto	5
prestarmi	5
indistinto	5
hm	5
avercela	5
odino	5
vestirmi	5
veder	5
crepa	5
lasciarvi	5
divisi	5
fregatura	5
dotato	5
benson	5
bussano	5
piantare	5
severo	5
morty	5
novellino	5
volontariato	5
costosi	5
groot	5
protegga	5
riguardava	5
dolorosa	5
sbarazzarsi	5
giocate	5
riusciranno	5
dimentichero	5
balia	5
manifestazione	5
filmare	5
în	5
ferguson	5
decisa	5
stimato	5
disarmato	5
vetrina	5
bird	5
tagliati	5
miglioramento	5
cautela	5
beta	5
portavoce	5
incosciente	5
offrirvi	5
riceviamo	5
vigile	5
raj	5
oregon	5
luisa	5
attratta	5
paghera	5
dilettante	5
marianne	5
oscuri	5
benedetta	5
inaspettato	5
pazzoide	5
polizza	5
dolly	5
pappagallo	5
oltrepassato	5
decorazioni	5
cappuccino	5
linus	5
volermi	5
vertigini	5
tendono	5
fornisce	5
diarrea	5
terreni	5
direte	5
gettate	5
ernesto	5
justine	5
avvelenamento	5
boyle	5
impressionato	5
qualificato	5
fondatore	5
presunto	5
sully	5
rapitore	5
giurati	5
casalinga	5
affittare	5
richiama	5
ketchup	5
portafortuna	5
jerome	5
pi	5
prigioni	5
tradendo	5
spaccare	5
proteggi	5
daffodils	5
parcheggiata	5
rifornimento	5
accogliente	5
addice	5
accoglienza	5
esteri	5
drammatico	5
lindsey	5
interviste	5
drammatica	5
concorrente	5
sang	5
betsy	5
qualcosina	5
concentriamoci	5
infilare	5
matrigna	5
iii	5
pentito	5
pallina	5
nervosi	5
collera	5
lennox	5
london	5
spogliatoio	5
collare	5
uscivo	5
fregata	5
reagisce	5
imbrogliato	5
es	5
pizzico	5
prince	5
suore	5
sposeremo	5
commozione	5
monti	5
imitazione	5
iron	5
comprano	5
clayton	5
dark	5
adele	5
arca	5
apprendista	5
urli	5
divertiamo	5
dirigenti	5
eleganti	5
sviluppi	5
opposta	5
avvicinarmi	5
rap	5
chimici	5
sierra	5
general	5
rinuncia	5
spence	5
volontaria	5
detonatore	5
gradito	5
incontrano	5
ventre	5
mercurio	5
hipopo	5
mon	5
irresponsabile	5
ignoranza	5
disperati	5
fornitore	5
josie	5
alma	5
shampoo	5
illinois	5
inciso	5
ricordava	5
prepariamo	5
combinare	5
operaio	5
cartoni	5
componenti	5
chiamerà	5
sentissi	5
segretamente	5
parametri	5
processi	5
cristalli	5
rover	5
ucciderei	5
borghese	5
tasha	5
spaventarmi	5
make	5
plausibile	5
televisore	5
deliziosi	5
sesta	5
wanda	5
implica	5
bleah	5
accorti	5
assurde	5
pala	5
sfido	5
gamberi	5
sti	5
butch	5
jasmine	5
coyote	5
prendevo	5
divieto	5
condividiamo	5
continuera	5
polie'	5
stewie	5
combacia	5
saltiamo	5
prenotare	5
desideravo	5
arrivassi	5
vance	5
calmarmi	5
riservatezza	5
vitamine	5
panda	5
davo	5
nova	5
sovrano	5
magistrato	5
giriamo	5
assicurazioni	5
terrence	5
pacchi	5
stà	5
consideralo	5
finge	5
kentucky	5
giulio	5
onu	5
esistito	5
creati	5
carogna	5
costera	5
scordare	5
station	5
concreto	5
protettore	5
demgirl	5
protocolli	5
vergognarsi	5
siringa	5
flirtare	5
compatibile	5
scarafaggi	5
call	5
geme	5
confezione	5
travestito	5
olandese	5
woods	5
imbattuto	5
conosciute	5
determinazione	5
sex	5
combattono	5
forzare	5
temporaneamente	5
mollo	5
sant'	5
attira	5
migliora	5
potersi	5
invita	5
negligenza	5
pescatore	5
dude	5
colpiscilo	5
scampo	5
messicana	5
fuorilegge	5
lars	5
ginny	5
scriverò	5
ducky	5
diplomatico	5
tazze	5
interventi	5
want	5
union	5
boo	5
arreso	5
approfittato	5
fotte	5
compriamo	5
cricket	5
attenda	5
riprendi	5
negarlo	5
solida	5
sintomo	5
brivido	5
orlando	5
satelliti	5
ambizioso	5
sudare	5
giustiziato	5
avviene	5
citato	5
desse	5
aldo	5
margine	5
effettuare	5
cariche	5
indispensabile	5
cimici	5
farglielo	5
warner	5
tomas	5
dolcemente	5
sputare	5
compratore	5
sottoposto	5
urlava	5
oculare	5
rubo	5
metterebbe	5
gestisco	5
responsabilita'	5
phyllis	5
annunci	5
bruciati	5
chiamerei	5
partecipazione	5
ingiustizia	5
antidroga	5
ripete	5
apparenza	5
paranoia	5
intellettuale	5
futuri	5
ditelo	5
never	5
assume	5
tonto	5
miliardario	5
banks	5
licenzio	5
arrenditi	5
colpiscimi	5
dimenticando	5
consolato	5
intere	5
faith	5
terminale	5
fissi	5
lavati	5
miriam	5
fratellanza	5
preziosi	5
atlantic	5
ampio	5
hola	5
aspirapolvere	5
parolacce	5
calcolato	5
scoparti	5
stronze	5
kyung	5
barella	5
power	5
nega	5
fiscale	5
riuscirebbe	5
fuller	5
grady	5
cottage	5
assurdità	5
distrarre	5
grimm	5
cavarsela	5
henri	5
mangiata	5
rendete	5
testicoli	5
cene	5
corone	5
fardello	5
specializzato	5
ottavo	5
fondamenta	5
giovanile	5
bad	5
disturbata	5
figliola	5
sediamo	5
lavo	5
trasferirti	5
letta	5
dannate	5
sabine	5
freschi	5
circonda	5
timone	5
spine	5
scriverlo	5
spagnola	5
stagista	5
toilette	5
chiamera	5
newton	5
andarono	5
camelot	5
funerali	5
potervi	5
stancato	5
let	5
barile	5
schiaffi	5
arrivava	5
ferri	5
marcy	5
lente	5
cochrane	5
selfridge	5
iscrizione	5
fonda	5
francesco	5
equivoco	5
testata	5
perbacco	5
greci	5
veranda	5
rae	5
pagarti	5
solleva	5
connecticut	5
abbaia	5
vendicare	5
fae	5
offriamo	5
precauzioni	5
fanny	5
incontrerai	5
unisce	5
giretto	5
volle	5
scivolato	5
comprerò	5
fidavo	5
fragole	5
potercela	5
vasta	5
dora	5
assicuri	5
spegnilo	5
lobo	5
preoccupano	5
fuggiti	5
riportata	5
rifornimenti	5
picard	5
cespugli	5
nadine	5
oltrepassare	5
abbassato	5
casella	5
wi-fi	5
monta	5
spiegherò	5
molli	5
chester	5
dino	5
annoiato	5
riprende	5
oltretutto	5
torri	5
muovete	5
trasmettitore	5
intrusione	5
guardiani	5
stargli	5
porci	5
offrirmi	5
magici	5
leila	5
blaine	5
tormenta	5
bistecche	5
enigma	5
angoscia	5
wraith	5
normalita	5
fattura	5
dwayne	5
esterni	5
parlasse	5
hyung	5
venderlo	5
sanders	5
ridammelo	5
rappresento	5
pianificare	5
gesso	5
scoprirò	5
stampato	5
delia	5
intervallo	5
partorito	5
fondamentali	5
rese	5
torti	5
gelati	5
buffy	5
inventando	5
perdermi	5
rimarro	5
spacciato	5
posseduto	5
fighetta	5
cenno	5
blur	5
gala	5
investigare	5
vestirti	5
buttarmi	5
sistemazione	5
morde	5
fermeremo	5
fermatelo	5
istinti	5
norvegia	5
prevedibile	5
winter	5
esaminando	5
troietta	5
definitivo	5
pride	5
sentir	5
affezionato	5
andresti	5
viaggiatore	5
gratuito	5
procedimento	5
mariana	5
seanma	5
inclusi	5
classifica	5
facemmo	5
dividerci	5
berretto	5
off	5
budella	5
riflettori	5
recitato	5
precise	5
separato	5
cannella	5
bmw	5
perkins	5
spostata	5
sfide	5
ramon	5
accettata	5
dormiamo	5
spararti	5
tappo	5
socia	5
chiamarli	5
coop	5
dosi	5
hara	5
liberarci	5
adorata	5
vagone	5
wong	5
filtro	5
cipolla	5
cioccolatini	5
intralcio	5
altoparlante	5
guardali	5
karev	5
suicidarsi	5
frequenze	5
aviazione	5
manifesto	5
confessa	5
imploro	5
sottufficiale	5
trattiene	5
illusioni	5
sopportato	5
seccatura	5
fratellone	5
esclusivamente	5
andrews	5
rocco	5
phillips	5
sedativo	5
fregarmi	5
aggiungi	5
giardini	5
centomila	5
ghetto	5
versare	5
dovermi	5
wrestling	5
difensiva	5
finiro	5
trovarono	5
distratta	5
lucifero	5
mirtilli	5
minacciare	5
favole	5
occuperà	5
ricardo	5
vela	5
vienna	5
sbatte	5
vivrà	5
trucchetto	5
allie	5
riusciresti	5
trovò	5
colleen	5
testimoniato	5
noiosi	5
immaginario	5
servitore	5
prepotente	5
scelga	5
grassone	5
reti	5
saliamo	5
sentivi	5
mackenzie	5
vasi	5
consegni	5
creano	5
alleluia	5
meritiamo	5
rimandato	5
arruolato	5
damian	5
dinosauro	5
navale	5
apprezziamo	5
bethany	5
liquidi	5
scioccante	5
schizzi	5
morse	5
considerate	5
catturati	5
affondare	5
villaggi	5
trasformando	5
giovanna	5
lang	5
fartela	5
frontale	5
kirsten	5
amnesia	5
spilla	5
pagheranno	5
gerusalemme	5
avvolto	5
toccherà	5
tesserino	5
au	5
proposte	5
sdraiato	5
quadrante	5
compresi	5
asse	5
sherry	5
iniziarono	5
verra'	5
asiatico	5
venirci	5
vibrazioni	5
sostengono	5
parziale	5
attivi	5
nasconditi	5
lesione	5
stressata	5
barra	5
springfield	5
correva	5
conducente	5
importato	5
morirono	5
chin	5
cresta	5
consulenza	5
rilassato	5
orme	5
ammiratore	5
fateli	5
calcagna	5
lucille	5
trattenermi	5
scesi	5
ada	5
quadrato	5
pressi	5
argo	5
rimettiti	5
scatta	5
ecstasy	5
lizzy	5
portateli	5
bibite	5
bicchierino	5
controllarmi	5
bisognerebbe	5
greta	5
abed	5
coniglietto	5
suocero	5
propaganda	5
melodia	5
neo	5
kimmy	5
combattimenti	5
isubs	5
drama	5
font	5
capiva	5
jensen	5
portavo	5
cosmo	5
dote	5
estinzione	5
squilli	5
fiasco	5
raven	5
resistente	5
rilassante	5
totò	5
gate	5
movies	5
leonardo	5
ex-moglie	5
rubinetto	5
edmund	5
multe	5
nossignore	5
supervisione	5
zane	5
cardiaca	5
scatti	5
stringe	5
sbatto	5
guarita	5
disperso	5
said	5
corrotti	5
pappa	5
diverto	5
ay	5
felicemente	5
spiacerebbe	5
prepararci	5
aiutate	5
prelevare	5
gerard	5
maledette	5
semaforo	5
provalo	5
scapolo	5
delfino	5
aggressiva	5
allergia	5
finzione	5
spagnoli	5
cory	5
travaglio	5
festeggiando	5
rifatto	5
scosso	5
peggiorato	5
famose	5
colombia	5
proiezione	5
haskell	5
calligrafia	5
ammirare	5
food	5
attaccate	5
umido	5
determinata	5
melinda	5
ammalata	5
poveraccio	5
abbassati	5
guastafeste	5
predatore	5
addestrati	5
staresti	5
beveva	5
bass	5
regalino	5
salvate	5
allontana	5
repubblicani	5
lisina	5
nono	5
festeggiato	5
oltraggio	5
significativo	5
hangar	5
sofisticato	5
cash	5
paesaggio	5
indifferente	5
benda	5
cancellata	5
residenti	5
tornai	5
portassi	5
universitario	5
suggerire	5
datevi	5
balene	5
dopodiché	5
tavoletta	5
asma	5
sopravvive	5
contraria	5
amicizie	5
esilio	5
terminata	5
puntura	5
camilla	5
smarrito	5
strappare	5
assi	5
nat	5
spostiamo	5
incantesimi	5
trascinata	5
sepolti	5
elias	5
jorge	5
novanta	5
frusta	5
harley	5
occuparsene	5
concentri	5
allan	5
cinquemila	5
licenziarmi	5
ricordatelo	5
sistemeremo	5
offrono	5
scaricata	5
orsacchiotto	5
trimestre	5
danneggiare	5
invisibili	5
gancio	5
luminosa	5
vini	5
batteri	5
lasciarle	5
elettrici	5
coinvolte	5
jed	5
sfamare	5
trudy	5
kristen	5
quaderno	5
orfano	5
scacco	5
ammette	5
curry	5
bottega	5
lieti	5
rango	5
pulisco	5
donazioni	5
rubano	5
orale	5
farfalle	5
carichi	5
skye	5
convulsioni	5
espansione	5
ohh	5
oprah	5
doti	5
magazzini	5
devozione	5
meschino	5
scopando	5
sensibili	5
ugh	5
caviglie	5
razzi	5
boone	5
funzionerebbe	5
lampadina	5
rilevare	5
angus	5
puntando	5
fighe	5
tremando	5
disoccupato	5
sorprendentemente	5
hyde	5
ferme	5
jd	5
strettamente	5
scriveva	5
mattine	5
siobhan	5
intrattenimento	5
vulnerabili	5
riteniamo	5
cantava	5
trovami	5
rapinare	5
beatles	5
raccolti	5
riprenderti	5
cantiamo	5
avvenire	5
playboy	5
sciocchi	5
azzardare	5
card	5
gru	5
poppy	5
raylan	5
diventeranno	5
rompo	5
deduco	5
savannah	5
frullato	5
rivali	5
reclute	5
credera	5
imbarazzata	5
parrocchia	5
piaga	5
inizialmente	5
raccontarti	5
interrompo	5
riprendera	5
abel	5
riparazioni	5
acustico	5
equo	5
vestirsi	5
rod	5
fernando	5
plancia	5
invecchiare	5
seguiva	5
spesi	5
morsa	5
culto	5
winchester	5
percepire	5
accompagnarti	5
maschietto	5
imprenditore	5
shay	5
churchill	5
adriana	5
sfondato	5
bullo	5
cobra	5
starne	5
credessi	5
definisce	5
somiglianza	5
spock	5
carmela	5
buttalo	5
margarita	5
tarda	5
percorrere	5
liberta'	5
saro'	5
tattiche	5
ripensato	5
smetterai	5
eccitazione	5
toglierlo	5
leccare	5
insultato	5
penserebbe	5
kayla	5
hostess	5
sereno	5
mei	5
pregiudizi	5
dicevamo	5
lurido	5
combattenti	5
be1	5
squartatore	5
genitali	5
bambolina	5
trarre	5
rampa	5
thea	5
allenato	5
sospettata	5
maghi	5
facciata	5
tute	5
suggerendo	5
sarcasmo	5
numerose	5
crediti	5
confusi	5
spregevole	5
dimostrano	5
ascoltiamo	5
integrita	5
fluido	5
pipistrello	5
say	5
hazel	5
sugar	5
riprendo	5
scalare	5
verdura	5
sorda	5
timer	5
mountain	5
ss	5
kono	5
sepoltura	5
finanziare	5
boys	5
riprenditi	5
mannaggia	5
convoglio	5
maryland	5
trattati	5
cercatore	5
ebbi	5
katy	5
boia	5
mulo	5
nemica	5
polacco	5
heidi	5
associato	5
sensitivo	5
simpatia	5
oui	5
inno	5
otterrai	5
tappa	5
caterina	5
hawk	5
emesso	5
lavarti	5
finti	5
dax	5
giunti	5
dutch	5
best	5
fibra	5
eileen	5
ricoverato	5
enzo	5
pisciato	5
consulto	5
guidata	5
innumerevoli	5
creativa	5
trovarle	5
lusingato	5
lavoravi	5
quarti	5
occupate	5
st	5
sposerò	5
rischiamo	5
igiene	5
riportarti	5
talbot	5
fermano	5
marjorie	5
rovinarmi	5
romanticismo	5
funebri	5
sistemarlo	5
chiodi	5
appartieni	5
sciolto	5
caveremo	5
assassinata	5
allegria	5
cattiveria	5
monastero	5
dicano	5
continuando	5
remoto	5
'giorno	5
veterano	5
riceverai	5
decker	5
springs	5
crederanno	5
testarda	5
ritrovati	5
magiche	5
eminenza	5
salvarsi	5
sharpe	5
vitello	5
quiz	5
spente	5
circuiti	5
procedete	5
ripagare	5
paralizzato	5
parchi	5
contato	5
lopez	5
acquario	5
emilio	5
apple	5
carver	5
canestro	5
riparliamo	5
menù	5
buttate	5
immobili	5
brevi	5
girava	5
coprendo	5
confido	5
sistemando	5
privilegi	5
ignora	5
apprezza	5
anestesia	5
frequentando	5
lavarmi	5
sondaggi	5
collaterale	5
saggi	5
moya	5
vagamente	5
ringraziato	5
recensione	5
minatori	5
presumibilmente	5
cox	5
passeggiare	5
noce	5
rinuncio	5
lettori	5
sinclair	5
rimarremo	5
anticipato	5
palazzi	5
scioccato	5
traumi	5
ice	5
rappresentanti	5
len	5
protetti	5
rimarrò	5
sbagliano	5
amorevole	5
pauline	5
basterebbe	5
hillary	5
scoprite	5
delirio	5
nuca	5
chat	5
inversione	5
canne	5
vele	5
consumato	5
lorraine	5
effettuato	5
violare	5
firmo	5
agonia	5
poterle	5
pinguino	5
funzionasse	5
protesi	5
potenzialmente	5
marsh	5
palline	5
chambers	5
intercettato	5
soluzioni	5
bruciate	5
asciutto	5
insegnando	5
tram	5
trasferisco	5
chiarachi	5
confondere	5
licenziamento	5
raffinato	5
alunni	5
correggere	5
fresche	5
appesa	5
ste	5
pianificando	5
sentisse	5
incoraggiamento	5
portarono	5
pensino	5
autentica	5
severa	5
lux	5
ufo	5
condominio	5
sediamoci	5
dilettanti	5
fredde	5
ricette	5
abbracciami	5
perdera	5
capricci	5
away	5
patteggiamento	5
elmo	5
grove	5
tagliate	5
agitazione	5
ryder	5
alimentazione	5
coulson	5
ustioni	5
automaticamente	5
volanti	5
tirami	5
bis	5
minuscolo	5
cate	5
floyd	5
fluidi	5
arroganza	5
arrabbia	5
chiamavo	5
compiuta	5
montato	5
sperava	5
mattone	5
retto	5
ampia	5
possiedi	5
ike	5
conciato	5
aeroplano	5
sciogliere	5
preoccupante	5
break	5
abbassi	5
dicendomi	5
adeguato	5
convention	5
transizione	5
hackerato	5
mix	5
iniziai	5
altronde	5
favorevole	5
rhonda	5
meteo	5
insolita	5
avvelenata	5
perderà	5
stalin	5
jang	5
comprarlo	5
occupano	5
stacco	5
perquisito	5
economici	5
cliniche	5
pappone	5
disattivato	5
sistemati	5
ripensarci	5
deceduto	5
sintonia	5
piaciuti	5
peccatori	5
soddisfatti	5
vestaglia	5
lodato	5
vendicatori	5
somigli	5
trafficanti	5
navigazione	5
alabama	5
dormita	5
freya	5
sudato	5
ficcare	5
geoffrey	5
company	5
fabbro	5
picchi	5
stregoneria	5
oklahoma	5
luthor	5
picchiava	5
cretini	5
uni	5
cortese	5
maddy	5
sauna	5
pensata	5
girate	5
distribuire	5
nutre	5
referenze	5
truman	5
richards	5
scoparmi	5
people	5
copri	5
marissa	5
radicale	5
dov	5
interessare	5
pe	5
interne	5
candidatura	5
spunta	5
adatti	5
tagliamo	5
tree	5
sergei	5
compromessa	5
ingegneri	5
sguardi	5
evaso	5
fargo	5
giace	5
argentina	5
agguato	5
governante	5
indipendentemente	5
predatori	5
virtuale	5
contati	5
pipa	5
mulino	5
turista	5
praga	5
aiutino	5
rivedrai	5
philippe	5
crederesti	5
esclusivo	5
reno	5
stamane	5
muffa	5
yuan	5
margherita	5
julius	5
freddi	5
monaci	5
allontanarti	5
ammasso	5
dame	5
harbor	5
nascondeva	5
bono	5
tenera	5
tirocinante	5
suggerimenti	5
palmo	5
chiederanno	5
conoscevamo	5
alleviare	5
dakota	5
scasso	5
succhia	5
kgb	5
hardy	5
composta	5
condannata	5
testimonianze	5
usavano	5
contenimento	5
vito	5
shaun	5
daryl	5
cucire	5
millie	5
taverna	5
giocavo	5
distrutte	5
santuario	5
chiederà	5
snow	5
nino	5
labbro	5
elite	5
adoravo	5
swat	5
ripeta	5
guardaci	5
tesorino	5
catalogo	5
tracciato	5
coltivare	5
prodigio	5
invaso	5
stand	5
elise	5
odori	5
humphrey	5
passaggi	5
mediocre	5
cuffie	5
raggiungerlo	5
intermediario	5
marcello	5
aggiornamenti	5
peperoncino	5
buckley	5
infastidisce	5
specifiche	5
ristretto	5
repubblicano	5
sputato	5
lavata	5
iniziera	5
tramando	5
manning	5
finiamola	5
geoff	5
space	5
dissanguato	5
contribuire	5
mascotte	5
avvistato	5
ulteriormente	5
orson	5
schifezze	5
soffocare	5
layla	5
inserviente	5
piazzare	5
fitzgerald	5
fidata	5
padella	5
estiva	5
luciano	5
obbiettivo	5
biondi	5
mostrero	5
olga	5
multiple	5
bluffando	5
vile	5
incontrate	5
classici	5
moccioso	5
esercitare	5
rifugiati	5
resurrezione	5
manoscritto	5
terrai	5
major	5
teppista	5
grandissima	5
gi0v3	5
scrivero	5
marley	5
settima	5
presidenziale	5
preferirebbe	5
scellini	5
brothers	5
chirurghi	5
keen	5
superarlo	5
aura	5
cadillac	5
permetterlo	5
percezione	5
difendendo	5
vendeva	5
consolazione	5
wang	5
mccarthy	5
stabili	5
aiutateci	5
bette	5
curve	5
ascoltata	5
bri	5
por	5
scrivono	5
dispensa	5
scongiuro	5
arrivarono	5
nutrire	5
ctu	5
contatta	5
hydra	5
fraintendermi	5
mirino	5
bronx	5
strafatto	5
rollins	5
isolata	5
chiediglielo	5
bastoni	5
insufficienza	5
affermare	5
gamberetti	5
scatenare	5
burrito	5
tirocinio	5
riunire	5
ricche	5
tetta	5
sbarra	5
fà	5
amati	5
dirigo	5
nashville	5
stein	5
lotte	5
inviata	5
fedelta	5
resteranno	5
trattative	5
stronzetta	5
vittorie	5
attivita'	5
intendere	5
volerti	5
herb	5
portello	5
tossica	5
shanghai	5
cohen	5
preferiscono	5
tagliando	5
penali	5
cinquecento	5
obbligati	5
bolletta	5
ricovero	5
carolyn	5
televisiva	5
vincerà	5
garza	5
decollare	5
ragioniere	5
motivazioni	5
sperimentale	5
stuprato	5
rettore	5
psicopatica	5
offendere	5
cracker	5
appendere	5
carota	5
commessi	5
salutato	5
mordere	5
eventuali	5
tubature	5
buttando	5
sottovalutato	5
nervo	5
graffi	5
fisiche	5
ricorderò	5
partiremo	5
fragola	5
missy	5
sheppard	5
monumento	5
masters	5
andassero	5
allontanarmi	5
pugnalata	5
aigoo	5
appartengo	5
guardavi	5
spegne	5
seoul	5
gracias	5
caffeina	5
capre	5
landry	5
interrogando	5
pessime	5
gaby	5
promuovere	5
vocazione	5
giostra	5
fantascienza	5
cloud	5
eleganza	5
riduce	5
distruggi	5
khaled	5
cominceremo	5
gufo	5
seni	5
risentimento	5
perverso	5
immunita	5
devoto	5
riceverà	5
buttarti	5
scaffale	5
grand'	5
potra'	5
salutami	5
complessa	5
intatto	5
alcolista	5
aggiornata	5
rivincita	5
herman	5
felicissima	5
village	5
fallita	5
lavon	5
vescica	5
aneurisma	5
wars	5
milionario	5
sailor	5
esisteva	5
maligno	5
riparazione	5
broncio	5
tutor	5
dubitato	5
trattenendo	5
schifosi	5
bancari	5
sognavo	5
sparami	5
camminiamo	5
dall	5
malik	5
mercenari	5
autorizzati	5
wagner	5
lillian	5
conveniente	5
raccomandazione	5
quote	5
biopsia	5
comparsa	5
corrompere	5
trofei	5
instagram	5
morrison	5
gesti	5
apprezzerei	5
risoluzione	5
bunny	5
modifica	5
vin	5
alcolisti	5
permetterà	5
vota	5
skinner	5
auggie	5
promettimelo	5
chiudono	5
colposo	5
rimetto	5
liste	5
impianti	5
uncino	5
alzheimer	5
toccano	5
fategli	5
soffrono	5
calzino	5
ventiquattro	5
barre	5
assaggia	5
scoppia	5
palloncino	5
gel	5
bettaro	5
sveglierai	5
subtitles	5
litighiamo	6
algoritmo	6
sfondare	6
margo	6
litigano	6
interferenza	6
riprenderà	6
reginetta	6
sorpresi	6
fottute	6
sassi	6
bowl	6
porterebbe	6
centralino	6
porzione	6
yun	6
martire	6
scrupoli	6
informatori	6
inizierà	6
riposando	6
affermazione	6
brine-chan	6
rosen	6
allettante	6
musa	6
parecchia	6
impedirlo	6
pepper	6
sembriamo	6
garden	6
ainhoa	6
cavera	6
ping	6
passeranno	6
congegno	6
portasse	6
piccione	6
procurarmi	6
dedizione	6
ascoltano	6
moe	6
mayday	6
assedio	6
disonore	6
yakuza	6
anca	6
registrati	6
confonde	6
controllarti	6
whoo	6
echo	6
predicatore	6
quercia	6
metanfetamina	6
pidocchi	6
turba	6
polare	6
lucida	6
robbins	6
caverà	6
tito	6
peggiora	6
camp	6
maine	6
britannica	6
alfie	6
cenerentola	6
iniezioni	6
progettando	6
fargliela	6
uccidervi	6
funzionari	6
follemente	6
fumetto	6
cor	6
rovesciato	6
equazione	6
controllarla	6
rivedervi	6
laureata	6
eliza	6
salvarli	6
hobbs	6
sunbae	6
elefanti	6
riflessi	6
apparenze	6
zeus	6
cacciando	6
sospettare	6
locke	6
hoffman	6
willis	6
place	6
trecento	6
offensiva	6
gino	6
nonnina	6
cotton	6
aye	6
convincerli	6
godermi	6
funzionante	6
suicidata	6
marnie	6
pawnee	6
vaticano	6
votazione	6
infettato	6
security	6
colombo	6
talin68	6
chiameranno	6
sbronzo	6
crudeli	6
walden	6
cadute	6
insegnamento	6
firmata	6
tirano	6
imbrogliare	6
autori	6
idromassaggio	6
avviato	6
annoio	6
accensione	6
weston	6
silvia	6
composizione	6
localizzatore	6
anomalie	6
astronauti	6
traditrice	6
sanitario	6
suor	6
aspettassi	6
mangiava	6
pulci	6
terranno	6
impeccabile	6
estremi	6
pittsburgh	6
conor	6
tenerle	6
chiamarsi	6
bazgaz	6
punk	6
seghe	6
piuma	6
avvicinano	6
topolino	6
alvin	6
sterile	6
coccodrillo	6
capirebbe	6
allievo	6
foreman	6
annegato	6
dewey	6
caratteristica	6
shea	6
onorata	6
mabel	6
vecchietto	6
felicia	6
sfidato	6
scambi	6
ovvia	6
collasso	6
ringrazi	6
esilarante	6
deviazione	6
rendeva	6
thatcher	6
erta	6
calorie	6
dracula	6
tabella	6
mondiali	6
salviamo	6
feto	6
fasi	6
rari	6
global	6
apparizione	6
saldo	6
trattando	6
franky	6
louisiana	6
pennello	6
uscirò	6
cercherà	6
as	6
cherry	6
fermalo	6
impiegata	6
line	6
lascerebbe	6
prevista	6
byron	6
stefano	6
starsene	6
escort	6
schiacciare	6
perdonate	6
cuor	6
scoppiata	6
plaza	6
prendeteli	6
vivevamo	6
strati	6
accogliere	6
turtle	6
obiezioni	6
sbagliava	6
imbarco	6
ingoiato	6
music	6
chiedersi	6
detriti	6
commettendo	6
direbbero	6
terroristico	6
emerson	6
seguirla	6
pedofilo	6
franz	6
buttarlo	6
piegare	6
robe	6
faccino	6
fidava	6
cascato	6
sfiga	6
richiedo	6
perderei	6
buia	6
ju	6
antenna	6
mckay	6
registra	6
gabby	6
azzurri	6
carroll	6
disaccordo	6
ritrova	6
caffe'	6
cretina	6
semmai	6
logo	6
spirale	6
dilemma	6
ambito	6
proprieta'	6
death	6
amarlo	6
difendermi	6
realistico	6
decennio	6
apprezzi	6
forrest	6
normalità	6
cavolate	6
cubo	6
considerano	6
parabrezza	6
fastidiosa	6
micah	6
accendo	6
ritira	6
guance	6
affollato	6
udibili	6
collegate	6
trip	6
osate	6
ebbrezza	6
povertà	6
moschea	6
esporre	6
presta	6
loft	6
toppeddu85	6
cosetta	6
iniziero	6
ricevono	6
wilfred	6
natalizio	6
rimarranno	6
seguenti	6
fungo	6
eccezionali	6
postato	6
castro	6
vivrò	6
spingendo	6
nascono	6
percepito	6
moss	6
riaverti	6
prescrizione	6
arabi	6
supporre	6
mangerò	6
iowa	6
cambridge	6
lego	6
bureau	6
netto	6
herpes	6
dex	6
chiederai	6
polmonite	6
florence	6
paranoica	6
yoko	6
wild	6
cerotto	6
saltate	6
accelera	6
decifrare	6
identificata	6
meccanica	6
ficcanaso	6
future	6
emmy	6
neutrale	6
gillian	6
direzioni	6
ciccia	6
stabilita	6
proverai	6
cheese	6
room	6
sweets	6
stagioni	6
paralisi	6
serrature	6
riaprire	6
sylvester	6
colt	6
dunham	6
code	6
annalise	6
teppisti	6
contattarlo	6
ostriche	6
herbert	6
bastoncini	6
preoccuperei	6
candidata	6
mellie	6
viaggiatori	6
usciro	6
perdete	6
combatto	6
laterale	6
webster	6
eyes	6
razzismo	6
odo	6
tracciare	6
analizzando	6
eserciti	6
debolezze	6
cucino	6
sudando	6
concordato	6
fry	6
crei	6
alterato	6
stiva	6
inferiori	6
portavano	6
farmela	6
scherziamo	6
chun	6
portico	6
tagliarmi	6
noel	6
rane	6
lavorerò	6
spingete	6
aspettarci	6
scivola	6
they	6
hicks	6
combatteremo	6
bancario	6
morbida	6
gregge	6
ambientale	6
rappresentazione	6
marisa	6
tamara	6
peppino	6
fumando	6
kathryn	6
scappano	6
mercante	6
fogne	6
rombo	6
barton	6
deborah	6
soffri	6
spostarsi	6
rimasi	6
boccata	6
elettronico	6
pasticceria	6
pino	6
diverta	6
pagarlo	6
terrazza	6
apposto	6
fulmini	6
bender	6
annuario	6
bruciano	6
norris	6
commosso	6
arrestarmi	6
storica	6
pretty	6
'il	6
misto	6
avute	6
territori	6
immigrati	6
precipitato	6
eggy02	6
ricavato	6
turchi	6
trovalo	6
vergognarti	6
luc	6
citare	6
rivolgermi	6
lontananza	6
omosessuali	6
angelina	6
risvegliato	6
moran	6
leri	6
western	6
traditi	6
united	6
sorridete	6
parta	6
maestri	6
lavorerai	6
separi	6
winnie	6
turchia	6
cespuglio	6
temono	6
ammenda	6
cattolici	6
accorgi	6
law	6
ingoiare	6
cascate	6
manico	6
accorge	6
swan	6
medaglie	6
anti	6
scafo	6
ciglia	6
deludere	6
amigo	6
carita	6
balistica	6
malley	6
elaborare	6
lavorero	6
capro	6
danimarca	6
sacramento	6
ridato	6
buttiamo	6
underwood	6
dispetto	6
investigando	6
allarmi	6
preziose	6
trasloco	6
democratico	6
lyla	6
finte	6
zombi	6
reciproco	6
cigno	6
professionali	6
applicazione	6
ricordiamo	6
milizia	6
manciata	6
fondatori	6
prendetela	6
livido	6
ricorso	6
stimolante	6
crycra	6
confermano	6
obblighi	6
interprete	6
ordinario	6
pagheremo	6
preservare	6
incontrarsi	6
congrega	6
conner	6
usb	6
dickie	6
interrogarlo	6
acuto	6
pattuglie	6
pinze	6
blood	6
bug	6
avvertita	6
conclusa	6
gigi	6
milord	6
critici	6
raccomandato	6
real	6
petizione	6
diano	6
unisci	6
sarto	6
leggete	6
riuscivi	6
lexi	6
ripugnante	6
oso	6
tariffa	6
bende	6
licenziati	6
reddito	6
vano	6
pacchetti	6
bing	6
cuccia	6
nativi	6
affanculo	6
riprovare	6
memphis	6
abisso	6
forum	6
squisito	6
tremendamente	6
campanella	6
talk	6
inizieranno	6
prendiamoci	6
circostanza	6
togliete	6
strisciare	6
vecchiaia	6
taser	6
decomposizione	6
improvvisare	6
baek	6
ida	6
procione	6
libby	6
alvarez	6
pizze	6
dovute	6
mancavano	6
farmene	6
boccaccia	6
invincibile	6
frittelle	6
esposti	6
governi	6
bullock	6
tempeste	6
briciolo	6
fotografare	6
espiatorio	6
chiedile	6
peloso	6
scarsa	6
strappata	6
fattori	6
felicissimo	6
prurito	6
proseguiamo	6
ricordarlo	6
rinchiudere	6
faticoso	6
passionale	6
lavanda	6
decidiamo	6
rappresenti	6
imputata	6
lorelai	6
macchinetta	6
rimborso	6
specializzazione	6
prelievo	6
ignorando	6
massacrato	6
rigida	6
competenze	6
intatta	6
quantico	6
sequestrato	6
nuotata	6
castigo	6
volantino	6
zefram	6
tributo	6
fritz	6
amarla	6
palpebre	6
acuta	6
acquirente	6
urrà	6
modalita	6
waffle	6
capirmi	6
occidente	6
costruzioni	6
letture	6
incarichi	6
magnetico	6
sound	6
oppio	6
rotazione	6
gigantesca	6
neonati	6
je	6
associati	6
soffriva	6
separarci	6
tamburi	6
prudenti	6
appropriata	6
brezza	6
occupava	6
invecchiando	6
soffio	6
spinale	6
fortissimo	6
santos	6
granate	6
navigatore	6
memorial	6
mangero	6
rhodes	6
sentiranno	6
abbasso	6
mandalo	6
declan	6
pretendere	6
europea	6
fátima	6
stirpe	6
assalito	6
esatte	6
piangono	6
that'	6
camioncino	6
corteccia	6
venirti	6
completata	6
splendente	6
rupert	6
automobili	6
consumo	6
amichetta	6
catturarlo	6
comportava	6
conoscendo	6
banchiere	6
open	6
artistica	6
battermi	6
ripetutamente	6
inventati	6
controlleremo	6
interrotta	6
vortice	6
fune	6
sincerità	6
crederlo	6
ricambio	6
arrestate	6
utilizzando	6
inquadratura	6
virale	6
ansiosa	6
bue	6
unirvi	6
fabbriche	6
constance	6
bagel	6
jarvis	6
compleanni	6
salame	6
grigi	6
cinepresa	6
pick-up	6
chiedera	6
boxer	6
acquisito	6
entusiasti	6
collegamenti	6
spostando	6
gradino	6
subconscio	6
palace	6
tormentato	6
bisognava	6
ingiustamente	6
dev	6
cartellino	6
caviale	6
woman	6
lyle	6
temeva	6
panama	6
messinscena	6
polmonare	6
danneggiata	6
azionisti	6
relax	6
riattaccato	6
processato	6
torrente	6
posteriori	6
dalek	6
goda	6
passarci	6
scimmietta	6
prestigio	6
accettano	6
pranzato	6
riprova	6
mancherebbe	6
lnvece	6
wisconsin	6
architettura	6
bear	6
der	6
rapinatori	6
definirei	6
scambiati	6
aspettarsi	6
coprimi	6
anatre	6
candace	6
frustrazione	6
pike	6
madeline	6
eccessiva	6
tweet	6
impegnativo	6
violentato	6
coincidenze	6
scoop	6
nacque	6
yes	6
virgil	6
doe	6
webber	6
rodriguez	6
ananas	6
elettriche	6
sunny	6
spedizioni	6
capiresti	6
difficilmente	6
chiosco	6
piaceri	6
vinnie	6
cecchini	6
intenzionalmente	6
parentesi	6
elevato	6
thailandia	6
compie	6
schede	6
com	6
conflitti	6
bruto	6
huck	6
hip	6
beccano	6
noiose	6
gianni	6
ridete	6
potuti	6
squallido	6
vincerai	6
insultare	6
chic	6
wood	6
mexico	6
tolleranza	6
kiki	6
briciole	6
mummia	6
amerò	6
comprarne	6
adeguata	6
fenomenale	6
vergini	6
fiocco	6
musulmano	6
scarafaggio	6
manipolato	6
antiproiettile	6
limitare	6
credenziali	6
riduzione	6
cerchera	6
continueranno	6
strauss	6
tacos	6
opposizione	6
permanenza	6
comprero	6
soffocando	6
poldark	6
seymour	6
stalle	6
dyson	6
sommato	6
purezza	6
posare	6
tripp	6
conviverci	6
gettata	6
recitando	6
metter	6
rovine	6
criticare	6
trasformarsi	6
nobel	6
intime	6
rand	6
granger	6
isterica	6
troie	6
mozart	6
jennings	6
integrità	6
materno	6
dovro'	6
desiderano	6
cloni	6
riprenderemo	6
riscuotere	6
periodi	6
mettessi	6
mad	6
scavando	6
savage	6
devastante	6
equivalente	6
cognac	6
comunione	6
gunnar	6
aeree	6
promettermi	6
consegno	6
willow	6
ale	6
princeton	6
riker	6
yates	6
'la	6
pagava	6
succhi	6
paglia	6
insegue	6
appreso	6
infetto	6
toccando	6
fieno	6
rimettermi	6
terrestri	6
tavolino	6
gridato	6
significasse	6
tornerete	6
trovassimo	6
cavarmela	6
nona	6
utilizzo	6
raccoglie	6
sentirvi	6
condivido	6
ente	6
assumo	6
aggiustato	6
adamo	6
fissarmi	6
channel	6
aeronautica	6
confermata	6
esattezza	6
scemi	6
fermamente	6
costringere	6
jeremiah	6
hitchcock	6
superstar	6
atlantico	6
riempi	6
salverà	6
risolverlo	6
tao	6
contando	6
cancellati	6
coccole	6
verticale	6
clandestino	6
danese	6
zuccherino	6
uccidetelo	6
accettazione	6
royce	6
esigo	6
odiarmi	6
pulendo	6
lynette	6
collaboratori	6
mutaforma	6
tornino	6
avviciniamo	6
rido	6
imbroglio	6
rompermi	6
lucascorso	6
crush	6
falsificato	6
rimetterti	6
greene	6
donatori	6
picchiarmi	6
riguardanti	6
drammi	6
appoggiato	6
pechino	6
chakra	6
innamorarsi	6
baldoria	6
ubriacare	6
incontrai	6
desiderava	6
tenevano	6
mitzvah	6
im	6
immune	6
pegni	6
heights	6
contattarla	6
maniglia	6
iniettato	6
hit	6
buttala	6
quarant'	6
estorsione	6
pilotare	6
valgo	6
cuoio	6
arrivai	6
previdenza	6
ricercati	6
holland	6
delfini	6
moltissime	6
coinquilini	6
innervosire	6
dunn	6
trasferisce	6
lucchetto	6
salvami	6
firme	6
ingrato	6
occupera	6
tienili	6
concedere	6
newman	6
esposta	6
ferisce	6
spedita	6
august	6
pratt	6
sospendere	6
zar	6
cisco	6
giornalismo	6
confortevole	6
axel	6
litro	6
bye	6
scusato	6
saga	6
caffrey	6
stupito	6
ricorderà	6
unicorno	6
meteorite	6
sonya	6
clary	6
studentesco	6
scegliete	6
fari	6
stoccolma	6
chiedimi	6
restituisco	6
fratellastro	6
bastera	6
desmond	6
zoom	6
bentornati	6
ragazzaccio	6
coming	6
manicure	6
pivello	6
provassi	6
rianimazione	6
vasto	6
bhe	6
venivi	6
prendersela	6
sketch	6
approvare	6
fidano	6
viaggiando	6
express	6
piacevi	6
cacciatrice	6
aspettarlo	6
leigh	6
infelici	6
toronto	6
divertiamoci	6
incassare	6
sweet	6
ventilazione	6
mademoiselle	6
spenga	6
robusto	6
coperti	6
provata	6
raccontano	6
furgoni	6
brutalmente	6
ruiz	6
segnare	6
slitta	6
festeggiamenti	6
servirti	6
svuotato	6
versioni	6
entreremo	6
dialetto	6
there	6
ceniamo	6
penserei	6
orgia	6
contengono	6
zii	6
tuffo	6
sceicco	6
attuali	6
capone	6
marroni	6
church	6
capirci	6
vedersi	6
profumi	6
cheeseburger	6
arance	6
prendevano	6
bentley	6
investita	6
sostenitori	6
beau	6
ripensandoci	6
ripetuto	6
mali	6
assicurativa	6
vigilanza	6
riportiamo	6
rompendo	6
trasparente	6
touchdown	6
fori	6
avertelo	6
fosso	6
immorale	6
giudicando	6
ventina	6
conducendo	6
slade	6
dispiacere	6
greer	6
tireremo	6
accusati	6
punte	6
idiozia	6
derby	6
simpatici	6
titus	6
rottame	6
identificarlo	6
stacca	6
timbro	6
deliberatamente	6
señor	6
correnti	6
bozza	6
varco	6
crosby	6
macché	6
sopravvento	6
copiato	6
redenzione	6
estasi	6
orto	6
infame	6
webb	6
lavi	6
lasciasse	6
godersi	6
ano	6
avido	6
suppone	6
crosta	6
marmo	6
onizuka20	6
sincerita	6
brindare	6
shuttle	6
abortire	6
partono	6
morali	6
disparte	6
soffra	6
cordone	6
ridicoli	6
maionese	6
suggerisci	6
romana	6
ammirevole	6
localizzazione	6
thorne	6
malibu	6
segretezza	6
allenarmi	6
espulsione	6
bagnati	6
batter	6
spogliati	6
cattedrale	6
3d	6
brillare	6
condannare	6
farabutto	6
devastato	6
debutto	6
josé	6
swift	6
giudicarmi	6
suonate	6
dirk	6
rivoluzionario	6
telescopio	6
comment	6
presero	6
she	6
dougie	6
annegare	6
dominare	6
chissene	6
doctor	6
meritare	6
scusateci	6
riservati	6
venditori	6
titolare	6
sugo	6
ding	6
chiuderla	6
cecilia	6
affascinanti	6
trasmette	6
datore	6
atroce	6
ambizioni	6
chapman	6
dizionario	6
conoscerai	6
gnocca	6
tostapane	6
cagato	6
angolazione	6
charley	6
pong	6
schiavitù	6
costolette	6
colonie	6
leggendario	6
velluto	6
bigliettino	6
friends	6
getti	6
tonnellata	6
skip	6
divya	6
defunta	6
lise	6
boulevard	6
elle	6
fanatico	6
vissuta	6
vedevamo	6
organizzazioni	6
addetti	6
scooter	6
coincide	6
pacifica	6
bbc	6
culture	6
steph	6
seguiranno	6
rj	6
marks	6
ospizio	6
prenderebbe	6
gestirlo	6
desolata	6
dorato	6
massachusetts	6
next	6
ragnar	6
aspettavano	6
pae'	6
piramide	6
guardarci	6
successore	6
ballerine	6
nicki	6
racconterò	6
traduttori	6
concede	6
postumi	6
dinastia	6
impossibili	6
sentiresti	6
guardiamarina	6
programmazione	6
glorioso	6
ahmed	6
aldilà	6
parare	6
scomparve	6
sybil	6
'non	6
caricatore	6
pedina	6
flauto	6
infedele	6
nun	6
solomon	6
ciel	6
osservatore	6
saltano	6
gradevole	6
garantisce	6
ingiusta	6
tocchera	6
ritornata	6
impermeabile	6
rassicurante	6
inviando	6
arsenale	6
europeo	6
baby-sitter	6
concessione	6
cada	6
daccapo	6
investigazione	6
perez	6
compromettere	6
pezzetto	6
sentirete	6
andiamoci	6
yvonne	6
marce	6
psicologa	6
virile	6
ally	6
disordini	6
perdonarti	6
rapinatore	6
afferrare	6
irresistibile	6
compatibili	6
pacific	6
tyson	6
frittata	6
mercy	6
sportivi	6
musicali	6
raoul	6
sonja	6
accompagnarla	6
minnie	6
guardarli	6
cartina	6
becchi	6
joss	6
poppa	6
syd	6
hopkins	6
clint	6
senor	6
gol	6
sporgere	6
arredamento	6
frequento	6
parlaci	6
affermato	6
fleming	6
sottovalutare	6
divergenze	6
cercarli	6
tappeti	6
diffusione	6
divorziati	6
punch	6
prescelto	6
oleg	6
dorata	6
amara	6
spiegarle	6
piantatela	6
puntini	6
onori	6
autodifesa	6
begli	6
memorie	6
uh-huh	6
tendenze	6
rilasciata	6
tennessee	6
zen	6
pen	6
fiammifero	6
influenzato	6
descrive	6
frate	6
contiamo	6
marian	6
colei	6
rivederlo	6
vallo	6
charleston	6
diagnosticato	6
anteprima	6
malkavian	6
siria	6
corvi	6
viaggiano	6
strone'	6
hello	6
arriverò	6
alveare	6
heil	6
psicologica	6
trasformi	6
reich	6
quiete	6
xavier	6
macerie	6
radiografia	6
evgenij	6
amleto	6
pelato	6
gemiti	6
sedurre	6
identikit	6
rapiti	6
biancaneve	6
bracciale	6
cabe	6
purché	6
hamptons	6
special	6
spostamenti	6
pupa	6
avvicino	6
connessi	6
imprevisto	6
viale	6
abbandoni	6
principiante	6
divise	6
girata	6
paddy	6
chiederemo	6
trasmissioni	6
distruggerla	6
immensa	6
costringe	6
angelica	6
mercer	6
componente	6
toccava	6
dividiamoci	6
vocali	6
tristan	6
everett	6
anziche	6
riprenda	6
tai	6
sinatra	6
misurare	6
ficcato	6
nathaniel	6
pavimenti	6
ambulatorio	6
obbligatorio	6
abbandonate	6
cheyenne	6
scava	6
cripta	6
dovra'	6
sorgere	6
gradisce	6
patologia	6
barbari	6
caverne	6
iv	6
istituzione	6
mega	6
cool	6
saliti	6
pretesto	6
sigillato	6
gonfia	6
tecnologie	6
fascista	6
sipario	6
cucinando	6
goldberg	6
orrori	6
riproviamo	6
diciannove	6
tiger	6
ammazzano	6
reilly	6
manderà	6
gladys	6
alghe	6
classi	6
toccarti	6
odioso	6
elliott	6
olanda	6
serale	6
organizzo	6
maialino	6
delicatamente	6
chiamassi	6
fiduciario	6
dream	6
lexie	6
insinuare	6
nuota	6
amassi	6
salvera	6
ardente	6
loretta	6
pubblicitaria	6
land	6
sem	6
christie	6
gratuita	6
straordinarie	6
muscolare	6
mccoy	6
ricchezze	6
peters	6
dedicata	6
licisca	6
versa	6
tell	6
riproduzione	6
ulquiorra	6
aceto	6
universita'	6
grazioso	6
tovagliolo	6
cdc	6
micio	6
arrendi	6
mettile	6
costola	6
irving	6
norme	6
aeryn	6
wendell	6
trattamenti	6
dolores	6
uranio	6
democratici	6
staremmo	6
camicetta	6
sposero	6
riprovarci	6
daitarn	6
minnesota	6
sanguigna	6
visitatore	6
splendidi	6
abu	6
coast	6
temuto	6
ambulante	6
crederebbe	6
kendra	6
leggerla	6
etico	6
positive	6
vedevi	6
userai	6
inquilini	6
religiosi	6
meritate	6
mania	6
calvo	6
psicopatici	6
tan	6
fansub	6
camminava	6
moretti	6
perduti	6
entrasse	6
zeke	6
pupille	6
seguirti	6
sottili	6
mancate	6
maleducata	6
quark	6
danzare	6
allucinazione	6
lottatore	6
spargere	6
hanson	6
crederete	6
grembiule	6
infetta	6
annoiando	6
intesa	6
costose	6
affronteremo	6
arie	6
malone	6
idrogeno	6
badge	6
warwick	6
garanzie	6
fanatici	6
eroico	6
candeggina	6
rosario	6
finanza	6
adoriamo	6
forzata	6
succhiacazzi	6
ricorrere	6
chiamasse	6
regolari	6
accidentale	6
immaginando	6
aspettativa	6
europei	6
oramai	6
fette	6
indipendenti	6
portino	6
elaborato	6
carnevale	6
harlem	6
strangolato	6
scordata	6
concentrare	6
mostrargli	6
imbarazzanti	6
ridare	6
trasportato	6
referto	6
paramedico	6
pensiate	6
abbracciato	6
pensarla	6
atlantide	6
rinchiusi	6
neville	6
pervertiti	6
pilar	6
finirlo	6
harlan	6
dot	6
abituale	6
affrontiamo	6
scivolo	6
arden	6
finì	6
depositi	6
morgana	6
bizzarra	6
giocata	6
controllero	6
uccellini	6
rottami	6
allevamento	6
iddio	6
abitazione	6
bilancia	6
rivelata	6
meditazione	6
docce	6
sorge	6
goal	6
migliorata	6
sloane	6
asteroide	6
rispondermi	6
part	6
calice	6
neurale	6
allenando	6
last	6
aggiungo	6
agitarti	6
nana	6
abbey	6
ewing	6
tartarughe	6
cucito	6
marocco	6
eufemismo	6
tornavo	6
unitevi	6
sing	6
bohannon	6
apparsa	6
svuotare	6
altitudine	6
vegetale	6
conserva	6
pagarla	6
modalità	6
rip	6
darby	6
contabili	6
stig	6
motocicletta	6
astrid	6
alexandra	6
mollata	6
diari	6
apice	6
froci	6
lucertola	6
sorridente	6
spaventano	6
miao	6
misi	6
venni	6
torture	6
tassa	6
terraferma	6
invecchiato	6
ming	6
soddisfacente	6
appiccato	6
hop	6
clausola	6
osservate	6
cito	6
strangolata	6
estranea	6
protestare	6
rituali	6
chiamò	6
seguiremo	6
rimettiamo	6
piovendo	6
jace	6
sciare	6
discreta	6
viziata	6
raul	6
lavoravamo	6
tranquillità	6
page	6
sperimentare	6
combina	6
sparsi	6
arrivero	6
hollis	6
scontrino	6
becker	6
emicrania	6
letali	6
esitare	6
didietro	6
oi	6
permettera	6
mettiamolo	6
scarso	6
riavuto	6
affronto	6
gomez	6
davide	6
hye	6
farrell	6
solari	6
magazine	6
eleucalypthus	6
kathleen	6
cinico	6
deserta	6
omelette	6
madam	6
inn	6
quadrati	6
affascinato	6
rimpatriata	6
greca	6
head	6
sensazionale	6
macchinari	6
pasticci	6
ingrediente	6
inquietanti	6
bojack	6
reclutato	6
definita	6
transazione	6
iceblue	6
tenessi	6
french	6
bronzo	6
channing	6
ricaduta	6
imperdonabile	6
isolare	6
bacche	6
raid	6
collaborato	6
trucchetti	6
storici	6
iniziati	6
elfo	6
scorpione	6
esigenze	6
scoppiato	6
diedero	6
prescritto	6
sonnellino	6
lunare	6
fatina	6
strategie	6
psichiatrica	6
formano	6
consegnata	6
adottata	6
dritte	6
claudio	6
mee'	6
unni	6
colon	6
giochetto	6
door	6
cacciavite	6
edoardo	6
sorrisi	6
giustifica	6
esigente	6
impalato	6
saldare	6
traumatico	6
cavero	6
fuggi	6
fanteria	6
servite	6
vermont	6
infila	6
temperature	6
intimita	6
bluff	6
travestimento	6
selfie	6
legione	6
milza	6
amichevoli	6
sensuale	6
danze	6
vo	6
agganci	6
spieghero	6
rivolte	6
elimina	6
aj	6
ripercussioni	6
consideriamo	6
cadi	6
salem	6
nasconda	6
unghia	6
africano	6
addormentare	6
chiasso	6
medaglione	6
hopper	6
generalmente	6
lost	6
sperimentazione	6
germi	6
rice	6
pulisce	6
rilassatevi	6
spariamo	6
contante	6
negative	6
pyo	6
tower	6
zingari	6
approvo	6
decenza	6
hut	6
inutilmente	6
vecchietta	6
fradicio	6
rabb	6
riciclaggio	6
abitava	6
rude	6
organizziamo	6
gradini	6
ospitalità	6
perbene	6
ruben	6
jekyll	6
powers	6
dentifricio	6
proponi	6
coleman	6
britta	6
peck	6
rate	6
boh	6
tenevi	6
suggeriscono	6
inchino	6
sfere	6
anale	6
accelerato	6
durano	6
partecipanti	6
smettiamo	6
rumoroso	6
motorizzazione	6
hoyt	6
orsetto	6
reggiti	6
sporcizia	6
rosemary	6
notturni	6
matrix	6
ricordarsi	6
penetrare	6
delicatezza	6
fenomeni	6
gonfio	6
istanbul	6
scontri	6
contenitori	6
aiutava	6
chiamavamo	6
scontare	6
selina	6
geneticamente	6
ronzio	6
statue	6
spezie	6
vlad	6
incontrarvi	6
trasferendo	6
curata	6
barretta	6
affettuoso	6
leland	6
doppi	6
bulli	6
vincitrice	6
posseduta	6
credenza	6
etichette	6
scoppio	6
chirurgico	6
anto	6
lil	6
meeting	6
klein	6
diffusa	6
diventassi	6
cosette	6
istanza	6
memorabile	6
ucraina	6
illuminato	6
preoccuparvi	6
hiro	6
ammirazione	6
catturata	6
'fanculo	6
cambierebbe	6
regionale	6
filiale	6
ciecamente	6
trascurato	6
ebraico	6
camionista	6
getto	6
asiatica	6
informale	6
essenzialmente	6
kalinda	6
paia	6
paradise	6
cantate	6
punita	6
angioletto	6
vincera	6
ciondolo	6
crampi	6
daily	6
parlartene	6
giardinaggio	6
giocavamo	6
sposto	6
incantato	6
chinatown	6
oserei	6
tiratelo	6
testate	6
idolo	6
sultano	6
vagare	6
prospettive	6
trans	6
svitato	6
alessandro	6
sposano	6
insonnia	6
islam	6
her	6
confermarlo	6
dormite	6
verginita	6
puzzano	6
rivolgersi	6
risolta	6
disattivare	6
preparano	6
maddox	6
jade	6
prenderete	6
planet	6
tornatene	6
guardavano	6
eta'	6
hotch	6
sparso	6
nemiche	6
relativamente	6
smalto	6
resiste	6
otterremo	6
valuta	6
intraprendere	6
montreal	6
sisko	6
losco	6
raccapricciante	6
contrasto	6
ragionamento	6
galactica	6
moderni	6
provvedere	6
gradimento	6
affronti	6
ricevera	6
marshmallow	6
dash	6
storta	6
rodeo	6
scavi	6
stendere	6
johan	6
innamorare	6
utah	6
educata	6
stracci	6
vivavoce	6
fowler	6
rispettano	6
draper	6
mustang	6
schiantato	6
pescatori	6
invitarti	6
medium	6
brittany	6
reciproca	6
click	6
davies	6
dragon	6
empatia	6
festeggia	6
riparleremo	6
prigionia	6
intenda	6
strage	6
orco	6
risparmiami	6
utilizzate	6
bonta	6
ossia	6
usarle	6
ran	6
ricordero	6
torce	6
rovinarti	6
belgio	6
subs4you	6
riceva	6
spiagge	6
senape	6
lastre	6
sensore	6
immunità	6
ritrovamento	6
lattine	6
toccante	6
attrezzo	6
avatar	6
pianista	6
borsone	6
hippy	6
gridano	6
sonora	6
verresti	6
ulises	6
cavartela	6
reg	6
risolvi	6
where	6
torturare	6
teen	6
rimetta	6
clare	6
baronessa	6
guardero	6
riforma	6
supereremo	6
orecchi	6
voila	6
rifletti	6
posate	6
alberghi	6
chizpurfle	6
mallory	6
smettero	6
milligrammi	6
liberami	6
dormivi	6
conteneva	6
annoiata	6
distruggerà	6
nascondino	6
gestirla	6
efficienza	6
dobbiate	6
rare	6
siam	6
ricevitore	6
spengo	6
hannibal	6
calmarsi	6
perte	6
rilevo	6
fornitori	6
buenos	6
automatica	6
diplomatica	6
telefona	6
assicurerò	6
collezionista	6
perseguire	6
puniti	6
mandarci	6
diabolico	6
body	6
cazzoni	6
fermeranno	6
ballard	6
stampante	6
trek	6
manteniamo	6
bash	6
fermiamoci	6
liberty	6
insegnerò	6
marylena	6
run	6
irregolare	6
temete	6
colta	6
dispiaceva	6
stivale	6
jag	6
settimanale	6
urra	6
remi	6
convinzioni	6
ling	6
talent	6
dista	6
stupendi	6
tastiera	6
conway	6
filo28	6
gnam	6
spingermi	6
vigilante	6
rogo	6
sprovvista	6
bloccando	6
scivolata	6
cappio	6
barlow	6
congedato	6
ideato	6
abitare	6
zenzero	6
imprigionato	6
sweeney	6
popoli	6
vegeta	6
crescente	6
dorma	6
marko988	6
immersione	6
sentiremo	6
mutazione	6
accettero	6
viaggetto	6
erotico	6
ruscello	6
buffalo	6
rosewood	6
waters	6
norvegese	6
alluminio	6
mancino	6
piercing	6
corey	6
viktor	6
intrusi	6
turbo	6
sedervi	6
rodrigo	6
bambi	6
cartoline	6
cucini	6
magic	6
ricoperta	6
spontaneamente	6
ultra	6
sfortunata	6
tremila	6
chae	6
mantengo	6
let'	6
vladimir	6
trovando	6
distanti	6
dedicare	6
storpio	6
lascerete	6
spinti	6
sordi	6
missouri	6
và	6
minoranza	6
centrali	6
aumentando	6
butters	6
rivedrò	6
hippie	6
kirby	6
coste	6
dovette	6
avvenimenti	6
caricate	6
equivale	6
derrick	6
tetti	6
chiedesse	6
horatio	6
comparire	6
castani	6
bocciato	6
minchia	6
maxwell	6
rendersi	6
accostare	6
ipad	6
bowie	6
discutiamo	6
always	6
praticare	6
arrugginito	6
blah	6
gob	6
retorica	6
urgenti	6
gela	6
requisiti	6
gaia	6
distrazioni	6
coerente	6
bow	6
bernadette	6
scogliera	6
combattete	6
free	6
janine	6
nego	6
attendo	6
vedevano	6
segnalare	6
poterli	6
match	6
antiquariato	6
picasso	6
raquel	6
minuscola	6
parlarmene	6
lapide	6
bastasse	6
richiamarti	6
operativi	6
roberta	6
ritroviamo	6
scheggia	6
parsons	6
hermann	6
infetti	6
corporation	6
pattini	6
hayden	6
scavo	6
diesel	6
licenziarti	6
sl	6
sfigata	6
retata	6
frequentava	6
paragrafo	6
collabora	6
fermerò	6
riconoscerlo	6
consultare	6
mettano	6
stampare	6
pessimi	6
chitarrista	6
miscela	6
batterista	6
kristina	6
francobolli	6
ingaggio	6
sentirò	6
diva	6
sopporti	6
concepito	6
corrotta	6
building	6
identici	6
assurdita	6
comprensivo	6
guadagnati	6
remy	6
beep	6
darwin	6
divorziando	6
mostrate	6
escursione	6
lorna	6
generare	6
otteniamo	6
ascensori	6
comodino	6
accordato	6
intensamente	6
ammazzi	6
oh-oh	6
jolly	6
protettiva	6
prendile	6
lasciargli	6
foreste	6
cavare	6
cambierai	6
qi	6
eddy	6
raccontava	6
uscisse	6
bollire	6
telefoniche	6
portatore	6
amavano	6
aperitivo	6
salutarla	6
ibrido	6
giocarci	6
scegliamo	6
serviamo	6
stravagante	6
spuntato	6
imparo	6
fischietto	6
buttano	6
inquilino	6
confermo	6
zuccheri	6
inaspettata	6
guerriera	6
odiamo	6
family	6
comprarla	6
deluderti	6
verbali	6
clandestini	6
spegnerlo	6
togliendo	6
portarsi	6
cranico	6
ordiniamo	6
burattino	6
proteggono	6
interessarti	6
supereroi	6
filadelfia	6
tenerezza	6
incrociate	6
ascesa	6
diventò	6
pipistrelli	6
cronologia	6
divertentissimo	6
quotidiana	6
oscure	6
incinte	6
bui	6
immerso	6
austria	6
mettesse	6
asporto	6
sprecata	6
mazze	6
politicamente	6
lime	6
baldwin	6
guardarsi	6
trattenerlo	6
mischia	6
medusa	6
morton	6
jeong	6
gioielleria	6
tenervi	6
finiva	6
masse	6
contaminato	6
marsiglia	6
wonder	6
creo	6
kip	6
installare	6
annullamento	6
recensioni	6
manomesso	6
perseguita	6
acquisizione	6
freud	6
ipnosi	6
portone	6
abituarmi	6
divertono	6
infermieri	6
emette	6
riprenderci	6
kyo	6
dustin	6
chiedevamo	6
tiranno	6
clientela	6
spontaneo	6
ori	6
infestata	6
venirne	6
crudeltà	6
navigare	6
riattaccare	6
mcnally	6
domino	6
mount	6
panoramica	6
pandora	6
zac	6
trattativa	6
berkeley	6
lanciata	6
mercati	6
gialle	6
casualmente	6
bruciature	6
sigla	6
jethro	6
cosmico	6
riuscì	6
pregati	6
fermero	6
avanzate	6
entrerà	6
annoia	6
sensitiva	6
decidono	6
uccideteli	6
barare	6
successivi	6
fattibile	6
ames	6
comporto	6
scrivete	6
adattarsi	6
fatture	6
riuscii	6
consapevoli	6
schizzo	6
favorito	6
botola	6
galles	6
dorian	6
deciderlo	6
accetterò	6
splendide	6
monitorare	6
elemosina	6
assegnata	6
leda	6
governativo	6
ospitare	6
svizzero	6
rivelarsi	6
elisabetta	6
invidioso	6
trattenerti	6
peluche	6
nominata	6
machine	6
doloso	6
eagle	6
arrende	6
buttafuori	6
notaio	6
odora	6
herisson	6
giudica	6
deliziose	6
lusingata	6
approvata	6
divide	6
georges	6
fattene	6
cilindro	6
carissimo	6
vendute	6
sentirne	6
barrow	6
faraone	6
iceberg	6
amasse	6
domestiche	6
insulina	6
imperatrice	6
pompini	6
madeleine	6
lussuria	6
confuse	6
jeanne	6
morissi	6
gaio	6
imputati	6
serpat88	6
pubblicitario	6
pesantemente	6
sostanzialmente	6
lettino	6
capirete	6
morning	6
catetere	6
sociopatico	6
interferenze	6
passatempo	6
attraenti	6
rivuole	6
giurata	6
squadrone	6
concessa	6
insolente	6
tutela	6
litigate	6
summers	6
pagliacci	6
play	6
cruscotto	6
terzi	6
moltissimi	6
lasciai	6
qualificata	6
spezzo	6
scultura	6
respingere	6
ottava	6
sutura	6
rovinati	6
darete	6
umiliata	6
siluri	6
spazzola	6
andré	6
accidente	6
yossarian	6
plastico	6
sensei	6
concrete	6
lacrima	6
tagliano	6
crudo	6
provarla	6
divorziata	6
eccitare	6
morirei	6
rabbit	6
conduttore	6
janie	6
teenager	6
melody	6
presentarle	6
demo	6
bandiere	6
andrebbero	6
scoiattoli	6
signorsì	6
islanda	6
muoveva	6
staffe	6
guadagnarsi	6
strange	6
cammello	6
verdoni	6
buche	6
dunbar	6
lima	6
talebani	6
tuttofare	6
notifica	6
allievi	6
soffice	6
adulterio	6
lasagne	6
parlante	6
ohi	6
raccontarlo	6
utenti	6
skateboard	6
consente	6
implorato	6
sodio	6
lasciamolo	6
deporre	6
purche	6
truccato	6
esagerata	6
vibrazione	6
lasciateli	6
ferramenta	6
viscere	6
possedeva	6
cameraman	6
convegno	6
separa	6
burocrazia	6
informarla	6
zelanda	6
sabotare	6
abusato	6
scioccata	6
orecchino	6
montata	6
compilato	6
eur	6
formalità	6
dina	6
mentirti	6
chung	6
cosiddetto	6
bombardamento	6
vivesse	6
investitore	6
slater	6
androide	6
compensare	6
reyes	6
intitola	6
virgola	6
applicare	6
allenare	6
ricordera	6
chiamarci	6
vegetariano	6
vettura	6
laden	6
kaylie	6
impegnarsi	6
mandera	6
piacergli	6
progettata	6
coperchio	6
unita'	6
rilassare	6
lamentarmi	6
combustibile	6
durant	6
gloriosa	6
saltando	6
fallisce	6
sotterranei	6
raggiungi	6
reggi	6
accetterà	6
cobb	6
scagnozzi	6
cominciarono	6
santità	6
lenzuolo	6
eviti	6
battendo	6
intimità	6
separata	6
finanziamenti	6
bionde	6
impegnativa	6
sasuke	6
volendo	6
colpite	6
settanta	6
tombola	6
rientrata	6
agricoltura	6
occidentali	6
bouquet	6
bangkok	6
elfi	6
fottano	6
starle	6
producono	6
voodoo	6
fattorie	6
denunce	6
sbatti	6
act	6
mafioso	6
bruci	6
topaia	6
ramsey	6
batterti	6
minato	6
allontanata	6
ceppo	6
nicolas	6
simms	6
rispondendo	6
penitenza	6
par	6
causati	6
irrazionale	6
ricreare	6
gestita	6
ubriacato	6
moira	6
oceani	6
farmacista	6
baccano	6
bryant	6
capacita'	6
risse	6
finestrini	6
vendicarti	6
finitela	6
avverti	6
lavoretti	6
bowman	6
scintille	6
casuali	6
darnell	6
raccontaci	6
gonfiore	6
cooperazione	6
contate	6
dò	6
avvicinarci	6
regalare	6
avventato	6
avvicinata	6
provenire	6
mantenga	6
occhiolino	6
honey	6
remo	6
coco	6
distruggera	6
ya	6
rinunci	6
rubarmi	6
bigfoot	6
louisa	6
paco	6
reclutamento	6
china	6
burger	6
giornataccia	6
roth	6
scoreggia	6
infastidito	6
saturazione	6
dipendono	6
obbliga	6
bonjour	6
colpisca	6
ssh	6
patriota	6
oliva	6
elmetto	6
temple	6
frustrato	6
nuora	6
berry	6
ryo	6
prua	6
shiva	6
economiche	6
parroco	6
innamorarmi	6
tirala	6
incompetente	6
restrittivo	6
specchietto	6
caffé	6
iscritta	6
leucemia	6
ciascuna	6
marcos	6
buttarla	6
investigativo	6
radunare	6
batterlo	6
myka	6
programmata	6
vivra	6
nubile	6
granaio	6
rientri	6
puma	6
sottotitolati	6
bau	6
charlene	6
generosità	6
trasferirci	6
voleste	6
parrish	6
ignori	6
varietà	6
ballano	6
jillian	6
scaffali	6
mascherato	6
contagioso	6
accessori	6
eccellenti	6
mettergli	6
argilla	6
affogare	6
discuteremo	6
abbraccia	6
diminuire	6
spinga	6
gode	6
oretta	6
grasse	6
lulu	6
indubbiamente	6
incline	6
entità	6
avena	6
residuo	6
congelatore	6
agita	6
fischia	6
australiano	6
sorvegliato	6
discorsetto	6
tagliarti	6
entrera	6
appaiono	6
trambusto	6
disastri	6
ltalia	6
deodorante	6
bjorn	6
riassunto	6
bevute	6
trema	6
lurida	6
identiche	6
glutine	6
anormale	6
morente	6
vergognoso	6
giada	6
lame	6
servirmi	6
schiaccia	6
agganciato	6
leggeri	6
ae	6
modesta	6
adattamento	6
singapore	6
bocche	6
picchio	6
assicurata	6
tizia	6
seguirò	6
avro'	6
immunitario	6
rilassata	6
sud-est	6
procurarti	6
capriccio	6
esprimi	6
cominciai	6
cacciati	6
motociclisti	6
perdonata	6
camerieri	6
rivera	6
ditemelo	6
spogliarelliste	6
attivazione	6
rifiutano	6
delizia	6
marciare	6
sfacciato	6
soul	6
amuleto	6
targhe	6
kelsey	6
videogioco	6
die	6
fintanto	6
raggiunga	6
calza	6
gattina	6
difende	6
stabilimento	6
consiglieri	6
avvisarti	6
illumina	6
crediate	6
lampade	6
costare	6
svanito	6
svolge	6
energetica	6
cullen	6
morbo	6
appoggia	6
dimitri	6
dragone	6
indovini	6
lucien	6
avvoltoi	6
incoraggiato	6
risolverà	6
proctor	6
compere	6
barcellona	6
cuddy	6
liu	6
occupartene	6
salvarvi	6
imparano	6
lassie	6
spostarlo	6
demenza	6
scofield	6
mostriamo	6
upper	6
vigore	6
sedete	6
idiozie	6
great	6
acri	6
esposito	6
civilta	6
falcon	6
destiny	6
phaser	6
pone	6
giacche	6
cape	6
entusiasmante	6
ricordarmelo	6
jaime	6
fallimenti	6
alcuno	6
aspirante	6
mercenario	6
epinefrina	6
esterne	6
creiamo	6
copriti	6
firewall	6
cesar	6
tenesse	6
derubare	6
aggiornare	6
steele	6
berlo	6
urine	6
fotografi	6
allenarti	6
andra'	6
adottiva	6
rizzoli	6
aumentano	6
benedict	6
raccolte	6
ricattando	6
appoggiare	6
piantagione	6
salutate	6
scheletri	6
solista	6
vacche	6
sponda	6
tenute	6
proteggerli	6
shepard	6
escobar	6
badi	6
hour	6
stenditi	6
milly	6
latta	6
proteggervi	6
tariq	6
granchi	6
evitiamo	6
sovietici	6
ciurma	6
mensile	6
incognito	6
vicedirettore	6
bocconcino	6
pause	6
digerire	6
abbandonando	6
soprano	6
psichiatria	6
collisione	6
cosí	6
noleggiato	6
contattarti	6
sincere	6
intoppo	6
vascello	6
trapano	6
preghi	6
pasticche	6
scoprii	6
think	6
cadrà	6
aiutalo	6
tech	6
rahl	6
sopraffatto	6
cosiddetta	6
preme	6
ragionevoli	6
jt	6
buttarsi	6
difendi	6
lavorassi	6
breccia	6
tollerare	6
restava	6
merde	6
tau	6
matrice	6
infezioni	6
bu	6
ingannata	6
cercasse	6
rompiscatole	6
violente	6
imitare	6
passamelo	6
approfittarne	6
ossicodone	6
dimostrarti	6
restringere	6
udite	6
erika	6
inie'	6
isis	6
accadrebbe	6
aprirsi	6
sovraccarico	6
jaguar	6
debbo	6
kendall	6
prematrimoniale	6
create	6
aggressioni	6
jacobs	6
contattata	6
fazzoletti	6
regni	6
incastrarmi	6
pearson	6
basandomi	6
parlavate	6
azoto	6
finanziarie	6
rimpiazzare	6
menzionare	6
decreto	6
ritardare	6
interpreta	6
collier	6
profeti	6
minerale	6
zymil	6
imposto	6
scadere	6
arrivederla	6
howie	6
essercene	6
tacco	6
buonissima	6
temporali	6
ripristinare	6
kikka	6
molle	6
rompono	6
trincea	6
attrici	6
presidenti	6
provini	6
corra	6
ridge	6
ace	6
trattenuta	6
parleranno	6
richiamata	6
proveniva	6
giungere	6
benji	6
oculari	6
partecipi	6
aprirà	6
avvio	6
guarderò	6
verrei	6
diventava	6
vintage	6
rimettersi	6
cutler	6
flirtando	6
ordinata	6
esorcismo	6
emil	6
portargli	6
sicilia	6
manifesti	6
piegato	6
carenza	6
rapimenti	6
parks	6
galassie	6
gallerie	6
esteso	6
abbonamento	6
four	6
annulla	6
presumere	6
assicura	6
restassi	6
trasferiamo	6
goldman	6
sermone	6
viv	6
osservazioni	6
avvertirti	6
sentirli	6
princess	6
britannici	6
ritroveremo	6
ottimismo	6
melone	6
lavorasse	6
spartaco	6
achille	6
theodore	6
voilà	6
credendo	6
varsavia	6
sprechi	6
intendiamo	6
quill	6
litigi	6
consulenti	6
blindata	6
asiatici	6
scovare	6
nada	6
vigliacchi	6
moquette	6
discute	6
borg	6
mitragliatrice	6
blanche	6
gonfiato	6
orange	6
sistemera	6
krista	6
benvenute	6
sfruttato	6
guadagnata	6
hodges	6
fichi	6
campagne	6
stampo	6
juice	6
annabelle	6
impegnando	6
guadagnano	6
inganni	6
ghiacciato	6
caraibi	6
ram	6
inopportuno	6
giocheremo	6
busto	6
servano	6
occasionale	6
feel	6
dormirai	6
dominante	6
pantera	6
puramente	6
sposerà	6
kenzi	6
piatta	6
aggirare	6
maleducati	6
wilkes	6
navid	6
yeon	6
biologici	6
rovescio	6
swanson	6
disneyland	6
pozza	6
urto	6
mitra	6
trasfusione	6
supergirl	6
jutsu	6
seriale	6
prenderesti	6
tonight	6
incapaci	6
disteso	6
doveste	6
rimanesse	6
sedativi	6
mit	6
gale	6
tank	6
commerciante	6
quest	6
sim	6
dedica	6
peccatore	6
mancanti	6
antares57	6
accaduta	6
sconfitti	6
sifilide	6
magnifici	6
identita'	6
proibisco	6
dobbs	6
tofu	6
facendomi	6
complessi	6
crollando	6
zelda	6
camminano	6
raggiungerla	6
termina	6
embolo	6
patton	6
contorno	6
arrow	6
joanie	6
moses	6
cerchia	6
servitori	6
fanne	6
insegnargli	6
nube	6
riconsiderare	6
piccioncini	6
fighissimo	6
debra	6
raccontata	6
dovetti	6
salutarlo	6
lynch	6
tandy	6
sottratto	6
stanchezza	6
ritornerà	6
pareggio	6
riuscendo	6
linden	6
affezionata	6
quantomeno	6
mentiva	6
scelgono	6
definisci	6
trascina	6
ministri	6
disabili	6
puzzo	6
elisabeth	6
negata	6
jacqueline	6
sensibilità	6
about	6
gun	6
pornografia	6
ottengono	6
insegnamenti	6
furfante	6
sparse	6
congratularmi	6
svelare	6
sfacciata	6
esitazione	6
razziale	6
mettevo	6
compagne	6
genevieve	6
ghiacciata	6
ripieno	6
irina	6
appartenere	6
edison	6
soprannaturale	6
contrazioni	6
saldi	6
scaletta	6
basteranno	6
ordinaria	6
cairo	6
cabaret	6
diccelo	6
pannelli	6
scatoloni	6
crociata	6
identificati	6
procurare	6
crucchi	6
salvador	6
esplorazione	6
jocelyn	6
vergognare	6
como	6
esplosiva	6
batto	6
emettere	6
alfabeto	6
cardassiani	6
risiede	6
costruisce	6
ristrutturazione	6
beato	6
dichiarata	6
infuriato	6
rimozione	6
fragolina	6
comportarci	6
sistemero	6
scientifiche	6
ripagato	6
richiamero	6
richiamarmi	6
altalena	6
give	6
sfiorato	6
brownie	6
uscì	6
sottaceti	6
darglielo	6
caldaia	6
hakeem	6
laccio	6
poligono	6
continuavano	6
scaricando	6
divertimenti	6
esitato	6
vesto	6
vorremo	6
aspettata	6
riporteremo	6
riguardante	6
mala	6
pr	6
riposino	6
umili	6
pronunciato	6
ostili	6
levare	6
ain'	6
impegnarti	6
trovavano	6
assolo	6
riuscivamo	6
harmon	6
valentina	6
gettala	6
inviati	6
sadico	6
permetterebbe	6
tirero	6
mouse	6
statunitense	6
armeria	6
valzer	6
spezzata	6
spegnila	6
sottotitolato	6
artificieri	6
chow	6
entrò	6
vatti	6
tigri	6
machete	6
campionessa	6
trattore	6
arnie	6
macho	6
implorare	6
telaio	6
diedi	6
dubois	6
obsidian	6
ravioli	6
ricordarvi	6
ammessi	6
freeman	6
marlene	6
leela	6
portaerei	6
mmh	6
bypass	6
dimenticarmi	6
raccontarci	6
piacevo	6
facendolo	6
spariscono	6
barili	6
cappellino	6
repentaglio	6
morales	6
incolpato	6
ripensamenti	6
ne'	6
viverci	6
passeggiate	6
jogging	6
aldila	6
ahm	6
corrispondente	6
lanciatore	6
rivers	6
bare	6
istruito	6
keating	6
irrisolti	6
inciampato	6
porcellana	6
zed	6
ham	6
sven	6
smettono	6
spietata	6
brano	6
secondaria	6
lasciapassare	6
hoover	6
apriremo	6
animazione	6
arrabbio	6
allontanando	6
disciplinare	6
abitano	6
story	6
procurarsi	6
colletto	6
ridacchia	6
costruite	6
roxy	6
sindacati	6
cornuto	6
respirando	6
lap	6
rispondeva	6
wolfe	6
sacre	6
salata	6
sentano	6
combaciano	6
morirebbe	6
ricci	6
barriere	6
shark	6
coloni	6
avi	6
assomigliano	6
respiratore	6
ricoverata	6
sabotaggio	6
ritorniamo	6
why	6
ventimila	6
titanic	6
esisto	6
invadere	6
conobbi	6
ercole	6
puntati	6
tc	6
decima	6
pretendo	6
guadagnarci	6
rimorchio	6
pritchard	6
apache	6
ventidue	6
benché	6
pilot	6
confortante	6
integrale	6
eliminazione	6
artefatto	6
audizioni	6
stradali	6
utente	6
oracolo	6
cafe	6
genera	6
matricole	6
volute	6
caminetto	6
serecea	6
stupefacenti	6
considerevole	6
soffocato	6
impiccare	6
cavia	6
ritieni	6
sgabello	6
regan	6
mercatino	6
femminucce	6
ammanettato	6
proteste	6
trovatelo	6
ritengono	6
infrarossi	6
microfoni	6
mitico	6
percorsi	6
riavrai	6
bebe	6
crash	6
beethoven	6
tranquille	6
inginocchiati	6
josephine	6
parso	6
uccisioni	6
three	6
valige	6
ridotti	6
alistair	6
trovavi	6
omaggi	6
irritabile	6
costruttore	6
pin	6
addicted	6
ipod	6
accendete	6
sacchetti	6
mandava	6
inconveniente	6
caposquadra	6
curiosi	6
cono	6
baghdad	6
debitore	6
hugin	6
ordigno	6
ernest	6
delusi	6
barzellette	6
rinascita	6
cornice	6
langston	6
compari	6
trasferisci	6
brigata	6
lamentato	6
tesoruccio	6
ramona	6
rain	6
astuzia	6
cambierò	6
epatite	6
eccezioni	6
kitt	6
madrina	6
storm	6
passioni	6
leggono	6
scotland	6
riportate	6
banconota	6
esteban	6
baciando	6
trapelare	6
pantofole	6
credente	6
ciliegia	6
valutando	6
pagherete	6
fisco	6
full	6
kimi	6
fischer	6
pesos	6
pezzetti	6
pesche	6
eureka	6
dispersi	6
assolto	6
sbarazzati	6
da'	6
copiare	6
colpiscono	6
offende	6
affonda	6
rue	6
bernardo	6
retromarcia	6
introduzione	6
sbarco	6
brock	6
incolpa	6
permettergli	6
caratteri	6
raggiungiamo	6
esistita	6
indurre	6
dispiacerti	6
minorile	6
secondario	6
bastarda	6
cittadinanza	6
fondata	6
mancati	6
impedirmi	6
ricambiare	6
pia	6
raggiungendo	6
melvin	6
nascondiamo	6
bossoli	6
dotata	6
sondaggio	6
iniziava	6
invertire	6
fiala	6
stallo	6
lumaca	6
ruxin	6
terrorizza	6
approfondire	6
disoccupazione	6
fartene	6
lasceresti	6
dimenticherai	6
commentare	6
spider	6
edwin	6
abituarsi	6
mode	6
mossad	6
prostata	6
rivedro	6
caramello	6
ro	6
stordito	6
amichetti	6
gon	6
specializzando	6
sottolineare	6
finanziato	6
renderai	6
helene	6
filippine	6
esclusa	6
johnnie	6
dormirò	6
ispira	6
caverò	6
tommaso	6
indovino	6
sposami	6
arrendermi	6
indossavo	6
rebekah	6
scomodo	6
bacheca	6
zip	6
dodge	6
discendente	6
presunta	6
accurato	6
sfumature	6
leggeva	6
kemp	6
arrapato	6
sapessimo	6
smamma	6
kristin	6
penseresti	6
spiegartelo	6
testato	6
lucifer	6
diffondendo	6
facciamogli	6
bluebell	6
salato	6
ridire	6
ipoteticamente	6
cazzeggiare	6
aggancio	6
pip	6
pinguini	6
oltreoceano	6
riusci	6
hilda	6
divinità	6
elisa	6
troviate	6
franny	6
flessibile	6
indovinello	6
becchiamo	6
assumendo	6
rubino	6
riportarmi	6
rappresentato	6
dirette	6
sbarazzarmi	6
commendatore	6
passò	6
sbrigarti	6
banchieri	6
cadra	6
teri	6
amero	6
calcolare	6
sands	6
divertirvi	6
discografica	6
piacevoli	6
servirebbero	6
terminal	6
stupore	6
hilton	6
bullismo	6
tirarci	6
patatina	6
gonfie	6
useranno	6
lip	6
sigillata	6
sdraiata	6
pseudonimo	6
vetta	6
leroy	6
asfalto	6
tragedie	6
negoziazione	6
parcheggi	6
decisivo	6
redini	6
kieran	6
gestiva	6
graal	6
taccuino	6
eliminati	6
margini	6
chiedendomi	6
registrate	6
gestendo	6
impertinente	6
fraser	6
lukas	6
arabia	6
gergo	6
graffiti	6
introdurre	6
ichi	6
registi	6
epico	6
firmate	6
accusarmi	6
annullata	6
starling	6
puzzava	6
userei	6
scordati	6
lowell	6
sentiro	6
scusaci	6
garth	6
dipendere	6
avvisata	6
deludente	6
purgatorio	6
nubilato	6
liberiamo	6
rado	6
diffonde	6
deep	6
raggiungeremo	6
dettagliato	6
avvisa	6
remota	6
egoisti	6
troverebbe	6
cappellano	6
softball	6
vendicarmi	6
pescato	6
fortunate	6
contabilita	6
rilassa	6
ì	6
noh	6
hiv	6
five	6
distrarmi	6
filosofo	6
macchinario	6
condivide	6
sykes	6
spaventarla	6
prenditela	6
ritiri	6
michaels	6
giochino	6
scintillante	6
zhang	6
rimaneva	6
yankees	6
ramirez	6
piacerle	6
eccentrico	6
tenti	6
scialuppa	6
yolanda	6
infilo	6
sapeste	6
meridionale	6
sporto	6
bruxelles	6
fummo	6
ingegnoso	6
campidoglio	6
uccidila	6
porteresti	6
smetterò	6
brewster	6
condanne	6
insaputa	6
distesa	6
canadesi	6
sheva	6
fronti	6
fragili	6
guarderemo	6
metallico	6
sostenitore	6
amir	6
minorenni	6
camminate	6
mentirei	6
pegno	6
spacciati	6
imparziale	6
peri	6
ritornerò	6
lotti	6
forge	6
scriviamo	6
ailish85	6
tattico	6
rimpiazzo	6
cosina	6
biografia	6
buonsenso	6
benche	6
importare	6
larsen	6
cold	6
violando	6
risultare	6
microscopio	6
portabagagli	6
estratti	6
joanne	6
too	6
perizia	6
aspirare	6
ripetermi	6
leali	6
tip	6
davey	6
condividono	6
chiacchierone	6
spazzato	6
tovaglioli	6
intendesse	6
martina	6
presentazioni	6
action	6
capsule	6
designer	6
amerai	6
kerry	6
bastoncino	6
trattate	6
susanna	6
somme	6
ovuli	6
rompipalle	6
sposarvi	6
comprarle	6
atene	6
cercapersone	6
enrique	6
santita	6
fields	6
raccolgo	6
collettivo	6
gim	6
sparatorie	6
sembrarti	6
allenarsi	6
velenoso	6
mao	6
bee	6
paragone	6
tamburo	6
perdersi	6
hi	6
trovammo	6
stage	6
esisti	6
entrerai	6
provvedimenti	6
tossine	6
highway	6
attentatore	6
supposizione	6
universitaria	6
crollata	6
benton	6
prestazioni	6
oo	6
anatomia	6
fat	6
prepariamoci	6
trattieni	6
hardison	6
sbattuta	6
crolla	6
impressionare	6
decidemmo	6
vous	6
ramen	6
rifugi	6
replica	6
series	6
lahey	6
dispiaciuti	6
originario	6
devil	6
offra	6
barrette	6
liverpool	6
strisciando	6
inviate	6
lubrificante	6
intrigante	6
abboccato	6
meschina	6
viziato	6
mangiarla	6
andie	6
ladymildred	6
guardatela	6
essergli	6
riflette	6
tossicodipendente	6
rhe	6
vederne	6
rapper	6
affidabili	6
mandibola	6
grafico	6
duane	6
disgustosi	6
parallelo	6
proteggo	6
tossisce	6
distrugga	6
misera	6
estenuante	6
risolvera	6
casanova	6
solennemente	6
weiss	6
cancellate	6
pastiglie	6
manichino	6
pasticcino	6
sudditi	6
sosia	6
giurisprudenza	6
sbirciare	6
sospettavo	6
sofisticata	6
tutorgirl	6
ka	6
emergere	6
ciuzza	6
prefetto	6
socialmente	6
rispondero	6
amori	6
speed	6
assunzione	6
rideva	6
glassa	6
sensato	6
falliti	6
lavarsi	6
manuliga	6
nutrito	6
mostrarci	6
giudico	6
olaf	6
inferi	6
stern	6
ritroverai	6
federico	6
uscivamo	6
mezze	6
sentirebbe	6
bassifondi	6
cagata	6
sparisca	6
giustificazione	6
parlagli	6
contabilità	6
successione	6
pettegolezzo	6
gertrude	6
tavole	6
contattarmi	6
gunther	6
passeggio	6
insediamento	6
rilevatore	6
anziché	6
affilato	6
patteggiare	6
goodwin	6
innamora	6
perseguitato	6
well	6
mangerai	6
molecolare	6
inaffidabile	6
gattini	6
scattate	6
alzando	6
proteggersi	6
berta	6
aw	6
piantarla	6
pregiudizio	6
sottotenente	6
cruise	6
esclude	6
polpettone	6
pilø	6
annusare	6
diavoli	6
arrestiamo	6
credici	6
ferengi	6
suoneria	6
separatamente	6
razzisti	6
adios	6
sveglierà	6
alfonso	6
scarabeo	6
vedove	6
barker	6
battiti	6
navy	6
leeds	6
willa	6
tirarsi	6
mora	6
scopriamolo	6
brevetto	6
socializzare	6
carboidrati	6
limitati	6
autisti	6
griffith	6
hwa	6
svegliera	6
ebay	6
higgins	6
ignoranti	6
tea	6
nubi	6
matite	6
fidiamo	6
generatori	6
inizierai	6
lobos	6
messia	6
amorosa	6
hwan	6
mosè	6
vergognati	6
baba	6
magie	6
prendiamolo	6
presentiamo	6
saudita	6
disperate	6
carretto	6
indossarlo	6
sabotato	6
disonesto	6
prosegui	6
splende	6
clemente	6
concreta	6
protettivo	6
osservo	6
yuki	6
senatori	6
sciolta	6
addominale	6
poveretta	6
zanzare	6
concedermi	6
schwartz	6
adeguatamente	6
misteriosi	6
delaney	6
sistemarmi	6
schegge	6
pink	6
roscoe	6
zoppo	6
nimueh	6
walters	6
droidi	6
zolfo	6
saiyan	6
quagmire	6
spring	6
propone	6
nord-est	6
vedessero	6
ingiunzione	6
principianti	6
trinity	6
inventa	6
mandarli	6
larson	6
disgusto	6
votate	6
frizzante	6
licenzi	6
studentesse	6
shy	6
contenuti	6
fuggitivi	6
josef	6
informo	6
vinse	6
immobiliari	6
accappatoio	6
reggente	6
aggiunge	6
importerebbe	6
tesla	6
chico	6
riporterò	6
disintossicazione	6
ignorarlo	6
guide	6
poe	6
federal	6
cantanti	6
chiederci	6
alce	6
mckinley	6
carissima	6
opporsi	6
tg	6
malia	6
esistano	6
sfruttando	6
pentita	6
ulcera	6
invernale	6
portiamola	6
correzione	6
been	6
vaiolo	6
houdini	6
cinghiale	6
misericordioso	6
volerla	6
estensione	6
anticipare	6
poeti	6
hubert	6
reuben	6
mayer	6
pinocchio	6
regale	6
seguirci	6
connessioni	6
vitamina	6
curando	6
pj	6
intitolato	6
impedirgli	6
commessa	6
avvisi	6
insistente	6
organizzati	6
fujiko	6
e'e	6
porterei	6
cadetto	6
razze	6
permetteremo	6
tirapiedi	6
spostate	6
cassetti	6
capezzolo	6
sconosciute	6
misteriose	6
lune	6
brand	6
sistemerà	6
ebbero	6
knight	6
ridicole	6
liberale	6
mogliettina	6
mu	6
partecipa	6
radiografie	6
elastico	6
ingannati	6
assomigliare	6
riferisca	6
foley	6
attente	6
whitman	6
romantici	6
cianuro	6
graffiato	6
uffa	6
leggilo	6
pinta	6
dc	6
celebrazione	6
preferiamo	6
godfrey	6
ricavare	6
rischiosa	6
talia	6
fotografa	6
regolata	6
mak	6
formica	6
stupirsi	6
lavastoviglie	6
cinghia	6
velocita'	6
neill	6
moro	6
cenetta	6
scioglie	6
sputo	6
cala	6
davenport	6
sveltina	6
provera	6
negazione	6
minacciarmi	6
smallville	6
zeta	6
hampshire	6
procurarci	6
fascisti	6
usera	6
contagiosa	6
vincenzo	6
costerebbe	6
riescano	6
ripensare	6
sery51	6
precipitare	6
pile	6
comparso	6
eccitati	6
pitt	6
dolcissimo	6
ricordassi	6
tinta	6
parzialmente	6
inusuale	6
cisterna	6
intersect	6
predetto	6
sportive	6
cercarci	6
atletica	6
potassio	6
sbrigarsi	6
bah	6
passasse	6
zattera	6
avvertiti	6
avvoltoio	6
moreno	6
ologrammi	6
jp	6
straziante	6
toledo	6
terrorizzati	6
consegnarlo	6
hap	6
valesse	6
lacci	6
evidenza	6
presentate	6
intossicazione	6
sbagliarmi	6
invitarla	6
babe	6
tipe	6
dimessa	6
callahan	6
risparmiati	6
rughe	6
programmare	6
cactus	6
an8	6
essenziali	6
dinamica	6
indifeso	6
catalina	6
guru	6
pubblicazione	6
cortesemente	6
xander	6
accurata	6
god	6
stellari	6
affermano	6
caldwell	6
only	6
discriminazione	6
wing	6
tedesche	6
tradizionali	6
ospitalita	6
tonic	6
investigativa	6
finirete	6
aspirazione	6
din	6
piccanti	6
hackerare	6
mattutina	6
bartowski	6
risponderò	6
bach	6
contundente	6
esploratori	6
trixie	6
infili	6
gustav	6
itinerario	6
eruzione	6
profili	6
nicissimo97	6
incontrero	6
prede	6
sitter	6
herrmann	6
volessimo	6
rogelio	6
lambert	6
festicciola	6
scaldare	6
rimorsi	6
acida	6
biondina	6
stilista	6
riaverla	6
skype	6
buttar	6
redattore	6
calpestato	6
valanga	6
servigi	6
relativo	6
ballerini	6
organizzi	6
esatti	6
contribuenti	6
azzurra	6
ate	6
bajor	6
consiglia	6
intromettermi	6
waldorf	6
saddam	6
bobo	6
sussidio	6
commemorazione	6
edilizia	6
issa	6
punendo	6
larghe	6
inserita	6
cratere	6
rubarti	6
rhys	6
patsy	6
elton	6
alterare	6
rinvio	6
possiedono	6
dialoghi	6
eclissi	6
affidare	6
heck	6
novak	6
katya	6
sviluppando	6
valutazioni	6
tuoni	6
singolare	6
cervella	6
segugio	6
watts	6
contava	6
provenienza	6
fuggendo	6
licantropo	6
barattoli	6
natalia	6
moralmente	6
mittente	6
ovale	6
auschwitz	6
bev	6
clemenza	6
scendono	6
delitti	6
harm	6
myers	6
agendo	6
allargare	6
annusa	6
tablet	6
maschili	6
calmiamoci	6
fortune	6
westen	6
nan	6
espellere	6
manipolazione	6
congelando	6
combutta	6
violenze	6
ammira	6
scoprì	6
utilizza	6
oblio	6
gioie	6
mandarino	6
fune'	6
trattiamo	6
confessi	6
yong	6
ronny	6
opposti	6
specializzata	6
ritirati	6
smettessi	6
discendenti	6
ultimatum	6
acquisire	6
fidanzate	6
ziggy	6
inspira	6
pascal	6
cubano	6
venivamo	6
marlon	6
coreana	6
proteggerò	6
liquidazione	6
estradizione	6
esageriamo	6
probabilita'	6
abbandonarmi	6
ammazzati	6
sopravvivera	6
rosalie	6
selvatico	6
scenate	6
massiccio	6
imbranato	6
tracey	6
rilascia	6
costruiamo	6
risalgono	6
lodi	6
amethyst	6
nbc	6
knock	6
dimenticano	6
piagnucolare	6
branch	6
dirigono	6
fotografato	6
rinnovare	6
coreani	6
pranzi	6
razioni	6
raja	6
notata	6
interessamento	6
merenda	6
irascibile	6
attivista	6
babbeo	6
malfunzionamento	6
jakob	6
cromwell	6
appassionata	6
prentiss	6
chaplin	6
distruggono	6
edna	6
innesco	6
faye	6
abramo	6
canoa	6
spazzare	6
accorgerà	6
kramer	6
glory	6
denuncio	6
incasinare	6
fesserie	6
gridava	6
difenderti	6
successivamente	6
ba	6
rivedo	6
solenne	6
accettera	6
pensassimo	6
ingaggiare	6
ricezione	6
ombelico	6
piscia	6
vagabondi	6
lanterna	6
mortificato	6
alternativo	6
conducono	6
ritardi	6
zebra	6
indolore	6
religiose	6
colette	6
spinato	6
fe	6
ahimè	6
agiti	6
governativa	6
controllerò	6
provocando	6
vipera	6
kings	6
proverbio	6
svegliatevi	6
adolf	6
penn	6
scontata	6
posato	6
svedesi	6
stramba	6
anziane	6
provasse	6
vorra'	6
rintracciarla	6
fatele	6
becchino	6
lanciando	6
strategica	6
zoccoli	6
deviato	6
entita	6
telefonino	6
armando	6
françois	6
spiegati	6
matilda	6
primitivo	6
ceretta	6
lastra	6
raggiungibile	6
salutiamo	6
perdessi	6
stupende	6
corteo	6
shhh	6
immortali	6
convenzionale	6
trapianti	6
scegliendo	6
bret	6
sospettoso	6
candice	6
diventarlo	6
attacchiamo	6
incanto	6
atf	6
specializzandi	6
paranormale	6
basil	6
intercettazione	6
adolescenza	6
riposarsi	6
regine	6
sgattaiolare	6
vizi	6
mill	6
osseo	6
speravi	6
vaccini	6
invitarmi	6
universi	6
percio'	6
mandarle	6
se'	6
chiariamo	6
brandi	6
our	6
mannari	6
lacerazione	6
indichi	6
viceversa	6
vomita	6
tang	6
elevata	6
trazione	6
tossina	6
cornell	6
cc	6
ripetilo	6
voyager	6
rave	6
levami	6
svegliarlo	6
biasimare	6
vincero	6
toglierla	6
pretzel	6
cambiero	6
generato	6
blunt	6
indossate	6
core	6
colpirti	6
coniugale	6
indaga	6
rimetterci	6
infallibile	6
finanziamento	6
interfaccia	6
commercialista	6
congelati	6
leggevo	6
need	6
sistemate	6
psicotico	6
mantenendo	6
ferirmi	6
superbiagi	6
fritti	6
pensionamento	6
tropicale	6
accontentare	6
assomigliava	6
cospetto	6
killian	6
indifesa	6
noleggiare	6
preoccupando	6
ricordarle	6
alligatore	6
cinquant'	6
accorgo	6
colomba	6
fammici	6
guadagnarmi	6
latina	6
patetici	6
irrompere	6
tampa	6
scordi	6
car	6
palese	6
sovietico	6
declino	6
poste	6
decorato	6
ingelosire	6
approva	6
discutibile	6
ritornano	6
divideremo	6
alziamo	6
saturno	6
comunismo	6
port	6
wyoming	6
difettoso	6
distruggeremo	6
avverrà	6
prematuro	6
gestapo	6
sicurissimo	6
tolgono	6
confrontare	6
intercettare	6
reeves	6
uccidano	6
concedi	6
regionali	6
portai	6
clifford	6
matters	6
voight	6
broccoli	6
mami	6
sostituzione	6
rolling	6
edo	6
improvvisazione	6
causate	6
moriva	6
pomiciare	6
supportare	6
mío	6
assorbenti	6
agatha	6
mandria	6
tsunami	6
gilet	6
marisol	6
leanne	6
merdoso	6
riuscivano	6
cutter	6
buchanan	6
raina	6
provvisorio	6
facilissimo	6
suzie	6
bordi	6
finley	6
conoscevate	6
mirare	6
hollow	6
seminato	6
uccidesse	6
astuta	6
aspetterà	6
puntino	6
altissimo	6
toglietemi	6
cupido	6
giudizi	6
comici	6
monsignore	6
jfk	6
curarlo	6
teopas	6
führer	6
gelo	6
cadranno	6
oakland	6
gabbie	6
paletto	6
rozzo	6
globo	6
pine	6
hewes	6
pizzeria	6
sorveglia	6
rugby	6
tradiva	6
fammela	6
consegnati	6
scopate	6
mitologia	6
inizierò	6
saltati	6
diventerebbe	6
piaciute	6
salvarle	6
verbo	6
hae	6
corinne	6
sommerso	6
sorprenderebbe	6
rivolge	6
stimoli	6
risolverla	6
autorita'	6
gravitazionale	6
affondato	6
fugge	6
guidate	6
mancheranno	6
svelato	6
irrisolto	6
scommettiamo	6
cuocere	6
tag	6
piacessero	6
elogio	6
spende	6
reggo	6
degni	6
trasformati	6
disputa	6
competente	6
abbott	6
sanità	6
spiegando	6
incentivo	6
guarisce	6
ciarlatano	6
rinvenuto	6
riferimenti	6
cominciavo	6
schiacciante	6
plurale	6
leadership	6
felipe	6
harding	6
comincerà	6
scommetterei	6
garrison	6
mi6	6
avidità	6
espressioni	6
impulsivo	6
umida	6
fusto	6
affrontarla	6
gonfiabile	6
circondano	6
giudicata	6
netflix	6
ripassare	6
intenzionale	6
visibili	6
ripley	6
archiviato	6
assorbire	6
stipendi	6
thelma	6
vivamente	6
buy	6
scriverai	6
arrestarla	6
berger	6
moriarty	6
autografi	6
rallentando	6
procuri	6
attivata	6
malloy	6
etere	6
palermo	6
divertite	6
emile	6
bagliore	6
profughi	6
ravi	6
salina	6
proverà	6
accuratamente	6
loop	6
lan	6
danesi	6
coincidono	6
includere	6
incriminato	6
sò	6
cubani	6
starbucks	6
talyn	6
romero	6
smettera	6
postazioni	6
incidere	6
sunshine	6
tampone	6
dichiari	6
proporzioni	6
sommo	6
colesterolo	6
puffo	6
collaborando	6
horace	6
mostruoso	6
impone	6
esprime	6
perspicace	6
sarcastico	6
xx	6
rimandiamo	6
adler	6
illustre	6
frontiere	6
cain	6
riflessione	6
rovinerai	6
transazioni	6
sonar	6
vangelo	6
descriverlo	6
detesta	6
mildred	6
sacri	6
schizzato	6
pesare	6
mortificata	6
blitz	6
galli	6
costruiremo	6
avamposto	6
aaah	6
ostetrica	6
matematico	6
cordiale	6
paradosso	6
usanza	6
scommetti	6
favor	6
garrity	6
regalata	6
duck	6
dudley	6
marx	6
platino	6
burrows	6
subdolo	6
attendono	6
sparati	6
ambienti	6
war	6
davina	6
difficolta'	6
distruggo	6
africani	6
arrestarti	6
arresa	6
centrato	6
impostato	6
molecole	6
contrattempo	6
riaverlo	6
sopratutto	6
ricattare	6
giustamente	6
goderti	6
bitterblue	6
esempi	6
alleno	6
cinematografica	6
caschi	6
diplomato	6
maccheroni	6
caparra	6
main	6
inestimabile	6
succhiato	6
puntano	6
motivato	6
partirà	6
raggiungerà	6
frizione	6
cresca	6
aggiorna	6
rotonda	6
tasti	6
tabellone	6
nightclub	6
esiti	6
windsor	6
asciugare	6
hearst	6
sembrasse	6
tendo	6
nu	6
aggiornati	6
pianificazione	6
paparazzi	6
burgess	6
sterlina	6
direttori	6
compositore	6
tj	6
gilmore	6
tare	6
congregazione	6
congetture	6
vivro	6
ottenerlo	6
celebre	6
addormentarmi	6
cicciona	6
alejandro	6
colossale	6
sostengo	6
trick	6
randolph	6
pozzi	6
nichols	6
thad	6
motosega	6
pestare	6
kimberly	6
cile	6
cage	6
venezuela	6
nooo	6
ignoralo	6
face	6
cooperare	6
sottoscritto	6
assetato	6
appendice	6
mentalità	6
espandere	6
elettronici	6
atterrati	6
piggy	6
lamentando	6
schermi	6
pensò	6
infortunio	6
vincolo	6
sparl	6
autostop	6
porgere	6
gareggiare	6
giraffa	6
conteggio	6
curiosare	6
eletta	6
preoccupava	6
usciranno	6
ceramica	6
zanne	6
accertarmi	6
sandro	6
indimenticabile	6
disobbedito	6
lasciartelo	6
battuti	6
fingiamo	6
capiremo	6
piaceranno	6
primogenito	6
werner	6
true	6
armadi	6
hemingway	6
dimentichiamoci	6
lino	6
virtu	6
sistemarla	6
insignificanti	6
ringraziamenti	6
congelata	6
ah-ah	6
spiritosa	6
schiacciata	6
previsione	6
strappa	6
imparate	6
miti	6
ginecologo	6
valium	6
controllore	6
guadagniamo	6
obbedienza	6
rilancio	6
clarkson	6
religioni	6
pupazzi	6
cargo	6
deciderai	6
topher	6
blaterare	6
creme	6
divorato	6
affermazioni	6
scusati	6
ispirata	6
raccontero	6
bellamy	6
dubai	6
offenderti	6
affondando	6
filato	6
rubava	6
globuli	6
inarrestabile	6
adatte	6
supposizioni	6
reclutare	6
inganna	6
viagra	6
poetico	6
accompagnatrice	6
procuro	6
devota	6
toglilo	6
guarendo	6
informarvi	6
key	6
imponente	6
formalmente	6
valide	6
scarti	6
creativi	6
statali	6
scienziata	6
riunito	6
consuma	6
infinitamente	6
avorio	6
croccante	6
collaboratore	6
dalia	6
otello	6
rotolo	6
melbourne	6
siberia	6
keys	6
habitat	6
pettine	6
ricominci	6
piacimento	6
mí	6
cervi	6
fury	6
allarga	6
rafforzare	6
breakfast	6
accelerazione	6
veggente	6
tolti	6
spillo	6
usalo	6
mangiavo	6
iniziazione	6
accorgera	6
scritture	6
sbarazzarci	6
stesa	6
gear	6
premeditato	6
cent'	6
arrestano	6
glass	6
blindato	6
payson	6
raffinata	6
briga	6
batmarta	6
rowan	6
tirannia	6
malate	6
avvelenare	6
crazy	6
denunciarlo	6
intervistare	6
perdonera	6
conclude	6
allegri	6
distruggerò	6
pardon	6
comunica	6
ennesima	6
some	6
meravigliosamente	6
parlò	6
addestrata	6
narcisista	6
smeraldo	6
gabriella	6
rimanessi	6
montatura	6
restando	6
supponendo	6
paraurti	6
gemme	6
insicuro	6
precoce	6
sensibilita	6
trasformano	6
notevoli	6
fay	6
sentieri	6
haiti	6
cemjey	6
appoggi	6
bivio	6
fertile	6
ilaria	6
intercettazioni	6
disabile	6
superstizione	6
hansen	6
turistica	6
incontrassi	6
mangerei	6
recarsi	6
mignolo	6
gandhi	6
ferrovie	6
rivuoi	6
formaggi	6
ursula	6
trance	6
greendale	6
superstiti	6
caloroso	6
discendenza	6
rimette	6
arrivavano	6
cj	6
scordarti	6
criceto	6
belfast	6
salveremo	6
traslocare	6
ritardati	6
eliminata	6
poverta	6
scandaloso	6
assoluzione	6
redazione	6
soap	6
digiuno	6
stupri	6
ballate	6
furie	6
corporea	6
passerella	6
poichè	6
earp	6
abitui	6
esploderà	6
sistemerò	6
anonimato	6
apparecchi	6
detesti	6
somministrato	6
pesto	6
finiscilo	6
rispettoso	6
cercai	6
consegnate	6
edile	6
dicerie	6
cianfrusaglie	6
istanti	6
forca	6
norton	6
paragonato	6
armadietti	6
moray	6
socialista	6
peggiorata	6
terence	6
selvatici	6
imprudente	6
uscissi	6
svanisce	6
testolina	6
aggiustarlo	6
imporre	6
lacrosse	6
confrontato	6
impiccagione	6
passavano	6
venda	6
summit	6
wilcox	6
precedentemente	6
crocifisso	6
baciarla	6
parlane	6
aiutasse	6
specifici	6
ser	6
schiavitu	6
mcgarrett	6
tuttora	6
liberarlo	6
pioveva	6
guardavamo	6
asher	6
sparerai	6
innamorando	6
orfana	6
maggiormente	6
sicari	6
rendero	6
bisnonno	6
psicosi	6
mandorle	6
governativi	6
tuck	6
bloody	6
aiutassi	6
preferivo	6
yorkshire	6
accesi	6
animato	6
resort	6
thornton	6
teoricamente	6
michelangelo	6
deciderà	6
svantaggio	6
poterne	6
olocausto	6
geografia	6
principesse	6
darli	6
delicati	6
renderò	6
commette	6
verissimo	6
rallo	6
carlisle	6
berlina	6
benefattore	6
superando	6
tanaka	6
lattuga	6
sorellastra	6
penserete	6
primaria	6
resisto	6
restasse	6
sayid	6
socievole	6
dublino	6
levate	6
portavi	6
kyu	6
porgo	6
entreranno	6
six	6
cognizione	6
finirebbe	6
sentivamo	6
avvisati	6
clem	6
sedotto	6
gennaro	6
barato	6
lavorativa	6
unirci	6
anya	6
evidenti	6
risposi	6
tap	6
tremotino	6
donner	6
pezzettini	6
mangiarli	6
rilievo	6
resterete	6
offerti	6
fiuto	6
toglierle	6
grimes	6
cahill	6
rompete	6
ipocrisia	6
maia	6
snake	6
arterie	6
clementinity	6
spelling	6
esotico	6
sudan	6
irragionevole	6
andersen	6
scopami	6
academy	6
dovertelo	6
field	6
ranghi	6
r2	6
piscine	6
inguine	6
altruista	6
assaggi	6
apprendimento	6
dickens	6
seguirà	6
stranissimo	6
ricorderete	6
benedici	6
spuntare	6
schizofrenia	6
ammirato	6
rimettilo	6
mutante	6
vorrò	6
glie	6
pergamena	6
stancata	6
interessate	6
cove	6
sceglierei	6
distacco	6
roulette	6
sistemarti	6
crostata	6
manuali	6
molestato	6
panthers	6
userà	6
toracica	6
crederle	6
motorino	6
mortimer	6
rimpiango	6
rallentato	6
ereditario	6
organico	6
trampolino	6
portoghese	6
aggressivi	6
tessere	6
rivelano	6
tubercolosi	6
spareranno	6
dipenda	6
straniere	6
verginità	6
agricoltori	6
moderne	6
editrice	6
arkady	6
detenuta	6
manovre	6
assurdi	6
pregate	6
tranquillita	6
targhetta	6
cedendo	6
pilates	6
pulce	6
inventore	6
diplomazia	6
infestato	6
artiglio	6
sbarazzarti	6
pagliaio	6
stemma	6
antidepressivi	6
distruggero	6
spears	6
interrogata	6
apparente	6
raduna	6
sciamano	6
cerimonie	6
metano	6
bellezze	6
autodistruzione	6
riportero	6
csi	6
informa	6
grillo	6
shore	6
reclamare	6
tremano	6
vorro	6
accettarla	6
dedurre	6
belga	6
canile	6
muovervi	6
passarla	6
mc	6
romantiche	6
rudolph	6
heath	6
stilly	6
escrementi	6
adalind	6
parcella	6
operando	6
contaci	6
cerniera	6
ripararlo	6
rasato	6
cbi	6
trust	6
ascoltava	6
quattrini	6
dormiro	6
ridammela	6
specialisti	6
games	6
gestore	6
faceste	6
tumori	6
disfare	6
presentatore	6
vieta	6
occuperai	6
riprenderlo	6
fermarvi	6
rimossa	6
condividerlo	6
didi	6
international	6
kabul	6
igor	6
terapeuta	6
limita	6
mercanti	6
peni	6
cartellone	6
premurosa	6
flessioni	6
quell	6
shrek	6
barbaro	6
concepire	6
muriel	6
aeroporti	6
grotte	6
dittatore	6
indy	6
britney	6
contusioni	6
cappie	6
kenya	6
liberali	6
lamentano	6
meade	6
ambrose	6
lilith	6
maneggiare	6
messer	6
capirti	6
asciutta	6
assegnati	6
opossum	6
rinoceronte	6
umilmente	6
infrazione	6
abbracciarti	6
guardai	6
nachos	6
vincita	6
hailey	6
nascessi	6
consultato	6
radioattivo	6
attaccheranno	6
farmaceutica	6
ipoteca	6
capitalismo	6
seppellirlo	6
j'	6
biciclette	6
spione	6
violoncello	6
appesi	6
richiamerò	6
brandelli	6
laurent	6
lowe	6
cleopatra	6
andro'	6
aspetterai	6
asgard	6
lightman	6
aboutagirl	6
autolavaggio	6
odiassi	6
wilder	6
insabbiare	6
terremoti	6
invidiosa	6
armamenti	6
colpendo	6
intestata	6
ciro	6
mozzo	6
guidano	6
noodles	6
estremità	6
fidarvi	6
restrizioni	6
trentina	6
skywalker	6
disdire	6
apriro	6
suoniamo	6
imposta	6
denton	6
reame	6
compratori	6
accumulato	6
assunti	6
cresciute	6
ricordando	6
fitta	6
dok	6
smarriti	6
storybrooke	6
pover'	6
ventilatore	6
scorretto	6
venderemo	6
confiscato	6
progettare	6
accetterai	6
ridley	6
hurley	6
arrivammo	6
bubbles	6
cauto	6
trasportando	6
scoprissi	6
beaumont	6
mentiro	6
occupatene	6
axe	6
sonniferi	6
calzoni	6
cliche	6
letame	6
loco	6
dovervi	6
julianne	6
clandestina	6
brighton	6
metanfetamine	6
riportando	6
ui	6
ritornera	6
unisca	6
appartenga	6
soddisfa	6
paola	6
ammazzarti	6
abbondante	6
sembianze	6
petali	6
cercherai	6
sedeva	6
sfruttamento	6
aggrappati	6
canticchia	6
gotta	6
pareggiare	6
scarichi	6
industriali	6
darlene	6
radiazione	6
trasmettendo	6
trio	6
profuma	6
goldie	6
lasciamelo	6
toccati	6
lumache	6
polacchi	6
bane	6
shik	6
spaventapasseri	6
ansima	6
tralasciato	6
indosserai	6
cessare	6
incazzati	6
annette	6
osborne	6
colonne	6
gestisci	6
indossavi	6
sparizione	6
ordinate	6
terrei	6
carmichael	6
romania	6
motociclista	6
fiducioso	6
iniziasse	6
minaccioso	6
cecil	6
provai	6
crocchette	6
aziendali	6
reperto	6
boogie	6
falegname	6
senna	6
incantata	6
arlo	6
proteggerà	6
sorvegliando	6
mandala	6
sylvie	6
rimetterlo	6
piromane	6
lennon	6
disertore	6
rammarico	6
bed	6
smetterà	6
cesareo	6
risponderà	6
broker	6
trave	6
cartwright	6
trofobico	6
littlebiglove	6
ingrassare	6
segnalazioni	6
egan	6
incontrerò	6
ordinazione	6
pattinaggio	6
trattenerla	6
ostinato	6
riconquistare	6
scagionato	6
incoronazione	6
asciugatrice	6
cruda	6
girarti	6
rambo	6
incoraggiare	6
serge	6
coinvolge	6
ren	6
verrebbero	6
lea	6
superficiali	6
appieno	6
teo	6
pre	6
battersi	6
fottermi	6
valutato	6
binocolo	6
spiegate	6
inteso	6
pediatra	6
alcolismo	6
uccidetemi	6
asteroidi	6
epica	6
restrittiva	6
battono	6
ché	6
mattie	6
cnn	6
delegazione	6
shadow	6
mantenimento	6
permetteranno	6
zie	6
loki	6
lem	6
appiccicoso	6
tirerò	6
squisita	6
svendita	6
joaquin	6
concentratevi	6
sessioni	6
blade	6
antipasto	6
bosch	6
al-qaeda	6
sposando	6
chiesti	6
osceno	6
sostituta	6
perdonerò	6
alcolizzata	6
ronda	6
intendono	6
permettermelo	6
stò	6
rocket	6
diventino	6
renderci	6
winslow	6
olsen	6
frantumi	6
sfrutta	6
cavalca	6
civico	6
aragoste	6
bucky	6
saloon	6
toto	6
tenace	6
toporagna	6
svanire	6
cappotti	6
lol	6
dolcissima	6
scontroso	6
rica	6
detenute	6
negoziato	6
delilah	6
sage	6
contagio	6
filmando	6
ricevuti	6
sensata	6
amos	6
magnate	6
pentire	6
fessura	6
realizzazione	6
uniscono	6
braccialetti	6
protagonisti	6
uscivano	6
terri	6
lottano	6
marini	6
scottie	6
gyeong	6
porcellino	6
incerto	6
varrebbe	6
cayman	6
egoismo	6
superi	6
arresta	6
perversa	6
tappi	6
giocavano	6
solidarietà	6
tong	6
rigore	6
materie	6
crawley	6
risolti	6
validi	6
sperduto	6
assumi	6
uguaglianza	6
urna	6
malora	6
indistruttibile	6
vicodin	6
datele	6
incertezza	6
serpe	6
malaria	6
sacerdoti	6
umidità	6
incluse	6
acero	6
immaturo	6
gruppetto	6
pio	6
bi	6
i0	6
delicate	6
beaver	6
rovesciare	6
kilu	6
contrari	6
colmo	6
horn	6
marziani	6
cannuccia	6
assorbito	6
punirmi	6
scrivimi	6
cartucce	6
nebraska	6
jessi	6
keep	6
puri	6
minimi	6
criptato	6
sporcaccione	6
fazione	6
goderci	6
trovala	6
bidoni	6
mango	6
pacca	6
incassato	6
abbaiare	6
bombola	6
congiunta	6
incomprensibile	6
usci	6
book	6
mischiare	6
addormentati	6
disposizioni	6
guthrie	6
aprira	6
stagli	6
calamita	6
vincerò	6
molteplici	6
costui	6
lasciale	6
scoprissero	6
interrompe	6
limoni	6
damigelle	6
ricostruito	6
ammessa	6
espira	6
avvenuti	6
bipolare	6
irritato	6
appositamente	6
ricreazione	6
cado	6
stecca	6
trattengo	6
met	6
ottica	6
ristabilire	6
assicurarvi	6
mer	6
watch	6
tobin	6
rimettera	6
complicati	6
riportera	6
iphone	6
icona	6
downton	6
fiche	6
leopardo	6
nassau	6
albuquerque	6
spaventarlo	6
delegati	6
winters	6
i1	6
much	6
uber	6
vivevi	6
robertson	6
decidete	6
sospiro	6
again	6
costruiscono	6
bestione	6
occultamento	6
newport	6
sinfonia	6
perforato	6
ambiziosa	6
cucchiai	6
rullo	6
arringa	6
freccette	6
disegna	6
filtri	6
approvi	6
darling	6
comprensiva	6
traverso	6
oskar	6
ye	6
culone	6
ex-marito	6
tentata	6
swing	6
selma	6
rasa	6
ambulanze	6
utilizzata	6
rilasciati	6
sharp	6
potro'	6
cupo	6
fair	6
spaventate	6
pee'	6
huang	6
dimostrando	6
mattatoio	6
goccetto	6
farah	6
vendermi	6
richiesti	6
rimpiazzato	6
bravissimi	6
aisha	6
miserabili	6
casper	6
insicura	6
selezionato	6
ginsberg	6
accendiamo	6
daddy	6
terme	6
ematoma	6
georg	6
scoprendo	6
innanzi	6
lordthul	6
tento	6
accecato	6
mort	6
onorati	6
chiamino	6
gaetano	6
dài	6
geum	6
kaplan	6
weber	6
gradualmente	6
clavicola	6
proviamoci	6
cosiddetti	6
inscenato	6
clinico	6
vu	6
armante	6
violazioni	6
t-shirt	6
frequentiamo	6
rovino	6
coprirti	6
meccanici	6
aggredire	6
renale	6
vocabolario	6
midwest	6
assoldato	6
averi	6
toglierci	6
magicamente	6
reagisci	6
riposarmi	6
affogato	6
vantarmi	6
telo	6
barboni	6
sconvolti	6
austen	6
estreme	6
spiacenti	6
vasquez	6
carmine	6
contaminazione	6
salpare	6
banner	6
rapa	6
giovanotti	6
keaton	6
burrone	6
ammazzata	6
anestetico	6
intimidire	6
piti	6
parlino	6
collabori	6
aprirmi	6
seppellita	6
viper	6
once	6
utopia	6
brucio	6
vegetariana	6
sonnifero	6
diplomatici	6
auguriamo	6
volata	6
adorerai	6
kylie	6
formate	6
proibita	6
fior	6
flagrante	6
cicli	6
kiera	6
frodo	6
deviare	6
definiscono	6
mahoney	6
zurigo	6
there'	6
ucciderebbero	6
limitate	6
zhaan	6
ibridi	6
fight	6
massimi	6
trasporta	6
mccall	6
presidentessa	6
minerali	6
knope	6
mezzora	6
alone	6
comprese	6
pizzo	6
scoparsi	6
direttive	6
relitto	6
fun	6
deficit	6
chiamavi	6
cambieremo	6
gareth	6
interessasse	6
basandosi	6
pubblicitari	6
turistico	6
vongole	6
prude	6
lira	6
healy	6
provocarmi	6
johanna	6
yoda	6
middleton	6
corano	6
pollocombinaguai	6
peralta	6
salutarmi	6
feroci	6
consumare	6
cambiarla	6
uscivi	6
reparti	6
ramos	6
lexington	6
esibirsi	6
resoconti	6
corn	6
beata	6
mutanti	6
capendo	6
restino	6
sandali	6
cinematografico	6
brenner	6
rabbioso	6
rifacciamo	6
ispettori	6
sante	6
proteggero	6
pero'	6
emporio	6
deposizioni	6
suk	6
faruq	6
primarie	6
abbie	6
pellicce	6
femminista	6
allergie	6
coprono	6
spiacevoli	6
sbarazzato	6
myrtle	6
court	6
ammalare	6
succedera'	6
lonnie	6
giamaica	6
narratore	6
annata	6
paterna	6
justice	6
carcassa	6
bieber	6
vien	6
appresso	6
disgrazie	6
hathaway	6
mettevano	6
cercò	6
redditi	6
calmato	6
mangerà	6
rovinate	6
backup	6
stupidità	6
lasso	6
alcolico	6
energetico	6
owens	6
augusto	6
temperamento	6
magda	6
ten	6
vilma	6
brama	6
faccina	6
diametro	6
intervenuto	6
annientare	6
preparerò	6
rubiamo	6
silva	6
guidavo	6
peperoni	6
records	6
improvvisato	6
spacciare	6
danneggiati	6
abbronzatura	6
ricorrente	6
makoto83	6
compreremo	6
costello	6
meghan	6
zingaro	6
randagio	6
pellegrini	6
aspetterei	6
avidita	6
umiliare	6
xalexalex	6
inquinamento	6
commercianti	6
nixxo	6
carreggiata	6
spostarti	6
truffatori	6
videogame	6
usavo	6
udibile	6
capitali	6
distruggiamo	6
caricando	6
regala	6
cavolata	6
ki	6
sud-ovest	6
arrivassero	6
talismano	6
dimostro	6
spezzi	6
beale	6
levo	6
scambiarci	6
devlin	6
ristretta	6
sublime	6
studios	6
allunga	6
prema	6
rivederci	6
gomiti	6
cruciverba	6
ostruzione	6
nba	6
uniamo	6
oppone	6
ceo	6
distruttore	6
gregor	6
incastrati	6
velivolo	6
incursione	6
mostrerà	6
falcone	6
fotto	6
microchip	6
jeuccya	6
dominique	6
distingue	6
accenno	6
conchiglia	6
approfitta	6
cambiò	6
biberon	6
feng	6
vantarsi	6
accademico	6
sgombrare	6
uccideva	6
arrendetevi	6
diro'	6
attrae	6
leggerò	6
paludi	6
could	6
alf	6
ventesimo	6
sentì	6
fisk	6
medioevo	6
panca	6
scompaiono	6
addy	6
scomoda	6
piccina	6
patrioti	6
indie	6
femore	6
forbes	6
massacrati	6
palato	6
raggiungono	6
ritratti	6
ambientali	6
valoroso	6
impedirti	6
scade	6
mostreremo	6
carestia	6
arrabbiarsi	6
rinfresco	6
guadagnando	6
sperano	6
abitato	6
scrivermi	6
restarci	6
estremita	6
cent	6
onorario	6
schere'	6
scientifici	6
through	6
pazzie	6
scettico	6
parish	6
notturne	6
brusco	6
allibratore	6
ramanzina	6
bungalow	6
crowder	6
scure	6
sook	6
conoscerli	6
perderete	6
sfratto	6
nesso	6
sparero	6
intervistato	6
moody	6
avvolta	6
palma	6
murtaugh	6
fighting	6
cincinnati	6
mangiarmi	6
gioventu	6
dinanzi	6
shogun	6
meteoriti	6
rompersi	6
playoff	6
scambiamo	6
quasark	6
lanciate	6
dion	6
piramidi	6
incollato	6
distruggeranno	6
slip	6
grammo	6
orizzontale	6
appassionati	6
porcherie	6
sessista	6
lockwood	6
mendicante	6
vincenti	6
venderli	6
hendricks	6
osservi	6
impegnarmi	6
artificiali	6
ernia	6
animati	6
indifferenza	6
angels	6
ricaricare	6
piacete	6
bean	6
scalata	6
nascondete	6
confessioni	6
adelaide	6
maternita	6
pali	6
guidati	6
brianna	6
testone	6
arbitrio	6
svuota	6
bordeaux	6
discepoli	6
azzardarti	6
arcivescovo	6
chiamai	6
espressamente	6
marionetta	6
infuriare	6
omaha	6
mostragli	6
trota	6
bahamas	6
riccio	6
accoppiamento	6
controllarli	6
esageri	6
ricercatore	6
zachary	6
pallacanestro	6
salt	6
immacolata	6
robby	6
emotivi	6
comprendi	6
abdul	6
protezioni	6
adesivi	6
iniziavo	6
kyoto	6
pattinare	6
coca-cola	6
reagendo	6
marci	6
subbers	6
slim	6
ispezionare	6
ammetta	6
pastori	6
abilita'	6
antipatico	6
lamb	6
comprarsi	6
para	6
moschettieri	6
hammer	6
intrattenere	6
brigadiere	6
risultano	6
battello	6
smise	6
raddoppiare	6
galante	6
elettromagnetico	6
compassionevole	6
involucro	6
carabinieri	6
autocontrollo	6
sil	6
scampata	6
sgabuzzino	6
provinciale	6
richardson	6
maniaci	6
cravatte	6
nonche	6
servirvi	6
markus	6
classificato	6
sfogare	6
estende	6
avvertirmi	6
immaginata	6
sbattono	6
decapitato	6
lasciarono	6
preferibilmente	6
mystic	6
determinati	6
grezzo	6
rimetterà	6
approssimativamente	6
miniatura	6
insultarmi	6
vedovo	6
contarci	6
colpisco	6
rock'	6
mcbride	6
uvetta	6
tifosi	6
frana	6
ta-da	6
dosaggio	6
mangeranno	6
bruna	6
urtato	6
propulsione	6
muoiano	6
gogh	6
backstage	6
dimenticalo	6
salgono	6
maometto	6
nipotino	6
cottura	6
assomiglio	6
carrozzeria	6
fidate	6
fornitura	6
tradirmi	6
laguna	6
innescato	6
emery	6
comincera	6
aires	6
elettricista	6
spiegarci	6
domandavo	6
ebraica	6
cavigliera	6
riluttante	6
assassinare	6
maga	6
lume	6
competitivo	6
riposato	6
interiora	6
capirei	6
nacho	6
cominceranno	6
cessi	6
scopiamo	6
espulsa	6
pasticcini	6
finocchi	6
incendiato	6
atomi	6
vivessi	6
giudichi	6
residenziale	6
precipizio	6
lascino	6
rosalee	6
ripresi	6
guarderai	6
pubblicita'	6
piogge	6
tirava	6
godzilla	6
divertirai	6
credenti	6
sganciare	6
collettiva	6
donnaiolo	6
spaventose	6
capolinea	6
sporcato	6
kruger	6
hester	6
africana	6
kimmie	6
disturbarvi	6
secchione	6
ostilità	6
arresteranno	6
spostarla	6
servitù	6
soffiare	6
bufera	6
generosi	6
fusa	6
invitiamo	6
risponderti	6
griff	6
arlene	6
sfuggendo	6
gently	6
voltarti	6
promossa	6
mads	6
nomino	6
bisognosi	6
firmati	6
entrero	6
chiamali	6
gaga	6
badato	6
dirty	6
lights	6
laghi	6
bingum	6
chiedevano	6
agisci	6
incastrarlo	6
lamentela	6
devastata	6
rimanendo	6
restituisci	6
pongo	6
ingrata	6
comunita'	6
confermate	6
esemplari	6
enormemente	6
arrabbiate	6
rotolare	6
riscrivere	6
materna	6
capitani	6
rinascere	6
nipotina	6
mostrarlo	6
ascoltavo	6
hell	6
cacao	6
inserisci	6
smettesse	6
residente	6
tranquillanti	6
sperimentato	6
preventivo	6
desideriamo	6
anarchia	6
tenetela	6
truppa	6
javi	6
rilassarci	6
confessarti	6
commedie	6
crepe	6
innocua	6
maggiorenne	6
cedric	6
sylmaril	6
picche	6
recupera	6
piedistallo	6
dammeli	6
accettalo	6
ocean	6
insegnero	6
frignare	6
gill	6
camden	6
approfittando	6
orizzonti	6
avvenga	6
order	6
insegnava	6
sentimentali	6
amish	6
blackmamba87	6
maniaca	6
sull	6
magnifiche	6
bermuda	6
five-0	6
mcdonald	6
niki	6
laggiu'	6
negoziati	6
disoccupati	6
bevevo	6
toccami	6
ottenuta	6
contrastare	6
bisognerà	6
brillano	6
market	6
fraintendere	6
licantropi	6
togliero	6
valvole	6
sosteneva	6
chino	6
pagani	6
frugare	6
generosita	6
testosterone	6
elio	6
chirurgica	6
andreas	6
hoo	6
ritirarmi	6
godo	6
studioso	6
ciononostante	6
genocidio	6
ribalta	6
follie	6
sunset	6
banshee	6
scolastici	6
riportalo	6
manualmente	6
pere	6
colby	6
indicazione	6
giles	6
rientriamo	6
falsificare	6
confondendo	6
equazioni	6
holloway	6
suscettibile	6
fifone	6
hang	6
racconterai	6
notate	6
manson	6
procurati	6
scoprano	6
composti	6
battista	6
castelli	6
vitto	6
quo	6
mouth	6
privi	6
urlarmi	6
importantissimo	6
avvistamento	6
singh	6
sutter	6
flores	6
sea	6
giunge	6
starcene	6
copra	6
riteneva	6
compiaciuto	6
spediti	6
pneumatico	6
leggiamo	6
difenderci	6
doverla	6
musei	6
annegata	6
trarne	6
prassi	6
intestinale	6
raccontarvi	6
scese	6
decideremo	6
distorsione	6
tatuato	6
rygel	6
defunti	6
aste	6
stratagemma	6
isles	6
cetriolo	6
troverei	6
allevare	6
sembravo	6
mom	6
cheng	6
criminalità	6
spettatore	6
frazione	6
santificato	6
istituzioni	6
mother	6
grafica	6
inventi	6
specializzati	6
roller	6
restituirò	6
osaka	6
lavorativo	6
mettetela	6
mostrava	6
potomac	6
risparmiando	6
imposte	6
rapide	6
attraversano	6
bligh	6
lamborghini	6
santana	6
velenosa	6
lassiter	6
ascelle	6
suzy	6
complicazione	6
credergli	6
parlati	6
dartelo	6
oche	6
gore	6
sbucato	6
porzioni	6
made	6
ringraziarlo	6
orsa	6
cacciano	6
tiratemi	6
farmer	6
problematico	6
svegliarla	6
solitari	6
mansioni	6
marionette	6
compton	6
scroto	6
wanna	6
aspettera	6
controllava	6
straordinariamente	6
impaurito	6
strangolamento	6
moo	6
sane	6
kris	6
formata	6
heh	6
considerarlo	6
operatori	6
ravvicinata	6
incastrando	6
idaho	6
pretende	6
spostano	6
kowalski	6
riti	6
discreti	6
radicali	6
tettuccio	6
ricattato	6
egocentrico	6
rimangano	6
morbide	6
seccato	6
ruggine	6
essex	6
ottenendo	6
salvatrice	6
auricolare	6
hnort	6
combatterlo	6
jodie	6
abituare	6
scandali	6
ifrit	6
dusty	6
riattacca	6
lacerazioni	6
domiciliari	6
ritchie	6
duffy	6
monologo	6
fischi	6
pallavolo	6
consiglierei	6
famigliare	6
ripensando	6
elettroshock	6
terapie	6
rompa	6
ubriacarsi	6
spaventosi	6
lampadine	6
estremisti	6
manderai	6
prendevi	6
moi	6
spingo	6
meritavo	6
pollaio	6
spiegargli	6
falò	6
klonni	6
argenteria	6
falo	6
provenza	6
universitari	6
pancreas	6
minacciava	6
accusano	6
efficaci	6
vedute	6
nemo	6
bolton	6
multipli	6
intensità	6
buoncostume	6
affrontarli	6
metteresti	6
risolvo	6
convenevoli	6
rivede	6
warleggan	6
caino	6
sufficientemente	6
lardo	6
rafe	6
interpreti	6
offerente	6
sistemarsi	6
puzzare	6
addestrare	6
lucrezia	6
scatena	6
pavel	6
