# Spanish CEFR Vocabulary Database (A1=1, A2=2, B1=3, B2=4, C1=5, C2=6)
# Word	Level
de	1
que	1
no	1
a	1
la	1
el	1
y	1
es	1
en	1
lo	1
un	1
por	1
qué	1
me	1
una	1
los	1
se	1
te	1
con	1
para	1
está	1
mi	1
pero	1
sí	1
si	1
bien	1
eso	1
su	1
las	1
yo	1
del	1
como	1
aquí	1
tu	1
al	1
más	1
le	1
esto	1
todo	1
ya	1
estoy	1
ahora	1
muy	1
ha	1
esta	1
así	1
vamos	1
algo	1
hay	1
bueno	1
tengo	1
él	1
cuando	1
estás	1
sé	1
tú	1
nos	1
nada	1
cómo	1
este	1
o	1
he	1
ser	1
tiene	1
puedo	1
ella	1
quiero	1
hacer	1
fue	1
gracias	1
vez	1
era	1
soy	1
sólo	1
todos	1
porque	1
son	1
tienes	1
creo	1
voy	1
sabes	1
estaba	1
puede	1
eres	1
ese	1
usted	1
entonces	1
hola	1
solo	1
verdad	1
casa	1
tan	1
quién	1
sus	1
tiempo	1
dos	1
esa	1
nunca	1
dónde	1
va	1
oh	1
favor	1
mucho	1
mí	1
quieres	1
siento	1
señor	1
mejor	1
hace	1
has	1
decir	1
también	1
sobre	1
dios	1
sin	1
tenemos	1
están	1
ti	1
puedes	1
ver	1
hombre	1
vida	1
alguien	1
cosas	1
siempre	1
hasta	1
ahí	1
ir	1
años	1
antes	1
estar	1
ni	1
poco	1
día	1
uno	1
noche	1
hecho	1
mis	1
estamos	1
otra	1
acuerdo	1
trabajo	1
nosotros	1
parece	1
gente	1
sea	1
padre	1
mira	1
mismo	1
dijo	1
nadie	1
quiere	1
podría	1
hablar	1
vas	1
ellos	1
tal	1
pasa	1
fuera	1
después	1
han	1
desde	1
dinero	1
mundo	1
claro	1
momento	1
les	1
tener	1
estado	1
otro	1
había	1
mañana	1
tenía	1
madre	1
vale	1
lugar	1
haciendo	1
donde	1
seguro	1
sabe	1
podemos	1
tus	1
espera	1
nuevo	1
sido	1
cosa	1
hijo	1
allí	1
menos	1
tipo	1
amigo	1
gran	1
nuestro	1
mujer	1
mamá	1
luego	1
papá	1
días	1
dice	1
hoy	1
tres	1
buena	1
necesito	1
dije	1
oye	1
gusta	1
quería	1
será	1
haber	1
parte	1
todas	1
crees	1
buen	1
conmigo	1
nombre	1
mierda	1
nuestra	1
mal	1
debe	1
realmente	1
estas	1
aún	1
mío	1
toda	1
hacerlo	1
cada	1
visto	1
importa	1
contigo	1
tienen	1
hemos	1
razón	1
alguna	1
tanto	1
saber	1
hizo	1
veces	1
serio	1
ven	1
idea	1
eh	1
tarde	1
problema	1
hora	1
cierto	1
dicho	1
quien	1
demasiado	1
amor	1
entre	1
ve	1
pasado	1
familia	1
estos	1
policía	1
debería	1
ustedes	1
chica	1
esos	1
chicos	1
cuenta	1
haces	1
todavía	1
salir	1
algún	1
vaya	1
unos	1
veo	1
amigos	1
hermano	1
pensé	1
sabía	1
cabeza	1
ah	1
cariño	1
digo	1
van	1
hombres	1
buenas	1
somos	1
cualquier	1
forma	1
mientras	1
lado	1
debo	1
sería	1
caso	1
pueden	1
pasó	1
primera	1
genial	1
chico	1
supuesto	1
hice	1
pues	1
adiós	1
muchas	1
personas	1
señora	1
volver	1
esas	1
quizá	1
contra	1
camino	1
durante	1
hablando	1
manera	1
muerto	1
persona	1
rápido	1
cuál	1
ayuda	1
historia	1
iba	1
supongo	1
nueva	1
entiendo	1
dentro	1
casi	1
puerta	1
ves	1
pasar	1
primero	1
significa	1
semana	1
hacia	1
quizás	1
espero	1
juntos	1
año	1
niños	1
pronto	1
tío	1
suerte	1
ciudad	1
siquiera	1
feliz	1
venir	1
hija	1
gustaría	1
minutos	1
cuánto	1
os	1
hey	1
muerte	1
dejar	1
realidad	1
deja	1
problemas	1
vi	1
da	1
importante	1
dijiste	1
corazón	1
miedo	1
jefe	1
agua	1
haré	1
justo	1
horas	1
poder	1
buenos	1
esposa	1
manos	1
debes	1
viene	1
venga	1
nuestros	1
ojos	1
adelante	1
encontrar	1
mano	1
cinco	1
niño	1
ninguna	1
otros	1
cara	1
cuidado	1
bajo	1
cerca	1
viejo	1
déjame	1
noches	1
bastante	1
fin	1
tomar	1
único	1
misma	1
escucha	1
ningún	1
suficiente	1
punto	1
cuándo	1
sigue	1
haya	1
equipo	1
grande	1
necesita	1
llegar	1
incluso	1
algunos	1
doctor	1
difícil	1
aunque	1
hubiera	1
primer	1
coche	1
hago	1
clase	1
cuatro	1
mas	1
dices	1
pequeño	1
llama	1
toma	1
hiciste	1
allá	1
última	1
arriba	1
tierra	1
guerra	1
pensar	1
pueda	1
igual	1
loco	1
sangre	1
mujeres	1
vuelta	1
fui	1
trabajar	1
tenido	1
juego	1
deberías	1
cuerpo	1
e	1
algunas	1
entrar	1
cree	1
podía	1
debemos	1
oportunidad	1
teléfono	1
necesitamos	1
final	1
listo	1
fiesta	1
muchos	1
estabas	1
quieren	1
vete	1
auto	1
dar	1
vivir	1
posible	1
ok	1
hermana	1
número	1
meses	1
exactamente	1
culpa	1
abajo	1
escuela	1
ido	1
fuerte	1
diciendo	1
habla	1
esté	1
ello	1
pregunta	1
chicas	1
eran	1
unas	1
pasando	1
atrás	1
malo	1
capitán	1
bebé	1
segundo	1
sabemos	1
mayor	1
comida	1
morir	1
conozco	1
dame	1
fácil	1
comer	1
vino	1
lista	1
haga	1
necesitas	1
hijos	1
probablemente	1
padres	1
habitación	1
creer	1
pensando	1
fueron	1
dime	1
trata	1
buscando	1
tuve	1
tampoco	1
amo	1
joven	1
podrías	1
sola	1
par	1
única	1
hacen	1
seguir	1
simplemente	1
dicen	1
medio	1
puta	1
saben	1
sentido	1
hagas	1
segura	1
esperar	1
lejos	1
arma	1
alto	1
pequeña	1
dólares	1
seis	1
estaban	1
seguridad	1
maldita	1
estuvo	1
preocupes	1
palabra	1
esperando	1
queda	1
oficina	1
matar	1
iré	1
cama	1
además	1
último	1
oído	1
habría	1
estará	1
dio	1
recuerdo	1
siendo	1
acerca	1
tenga	1
luz	1
correcto	1
demonios	1
nuestras	1
verte	1
dormir	1
sitio	1
ayudar	1
conseguir	1
di	1
marido	1
paz	1
idiota	1
plan	1
dado	1
cuanto	1
peor	1
murió	1
pueblo	1
vivo	1
venido	1
john	1
basta	1
paso	1
deberíamos	1
música	1
diga	1
minuto	1
anoche	1
llamar	1
piensa	1
país	1
digas	1
rey	1
perdón	1
mucha	1
falta	1
pienso	1
diablos	1
perdido	1
niña	1
señorita	1
diez	1
lleva	1
hospital	1
grandes	1
maldito	1
otras	1
llamado	1
hacemos	1
llevar	1
fuego	1
aqui	1
tuvo	1
poner	1
calle	1
acaba	1
prueba	1
increíble	1
real	1
libro	1
orden	1
semanas	1
especial	1
mía	1
café	1
duro	1
empezar	1
afuera	1
queremos	1
perro	1
cielo	1
jack	1
puesto	1
viaje	1
detrás	1
cuarto	1
querida	1
haría	1
preguntas	1
piensas	1
querido	1
libre	1
buscar	1
cual	1
diré	1
suena	1
jugar	1
cambio	1
película	1
millones	1
habrá	1
llamada	1
resto	1
vemos	1
extraño	1
mala	1
presidente	1
irme	1
ropa	1
perder	1
vuelve	1
agente	1
palabras	1
información	1
raro	1
hará	1
entiendes	1
éste	1
trabajando	1
tratando	1
general	1
trato	1
usar	1
perfecto	1
derecho	1
modo	1
ayer	1
conoces	1
demás	1
quieras	1
podríamos	1
noticias	1
asesino	1
encontrado	1
control	1
odio	1
frente	1
sexo	1
decirle	1
estaré	1
divertido	1
armas	1
recuerdas	1
amiga	1
grupo	1
asunto	1
acabo	1
mensaje	1
encima	1
atención	1
diferente	1
uh	1
cállate	1
daño	1
sucede	1
cambiar	1
siguiente	1
sino	1
the	1
seas	1
médico	1
boca	1
dejó	1
error	1
jamás	1
largo	1
pena	1
voz	1
futuro	1
siente	1
secreto	1
baño	1
mil	1
decirte	1
sam	1
pensaba	1
novia	1
propia	1
sueño	1
haz	1
fuerza	1
deben	1
supone	1
estábamos	1
ambos	1
ay	1
estuve	1
encontré	1
vuelto	1
dolor	1
dile	1
encanta	1
edad	1
darle	1
pie	1
negro	1
ganar	1
york	1
aire	1
lamento	1
verlo	1
asesinato	1
vio	1
adónde	1
llegado	1
disculpe	1
s	1
cita	1
estaría	1
fuiste	1
sistema	1
gusto	1
pobre	1
negocio	1
mente	1
tuyo	1
campo	1
mire	1
situación	1
tras	1
hotel	1
vosotros	1
funciona	1
foto	1
abogado	1
loca	1
propio	1
alrededor	1
próxima	1
terminado	1
hablas	1
pagar	1
mató	1
llamo	1
personal	1
sientes	1
ocurre	1
ésta	1
recuerda	1
mitad	1
quiera	1
pelo	1
tenías	1
viste	1
oficial	1
llegó	1
compañía	1
relación	1
conoce	1
pase	1
montón	1
mejores	1
creí	1
cena	1
sentir	1
través	1
accidente	1
i	1
ellas	1
caja	1
tranquilo	1
bonito	1
eras	1
asi	1
pudo	1
vive	1
vista	1
estúpido	1
línea	1
caballeros	1
haremos	1
dan	1
quédate	1
tienda	1
comprar	1
entendido	1
centro	1
salvo	1
mes	1
joe	1
sol	1
tonto	1
hambre	1
michael	1
mesa	1
respuesta	1
completamente	1
david	1
carta	1
totalmente	1
imposible	1
pruebas	1
novio	1
normal	1
gustan	1
frank	1
pude	1
charlie	1
traje	1
dirección	1
siete	1
dijeron	1
placer	1
sean	1
tendrá	1
barco	1
blanco	1
tom	1
profesor	1
servicio	1
muchacho	1
reunión	1
dejado	1
ley	1
quisiera	1
hubo	1
george	1
programa	1
carrera	1
cumpleaños	1
muchachos	1
culo	1
canción	1
hermosa	1
universidad	1
boda	1
decirme	1
cualquiera	1
tengas	1
hacía	1
estés	1
sala	1
llevo	1
decisión	1
espere	1
don	1
necesario	1
sal	1
entra	1
prisa	1
carajo	1
embargo	1
interesante	1
tendrás	1
escuchar	1
abuela	1
hicieron	1
detective	1
horrible	1
suelo	1
fotos	1
cárcel	1
acá	1
io	1
mike	1
siéntate	1
decía	1
intentando	1
vámonos	1
maldición	1
silencio	1
muerta	1
capaz	1
salió	1
club	1
terminar	1
temo	1
broma	1
gobierno	1
prometo	1
cámara	1
media	1
terrible	1
llamó	1
regalo	1
amable	1
dulce	1
muertos	1
querías	1
ataque	1
das	1
navidad	1
negocios	1
pudiera	1
ocho	1
avión	1
investigación	1
acabó	1
juro	1
mantener	1
ejército	1
papel	1
partes	1
ten	1
gracioso	1
diría	1
principio	1
delante	1
teniente	1
deseo	1
vayas	1
nave	1
sale	1
basura	1
vine	1
contacto	1
esposo	1
tren	1
encontramos	1
dale	1
verdadero	1
tuya	1
alma	1
hazlo	1
disculpa	1
junto	1
anda	1
tendré	1
matrimonio	1
saberlo	1
locura	1
oro	1
permiso	1
director	1
peligro	1
libertad	1
alegro	1
baja	1
tendremos	1
derecha	1
encuentra	1
pies	1
segunda	1
maravilloso	1
espacio	1
rato	1
abuelo	1
esperaba	1
mirando	1
salud	1
sorpresa	1
ninguno	1
miren	1
triste	1
aun	1
pensado	1
maestro	1
según	1
infierno	1
podrían	1
tipos	1
tía	1
crimen	1
conocido	1
consejo	1
ante	1
iglesia	1
intento	1
mayoría	1
doy	1
peter	1
hicimos	1
escena	2
piso	2
señal	2
honor	2
llamas	2
abre	2
cerebro	2
veras	2
viendo	2
pone	2
pregunto	2
cocina	2
vestido	2
inteligente	2
vieja	2
caballo	2
vienen	2
vidas	2
bar	2
corte	2
sucedió	2
adentro	2
drogas	2
enseguida	2
busca	2
agradable	2
carne	2
parecía	2
departamento	2
lindo	2
mar	2
duda	2
edificio	2
conocer	2
cargo	2
víctima	2
luna	2
energía	2
frío	2
hablo	2
baile	2
trabaja	2
misión	2
listos	2
ayudarte	2
izquierda	2
paul	2
beber	2
deje	2
finalmente	2
simple	2
daré	2
sabías	2
puedas	2
puso	2
creía	2
regresar	2
llega	2
entender	2
mirar	2
sacar	2
cambiado	2
trae	2
hermoso	2
opinión	2
verás	2
linda	2
apenas	2
segundos	2
cerveza	2
harás	2
estuviera	2
creen	2
oír	2
tendría	2
cuántos	2
hablado	2
hablamos	2
reina	2
temprano	2
tema	2
prisión	2
porqué	2
vuelva	2
público	2
ocurrió	2
veré	2
salvar	2
partido	2
bonita	2
joder	2
causa	2
caliente	2
sargento	2
cenar	2
compañero	2
llevó	2
banco	2
existe	2
ben	2
zona	2
destino	2
base	2
solía	2
cliente	2
irse	2
perra	2
james	2
encuentro	2
encontró	2
pelea	2
san	2
norte	2
quise	2
coronel	2
apuesto	2
peligroso	2
viva	2
max	2
vienes	2
necesitan	2
té	2
excepto	2
juicio	2
podamos	2
llave	2
equivocado	2
posición	2
trasero	2
irnos	2
espalda	2
excelente	2
éxito	2
modos	2
ventana	2
veamos	2
especie	2
teníamos	2
diferencia	2
formas	2
pedir	2
últimos	2
escúchame	2
ejemplo	2
ése	2
radio	2
lee	2
calma	2
hogar	2
volveré	2
fondo	2
humano	2
henry	2
tí	2
iremos	2
unidos	2
habían	2
jesús	2
planeta	2
verme	2
respecto	2
regreso	2
debido	2
seré	2
tenían	2
leer	2
parar	2
lleno	2
dejé	2
respeto	2
debajo	2
harry	2
escribir	2
estación	2
pidió	2
alta	2
pista	2
estrella	2
enfermo	2
duele	2
sueños	2
veremos	2
miles	2
darme	2
órdenes	2
ocupado	2
sigues	2
corre	2
podido	2
dejes	2
nivel	2
habéis	2
experiencia	2
darte	2
salida	2
decirlo	2
confiar	2
hacerte	2
necesitaba	2
hermanos	2
zapatos	2
color	2
vistazo	2
nena	2
tratar	2
parecer	2
juez	2
próximo	2
paciente	2
hayas	2
bolsa	2
arte	2
mary	2
jugando	2
llevas	2
alegra	2
bailar	2
diablo	2
oí	2
sepa	2
estarás	2
sur	2
banda	2
aprender	2
precio	2
completo	2
santo	2
culpable	2
ganas	2
tuvimos	2
you	2
verla	2
volvió	2
libros	2
ojo	2
serán	2
cielos	2
matado	2
azul	2
diferentes	2
irte	2
ia	2
comandante	2
acción	2
reglas	2
obra	2
esperanza	2
cuestión	2
molesta	2
teniendo	2
bill	2
informe	2
jimmy	2
río	2
bienvenido	2
abrir	2
tocar	2
bob	2
contar	2
sigo	2
interior	2
apartamento	2
vea	2
estados	2
estáis	2
preocupa	2
tomó	2
principal	2
empieza	2
londres	2
empezó	2
vayan	2
jim	2
llaman	2
ojalá	2
perdona	2
vuelvo	2
golpe	2
quedarme	2
llamaré	2
acabado	2
estilo	2
nueve	2
definitivamente	2
quedar	2
cartas	2
bomba	2
guardia	2
pistola	2
probar	2
majestad	2
traer	2
marcha	2
pareces	2
común	2
aquel	2
hacerle	2
vuelo	2
nota	2
danny	2
humanos	2
estaremos	2
valor	2
suyo	2
objetivo	2
repente	2
debía	2
rojo	2
bromeando	2
irá	2
entrada	2
doble	2
dejaré	2
evitar	2
máquina	2
cuello	2
conocí	2
tiempos	2
tome	2
nick	2
animales	2
alex	2
acaso	2
tuviera	2
pareja	2
verano	2
escuché	2
ama	2
serás	2
mentira	2
tarjeta	2
hagan	2
perdí	2
correr	2
steve	2
traído	2
llegue	2
preparado	2
haberlo	2
tony	2
usa	2
intentar	2
ayudarme	2
flores	2
dando	2
vos	2
opción	2
isla	2
cierra	2
piel	2
enemigo	2
dejo	2
exacto	2
imbécil	2
jóvenes	2
pedido	2
larga	2
entiende	2
justicia	2
nuevos	2
obviamente	2
despierta	2
pido	2
calor	2
luces	2
refiero	2
fuimos	2
batalla	2
déjalo	2
intenta	2
sarah	2
fantástico	2
brazo	2
absolutamente	2
llena	2
hacerme	2
salga	2
recordar	2
escapar	2
bosque	2
gay	2
señores	2
quedan	2
piernas	2
visita	2
parís	2
usando	2
ganado	2
movimiento	2
blanca	2
rico	2
inocente	2
pesar	2
absoluto	2
vacaciones	2
um	2
mismos	2
tomado	2
habías	2
planes	2
cine	2
toca	2
brillante	2
confianza	2
vuestra	2
nombres	2
especialmente	2
fbi	2
embarazada	2
esperen	2
pantalones	2
defensa	2
terminó	2
salido	2
estupendo	2
jane	2
presión	2
inmediatamente	2
testigo	2
deberían	2
olvidado	2
soldados	2
resulta	2
tommy	2
depende	2
motivo	2
inglés	2
suya	2
estudio	2
acabar	2
sentimientos	2
tomando	2
dieron	2
parecen	2
llaves	2
perros	2
propósito	2
noticia	2
partir	2
vuestro	2
metros	2
santa	2
quedarse	2
clientes	2
podrá	2
cuántas	2
ridículo	2
damas	2
estuviste	2
tranquila	2
operación	2
come	2
empresa	2
ayúdame	2
laboratorio	2
elección	2
menudo	2
beso	2
copa	2
conversación	2
brazos	2
espíritu	2
dejas	2
cansado	2
interesa	2
refieres	2
casado	2
enorme	2
asuntos	2
fe	2
muestra	2
trampa	2
ray	2
billy	2
memoria	2
johnny	2
contrario	2
soldado	2
subir	2
turno	2
encantaría	2
preocupado	2
restaurante	2
saliendo	2
escrito	2
cálmate	2
bienvenida	2
caer	2
llevaré	2
leche	2
estrellas	2
prefiero	2
red	2
viejos	2
solamente	2
oiga	2
estén	2
cuentas	2
taxi	2
anillo	2
richard	2
preguntar	2
victoria	2
quiénes	2
héroe	2
pequeños	2
decidido	2
películas	2
responsable	2
trago	2
volverá	2
árbol	2
ibas	2
dientes	2
encantado	2
camión	2
vender	2
llame	2
detente	2
luchar	2
cabo	2
ruido	2
lucha	2
muere	2
reloj	2
gato	2
averiguar	2
volar	2
vayamos	2
tanta	2
vendrá	2
corriendo	2
yendo	2
colegio	2
sonido	2
caballero	2
pasada	2
código	2
hagamos	2
imagen	2
riesgo	2
llegamos	2
alguno	2
pan	2
millón	2
malas	2
dama	2
hielo	2
coño	2
cayó	2
prensa	2
querer	2
vengan	2
eddie	2
caminar	2
televisión	2
pasará	2
momentos	2
coger	2
posibilidad	2
hubiese	2
mark	2
asiento	2
tuviste	2
herido	2
maría	2
seguramente	2
proyecto	2
pared	2
sentí	2
sospechoso	2
naturaleza	2
ésa	2
silla	2
perdió	2
robert	2
policías	2
arreglar	2
sentado	2
papi	2
ideas	2
obtener	2
felices	2
señoría	2
cantidad	2
bebe	2
mírame	2
chris	2
papa	2
llorar	2
quedó	2
familiar	2
desastre	2
locos	2
escuche	2
quedarte	2
política	2
pedí	2
sois	2
nosotras	2
will	2
enfermedad	2
encontraron	2
colega	2
príncipe	2
verde	2
bajar	2
nervioso	2
vengo	2
inspector	2
sirve	2
puertas	2
fuerzas	2
playa	2
cantar	2
déjeme	2
velocidad	2
total	2
cabello	2
suficientemente	2
huellas	2
haberte	2
debí	2
unidad	2
estan	2
cuchillo	2
t	2
oigan	2
quienes	2
gana	2
tonterías	2
emergencia	2
perfecta	2
hable	2
gustaba	2
lugares	2
ryan	2
show	2
robo	2
permite	2
parque	2
roto	2
serie	2
puse	2
nuevas	2
evidencia	2
conocerte	2
estúpida	2
preocupe	2
perdone	2
botella	2
viento	2
mando	2
extraña	2
historias	2
aquella	2
tenéis	2
solos	2
apoyo	2
bala	2
verdadera	2
tiro	2
época	2
puente	2
olvídalo	2
distancia	2
desea	2
dejarlo	2
pelear	2
pierna	2
echar	2
descanso	2
américa	2
área	2
orgulloso	2
datos	2
espectáculo	2
sube	2
dejaste	2
acabas	2
verá	2
magia	2
nacional	2
universo	2
llevaba	2
necesitar	2
nariz	2
aquellos	2
clases	2
jake	2
casas	2
vergüenza	2
estarán	2
monstruo	2
princesa	2
autobús	2
cuidar	2
ei	2
huevos	2
pocos	2
podrás	2
enferma	2
paseo	2
detalles	2
llamadas	2
belleza	2
francia	2
abierto	2
viviendo	2
envió	2
puntos	2
ministro	2
conducir	2
aceptar	2
borracho	2
animal	2
caballos	2
trajo	2
contrato	2
viernes	2
bobby	2
martin	2
amy	2
bienvenidos	2
ex	2
hechos	2
sociedad	2
tengan	2
quede	2
inglaterra	2
carga	2
diste	2
puto	2
lleve	2
presente	2
conocía	2
uso	2
dedos	2
oferta	2
sentía	2
proteger	2
daniel	2
date	2
hiciera	2
hablé	2
recibir	2
agradezco	2
robar	2
enamorado	2
sepas	2
oeste	2
herida	2
despacio	2
ayude	2
supe	2
directamente	2
inmediato	2
profesional	2
oscuro	2
mercado	2
cerdo	2
tardes	2
líder	2
grave	2
llegué	2
jurado	2
casos	2
acuerdas	2
ahi	2
desaparecido	2
debió	2
hubieras	2
últimamente	2
piedra	2
éramos	2
habló	2
charles	2
paga	2
secretos	2
digamos	2
intención	2
humor	2
dura	2
dará	2
seguros	2
leo	2
adam	2
and	2
ángeles	2
querría	2
cerrar	2
conseguido	2
peso	2
víctimas	2
asesinado	2
humana	2
directo	2
central	2
termina	2
compañeros	2
escuchado	2
contento	2
llevan	2
podré	2
oscuridad	2
actuar	2
siga	2
llevado	2
comenzó	2
regresa	2
privado	2
mirada	2
demonio	2
abierta	2
kevin	2
m	2
llámame	2
siguen	2
romper	2
cambia	2
fiscal	2
jardín	2
natural	2
gratis	2
cuesta	2
amenaza	2
pon	2
marca	2
comenzar	2
ponte	2
medicina	2
podremos	2
tomé	2
preciosa	2
sexual	2
acceso	2
necesidad	2
dueño	2
merece	2
rayos	2
d	2
mintiendo	2
tantas	2
imagino	2
fantasma	2
creerlo	2
llamé	2
ponga	2
brian	2
dé	2
pollo	2
varios	2
efecto	2
felicidad	2
espada	2
relaciones	2
entró	2
resultado	2
sombrero	2
menor	2
recibido	2
negra	2
to	2
habido	2
limpio	2
china	2
juegos	2
correo	2
confía	2
video	2
perfectamente	2
harán	2
teatro	2
dormido	2
local	2
quedado	2
lástima	2
calles	2
créeme	2
responsabilidad	2
búsqueda	2
dedo	2
tonta	2
recuerdos	2
razones	2
escuchando	2
eric	2
elegir	2
amas	2
huele	2
almuerzo	2
cien	2
adn	2
tantos	2
pago	2
normalmente	2
mr	2
pastel	2
bastardo	2
cinta	2
pasé	2
dígame	2
anna	2
costa	2
levántate	2
llamando	2
cerrado	2
interés	2
enfermera	2
comienzo	2
olvidé	2
fuese	2
militar	2
polvo	2
bella	2
quedo	2
kate	2
encontraste	2
voluntad	2
varias	2
teoría	2
roja	2
cuento	2
escenario	2
diario	2
propiedad	2
agujero	2
aspecto	2
campamento	2
descansar	2
matarme	2
metido	2
quiso	2
ángel	2
enviar	2
impresionante	2
proceso	2
intentado	2
mio	2
fuente	2
alcalde	2
ocurrido	2
malos	2
carretera	2
desapareció	2
desayuno	2
débil	2
roma	2
sabido	2
comienza	2
tambien	2
intentarlo	2
miembro	2
perdiendo	2
hayan	2
fueras	2
resultados	2
jerry	2
mata	2
sr	2
valiente	2
deber	2
pecho	2
gustó	2
oyes	2
thomas	2
periódico	2
mami	2
piensan	2
washington	2
tv	2
cansada	2
limpiar	2
crear	2
explicar	2
robado	2
resolver	2
maté	2
guapo	2
continuar	2
sheriff	2
funcionar	2
extra	2
primo	2
manejar	2
primeros	2
acto	2
poniendo	2
números	2
kilómetros	2
andy	2
llevará	2
rachel	2
niñas	2
premio	2
internet	2
harías	2
inútil	2
domingo	2
tomas	2
sensación	2
alcohol	2
tercera	2
agentes	2
disculpas	2
antiguo	2
guapa	2
asustado	2
puedan	2
sexy	2
genio	2
recuperar	2
creemos	2
lengua	2
ladrón	2
intenté	2
examen	2
deprisa	2
montaña	2
durmiendo	2
disparar	2
entrenador	2
queso	2
entero	2
papeles	2
pones	2
modelo	2
fútbol	2
detener	2
lados	2
miembros	2
sábado	2
pongo	2
mataron	2
vuelvas	2
talento	2
descubrir	2
gordo	2
tribunal	2
toque	2
wow	2
hables	2
conocemos	2
haberme	2
dispuesto	2
tamaño	2
dejen	2
maravillosa	2
invitado	2
importantes	2
derechos	2
scott	2
declaración	2
claramente	2
pacientes	2
pérdida	2
in	2
iban	2
pudiste	2
profundo	2
gas	2
aeropuerto	2
consigue	2
olvidar	2
gloria	2
olvides	2
volviendo	2
coge	2
fué	2
llamaba	2
pete	2
tendrán	2
instituto	2
disparo	2
encuentras	2
querían	2
hablemos	2
dia	2
enviado	2
pertenece	2
sienta	2
pensó	2
cadáver	2
gracia	2
doctora	2
escuchen	2
amante	2
temporada	2
kim	2
cuerpos	2
amigas	2
larry	2
preguntaba	2
francés	2
mataste	2
techo	2
íbamos	2
protección	2
médicos	2
lisa	2
venganza	2
pensamos	2
walter	2
contó	2
discutir	2
comprendo	2
idiotas	2
enemigos	2
camisa	2
superior	2
criminal	2
preocupada	2
bote	2
escribió	2
llevamos	2
testigos	2
recoger	2
emily	2
truco	2
jason	2
original	2
pide	2
jeff	2
rosa	2
mama	2
negros	2
sobrevivir	2
rostro	2
crédito	2
compartir	2
saca	2
irás	2
pequeñas	2
veía	2
empezando	2
registro	2
continúa	2
grandioso	2
viniste	2
esquina	2
contado	2
tengamos	2
cientos	2
tormenta	2
relájate	2
siéntese	2
chocolate	2
matt	2
pedazo	2
tomo	2
olor	2
ciencia	2
kelly	2
conexión	2
vieron	2
salón	2
sucio	2
firma	2
vimos	2
pidiendo	2
casarse	2
bebida	2
tercer	2
propios	2
fuertes	2
lluvia	2
recién	2
tomaré	2
complicado	2
europa	2
toques	2
cámaras	2
visión	2
llego	2
americano	2
diversión	2
pareció	2
libras	2
curso	2
disco	2
probable	2
precioso	2
tenia	2
lago	2
leído	2
consiguió	2
parecido	2
material	2
discurso	2
entera	2
it	2
corta	2
completa	2
decirles	2
lunes	2
efectivo	2
cura	2
antigua	2
hablan	2
juntas	2
william	2
cáncer	2
funeral	2
jodido	2
dave	2
artista	2
favorito	2
guste	2
cae	2
termine	2
entrevista	2
sir	2
pintura	2
quieto	2
falso	2
india	2
corto	2
inteligencia	2
destruir	2
cargos	2
podías	2
mentiras	2
señoras	2
helado	2
felicidades	2
camioneta	2
mueve	2
aparte	2
rock	2
tumba	2
seguimos	2
hablaba	2
verle	2
mapa	2
tarea	2
cambió	2
móvil	2
equivocada	2
responder	2
vacío	2
felicitaciones	2
computadora	2
estudiante	2
muriendo	2
construir	2
conocen	2
clara	2
solución	2
mundial	2
plato	2
famoso	2
des	2
dirá	2
ambas	2
tecnología	2
notas	2
malditos	2
cabrón	2
condiciones	2
dudo	2
robó	2
escucho	2
laura	2
rápidamente	2
bordo	2
nieve	2
mensajes	2
fecha	2
violencia	2
n	2
sujeto	2
acciones	2
fría	2
droga	2
saldrá	2
suponía	2
empezamos	2
errores	2
grace	2
siglo	2
molesto	2
acabamos	2
sabéis	2
cortar	2
seria	2
muevas	2
fortuna	2
of	2
imaginar	2
archivos	2
presencia	2
familias	2
ey	2
quedas	2
solas	2
oficiales	2
aventura	2
gira	2
social	2
comunidad	2
annie	2
alan	2
cero	2
clark	2
esperamos	2
ocupada	2
muévete	2
convertido	2
carl	2
pieza	2
estómago	2
disparó	2
legal	2
conseguí	2
emma	2
carter	2
california	2
rara	2
estudiantes	2
reino	2
alegría	2
barrio	2
granja	2
podéis	2
esfuerzo	2
trabajaba	2
claire	2
perdóname	2
tesoro	2
empleo	2
compré	2
cirugía	2
dejamos	2
busco	2
trabajas	2
clave	2
aparentemente	2
bravo	2
ed	2
desearía	2
cerrada	2
new	2
chicago	2
controlar	2
pregunté	2
mostrar	2
piloto	2
pocas	2
tuvieron	2
ayudarle	2
bolso	2
llorando	2
kyle	2
duerme	2
dejarme	2
intentó	2
respirar	2
aparece	2
campaña	2
amistad	2
corriente	2
viven	2
huesos	2
invitados	2
planta	2
ritmo	2
respuestas	2
socio	2
esperas	2
caído	2
motor	2
mono	2
llevaron	2
página	2
poquito	2
u	2
habíamos	2
encontraremos	2
ruego	2
dejan	2
aburrido	2
paquete	2
casada	2
llevarte	2
ted	2
combate	2
útil	2
castillo	2
bola	2
canciones	2
mataré	2
muchísimo	2
asistente	2
llegaron	2
correcta	2
pondré	2
simon	2
comido	2
salgan	2
empecé	2
tirar	2
pasan	2
cierta	2
honesto	2
carro	2
limpia	2
volví	2
confío	2
venta	2
huir	2
apareció	2
vais	2
compromiso	2
gustas	2
aseguro	2
ira	2
promesa	2
decírselo	2
cuáles	2
compras	2
importancia	2
lección	2
hablaré	2
hacerse	2
personalmente	2
roger	2
luke	2
bolsillo	2
enojado	2
desgracia	2
artículo	2
labios	2
cola	2
estemos	2
whisky	2
taza	2
despues	2
gary	2
preguntarte	2
pelota	2
caminando	2
andar	2
crea	2
chaqueta	2
importaría	2
den	2
llegará	2
interesado	2
atrapado	2
supiera	2
matarlo	2
árboles	2
obvio	2
amaba	2
hablaremos	2
entrenamiento	2
pescado	2
últimas	2
pobres	2
dioses	2
nerviosa	2
vueltas	2
encontrarlo	2
autos	2
alice	2
preguntarle	2
lucy	2
abrigo	2
okay	2
estudiar	2
b	2
sonrisa	2
cobarde	2
olvida	2
secundaria	2
descubierto	2
convirtió	2
coches	2
venía	2
josh	2
charla	2
vives	2
bruja	2
c	2
celular	2
rose	2
rompió	2
andando	2
vean	2
conseguiste	2
susan	2
veinte	2
encargo	2
matarte	2
palacio	2
convierte	2
ja	2
vivos	2
pasamos	2
firme	2
daría	3
piense	3
oigo	3
phil	3
sorprende	3
alemanes	3
milagro	3
soportar	3
dejaron	3
smith	3
disculpen	3
moda	3
despacho	3
vecinos	3
vaso	3
dejarte	3
explosión	3
poderes	3
regla	3
acaban	3
copia	3
siguiendo	3
viajar	3
cadena	3
fábrica	3
mantiene	3
meter	3
contenta	3
comiendo	3
educación	3
maneras	3
fumar	3
encantador	3
cuantos	3
homicidio	3
madera	3
mayores	3
grado	3
tratamiento	3
blancos	3
lord	3
anterior	3
comisario	3
pizza	3
millas	3
tira	3
fueran	3
cumplir	3
plata	3
quedará	3
quedaré	3
aléjate	3
decidir	3
lío	3
preguntó	3
agencia	3
humanidad	3
usado	3
guardias	3
parada	3
leyes	3
funcionó	3
odia	3
levanta	3
mires	3
respira	3
escaleras	3
decisiones	3
queréis	3
salvaje	3
preguntando	3
pasos	3
ambulancia	3
traducción	3
trabajado	3
básicamente	3
tratado	3
parado	3
especiales	3
mentiroso	3
libres	3
servicios	3
pedirle	3
vivía	3
medios	3
compra	3
conocimiento	3
armario	3
lobo	3
quedamos	3
ciertamente	3
permitir	3
tráfico	3
uniforme	3
estuvimos	3
alemania	3
suave	3
propias	3
balas	3
asqueroso	3
ciento	3
invierno	3
consigo	3
encuentre	3
jenny	3
conductor	3
equipos	3
arena	3
park	3
licencia	3
tíos	3
jackson	3
dijera	3
espejo	3
marina	3
matando	3
seres	3
fiestas	3
mover	3
coincidencia	3
análisis	3
llegando	3
azúcar	3
tim	3
casar	3
sótano	3
volvamos	3
sabrá	3
taylor	3
ocasión	3
cheque	3
revisar	3
ponerme	3
suceder	3
acusado	3
dímelo	3
quedé	3
conciencia	3
doc	3
pesadilla	3
sopa	3
saltar	3
heridas	3
pienses	3
suicidio	3
llamarme	3
posibilidades	3
elegido	3
divorcio	3
registros	3
recibí	3
joey	3
escuchas	3
mirad	3
pierde	3
abogados	3
trataba	3
americanos	3
llevando	3
miel	3
regrese	3
dilo	3
hermanas	3
alemán	3
iría	3
lady	3
salí	3
particular	3
miras	3
frontera	3
ventaja	3
alerta	3
piscina	3
regalos	3
comportamiento	3
julia	3
señales	3
salimos	3
revista	3
hecha	3
imágenes	3
llegas	3
rápida	3
canal	3
paciencia	3
sacado	3
echo	3
crisis	3
asesinos	3
oíste	3
dejando	3
estarías	3
anteriormente	3
vigilancia	3
desierto	3
asustada	3
cuerda	3
míos	3
chuck	3
seguido	3
seremos	3
morgan	3
pene	3
despierto	3
gobernador	3
sección	3
casarme	3
trabajos	3
karen	3
preparados	3
murieron	3
oso	3
curiosidad	3
hank	3
impresión	3
pez	3
pasaba	3
escuchaste	3
torre	3
sientas	3
mentir	3
pasillo	3
juega	3
suéltame	3
arresto	3
ricos	3
sencillo	3
ruta	3
documentos	3
enamorada	3
apuesta	3
perdida	3
vinieron	3
ayudarnos	3
presento	3
hazme	3
leí	3
arthur	3
virus	3
lárgate	3
sigan	3
compró	3
servir	3
pongas	3
alarma	3
identidad	3
iguales	3
aviso	3
aprendido	3
caza	3
daba	3
muchacha	3
permanecer	3
bebés	3
opciones	3
responde	3
vernos	3
julie	3
llamaste	3
ponerse	3
sacó	3
orgullo	3
reales	3
esperan	3
vuelves	3
maggie	3
serlo	3
cuantas	3
enfadado	3
ponen	3
altura	3
jones	3
archivo	3
fred	3
ayudará	3
fácilmente	3
criatura	3
saco	3
precisamente	3
máximo	3
viniendo	3
vendría	3
louis	3
ilegal	3
refiere	3
llamamos	3
versión	3
incendio	3
preferiría	3
gritar	3
recibió	3
concierto	3
casualidad	3
excusa	3
rodillas	3
cruz	3
dulces	3
zorra	3
cómodo	3
cruel	3
sofá	3
perdiste	3
encantadora	3
salgamos	3
sombra	3
ganó	3
encantada	3
firmar	3
escritorio	3
muñeca	3
rastro	3
gigante	3
pájaro	3
ducha	3
tomamos	3
déjenme	3
condición	3
recompensa	3
doce	3
actor	3
actitud	3
cuida	3
salsa	3
hubieran	3
carlos	3
personaje	3
dudas	3
jackie	3
cambios	3
votos	3
vivido	3
perdimos	3
suficientes	3
entrega	3
comercial	3
decidí	3
tribu	3
pura	3
volveremos	3
voto	3
méxico	3
amar	3
poderoso	3
traigo	3
asesinatos	3
fresco	3
privada	3
seamos	3
guarda	3
orgullosa	3
vivimos	3
difíciles	3
hagámoslo	3
jefa	3
trató	3
senador	3
ayudando	3
campeón	3
bebiendo	3
adorable	3
ayudó	3
ciego	3
falsa	3
jo	3
sara	3
bestia	3
alteza	3
deseos	3
episodio	3
celda	3
llevarlo	3
aguanta	3
vengas	3
jueves	3
montañas	3
pensamientos	3
medianoche	3
llevarme	3
garganta	3
sesión	3
pensaste	3
diles	3
muera	3
coma	3
sentimos	3
creas	3
escribe	3
identificación	3
circunstancias	3
preguntado	3
veneno	3
primavera	3
súper	3
vuestros	3
queríamos	3
aquello	3
preocuparse	3
martes	3
feo	3
cristo	3
francisco	3
howard	3
virgen	3
distrito	3
decidió	3
reputación	3
socorro	3
encontraré	3
castigo	3
dígale	3
límite	3
junta	3
ponerte	3
casados	3
líneas	3
estudios	3
muévanse	3
audiencia	3
helen	3
nació	3
mato	3
jugador	3
hmm	3
humo	3
popular	3
nación	3
conocimos	3
tropas	3
sucediendo	3
explicación	3
salen	3
discúlpeme	3
presentar	3
donna	3
celebrar	3
competencia	3
envía	3
mantén	3
verlos	3
biblioteca	3
fila	3
ésto	3
misterio	3
ganador	3
puerto	3
vehículo	3
escapó	3
traeré	3
julio	3
lograr	3
desaparecer	3
muero	3
quítate	3
favorita	3
patio	3
golpeó	3
tontería	3
miss	3
pecado	3
comité	3
preparada	3
comprado	3
parezca	3
emocionante	3
caras	3
rescate	3
título	3
llegaste	3
decírtelo	3
adivina	3
elizabeth	3
pánico	3
barry	3
quieran	3
abby	3
exterior	3
pasión	3
llegan	3
preparar	3
guau	3
patrick	3
tierras	3
demostrar	3
elegante	3
asegurarme	3
visitar	3
asegúrate	3
darles	3
cabezas	3
abra	3
andrew	3
dean	3
ambiente	3
conde	3
urgente	3
impuestos	3
antonio	3
distinto	3
encantan	3
ron	3
marcas	3
ayudarlo	3
leyendo	3
adecuado	3
cajas	3
abandonar	3
dispara	3
buscamos	3
funcionando	3
traté	3
cia	3
tomen	3
darnos	3
intentas	3
lily	3
gustado	3
jamie	3
luchando	3
apesta	3
volando	3
periódicos	3
lucas	3
detenido	3
curioso	3
tetas	3
caro	3
asco	3
usó	3
buscas	3
amanda	3
salgo	3
decirnos	3
enseñó	3
rick	3
mírate	3
stan	3
debiste	3
océano	3
bolas	3
nuevamente	3
damos	3
pagado	3
federal	3
cuán	3
escalera	3
acepto	3
km	3
terapia	3
lágrimas	3
terreno	3
autoridad	3
encuentran	3
roca	3
superficie	3
cubierta	3
terry	3
hierba	3
juan	3
prometido	3
crecer	3
mental	3
extranjero	3
madame	3
prometí	3
mismas	3
existen	3
veas	3
lento	3
dirige	3
capaces	3
chino	3
vuelvan	3
meta	3
suelta	3
despedida	3
sucedido	3
pasta	3
cristal	3
vegas	3
gritando	3
pare	3
peces	3
brown	3
guardar	3
podían	3
sabían	3
literalmente	3
salvó	3
aprecio	3
fotografía	3
patrón	3
esposas	3
king	3
desafío	3
asombroso	3
pedazos	3
robin	3
sales	3
clínica	3
atrapar	3
experto	3
medida	3
tele	3
desagradable	3
custodia	3
nacido	3
anuncio	3
física	3
hollywood	3
empezado	3
ma	3
fiebre	3
johnson	3
compañera	3
ayudarla	3
desgraciado	3
organización	3
echa	3
mina	3
honestamente	3
deuda	3
digan	3
transporte	3
cocinar	3
delicioso	3
podíamos	3
greg	3
dirás	3
habilidades	3
sentimiento	3
pudieras	3
golpes	3
nadar	3
operaciones	3
admitir	3
templo	3
adios	3
maravilla	3
quita	3
mate	3
piano	3
bombas	3
paredes	3
pantalla	3
italia	3
pusieron	3
sally	3
amén	3
mac	3
civil	3
fantasmas	3
gasolina	3
sabia	3
tyler	3
judíos	3
tripulación	3
pagan	3
arrestado	3
extraños	3
canta	3
texas	3
estando	3
flor	3
ricky	3
usan	3
cruzar	3
esperemos	3
guía	3
preocuparte	3
enseñar	3
irán	3
conferencia	3
miro	3
habitaciones	3
galletas	3
hablarle	3
delito	3
atacar	3
objeto	3
disparos	3
museo	3
ruedas	3
recientemente	3
huevo	3
violación	3
regresó	3
sufrir	3
tina	3
terminamos	3
disponible	3
rica	3
habilidad	3
práctica	3
acabe	3
amado	3
haberle	3
volvemos	3
tendrías	3
maestra	3
city	3
pastillas	3
aprendí	3
cable	3
nacimiento	3
consciente	3
alcance	3
evento	3
alquiler	3
ordenador	3
incidente	3
huh	3
escribí	3
estuvieron	3
intentaré	3
pensamiento	3
metió	3
maleta	3
condado	3
piezas	3
ladrones	3
metro	3
kilos	3
recuerde	3
español	3
motivos	3
explica	3
renunciar	3
actuación	3
refugio	3
harto	3
reacción	3
paliza	3
chef	3
ocurra	3
marty	3
l	3
entrado	3
quitar	3
amanecer	3
molly	3
corazones	3
rumores	3
llames	3
celoso	3
utilizar	3
territorio	3
olvide	3
prácticamente	3
disfrutar	3
intentaba	3
vecino	3
pública	3
collar	3
golf	3
betty	3
marco	3
cercano	3
fondos	3
ross	3
bruce	3
montar	3
salvado	3
grados	3
dylan	3
moto	3
instrucciones	3
treinta	3
gordon	3
adonde	3
hablarte	3
jesse	3
emperador	3
cigarrillo	3
cuéntame	3
do	3
secreta	3
haberse	3
hitler	3
anne	3
mortal	3
ronda	3
cuídate	3
metal	3
puro	3
cierre	3
colores	3
eva	3
rusia	3
botón	3
hijas	3
tenerlo	3
tono	3
espía	3
empleados	3
conduce	3
detalle	3
estuvieras	3
oliver	3
rusos	3
déjala	3
crema	3
roy	3
contesta	3
casarte	3
manda	3
dias	3
prisioneros	3
echado	3
trajiste	3
charlotte	3
flota	3
marie	3
criminales	3
mmm	3
platos	3
crímenes	3
cometido	3
golpear	3
igualmente	3
dispararon	3
dejará	3
tontos	3
sabría	3
abran	3
ayudante	3
cultura	3
revolución	3
hombro	3
botas	3
adoro	3
olvidó	3
biblia	3
saludos	3
katie	3
deme	3
adultos	3
sitios	3
serpiente	3
parker	3
nathan	3
romántico	3
posiblemente	3
adivinar	3
peores	3
buscan	3
enfrente	3
restos	3
capacidad	3
aliento	3
placa	3
rata	3
áfrica	3
entendí	3
metas	3
cuadro	3
afortunado	3
puestos	3
japón	3
división	3
subtítulos	3
entradas	3
bicicleta	3
vuestras	3
pesado	3
sugiero	3
calla	3
espacial	3
st	3
ventanas	3
mejorar	3
concurso	3
comisaría	3
sincero	3
centavos	3
naturalmente	3
deseas	3
pasara	3
jay	3
esperado	3
ocurrir	3
pondrá	3
recursos	3
raza	3
muestras	3
personales	3
wilson	3
imaginación	3
volverás	3
ceremonia	3
almacén	3
sabor	3
sentarse	3
on	3
unión	3
frankie	3
reserva	3
españa	3
encanto	3
aviones	3
calidad	3
escondido	3
citas	3
aceite	3
pusiste	3
querrá	3
punta	3
cinturón	3
podrán	3
cuales	3
chiste	3
consecuencias	3
sinceramente	3
lewis	3
hablaste	3
vaca	3
investigando	3
vuelven	3
chloe	3
prisionero	3
investigar	3
apellido	3
actual	3
despertar	3
instante	3
vincent	3
ud	3
morirá	3
sacaste	3
justin	3
traiga	3
sentada	3
mueva	3
jordan	3
terminé	3
emociones	3
dormitorio	3
pulso	3
atreves	3
frase	3
partida	3
sabíamos	3
parezco	3
excelencia	3
despedido	3
moral	3
asalto	3
decente	3
informes	3
asusta	3
trabajan	3
my	3
doug	3
poca	3
pasaría	3
médica	3
combustible	3
discusión	3
verán	3
ciertas	3
pata	3
jean	3
antiguos	3
requiere	3
cogido	3
comunicación	3
manzana	3
sed	3
tio	3
joyas	3
cojones	3
noble	3
trabajamos	3
pediste	3
encontrarla	3
piedras	3
traidor	3
gané	3
letra	3
conseguimos	3
vía	3
sacerdote	3
efectos	3
resistencia	3
arroz	3
arreglado	3
tarjetas	3
descubrió	3
desconocido	3
mínimo	3
disparado	3
boston	3
entienden	3
bandera	3
llamarte	3
plaza	3
entrando	3
tomará	3
visitas	3
cooper	3
demasiada	3
faltan	3
planeado	3
imperio	3
esperaré	3
enfadada	3
levantar	3
cartera	3
jeremy	3
importar	3
depósito	3
colegas	3
periodista	3
comprobar	3
funcione	3
nina	3
mereces	3
forense	3
tensión	3
involucrado	3
vacía	3
abandonado	3
vídeo	3
ruso	3
círculo	3
judío	3
cole	3
gritos	3
carol	3
empecemos	3
resultó	3
campos	3
váyanse	3
escribiendo	3
divertida	3
pasen	3
pinta	3
supo	3
ascensor	3
quedarnos	3
matará	3
aparecer	3
helicóptero	3
actuando	3
ooh	3
pasas	3
apúrate	3
big	3
entregar	3
escape	3
indios	3
limpieza	3
rebecca	3
querrás	3
hueso	3
jessica	3
magnífico	3
trabajadores	3
caída	3
temperatura	3
habia	3
dejaría	3
encontrará	3
ejercicio	3
lealtad	3
alas	3
pasaron	3
invitación	3
diamantes	3
unidades	3
miller	3
enojada	3
decimos	3
leyenda	3
gilipollas	3
tomaste	3
paraíso	3
gatos	3
costumbre	3
podria	3
cabaña	3
secretaria	3
lentamente	3
ensayo	3
pagó	3
familiares	3
gimnasio	3
negativo	3
lenguaje	3
pájaros	3
presenta	3
quedes	3
garaje	3
palo	3
león	3
oídos	3
dick	3
espaldas	3
apuestas	3
científico	3
incluyendo	3
pelotas	3
actividad	3
dragón	3
necesite	3
intentamos	3
aguantar	3
davis	3
primeras	3
generación	3
sexuales	3
apetece	3
grupos	3
capital	3
dejemos	3
habrías	3
máquinas	3
barato	3
monsieur	3
sistemas	3
fingir	3
pensarlo	3
miércoles	3
escritor	3
solitario	3
recibo	3
conocerlo	3
pudimos	3
convertirse	3
almas	3
salto	3
sonar	3
publicidad	3
russell	3
temporal	3
antecedentes	3
probado	3
todd	3
kenny	3
llamaron	3
atractivo	3
váyase	3
barra	3
aniversario	3
intereses	3
madres	3
deba	3
imagina	3
niñera	3
movimientos	3
quince	3
holmes	3
muro	3
recibe	3
luce	3
nací	3
prima	3
cubierto	3
contando	3
reír	3
producto	3
daños	3
abrazo	3
gafas	3
arreglarlo	3
sobrino	3
man	3
demanda	3
elecciones	3
construcción	3
ayudaré	3
buscado	3
criaturas	3
dejarla	3
internacional	3
perfil	3
trozo	3
actriz	3
repito	3
bendiga	3
pistas	3
whoa	3
vecindario	3
hannah	3
marcus	3
ataques	3
razonable	3
vende	3
gerente	3
sensible	3
ríe	3
izquierdo	3
personalidad	3
camina	3
traes	3
tuvieras	3
albert	3
conté	3
preparando	3
secretario	3
rueda	3
sorprendido	3
profundamente	3
conoció	3
grano	3
pagaré	3
límites	3
moneda	3
super	3
piedad	3
militares	3
seguía	3
tocado	3
ciudadanos	3
creado	3
temas	3
acepta	3
encerrado	3
opinas	3
empiezo	3
borde	3
llevarla	3
barcos	3
toby	3
pudieron	3
tocando	3
harvey	3
profesora	3
dejame	3
expresión	3
asesinada	3
escándalo	3
nervios	3
ios	3
randy	3
emoción	3
blake	3
catherine	3
oficialmente	3
perdedor	3
margaret	3
sienten	3
rumbo	3
valle	3
ian	3
x	3
viejas	3
buscaba	3
científicos	3
gorda	3
juventud	3
hayamos	3
preocupación	3
desnudo	3
guión	3
grant	3
envié	3
señoritas	3
carreras	3
tratas	3
sucia	3
sophie	3
ratas	3
mayo	3
tirado	3
heroína	3
háblame	3
contestar	3
caos	3
alternativa	3
estupidez	3
derek	3
sorprendente	3
pedirte	3
principios	3
egoísta	3
mostraré	3
sentarme	3
verdaderamente	3
enhorabuena	3
casey	3
peligrosa	3
ánimo	3
viajes	3
lujo	3
mia	3
cantando	3
religión	3
nate	3
risas	3
despejado	3
miserable	3
hierro	3
corona	3
wayne	3
serías	3
dispositivo	3
mencionar	3
brad	3
mencionó	3
inmunidad	3
grabación	3
producción	3
nuclear	3
clima	3
puesta	3
buscarlo	3
carácter	3
prostituta	3
llamarlo	3
steven	3
máscara	3
alegre	3
comprender	3
volviste	3
cambiando	3
alianza	3
encontrarás	3
positivo	3
siglos	3
serían	3
desafortunadamente	3
guitarra	3
hacían	3
estrategia	3
entré	3
vinimos	3
frecuencia	3
poli	3
that	3
elena	3
discúlpame	3
llevé	3
vince	3
prohibido	3
caray	3
arruinar	3
masa	3
existencia	3
túnel	3
bromas	3
evitarlo	3
industria	3
trasera	3
monstruos	3
mete	3
conseguiré	3
inocentes	3
colección	3
empleado	3
fatal	3
stephen	3
olivia	3
intente	3
expediente	3
nancy	3
putas	3
jess	3
petición	3
ayudado	3
lou	3
presentación	3
beth	3
vendido	3
cerebral	3
coraje	3
adulto	3
rubia	3
mandar	3
pierdes	3
gano	3
almorzar	3
caridad	3
oscar	3
sepan	3
llegada	3
capítulo	3
disculparme	3
viniera	3
gastos	3
sentirse	3
entren	3
quédese	3
tarta	3
volvería	3
jersey	3
mataría	3
breve	3
obras	3
acero	3
llévame	3
street	3
suceda	3
cigarrillos	3
funcionará	3
alicia	3
haberla	3
camarada	3
confesión	3
dijimos	3
coartada	3
desnuda	3
payaso	3
rayo	3
guay	3
naves	3
americana	3
político	3
diseño	3
condenado	3
convencido	3
edward	3
policia	3
italiano	3
pedro	3
mm	3
camiseta	3
vendrán	3
extrañas	3
impacto	3
equipaje	3
lois	3
sufrimiento	3
salieron	3
mantente	3
sabiendo	3
maten	3
adolescente	3
soltero	3
descubrí	3
tranquilos	3
influencia	3
oxígeno	3
experimento	3
absurdo	3
algun	3
habrían	3
ponerle	3
empiece	3
devolver	3
propuesta	3
tómalo	3
michelle	3
abrió	3
plantas	3
cantante	3
traición	3
cementerio	3
florida	3
pozo	3
patrulla	3
brandon	3
planeando	3
ann	3
tragedia	3
ethan	3
miami	3
autoridades	3
trate	3
procedimiento	3
fantasía	3
billetes	3
ganamos	3
secuestro	3
sabrás	3
prestado	3
bodas	3
béisbol	3
ciudades	3
conejo	3
pregúntale	3
billete	3
esperanzas	3
díselo	3
significado	3
mueren	3
shawn	3
cincuenta	3
jugadores	3
web	3
apropiado	3
robot	3
considerado	3
alcanzar	3
patatas	3
mantenga	3
continuación	3
tradición	3
países	3
ocultar	3
tendríamos	3
electricidad	3
bebidas	3
siguió	3
reto	3
aldea	3
robaron	3
aguas	3
caminos	3
ellen	3
permitido	3
alli	3
cima	3
éi	3
risa	3
cumplido	3
objetos	3
decide	3
pregunte	3
once	3
matan	3
terrorista	3
tomes	3
términos	3
reyes	3
revés	3
explotar	3
maletas	3
nubes	3
circo	3
darse	3
west	3
prometiste	3
tanque	3
uñas	3
encargaré	3
terroristas	3
estúpidos	3
héroes	3
salta	3
daremos	3
agradecido	3
victor	3
terror	3
keith	3
sacrificio	3
destrucción	3
teddy	3
texto	3
peleas	3
liga	3
martha	3
ana	3
enviaré	3
teléfonos	3
porno	3
diera	3
oscura	3
tuyos	3
olvido	3
queridos	3
colina	3
bromeas	3
sano	3
únicos	3
musical	3
pastor	3
ponerlo	3
naranja	3
batería	3
trabajó	3
reuniones	3
sue	3
figura	3
jesucristo	3
funcionan	3
voces	3
caroline	3
jacob	3
caramba	3
callejón	3
técnica	3
marshall	3
refería	3
notado	3
maquillaje	3
lanzar	3
cadáveres	3
atacó	3
vendiendo	3
bailando	3
tenerte	3
cubrir	3
liz	3
policial	3
fase	3
gus	3
joseph	3
importaba	3
armada	3
fea	3
porquería	3
mickey	3
superar	3
disfruta	3
sueldo	3
abiertos	3
piénsalo	3
testimonio	3
incómodo	3
oyó	3
costado	3
apaga	3
considerando	3
bolsas	3
seguiré	3
imaginé	3
detenerlo	3
diana	3
pasaporte	3
infancia	3
suele	3
productos	3
rocas	3
reverendo	3
mediodía	3
golpeado	3
destruido	3
reconozco	3
plástico	3
young	3
barba	3
mago	3
hojas	3
conocerla	3
hallar	3
mantequilla	3
lidiar	3
sentencia	3
ideal	3
dámelo	3
mandó	3
residencia	3
francamente	3
guerrero	3
ayudo	3
sigamos	3
jennifer	3
engañar	3
baje	3
contaré	3
guantes	3
rompe	3
conociste	3
hoja	3
decían	3
recepción	3
logrado	3
odias	3
comisión	3
vampiro	3
finales	3
sufrido	3
azules	3
usarlo	3
cometer	3
descansa	3
peleando	3
docena	3
estaríamos	3
sera	3
lanza	3
averiguarlo	3
lanzamiento	3
moverse	3
ho	3
falla	3
angela	3
técnicamente	3
dejara	3
medias	3
míralo	3
físico	3
hacerla	3
multitud	3
potencial	3
hacías	3
famosa	3
rutina	3
oportunidades	3
progreso	3
fascinante	3
ensalada	3
cómoda	3
prepara	3
tráeme	3
equivocas	3
tubo	3
owen	3
sacarlo	3
is	3
usas	3
letras	3
dennis	3
demasiados	3
éstas	3
interrumpir	3
representa	3
socios	3
pecados	3
novela	3
herramientas	3
desaparece	3
apostar	3
ó	3
septiembre	3
vestidos	3
festival	3
franceses	3
queria	3
gustar	3
auxilio	3
éstos	3
fracaso	3
berlín	3
cañón	3
llegaremos	3
empezaron	3
spencer	3
fíjate	3
votar	3
merezco	3
infantil	3
estacionamiento	3
asesina	3
sentarte	3
mintió	3
grita	3
ofrecer	3
ruth	3
esclavos	3
academia	3
probarlo	3
viuda	3
reporte	3
monedas	3
rob	3
advertencia	3
jugo	3
malcolm	3
pico	3
miré	3
rota	3
sociales	3
amarillo	3
encargado	3
so	3
listas	3
as	3
poderosa	3
prometió	3
drama	3
confundido	3
olvídate	3
normales	3
inconsciente	3
asegurar	3
estadounidense	3
locales	3
informado	3
resuelto	3
cueva	3
conduciendo	3
perdidos	3
escuchó	3
patético	3
abril	3
matemáticas	3
eliminar	3
venid	3
hicieras	3
causar	3
demasiadas	3
vigilando	3
función	3
solar	3
encontrarme	3
williams	3
dólar	3
trucos	3
h	3
lectura	3
camarero	3
toman	3
regresaré	3
tiendas	3
encontremos	3
dimos	3
cabina	3
deporte	3
virginia	3
fuga	3
holly	3
sospechosos	3
jonathan	3
ala	3
champán	3
quedaba	3
viera	3
formar	3
walker	3
detectives	3
entenderlo	3
orejas	3
obligado	3
testamento	3
extremadamente	3
creyó	3
darán	3
materia	3
detuvo	3
casco	3
sabremos	3
agenda	3
rosas	3
aceptado	3
bello	3
fabuloso	3
llores	3
arruinado	3
enterado	3
junio	3
baila	3
artistas	3
realizar	3
hechizo	3
respiración	3
extremo	3
historial	3
pongan	3
yeah	3
próximos	3
extraordinario	3
tigre	3
fianza	3
consejos	3
mostrarte	3
doctores	3
auténtico	3
usamos	3
romance	3
miente	3
matthew	3
importan	3
paren	3
indio	3
increíblemente	3
pierdo	3
llevaremos	3
ví	3
ofrece	3
seco	3
willie	3
quinn	3
sagrado	3
monte	3
paris	3
discos	3
louise	3
carrie	3
juguetes	3
cerdos	3
enteré	3
escapado	3
matarla	3
casó	3
ali	3
salgas	3
pasajeros	3
debilidad	3
civiles	3
corbata	3
dispuesta	3
necesitaré	3
cuartel	3
cazar	3
robando	3
convencer	3
rollo	3
pescar	3
mezcla	3
parejas	3
condicional	3
giro	3
bonitas	3
necesites	3
molestar	3
amantes	3
gris	3
zoe	3
pedimos	3
refuerzos	3
josé	3
colgar	3
heridos	3
arreglo	3
plazo	3
harold	3
salvajes	3
elliot	3
fotografías	3
sintió	3
hermosas	3
ashley	3
convertir	3
contarle	3
retiro	3
francis	3
gravedad	3
importe	3
lata	3
enseñaré	3
velas	3
suyos	3
símbolo	3
reconocimiento	3
típico	3
ayudas	3
regresado	3
conducta	3
lane	3
ken	3
am	3
participar	3
lana	3
shane	3
hacernos	3
tratan	3
vendedor	3
federales	3
pudiéramos	3
diane	3
estrés	3
césar	3
soltera	3
gustará	3
em	3
brujas	3
horario	3
recuerden	3
identificar	3
hill	3
alfombra	3
perdóneme	3
actores	3
atractiva	3
permítame	3
desperté	3
salía	3
recibiendo	3
preciso	3
comprendes	3
white	3
altos	3
fan	3
papas	3
anciano	3
profunda	3
petróleo	3
intenciones	3
francesa	3
neil	3
jin	3
rango	3
sombras	3
malvado	3
defender	3
lleguemos	3
suba	3
jaula	3
watson	3
natalie	3
comentarios	3
dosis	3
cartel	3
disparen	3
esperad	3
cargar	3
enviaron	3
jodida	3
seguí	3
aproximadamente	3
postre	3
escala	3
estudiando	3
pavo	3
origen	3
considerar	3
fiel	3
diego	3
embajador	3
tatuaje	3
población	3
harris	3
comes	3
llamen	3
horribles	3
vampiros	3
dormida	3
niveles	3
largas	3
pandilla	3
agrada	3
traigan	3
onda	3
atrapados	3
duque	3
bajas	3
dejaremos	3
trono	3
canto	3
aumento	3
esconder	3
políticos	3
muertes	3
anthony	3
pensabas	3
saqué	3
taller	3
fantástica	3
practicar	3
asientos	3
armado	3
gibbs	3
habrán	3
considera	3
atender	3
ponemos	3
we	3
consigues	3
sentados	3
costó	3
soñando	3
stanley	3
creó	3
ayúdenme	3
juzgado	3
hablarme	3
janet	3
bebido	3
pierdas	3
ponlo	3
gallina	3
miguel	3
octubre	3
sentirme	3
riesgos	3
dificil	3
besar	3
lavar	3
sacarte	3
cuyo	3
cayendo	3
emocional	3
prometida	3
molestia	3
christine	3
consiga	3
huella	3
agarra	3
karl	3
condena	3
decírmelo	3
cafetería	3
honesta	3
tómate	3
pablo	3
medidas	3
ofreció	3
dió	3
quizas	3
celosa	3
instinto	3
bancos	3
mías	3
emocionado	3
juguete	3
villa	3
conocida	3
servirá	3
norman	3
centavo	3
lincoln	3
connor	3
potencia	3
unido	3
julian	3
copias	3
receta	3
interesada	3
seguirá	3
oírme	3
normas	3
cocaína	3
encontrarte	3
cambie	3
asesinó	3
huyendo	3
marihuana	3
entramos	3
congreso	3
capa	3
tocó	3
mágico	3
beneficios	3
aburrida	3
invito	3
período	3
corredor	3
marte	3
ayudaría	3
cortado	3
mentiste	3
olvidaste	3
nieto	3
odiaba	3
fraude	3
zapato	3
mantenerlo	3
liam	3
tiró	3
sector	3
conseguirlo	3
furgoneta	3
causado	3
beneficio	3
querrías	3
graduación	3
alejado	3
junior	3
complejo	3
miraba	3
patas	3
columna	3
empieces	3
bienes	3
quisieras	3
clásico	3
saque	3
oírlo	3
hígado	3
robaste	3
decías	3
all	3
lleven	3
trabajé	3
muebles	3
actos	3
células	3
presa	3
hubiéramos	3
travis	3
joan	3
páginas	3
raymond	3
llenar	3
riley	3
cambian	3
sonríe	3
moscú	3
ordenó	3
go	3
motel	3
venimos	3
cuente	3
preguntes	3
mentido	3
decidimos	3
house	3
alimentos	3
actúa	3
prefieres	3
mason	3
presupuesto	3
prepárate	3
ubicación	3
etapa	3
olvidaré	3
trajes	3
santos	3
idioma	3
fruta	3
reconoce	3
vuela	3
ganando	3
bendición	3
luis	3
compasión	3
reconocer	3
desarrollo	3
contarte	3
vomitar	3
cazador	3
pesca	3
arco	3
wendy	3
llora	3
abandonó	3
supiste	3
abogada	3
fama	3
plano	3
elige	3
maíz	3
remedio	3
harta	3
maria	3
muéstrame	3
audrey	3
acostumbrado	3
green	3
leonard	3
disfraz	3
termino	3
hombros	3
química	3
vela	3
muelle	3
tiroteo	3
dirigir	3
enterrado	3
acento	3
psiquiatra	3
escoger	3
estupenda	3
canadá	3
indica	3
deudas	3
subiendo	3
bla	3
desayunar	3
tomaron	3
fines	3
espíritus	3
ingeniero	3
cráneo	3
desesperado	3
baby	3
separados	3
queja	3
jugada	3
bajando	3
signos	3
dirías	3
von	3
buscaré	3
comen	3
hong	3
pediré	3
documento	3
descripción	3
tercero	3
estructura	3
rehenes	3
lleguen	3
botellas	3
encuentren	3
bomberos	3
horno	3
préstamo	3
black	3
tratamos	3
autopsia	3
ocupados	3
penny	3
metí	3
pares	3
propietario	3
supieras	3
adecuada	3
cuarenta	3
profesión	3
británico	3
exámenes	3
tracy	3
evan	3
seth	3
moleste	3
agosto	3
logró	3
marchar	3
logan	3
crecido	3
representante	3
empiezas	3
tareas	3
gabriel	3
vodka	3
dí	3
re	3
terribles	3
infeliz	3
enormes	3
geniales	3
generoso	3
brindis	3
rita	3
directa	3
hacéis	3
actualmente	3
rifle	3
casino	3
logro	3
trajeron	3
celos	3
artículos	3
estable	3
escuadrón	3
ciudadano	3
colin	3
sospecha	3
violento	3
engañado	3
relacionado	3
niega	3
vietnam	3
batman	3
vendió	3
ralph	3
chaval	3
macho	3
allison	3
menores	3
constantemente	3
conozca	3
directora	3
borracha	3
ventas	3
alivio	3
trauma	3
enseñarte	3
estadounidenses	3
necesidades	3
bart	3
exposición	3
negociar	3
todavia	3
explicarlo	3
copas	3
golpea	3
edificios	3
región	3
duros	3
moviendo	3
kitty	3
aman	3
kong	3
ford	3
shh	3
lógica	3
eligió	3
sammy	3
sangrando	3
jefes	3
comió	3
traducido	3
narices	3
deberes	3
grito	3
empresas	3
contactos	3
engaño	3
acusación	3
cirujano	3
pagando	3
cenizas	3
retraso	3
asesinar	3
mentí	3
imaginas	3
haciéndolo	3
ocurriendo	3
pechos	3
solicitud	3
enfermedades	3
soporto	3
buscarla	3
mona	3
fresca	3
prioridad	3
mentes	3
francos	3
rumor	3
confías	3
dibujo	3
saliste	3
contaste	3
buscarte	3
prefiere	3
almirante	3
gastar	3
vendrás	3
use	3
craig	3
warren	3
conjunto	3
profesionales	3
ciertos	3
verdes	3
invitó	3
alumnos	3
presentó	3
informar	3
cortó	3
maya	3
apagar	3
malditas	3
harían	3
nelson	3
besos	3
graciosa	3
chinos	3
noviembre	3
invisible	3
contarme	3
economía	3
logramos	3
combinación	3
enfermos	3
conectado	3
sucederá	3
asumir	3
rusa	3
habitual	3
id	3
posesión	3
inténtalo	3
ministerio	3
saludable	3
firmado	3
oreja	3
calientes	3
personajes	3
liberar	3
cogió	3
toro	3
pintar	3
eternidad	3
similar	3
sobrina	3
tortura	3
máxima	3
franco	3
earl	3
raras	3
paige	3
espérame	3
nene	3
deportes	3
sígueme	3
sra	3
pulmones	3
cuánta	3
necesitaremos	3
isabel	3
acabará	3
manzanas	3
ratón	3
eléctrica	3
ee	3
productor	3
quédense	3
demuestra	3
lauren	3
eventos	3
entendiste	3
v	3
reciente	3
empiezan	3
pasaste	3
enfrentar	3
dejaba	3
escucharme	3
apariencia	3
aves	3
radiación	3
advierto	3
quemado	3
corea	3
sandy	3
síntomas	3
japoneses	3
kurt	3
juzgar	3
adrian	3
cervezas	3
quemar	3
kent	3
marzo	3
meterme	3
cuarta	3
gatillo	3
azar	3
soledad	3
vera	3
método	3
creciendo	3
amenazas	3
alfa	3
afecta	3
alguacil	3
jugado	4
excepción	4
dignidad	4
graves	4
riendo	4
aaron	4
pasear	4
autorización	4
concepto	4
enseñado	4
molestes	4
volvieron	4
llevaría	4
pato	4
duncan	4
padrino	4
vigila	4
generalmente	4
quedando	4
numero	4
permiten	4
bebo	4
contratar	4
pides	4
administración	4
continúe	4
eli	4
case	4
inusual	4
feria	4
mancha	4
leal	4
transmisión	4
tranquilízate	4
asociación	4
corran	4
seguiremos	4
parto	4
pegado	4
estarían	4
mafia	4
poesía	4
preocupados	4
intercambio	4
mel	4
constante	4
selva	4
mostró	4
jenna	4
juegas	4
contrató	4
sintiendo	4
gane	4
aprende	4
presentimiento	4
fuentes	4
protegerte	4
raíces	4
meterte	4
nicole	4
perspectiva	4
escolar	4
digno	4
shock	4
heather	4
bastardos	4
quinto	4
for	4
soportarlo	4
star	4
your	4
campana	4
juramento	4
matarán	4
mitchell	4
utiliza	4
ronnie	4
ilusión	4
vencer	4
rezar	4
hoyo	4
tristeza	4
miró	4
pases	4
dolores	4
sigas	4
doloroso	4
love	4
debbie	4
equivoqué	4
cuidando	4
medicamentos	4
ocuparé	4
bandas	4
harper	4
protocolo	4
unirse	4
vosotras	4
sufriendo	4
tomaremos	4
otoño	4
estatal	4
candidato	4
vencido	4
autor	4
aérea	4
usaba	4
comprende	4
polla	4
huelga	4
rabia	4
agujeros	4
estuviese	4
esperabas	4
jovencita	4
callado	4
encender	4
grosero	4
mitch	4
rancho	4
conflicto	4
conspiración	4
comando	4
gota	4
escenas	4
pa	4
colonia	4
medalla	4
contactar	4
jugamos	4
stone	4
cabra	4
traerme	4
parientes	4
creído	4
adolescentes	4
llenos	4
ultima	4
altas	4
cambiará	4
inteligentes	4
dieta	4
quedarás	4
correctamente	4
vería	4
suelto	4
fans	4
japonés	4
ropas	4
recibimos	4
elementos	4
verdaderos	4
bonnie	4
piensen	4
pondremos	4
contiene	4
diciembre	4
motores	4
graham	4
estarlo	4
preguntarme	4
na	4
permanente	4
comercio	4
llegara	4
amada	4
jodidamente	4
grasa	4
infección	4
comenzado	4
satisfecho	4
presidenta	4
llevarse	4
pesada	4
megan	4
barney	4
envío	4
desfile	4
suma	4
meterse	4
conclusión	4
atrapada	4
mientes	4
homicidios	4
cajón	4
tragos	4
salve	4
valores	4
pierre	4
leslie	4
ejecución	4
misterioso	4
sándwich	4
lobos	4
fortaleza	4
furioso	4
hamburguesa	4
barbara	4
salario	4
débiles	4
plena	4
pierda	4
murphy	4
cuero	4
jodan	4
oculta	4
salvaste	4
quema	4
cometió	4
temor	4
nora	4
muchísimas	4
bo	4
comedor	4
aclarar	4
controla	4
admito	4
ji	4
esconde	4
valioso	4
aguja	4
equivoco	4
terminaste	4
brillantes	4
ingleses	4
observando	4
objetivos	4
casarnos	4
emocionada	4
desaparición	4
sello	4
quietos	4
escuelas	4
merecía	4
deshacerse	4
tiburón	4
mostrarle	4
nube	4
formación	4
compraste	4
decepcionado	4
autopista	4
evidente	4
camiones	4
programas	4
falsas	4
daisy	4
encuentres	4
matas	4
quitado	4
actividades	4
líderes	4
escuchad	4
global	4
esclavo	4
ocasiones	4
dejarle	4
confirmar	4
pendiente	4
toalla	4
construido	4
creación	4
raros	4
novios	4
escuches	4
temía	4
detiene	4
be	4
gusano	4
atmósfera	4
gina	4
reunir	4
espiritual	4
pensión	4
sirven	4
saldremos	4
marica	4
república	4
siéntense	4
sabio	4
increíbles	4
embajada	4
quieta	4
escribo	4
poema	4
kang	4
terminará	4
tenis	4
civilización	4
patada	4
cuerdas	4
dibujos	4
perdieron	4
brenda	4
tirando	4
miran	4
prometes	4
chase	4
pluma	4
r	4
posibles	4
fallo	4
iris	4
superman	4
entendemos	4
rodilla	4
vestida	4
echó	4
philip	4
tirador	4
aparato	4
modales	4
horror	4
quisiste	4
pavos	4
permitiré	4
estatua	4
asegurarse	4
regresen	4
mandado	4
continua	4
siesta	4
ausencia	4
perdemos	4
collins	4
encontrarán	4
cuentos	4
wade	4
maletín	4
phoebe	4
jules	4
ellie	4
perfume	4
grabar	4
crece	4
jen	4
echarle	4
entro	4
duelo	4
israel	4
cometí	4
organizar	4
pervertido	4
subió	4
revistas	4
dejarás	4
lleves	4
walt	4
carla	4
jill	4
enciende	4
quitó	4
radar	4
seriamente	4
probabilidades	4
capullo	4
deseando	4
dana	4
bang	4
habrás	4
ganaste	4
locas	4
hall	4
encantó	4
telefónica	4
llegues	4
micrófono	4
margen	4
gesto	4
cintas	4
sugiere	4
embarazo	4
stuart	4
encaja	4
consuelo	4
llamarla	4
sabiduría	4
sincera	4
bolsillos	4
paula	4
comencé	4
noel	4
muestran	4
lea	4
mágica	4
terriblemente	4
recuerdan	4
solíamos	4
susto	4
ocurrirá	4
hadas	4
sos	4
preocuparme	4
hare	4
vidrio	4
término	4
volverán	4
desorden	4
alimentar	4
boleto	4
lavado	4
confusión	4
angeles	4
ave	4
cambié	4
temer	4
pense	4
danos	4
facultad	4
mochila	4
satélite	4
independiente	4
intentan	4
enero	4
busqué	4
diosa	4
estuvieran	4
barón	4
clay	4
artes	4
nocturno	4
timbre	4
escapa	4
establecer	4
what	4
duermo	4
araña	4
detenga	4
intentes	4
correos	4
profesores	4
enseñarle	4
guerreros	4
ancianos	4
preocupo	4
bebes	4
imaginaba	4
mundos	4
martillo	4
eterna	4
sufrió	4
comentario	4
inicio	4
buscarme	4
impresionado	4
estelar	4
pagas	4
álbum	4
rojos	4
jueces	4
allen	4
sufre	4
internos	4
casé	4
teresa	4
pudieran	4
ola	4
equivoca	4
desaparecida	4
retrato	4
justa	4
repugnante	4
mentirosa	4
uu	4
mirado	4
confesar	4
vacas	4
deberá	4
rojas	4
repetir	4
respiro	4
cuya	4
ganancias	4
disfrutando	4
comedia	4
boy	4
chip	4
amables	4
inversión	4
gemelos	4
minas	4
falsos	4
times	4
pat	4
matarnos	4
cogí	4
australia	4
seda	4
malentendido	4
distintas	4
diamante	4
april	4
cojo	4
avergonzado	4
siguientes	4
agarrar	4
comunicaciones	4
dirán	4
cobrar	4
dificultades	4
lápiz	4
pague	4
deberia	4
caiga	4
tara	4
christopher	4
avenida	4
comenzamos	4
seca	4
contentos	4
vivió	4
hágalo	4
que-	4
bruno	4
llévate	4
oculto	4
metes	4
soo	4
principales	4
mario	4
vic	4
euros	4
salva	4
mantengan	4
entras	4
manhattan	4
promesas	4
explosivos	4
kennedy	4
ataúd	4
cancelar	4
island	4
excusas	4
emergencias	4
orgullosos	4
creerme	4
brooklyn	4
seguida	4
busque	4
encendido	4
coro	4
urgencias	4
tales	4
observa	4
manual	4
privacidad	4
ll	4
pasaré	4
recuperación	4
cuartos	4
semejante	4
sobra	4
oler	4
presentado	4
basado	4
paro	4
dinos	4
tenerla	4
lawrence	4
andrea	4
modelos	4
pida	4
saluda	4
dejadme	4
comí	4
nido	4
curtis	4
plataforma	4
benny	4
booth	4
pam	4
afortunadamente	4
entran	4
pagué	4
objeción	4
reconoces	4
clan	4
chance	4
tokio	4
preguntaste	4
vital	4
vanessa	4
vinieras	4
pañuelo	4
preso	4
durar	4
llevarnos	4
esperé	4
trampas	4
quedaron	4
ned	4
saludar	4
prométeme	4
caen	4
franklin	4
halloween	4
donald	4
aguarda	4
causó	4
darás	4
niebla	4
psicópata	4
rodeado	4
invitar	4
cal	4
escucharlo	4
culpo	4
vamonos	4
colgado	4
goma	4
talla	4
oración	4
turner	4
acércate	4
tomemos	4
maestros	4
cómplice	4
cercana	4
preguntan	4
preocupas	4
saldré	4
licor	4
llevara	4
teme	4
ídolo	4
sindicato	4
fallado	4
crane	4
usé	4
simpson	4
globo	4
blancas	4
audición	4
vigilar	4
almohada	4
oido	4
rehabilitación	4
increible	4
galaxia	4
long	4
curar	4
elefante	4
robé	4
guardián	4
investigaciones	4
fuéramos	4
tejido	4
muñecas	4
llamaría	4
anderson	4
atacado	4
vagina	4
samantha	4
levantado	4
tabla	4
monos	4
escudo	4
extranjeros	4
denise	4
bañera	4
pop	4
ayudarlos	4
moderna	4
blue	4
interrogatorio	4
rapido	4
merecen	4
bonitos	4
angel	4
g	4
woo	4
brasil	4
freddie	4
asistencia	4
pagará	4
novato	4
avisar	4
hemorragia	4
conviene	4
ajá	4
perrito	4
créame	4
olas	4
sabré	4
caí	4
manejarlo	4
fenómeno	4
quejas	4
coca	4
persiguiendo	4
lotería	4
acerques	4
certificado	4
bigote	4
aca	4
bondad	4
aterrizar	4
misiles	4
planos	4
despierte	4
despedirme	4
connie	4
avance	4
sacarme	4
prepárense	4
tumor	4
camarera	4
herencia	4
vaquero	4
trenes	4
largos	4
patria	4
ponía	4
enviando	4
apagado	4
rastrear	4
acababa	4
campeonato	4
técnico	4
injusto	4
activo	4
pesadillas	4
galería	4
drew	4
sacando	4
vió	4
tanques	4
enseña	4
editor	4
liberación	4
interesantes	4
comenzaron	4
quinta	4
levante	4
pesa	4
responda	4
lance	4
pondría	4
resistir	4
hueles	4
bajen	4
hermosos	4
arriesgado	4
mueres	4
duke	4
agallas	4
verlas	4
sentirlo	4
faltaba	4
cindy	4
armados	4
volumen	4
hunter	4
bailarina	4
huyó	4
edición	4
atreve	4
ganan	4
debate	4
cables	4
necesitará	4
compraré	4
odian	4
poeta	4
cortes	4
doña	4
manta	4
competir	4
nazis	4
fritas	4
dentista	4
amamos	4
encontraba	4
menú	4
may	4
necesariamente	4
negras	4
descubrimiento	4
organizado	4
apetito	4
cameron	4
traen	4
muriera	4
visual	4
acostado	4
ángulo	4
inferior	4
sydney	4
incapaz	4
volante	4
sierra	4
probando	4
distinta	4
sentiría	4
abuso	4
celebración	4
diente	4
tuyas	4
humilde	4
discutiendo	4
gene	4
suicidó	4
disposición	4
conversaciones	4
lámpara	4
sabrán	4
métodos	4
marcos	4
huéspedes	4
crean	4
preocupen	4
direcciones	4
baker	4
planetas	4
determinar	4
condesa	4
ópera	4
corten	4
peligrosos	4
asesinados	4
joy	4
medicinas	4
rory	4
mansión	4
torres	4
lecciones	4
sentirte	4
comprando	4
equilibrio	4
trevor	4
lograrlo	4
culpar	4
sacas	4
crecí	4
certeza	4
observar	4
molestando	4
supervivencia	4
nacer	4
hechas	4
sacaron	4
p	4
olvidas	4
escondiendo	4
can	4
famosos	4
melissa	4
ias	4
aterrizaje	4
girar	4
aceptarlo	4
danza	4
little	4
métete	4
hambriento	4
mates	4
ordenado	4
calcetines	4
confuso	4
enamorados	4
moderno	4
tocas	4
responsables	4
tabaco	4
registrado	4
balón	4
top	4
boletos	4
lentes	4
consejero	4
chistes	4
guerras	4
sacaré	4
coordenadas	4
vergonzoso	4
distintos	4
fingiendo	4
significaba	4
mensajero	4
judy	4
test	4
cortesía	4
campus	4
compro	4
bingo	4
asumo	4
j	4
impulso	4
pensaría	4
venden	4
contratado	4
conozcas	4
utilizando	4
chan	4
propiedades	4
explicaré	4
signo	4
disparando	4
ajedrez	4
aseguraré	4
crítica	4
necesitabas	4
británicos	4
ciega	4
cordero	4
democracia	4
rastros	4
protege	4
papeleo	4
cubo	4
judicial	4
sid	4
masaje	4
beca	4
verse	4
miseria	4
conocías	4
contenido	4
razon	4
sana	4
ritual	4
aliados	4
orina	4
ofender	4
hilo	4
seattle	4
subido	4
eche	4
quedaría	4
enfermería	4
entienda	4
matrícula	4
jung	4
dejarán	4
raya	4
superiores	4
islas	4
dispuestos	4
mascota	4
ascenso	4
comenzando	4
delicado	4
incluye	4
revisa	4
entraron	4
estabamos	4
llevaste	4
duermes	4
neal	4
empuja	4
atado	4
telegrama	4
oir	4
sorprendió	4
christian	4
pegó	4
salvarte	4
deseaba	4
pisos	4
soñar	4
interna	4
avanzar	4
guy	4
mercancía	4
localizar	4
choque	4
desesperada	4
águila	4
rebeldes	4
apunta	4
troy	4
líquido	4
llegaré	4
rompí	4
dispararle	4
bailey	4
jodas	4
carbón	4
regresé	4
secuestrado	4
aprendiendo	4
sandra	4
ayúdeme	4
cocinero	4
quitarme	4
entraste	4
katherine	4
medicación	4
baños	4
creías	4
ácido	4
agresión	4
lex	4
consulta	4
nicky	4
alison	4
jan	4
detenerme	4
órganos	4
zach	4
situaciones	4
barro	4
jódete	4
jazz	4
debamos	4
amber	4
cleveland	4
múltiples	4
cuentan	4
apártate	4
cretino	4
brooke	4
gays	4
obtuvo	4
min	4
drake	4
multa	4
anillos	4
kirk	4
quedara	4
claudia	4
hacerles	4
trabajador	4
acabaron	4
quirófano	4
aéreo	4
carmen	4
misa	4
riqueza	4
separado	4
toneladas	4
criada	4
ida	4
madison	4
observación	4
deténgase	4
asistir	4
compañías	4
mm-hmm	4
freddy	4
voluntario	4
puñado	4
profundidad	4
ligero	4
cuadros	4
incendios	4
meg	4
afortunada	4
pega	4
añadir	4
harrison	4
músculos	4
reunirse	4
sheila	4
sacamos	4
depresión	4
afueras	4
confirmado	4
sordo	4
vano	4
brigada	4
diremos	4
perdonar	4
gigantes	4
pila	4
presentes	4
bahía	4
lesbiana	4
ayuntamiento	4
ligera	4
acceder	4
comprometido	4
sentar	4
fáciles	4
píldoras	4
preocupaciones	4
eve	4
compre	4
desean	4
ansioso	4
despertado	4
mantenerte	4
suplico	4
with	4
escúcheme	4
demos	4
stella	4
pierden	4
ii	4
olvidarlo	4
mencionado	4
interno	4
pacífico	4
obligación	4
hablará	4
comunista	4
osos	4
espías	4
ohh	4
arreglaré	4
cuentes	4
coincide	4
servido	4
asegurarnos	4
mick	4
espectacular	4
filosofía	4
simpático	4
contraseña	4
pillado	4
naomi	4
volviera	4
levantarse	4
supuestamente	4
veredicto	4
regresará	4
cubre	4
jabón	4
egipto	4
terminemos	4
simples	4
concentración	4
dejarnos	4
déjanos	4
factura	4
zack	4
cargado	4
submarino	4
expertos	4
cazadores	4
afecto	4
sonreír	4
volvía	4
protegiendo	4
dejad	4
desconocida	4
one	4
oírte	4
cristiano	4
víctor	4
invasión	4
maricón	4
permanece	4
jon	4
botones	4
habríamos	4
criado	4
solucionar	4
dawson	4
despertó	4
oriente	4
especialista	4
imbéciles	4
mantenerse	4
alexander	4
suiza	4
tapa	4
alla	4
votación	4
shaw	4
lloyd	4
heredero	4
atravesar	4
adams	4
favoritos	4
traerá	4
engañando	4
hamburguesas	4
esfuerzos	4
diarios	4
arrogante	4
moriré	4
excitante	4
entrenar	4
maneja	4
permíteme	4
creíste	4
bosques	4
insectos	4
liberado	4
irene	4
brillo	4
becky	4
romántica	4
corresponde	4
ruby	4
harvard	4
debías	4
choi	4
molestado	4
rosie	4
admiro	4
georgia	4
costillas	4
bernard	4
valentín	4
llenas	4
retirado	4
anciana	4
escribiste	4
hablen	4
concéntrate	4
matamos	4
fuegos	4
suban	4
sucios	4
divertirse	4
astuto	4
hueco	4
pariente	4
oficinas	4
reed	4
coja	4
complicada	4
acercarse	4
oficio	4
tejado	4
periodistas	4
dorado	4
marinero	4
sentidos	4
torneo	4
kit	4
encantaba	4
this	4
hacha	4
palmer	4
pasteles	4
despedir	4
enteró	4
echaré	4
destrozado	4
marchó	4
miranda	4
computadoras	4
burro	4
etiqueta	4
sharon	4
marcharse	4
produce	4
naciones	4
referencia	4
polo	4
maldad	4
quedaremos	4
jodidos	4
aprendiste	4
perry	4
divirtiendo	4
costo	4
recorrido	4
retrasado	4
arnold	4
lograste	4
convertirme	4
núcleo	4
controlado	4
pm	4
bell	4
pidieron	4
conseguiremos	4
acuerda	4
grabado	4
cadenas	4
cálmese	4
reducir	4
bajos	4
honorable	4
comidas	4
bodega	4
funcionado	4
traficante	4
amenazó	4
renta	4
saliera	4
posiciones	4
tiros	4
toco	4
metiendo	4
tímido	4
conveniente	4
cerrados	4
ie	4
identificado	4
inocencia	4
pinturas	4
estadio	4
elemento	4
marrón	4
supuse	4
retrocede	4
sillas	4
individuo	4
sorpresas	4
adicto	4
cabrones	4
terapeuta	4
ridícula	4
busquen	4
derrota	4
traerlo	4
hazte	4
finn	4
morirás	4
orilla	4
mientas	4
construyó	4
escuchan	4
chimenea	4
febrero	4
respondió	4
recoge	4
wallace	4
doyle	4
inglesa	4
mueras	4
cumple	4
muevan	4
muertas	4
dormí	4
limpiando	4
confidencial	4
suite	4
caleb	4
piratas	4
reparar	4
dorothy	4
rehén	4
manchas	4
bud	4
cicatriz	4
borrar	4
fundación	4
robbie	4
ciencias	4
iniciar	4
reservado	4
justamente	4
conocidos	4
niego	4
ningun	4
descubre	4
adelantado	4
blair	4
aah	4
sábanas	4
argumento	4
dueños	4
castle	4
viajando	4
metiste	4
terminaron	4
sip	4
esperábamos	4
flash	4
alec	4
enseño	4
fox	4
phillip	4
cruzado	4
roba	4
tradicional	4
creció	4
cobertura	4
pillo	4
escritura	4
entere	4
billetera	4
hacíamos	4
vapor	4
cosecha	4
generaciones	4
wyatt	4
capturado	4
cuñado	4
damon	4
sagrada	4
sonidos	4
eeuu	4
tranquilidad	4
gatito	4
periodo	4
ocupo	4
traicionado	4
furia	4
recuperado	4
cuide	4
tortuga	4
patty	4
piden	4
mo	4
ficción	4
nikki	4
fuí	4
milagros	4
soñado	4
pis	4
andas	4
ovejas	4
granero	4
docenas	4
quienquiera	4
juegan	4
lógico	4
disciplina	4
revisando	4
recibiste	4
retirarse	4
noah	4
salvador	4
privilegio	4
secuencia	4
pensaré	4
antiguas	4
lydia	4
semillas	4
afganistán	4
ponernos	4
aprovechar	4
falda	4
mikey	4
morris	4
shakespeare	4
tendrían	4
acompaño	4
diferencias	4
escocia	4
menuda	4
utilizado	4
linea	4
pelos	4
circuito	4
agradecida	4
richie	4
up	4
mantuvo	4
aprobación	4
novedad	4
impedir	4
ego	4
conocerle	4
imaginado	4
protegido	4
enfermeras	4
gustaria	4
pirata	4
mantenido	4
burke	4
usarla	4
inspiración	4
aterrador	4
lindsay	4
dolares	4
logré	4
borrachos	4
estaciones	4
cheques	4
norma	4
mecánico	4
perdedores	4
houston	4
polis	4
reconocido	4
videos	4
gripe	4
ataca	4
sacarle	4
existir	4
jesus	4
thompson	4
bus	4
precios	4
inevitable	4
pusimos	4
cuba	4
estúpidas	4
matarlos	4
lastimado	4
delitos	4
espantoso	4
comience	4
quitarle	4
postal	4
irak	4
claridad	4
demostrado	4
acusaciones	4
hal	4
hans	4
bicho	4
beverly	4
sencilla	4
saltó	4
chofer	4
tomarlo	4
creéis	4
encantará	4
dr	4
físicamente	4
occidental	4
ejecutivo	4
escondite	4
aumentar	4
entregado	4
mantenerme	4
desee	4
femenina	4
romeo	4
molestarte	4
torpe	4
maurice	4
partículas	4
enano	4
cerró	4
pásame	4
delgado	4
escuchamos	4
denuncia	4
dispare	4
vasos	4
serpientes	4
experimentos	4
apoyar	4
obsesionado	4
retirar	4
encontrarnos	4
dada	4
cállese	4
aquellas	4
detención	4
tristes	4
perímetro	4
bloqueo	4
preguntaré	4
intenso	4
pierce	4
construyendo	4
principalmente	4
suelen	4
portátil	4
vagabundo	4
comemos	4
pueblos	4
casamos	4
investigador	4
suministros	4
putos	4
preocupaba	4
conversar	4
daphne	4
valientes	4
sebastian	4
mcgee	4
hockey	4
vendré	4
vicepresidente	4
transferencia	4
garantía	4
torta	4
tremendo	4
entremos	4
devolveré	4
barata	4
alfred	4
extraterrestres	4
pegar	4
comprobado	4
isaac	4
esperaremos	4
stark	4
costará	4
descanse	4
dulzura	4
escondidas	4
lastimar	4
pasaje	4
acercó	4
encontrarse	4
negar	4
pensaron	4
vulnerable	4
lenta	4
atacaron	4
quite	4
suéltalo	4
manny	4
mercedes	4
portal	4
necesitarás	4
pudiese	4
linterna	4
alemana	4
lindos	4
zorro	4
vestuario	4
evidencias	4
garantizo	4
criar	4
colocar	4
auténtica	4
pendejo	4
ordenar	4
debimos	4
cabe	4
alimento	4
pilotos	4
amiguito	4
gorra	4
revisión	4
exacta	4
hanna	4
dong	4
vehículos	4
presentarte	4
recibirá	4
khan	4
evidentemente	4
joel	4
senado	4
atras	4
caramelos	4
ofrezco	4
trataré	4
er	4
usaste	4
déme	4
salvación	4
cobra	4
baloncesto	4
pacto	4
aceptó	4
vientre	4
jessie	4
yang	4
tuviéramos	4
callar	4
deliciosa	4
mirarme	4
opina	4
roll	4
negó	4
rubio	4
boyd	4
tomate	4
césped	4
inicial	4
aplauso	4
centímetros	4
ordenes	4
peggy	4
ingresos	4
homero	4
accidentes	4
declarar	4
canalla	4
oyeron	4
douglas	4
ordeno	4
jovencito	4
hospitales	4
engañó	4
esperes	4
respetar	4
filmar	4
rana	4
mosca	4
vecina	4
ansiedad	4
puño	4
veis	4
premios	4
leerlo	4
rama	4
perderte	4
envíe	4
retirada	4
averigua	4
curva	4
brilla	4
debas	4
aventuras	4
ofrecido	4
considero	4
romano	4
portero	4
sospechas	4
elaine	4
sepamos	4
bobo	4
algodón	4
sexto	4
bajó	4
crítico	4
soñé	4
eterno	4
entusiasmo	4
instalaciones	4
manejo	4
saludo	4
compramos	4
ultimo	4
posee	4
castigado	4
cohete	4
gps	4
disculpo	4
extrañar	4
salvarme	4
nazi	4
sostén	4
fórmula	4
limón	4
erica	4
jamón	4
boom	4
sensores	4
esencia	4
instrumento	4
renuncia	4
elegí	4
fusión	4
atrevas	4
intentaste	4
suicida	4
rebelde	4
vago	4
vías	4
samuel	4
camaradas	4
winston	4
asustó	4
revelar	4
sugerencia	4
srta	4
echas	4
caca	4
shirley	4
legales	4
legalmente	4
clyde	4
won	4
prostitutas	4
promedio	4
tela	4
kathy	4
superado	4
aires	4
ardiendo	4
alturas	4
preferido	4
arrestar	4
respirando	4
sonaba	4
especialidad	4
rocky	4
griego	4
conservar	4
huelo	4
crucero	4
esencial	4
diviértete	4
pendientes	4
cerradura	4
récord	4
aparecen	4
atascado	4
distracción	4
camas	4
acordamos	4
supermercado	4
tucker	4
echaron	4
tomarme	4
caramelo	4
bastantes	4
liras	4
lees	4
extraordinaria	4
arranca	4
manejando	4
vendrías	4
enviaste	4
barnes	4
manada	4
llamaban	4
bienestar	4
hugo	4
galleta	4
encantar	4
fiscalía	4
reunido	4
lola	4
fumando	4
ríes	4
enrique	4
mediante	4
bishop	4
expresar	4
sientan	4
tierno	4
llamaremos	4
valen	4
ginebra	4
levantó	4
políticas	4
interesan	4
deberias	4
pistolas	4
agotado	4
especies	4
científica	4
llamará	4
oscuras	4
herir	4
entrevistas	4
competición	4
materiales	4
acostarse	4
arruinó	4
brutal	4
responsabilidades	4
glenn	4
guardaespaldas	4
pretende	4
inyección	4
adora	4
arregla	4
flecha	4
mudó	4
armadura	4
advertí	4
necesaria	4
mañanas	4
cortinas	4
cruce	4
músico	4
tire	4
parecían	4
serios	4
escoria	4
morirán	4
coco	4
sullivan	4
encontraría	4
marta	4
nevera	4
sonriendo	4
beach	4
decides	4
pagarle	4
sorprendida	4
dejarlos	4
usualmente	4
aceptas	4
culpables	4
sacarla	4
cigarro	4
lindas	4
declaraciones	4
honrado	4
farmacia	4
bretaña	4
sentirás	4
gwen	4
obispo	4
agradecer	4
maletero	4
tocaba	4
dallas	4
lamentablemente	4
tenias	4
vivas	4
queden	4
tess	4
murray	4
ilegales	4
específico	4
salchicha	4
maravillas	4
empezaste	4
previsto	4
poderosos	4
electrónico	4
delincuente	4
cogeré	4
trabaje	4
raj	4
cruzando	4
vendo	4
fotógrafo	4
leon	4
compartimos	4
crecimiento	4
próximas	4
fracasado	4
serena	4
mantenimiento	4
ardiente	4
acompañe	4
protector	4
abiertas	4
portada	4
expulsado	4
comprendido	4
est	4
bandeja	4
comunes	4
envidia	4
marcado	4
vacías	4
evans	4
ballet	4
traerte	4
literatura	4
alcanza	4
bajado	4
ahh	4
carson	4
fisher	4
década	4
órbita	4
eventualmente	4
ocupa	4
helena	4
tardará	4
fiona	4
flujo	4
toni	4
imagínate	4
esconderse	4
sonny	4
suyas	4
kansas	4
llegarán	4
presta	4
jungla	4
ayudé	4
destinado	4
triple	4
colinas	4
ofrecerle	4
pantano	4
mantienen	4
rex	4
broadway	4
misericordia	4
cometa	4
particularmente	4
morgue	4
implica	4
set	4
stefan	4
drogado	4
ai	4
divina	4
lenny	4
empezaremos	4
detesto	4
granjero	4
admitirlo	4
malvada	4
códigos	4
mueven	4
orleans	4
femenino	4
misteriosa	4
dueña	4
cercanos	4
salchichas	4
madrid	4
niñita	4
basada	4
marge	4
operar	4
yo-	4
invita	4
pausa	4
asilo	4
equivocados	4
grey	4
póngase	4
pertenecen	4
rompiste	4
invitada	4
cambiaron	4
meredith	4
anuncios	4
montones	4
mesas	4
convirtiendo	4
avery	4
bárbara	4
queriendo	4
síganme	4
comencemos	4
sentimental	4
alienígena	4
gentil	4
tardar	4
abejas	4
cuna	4
anteriores	4
permita	4
piper	4
durará	4
cuidadosamente	4
únicas	4
monk	4
dormía	4
diagnóstico	4
buck	4
enlace	4
completar	4
benjamin	4
síndrome	4
stevie	4
normalidad	4
quitarte	4
haley	4
legado	4
disparé	4
testificar	4
ingeniería	4
acostarme	4
mandé	4
rincón	4
sun	4
artificiales	4
milord	4
dee	4
jeffrey	4
significan	4
sonó	4
foster	4
chaleco	4
encontrarle	4
sobrevivió	4
subasta	4
pasaremos	4
talvez	4
cam	4
naturales	4
scotty	4
corrección	4
entiendas	4
estate	4
caes	4
dándole	4
líos	4
jodiendo	4
hablaron	4
soltar	4
llevarle	4
marcar	4
quedaste	4
déjate	4
proyectos	4
educado	4
guardado	4
zonas	4
repite	4
hermanito	4
tobillo	4
insiste	4
categoría	4
dimensión	4
ayudes	4
domingos	4
confundida	4
li	4
romanos	4
bloque	4
producir	4
pasarme	4
aplausos	4
vaqueros	4
ciclo	4
enterrar	4
elvis	4
charlar	4
inventó	4
sentarnos	4
bata	4
aparecido	4
robos	4
duras	4
descuento	4
cardíaco	4
randall	4
recto	4
valerie	4
unir	4
buddy	4
angie	4
infarto	4
echando	4
filadelfia	4
plumas	4
escrita	4
tomaría	4
creando	4
hammond	4
gusanos	4
detengan	4
refrigerador	4
abrí	4
entres	4
sida	4
déjelo	4
obligó	4
magnífica	4
sobrio	4
felix	4
italianos	4
saquen	4
obsesión	4
sasha	4
entregó	4
acerque	4
mírala	4
calendario	4
ayudan	4
llevaban	4
deprimido	4
robots	4
rudo	4
partidos	4
cuidadoso	4
ayudarles	4
necesitábamos	4
arreglos	4
supervisor	4
austin	4
zapatillas	4
experiencias	4
sobrevivido	4
fijo	4
servidor	4
solían	4
estimado	4
bases	4
mónica	4
cristianos	4
propongo	4
bendito	4
get	4
caerá	4
marilyn	4
altar	4
disfruten	4
luchador	4
cierren	4
alboroto	4
extrañé	4
formal	4
hermandad	4
rompiendo	4
facebook	4
arriesgar	4
vestíbulo	4
cobardes	4
racista	4
cuadra	4
explique	4
significar	4
rio	4
claus	4
láser	4
alienígenas	4
tribal	4
dedicado	4
rudy	4
habitantes	4
divino	4
campbell	4
tomaba	4
conseguirás	4
pobreza	4
ebrio	4
griffin	4
ambición	4
visitantes	4
sirvo	4
tenés	4
enseñarme	4
rival	4
tarda	4
marcho	4
violet	4
comisionado	4
christina	4
out	4
terminan	4
captura	4
parad	4
persecución	4
específicamente	4
aparezca	4
agradecimiento	4
acercando	4
tomarte	4
usaré	4
debieron	4
bici	4
bush	4
frágil	4
pensará	4
regresamos	4
mejora	4
qu	4
tinta	4
nieta	4
silver	4
inventado	4
dejaras	4
cuchillos	4
ruptura	4
preocupan	4
debéis	4
viaja	4
cepillo	4
velada	4
propina	4
escribes	4
activa	4
toqué	4
cathy	4
levantarme	4
tiré	4
caravana	4
callate	4
sherlock	4
gustaban	4
wes	4
meto	4
traseros	4
atracción	4
noté	4
revisé	4
atrae	4
grabando	4
reportero	4
explorar	4
perfección	4
consentimiento	4
tiburones	4
denny	4
acepte	4
agradecerte	4
chad	4
yoon	4
gil	4
postura	4
concreto	4
desnudos	4
gastado	4
apertura	4
hurra	4
enterprise	4
trates	4
ahorrar	4
divertirnos	4
autorizado	4
decida	4
regular	4
homosexual	4
mutuamente	4
ruidos	4
film	4
bate	4
suenas	4
bennett	4
lunar	4
delta	4
pongamos	4
erik	4
cógelo	4
vestir	4
venas	4
evaluación	4
reservas	4
opiniones	4
pagamos	4
reagan	4
edgar	4
capturar	4
espadas	4
marino	4
singh	4
lejano	4
altamente	4
solías	4
ocuparme	4
creerá	4
vulgar	4
oímos	4
estafa	4
describir	4
escopeta	4
orquesta	4
sentiste	4
sabias	4
llámeme	4
volvimos	4
cassie	4
cool	4
like	4
lester	4
hábito	4
perdono	4
integridad	4
melanie	4
orinar	4
rodar	4
décadas	4
cardenal	4
sospecho	4
amarilla	4
reese	4
entretenimiento	4
arizona	4
escriba	4
dwight	4
hembra	4
f	4
pruebe	4
k	4
restaurantes	4
primaria	4
convención	4
debían	4
cago	4
tiras	4
firmes	4
ignorar	4
seguidores	4
falleció	4
quemó	4
bésame	4
corrió	4
picante	4
déjale	4
destruyó	4
marc	4
permitió	4
cambiarme	4
árabe	4
voló	4
stewart	4
contrabando	4
boxeo	4
pintor	4
ejercito	4
conocieron	4
delantera	4
yoga	4
time	4
forman	4
disfrute	4
reggie	4
mulder	4
hope	4
chi	4
ríen	4
vicky	4
campanas	4
dijeras	4
fallar	4
intentaron	4
raíz	4
sheldon	4
marea	4
buzón	4
monroe	4
pareciera	4
hicieran	4
eliminado	4
rechazado	4
turistas	4
inútiles	4
facturas	4
cortos	4
visiones	4
habernos	4
lena	4
comparado	4
ponme	4
matarle	4
lesiones	4
desear	4
cerebros	4
ra	4
jorge	4
indican	4
tuviese	4
oyen	4
desaparecieron	4
hermanita	4
estallar	4
paró	4
know	4
ejercicios	4
flynn	4
extras	4
temes	4
bromeo	4
atraer	4
mear	4
anunciar	4
tae	4
eléctrico	4
sujetos	4
litros	4
judía	4
dawn	4
pensábamos	4
cañones	4
golpeando	4
acoso	4
explicarte	4
placas	4
remoto	4
asesinaron	4
voluntarios	4
conectar	4
enojar	4
cuelga	4
cuernos	4
nietos	4
gallo	4
mojado	4
obtiene	4
monica	4
aprendió	4
hubieses	4
moore	4
reid	4
entrenado	4
cuidaré	4
escucharon	4
reynolds	4
convertirte	4
naciste	4
escudos	4
cerradas	4
palos	4
vínculo	4
básico	4
kay	4
arrestaron	4
limpias	4
municiones	4
evolución	4
olviden	4
convincente	4
pelotón	4
comprometida	4
suene	4
debíamos	4
agarró	4
irlandés	4
sudor	4
conociera	4
desesperación	4
muchachas	4
huye	4
nucleares	4
hada	4
marcharme	4
convertí	4
haríamos	4
similares	4
comienzan	4
concierne	4
valga	4
eché	4
mito	4
claras	4
duró	4
rencor	4
persigue	4
trágico	4
brandy	4
desgraciadamente	4
violó	4
practicando	4
volverse	4
road	4
wells	4
escucharte	4
discúlpenme	4
poirot	4
generador	4
aguanto	4
amelia	4
riñón	4
navaja	4
dedica	4
muñeco	4
matty	4
usaron	4
by	4
delincuentes	4
oscuros	4
niles	4
cliff	4
ocultando	4
hara	4
comerciales	4
polly	4
descubrimos	4
saint	4
cometiendo	4
protesta	4
hudson	4
llevarán	4
ruina	4
mátalo	4
involucrada	4
gratitud	4
andan	4
oraciones	4
círculos	4
decidiste	4
plaga	4
sobredosis	4
uses	4
corazon	4
revólver	4
andre	4
independencia	4
exceso	4
conexiones	4
barras	4
santuario	4
estrado	4
insisto	4
sirena	4
are	4
héctor	4
áreas	4
frito	4
absoluta	4
convertirá	4
barrera	4
estándar	4
cargando	4
públicas	4
primos	4
perseguir	4
favores	4
cuan	4
lizzie	4
interesados	4
mierdas	4
supremo	4
matara	4
lavandería	4
une	4
ohio	4
llamados	4
farsa	4
automático	4
terminal	4
kira	4
moriremos	4
val	4
erin	4
protegerme	4
químicos	4
oyendo	4
técnicas	4
adulta	4
venían	4
empiecen	4
permites	4
ocupar	4
tijeras	4
senos	4
calibre	4
dominio	4
instrumentos	4
demostración	4
rompecabezas	4
asustaste	4
separación	4
sostener	4
esperma	4
porter	4
dados	4
bién	4
firmó	4
alias	4
atento	4
inesperado	4
indicado	4
unidas	4
movido	4
lanzó	4
rápidos	4
toallas	4
carnicero	4
hunt	4
colgando	4
positiva	4
ari	4
triunfo	4
vendí	4
ballena	4
cállense	4
corrupción	4
q	4
cayeron	4
regreses	4
regresemos	4
uds	4
moriría	4
cheryl	4
extraterrestre	4
terremoto	4
salvé	4
habré	4
aparcamiento	4
frutas	4
resumen	4
llevarás	4
ricardo	4
chiflado	4
planea	4
ahorros	4
omar	4
tuvieran	4
nolan	4
explotó	4
flotando	4
andaba	4
demente	4
automóvil	4
acostumbrada	4
bellas	4
doler	4
jonas	4
contenedor	4
saldrás	4
ondas	4
barril	4
adopción	4
instintos	4
patadas	4
acostarte	4
satisfacción	4
moscas	4
sirvió	4
huésped	4
existía	4
have	4
asia	4
inmortal	4
comeré	4
cambiaste	4
abro	4
varón	4
cooperación	4
resiste	4
músicos	4
patear	4
sácame	4
grayson	4
cueste	4
combatir	4
accidentalmente	4
ponerla	4
insoportable	4
tour	4
contaba	4
hoteles	4
guardo	4
iniciativa	4
denme	4
avergonzada	4
cambiarlo	4
comunistas	4
decidieron	4
mejorando	4
regimiento	4
avísame	4
orfanato	4
enseñando	4
contratos	4
beba	4
vistas	4
dixon	4
anual	4
declarado	4
encubierto	4
aborto	4
paquetes	4
sospechosa	4
dámela	4
diseñado	4
solitaria	4
prepare	4
salvarla	4
facil	4
atraparon	4
venda	4
dj	4
cacería	4
e-mail	4
penas	4
británica	4
selección	4
honestidad	4
culto	4
joyce	4
telefono	4
dormiste	4
amabilidad	4
entendió	4
notar	4
inestable	4
manga	4
mademoiselle	4
lava	4
delicada	4
cambias	4
generales	4
bay	4
jugaba	4
molestaría	4
mandy	4
congelado	4
nocturna	4
marines	4
estuviéramos	4
einstein	4
ruinas	4
madrugada	4
mostrado	4
bichos	4
sácalo	4
boris	4
celebrando	4
residentes	4
suponer	4
unico	4
conseguirá	4
ordena	4
vivirá	4
champagne	4
derrotar	4
cavar	4
sólido	4
mariposa	4
provocar	4
salvarlo	4
asquerosa	4
sorprendería	4
recomiendo	4
mantendré	4
provisiones	4
parecerá	4
batallas	4
temblando	4
dragones	4
but	4
ferrocarril	4
súbete	4
leíste	4
agradecerle	4
woody	4
asustar	4
mantengo	4
querrán	4
trofeo	4
espeluznante	4
crecen	4
prácticas	4
bares	4
stevens	4
causando	4
sonia	4
echarme	4
cifras	4
enséñame	4
polonia	4
cachorro	4
aumenta	4
fractura	4
revisado	4
roberts	4
guante	4
muros	4
fu	4
uniformes	4
confiado	4
recordarlo	4
rotos	4
leyó	4
mostrando	4
acompañarme	4
toquen	4
acordado	4
apuro	4
pañales	4
sonando	4
comiste	4
presos	4
otto	4
tomada	4
mínima	4
contárselo	4
incluido	4
rindo	4
enseñé	4
opuesto	4
parecería	4
necesitaría	4
catalina	4
pito	4
follar	4
hamilton	4
sesenta	4
balcón	4
jefferson	4
camilla	4
bauer	4
sirva	4
llueve	4
paloma	4
irlanda	4
ático	4
homicida	4
dañado	4
preparen	4
cálculos	4
sinvergüenza	4
rusty	4
hablábamos	4
calvin	4
trozos	4
granada	4
filas	4
baúl	4
inventar	4
impide	4
not	4
llover	4
falló	4
tanner	4
cody	4
sirviente	4
rechazar	4
funciones	4
june	4
ocurren	4
instalación	4
llegaría	4
verificar	4
abuelos	4
bruto	4
teorías	4
separar	4
crío	4
publicar	4
afectado	4
alcanzado	4
estabais	4
vivian	4
tatuajes	4
clásica	4
prestar	4
consiguen	4
deténganse	4
acondicionado	4
verduras	4
digital	4
dirigen	4
archer	4
imperial	4
comprobarlo	4
emboscada	4
finanzas	4
recta	4
enviamos	4
disponibles	4
agradecería	4
llévalo	4
soga	4
mudo	4
apodo	4
intelectual	4
stephanie	4
courtney	4
paisaje	4
surgió	4
excepcional	4
brennan	4
fletcher	4
pub	4
dirijo	4
lesión	4
marvin	4
empujar	4
acabemos	4
fuma	4
suicidarse	4
regina	4
novias	4
matones	4
redes	4
encendida	4
mátame	4
entorno	4
expectativas	4
hablabas	4
burt	4
cambiaría	4
conseguirte	4
explicarle	4
theo	4
bastón	4
explico	4
canales	4
armar	4
preparación	4
carlo	4
garcía	4
neumáticos	4
pedirme	4
alá	4
participación	4
atacando	4
vientos	4
usada	4
hablara	4
verga	4
estudiado	4
llamara	4
cha	4
cd	4
avanzando	4
botes	4
encerrada	4
ayudaste	4
escondida	4
gordos	4
salidas	4
leones	4
garras	4
pleno	4
lamentable	4
perfectos	4
acompaña	4
promoción	4
televisor	4
masacre	4
moveos	4
llegaba	4
jet	4
desperdicio	4
queen	4
detendrá	4
quedarán	4
importará	4
margarita	4
chau	4
devuelve	4
peluca	4
inspección	4
cansados	4
cosquillas	4
factor	4
recientes	4
trece	4
violín	4
navegar	4
picnic	4
beckett	4
incómoda	4
patrones	4
examinar	4
lazos	4
mrs	4
chantaje	4
alquilar	4
durmió	4
artie	4
enseñe	4
humanas	4
negativa	4
talentos	4
cory	4
futura	4
melodía	4
entierro	4
sentirá	4
permitirá	4
reza	4
cambiamos	4
carajos	4
an	4
fijado	4
urgencia	4
milla	4
plomo	4
deb	4
destruye	4
únicamente	4
bufete	4
detroit	4
aparta	4
evelyn	4
conrad	4
creería	4
localización	4
hogares	4
klaus	4
casaste	4
envuelto	4
dexter	4
dinamita	4
avanza	4
porfavor	4
madura	4
constitución	4
cuñada	4
disparaste	4
sabés	4
arturo	4
convenció	4
hee	4
tronco	4
there	4
empezaré	4
aplicación	4
todopoderoso	4
gray	4
monja	4
encontrada	4
campesinos	4
herramienta	4
lake	4
zoológico	4
kane	4
insistió	4
creador	4
monje	4
convierta	4
spock	4
pertenecía	4
presentarme	4
perdería	4
cagar	4
ganará	4
burns	4
roman	4
logra	4
controles	4
parlamento	4
clavo	4
utilizó	4
alumno	4
informante	4
perderé	4
ponle	4
down	4
túneles	4
furiosa	4
ivan	4
xena	4
apunto	4
esperándote	4
artificial	4
cortas	4
abandona	4
cuidados	4
hills	4
terrorismo	4
arrancar	4
carolina	4
elegiste	4
misiones	4
masculino	4
crack	4
soporte	4
pólvora	4
perderás	4
documental	4
lazo	4
jae	4
mortales	4
nicholas	4
tocan	4
corrí	4
hallamos	4
gol	4
dificultad	4
institución	4
lemon	4
intimidad	4
hacerlos	4
rescatar	4
podrias	4
recuerdes	4
mascotas	4
just	4
avanzada	4
incorrecto	4
invertir	4
costar	4
morfina	4
creencias	4
banquete	4
llamarle	4
pearl	4
hastings	4
enfoque	4
enamoré	4
spike	4
joya	4
gancho	4
escribiré	4
causas	4
gallinas	4
pretendía	4
deseado	4
descubrieron	4
sugiriendo	4
perdonado	4
intervención	4
brady	4
conquistar	4
valía	4
billones	4
colorado	4
post	4
east	4
capilla	4
ofreciendo	4
espléndido	4
lucky	4
reflejo	4
suavemente	4
avanzado	4
deberíais	4
creyendo	4
reciben	4
subo	4
manuel	4
duerma	4
contador	4
sexualmente	4
necesitaban	4
carruaje	4
terminando	4
lote	4
champaña	4
palomitas	4
registrar	4
quedate	4
detenerlos	4
agresivo	4
grites	4
mariscal	4
gavin	4
brick	4
zumo	4
velo	4
invité	4
virtud	4
chandler	4
afortunados	4
nueces	4
soda	4
bájate	4
matón	4
continente	4
congresista	4
financiero	4
brody	4
pretendo	4
colocado	4
mantenerla	4
eco	4
oriental	4
llevarlos	4
valiosa	4
quito	4
ernie	4
pelicula	4
karma	4
descuida	4
probabilidad	4
fraternidad	4
dirigido	4
expedición	4
bestias	4
encargarme	4
comprueba	4
explicaciones	4
tumbas	4
industrial	4
agnes	4
amos	4
estupido	4
napoleón	4
dudar	4
cómico	4
limpios	4
unirte	4
chicle	4
tocino	4
respetable	4
brett	4
encontrarlos	4
federación	4
obliga	4
miento	4
descarga	4
corren	4
wang	4
encontrara	4
leña	4
bond	4
sylvia	4
abraham	4
religiosa	4
perderá	4
ilusiones	4
saldría	4
analizar	4
perdidas	4
chelsea	4
conocimientos	4
estreno	4
manteniendo	4
cosita	4
peste	4
podia	4
software	4
pasajero	4
frenos	4
experimentar	4
perderemos	4
paja	4
caballería	4
aquél	4
arruinaste	4
herr	4
cortina	4
queramos	4
puñetazo	4
habiendo	4
rodney	4
odiar	4
hugh	4
hostia	4
termines	4
frasier	4
confirma	4
psicología	4
finch	4
schmidt	4
delgada	4
honestos	4
prepararé	4
tomarse	4
calzoncillos	4
despidieron	4
sidney	4
definición	4
anton	4
cocinando	4
difunto	4
fugitivo	4
violenta	4
cerrando	4
cicatrices	4
donovan	4
excelentes	4
danielle	4
enfrentarse	4
conejos	4
preciosas	4
eramos	4
grecia	4
asegurado	4
actúas	4
artillería	4
panel	4
desarrollar	4
asesor	4
séptimo	4
bando	4
declaro	4
south	4
resfriado	4
devuelto	4
tablero	4
bradley	4
abandonada	4
archie	4
turnos	4
sesos	4
movernos	4
viena	4
quitaron	4
confíe	4
atraparlo	4
sombreros	4
oxford	4
relajarte	4
michel	4
nobles	4
ética	4
apoya	4
munición	4
táctica	4
perderlo	4
atacan	4
recordaba	4
admite	4
comas	4
millonario	4
sobrevivientes	4
éso	4
frio	4
involucrados	4
fumo	4
establecido	4
aprieta	4
destruida	4
payasos	4
amenazando	4
bandidos	4
whoo	4
estupideces	4
cruza	4
llámalo	4
sofía	4
provecho	4
trataron	4
envían	4
day	4
perras	4
botín	4
rechazo	4
entenderá	4
donante	4
avisado	4
exhibición	4
consiguieron	4
candidatos	4
maravillosos	4
vitales	4
genética	4
venecia	4
ram	4
muestre	4
paranoico	4
lynn	4
diciéndome	4
silencioso	4
casaré	4
sucias	4
hierbas	4
ash	4
empezaba	4
insignificante	4
wally	4
consecuencia	4
marchado	4
suspira	4
doncella	4
conocernos	4
aspectos	4
girl	4
discutimos	4
conserje	4
letal	4
arregló	4
explicarme	4
chang	4
chen	4
hormigas	4
fechas	4
dvd	4
escolta	4
laurel	4
valla	4
mayordomo	4
claude	4
deportivo	4
arquitecto	4
mordió	4
jacques	4
apuntando	4
guardas	4
establo	4
asombrosa	4
gilbert	4
religioso	4
willy	4
latas	4
traerla	4
suministro	4
aislamiento	4
perlas	4
cargamento	4
alrededores	4
entendía	4
cristina	4
saltando	4
pensaban	4
obtuve	4
pondrás	4
corporal	4
realista	4
italiana	4
embarazoso	4
incumbencia	4
monta	4
ofrecerte	4
helados	4
apos	4
cuestiones	4
admirador	4
ayudara	4
montado	4
prudente	4
generosa	4
fenomenal	4
acusa	4
comprarme	4
regresaste	4
barbacoa	4
célula	4
juguemos	4
rodando	4
caigo	4
asustando	4
sabrías	4
celebrarlo	4
decepción	4
representación	4
costumbres	4
pérdidas	4
gotas	4
carbono	4
moverte	4
arde	4
viví	4
demandas	4
rogers	4
semestre	4
javier	4
miramos	4
recibes	4
cristiana	4
hacienda	4
disparan	4
género	4
cat	4
wall	4
refresco	4
interruptor	4
conducía	4
halcón	4
mudarse	4
coloca	4
codo	4
valentía	4
promete	4
pipa	4
sustancia	4
posterior	4
was	4
atrapó	4
envíen	4
brisa	4
maravillosas	4
reparto	4
forenses	4
taberna	4
deshacerme	4
ratones	4
aleluya	4
comunicado	4
seguimiento	4
discreción	4
gritó	4
pulgar	4
comprensión	4
retroceder	4
originales	4
disfraces	4
frasco	4
arreglaremos	4
tequila	4
perdonen	5
bernie	5
pidas	5
decís	5
permítanme	5
deberiamos	5
planear	5
ocúpate	5
es-	5
volved	5
relojes	5
lider	5
convento	5
tráelo	5
regaló	5
coges	5
insulto	5
paces	5
cargada	5
jared	5
kid	5
coña	5
lloviendo	5
vigilante	5
metida	5
cálido	5
pero-	5
abras	5
robada	5
gabinete	5
excursión	5
filete	5
acepté	5
dante	5
rich	5
desconocidos	5
perteneces	5
ésas	5
mecanismo	5
atiende	5
liv	5
invento	5
dorada	5
seguirán	5
exitoso	5
fronteras	5
alterado	5
pulmón	5
ellis	5
frases	5
mostrador	5
precisión	5
z	5
conste	5
laurie	5
camisas	5
bromeaba	5
convierten	5
manicomio	5
freno	5
hondo	5
cynthia	5
america	5
dispares	5
basurero	5
querés	5
mini	5
abriendo	5
pensara	5
separarnos	5
ábrelo	5
retrocedan	5
pertenezco	5
infiel	5
cualidades	5
provoca	5
rodea	5
favoritas	5
mataran	5
resolverlo	5
respeta	5
comprador	5
domicilio	5
reduce	5
obedecer	5
quemaduras	5
levanten	5
antoine	5
juntar	5
arrepiento	5
moverme	5
hyun	5
bóveda	5
gimnasia	5
sirvientes	5
respecta	5
suéltala	5
baxter	5
presentarles	5
conectados	5
trayendo	5
iván	5
levanto	5
doris	5
privados	5
antepasados	5
sacrificios	5
fantasías	5
mantendrá	5
conclusiones	5
confirmación	5
traidores	5
residente	5
joshua	5
gemelas	5
dibujar	5
emocionalmente	5
violar	5
dirigida	5
cangrejo	5
burbuja	5
ignorante	5
sesiones	5
comparación	5
ligeramente	5
now	5
ejecutar	5
ciegas	5
alberto	5
proviene	5
dolió	5
ch00ffff	5
parcial	5
empacar	5
victima	5
sentamos	5
católica	5
creían	5
mocoso	5
semilla	5
ring	5
chatarra	5
hablarlo	5
pascua	5
sadie	5
vé	5
golpearon	5
cómodos	5
aceptaré	5
acercarme	5
juegues	5
bert	5
dicha	5
afirma	5
hostil	5
calvo	5
cintura	5
tomara	5
separamos	5
sincronización	5
barriga	5
disfruto	5
survivor	5
suprema	5
despegar	5
monitor	5
globos	5
mandaré	5
vagón	5
régimen	5
bates	5
ward	5
huracán	5
conferencias	5
cera	5
mirarte	5
protegerla	5
aroma	5
enfrenta	5
curado	5
interpretar	5
paraguas	5
bloqueado	5
misil	5
ensayos	5
peligrosas	5
declaró	5
pasemos	5
buffy	5
irónico	5
busquemos	5
paradero	5
esther	5
rechazó	5
aprobado	5
desesperadamente	5
iros	5
pagaron	5
cocinera	5
felicito	5
agáchate	5
gerald	5
führer	5
robinson	5
renuncio	5
apretado	5
serias	5
escogido	5
acompañante	5
catorce	5
liderazgo	5
atlanta	5
fabulosa	5
devuélveme	5
sensacional	5
ganadores	5
olla	5
cyrus	5
guarde	5
traicionó	5
ocupación	5
hablaban	5
lloras	5
bragas	5
obstáculo	5
inodoro	5
denle	5
terraza	5
eternamente	5
patricia	5
stacy	5
unica	5
estancia	5
confesó	5
molestias	5
desarrollado	5
suelte	5
enfades	5
american	5
éxtasis	5
joon	5
tranquilamente	5
elsa	5
colchón	5
escoge	5
formulario	5
profeta	5
camille	5
world	5
realizado	5
espuma	5
glen	5
huido	5
ramas	5
fija	5
morimos	5
cuarentena	5
informó	5
conocían	5
mostrarles	5
song	5
pala	5
entregas	5
acusada	5
exagerando	5
recorrer	5
acabando	5
interpretación	5
impaciente	5
carreteras	5
mostrarme	5
precaución	5
pastilla	5
peleamos	5
perdon	5
viajado	5
tardaré	5
metieron	5
administrador	5
eleanor	5
susie	5
bum	5
latín	5
fanny	5
cristales	5
francotirador	5
interferir	5
garantizar	5
callada	5
cuchara	5
casero	5
nasa	5
billar	5
desprecio	5
discursos	5
descansando	5
peinado	5
mola	5
juvenil	5
cogiendo	5
masiva	5
derribar	5
anfitrión	5
tutor	5
agujas	5
iniciales	5
fino	5
kilo	5
venus	5
pollos	5
bolos	5
elijo	5
recordaré	5
ingenioso	5
cuaderno	5
coinciden	5
medicamento	5
burton	5
comprarte	5
herman	5
walsh	5
públicos	5
oveja	5
resultar	5
mande	5
máscaras	5
impresionar	5
gases	5
acabé	5
kung	5
trabajadora	5
asado	5
tímida	5
inmediata	5
data	5
oz	5
sátur	5
resaca	5
ángela	5
conocerlos	5
cadera	5
mérito	5
got	5
compañia	5
ventajas	5
santidad	5
cancelado	5
ninja	5
lin	5
seguid	5
deprimente	5
monty	5
blues	5
contamos	5
defensor	5
sentó	5
villano	5
soviética	5
grand	5
fort	5
perdonarme	5
universitario	5
capitan	5
optimista	5
protesto	5
mejorado	5
keller	5
palma	5
experimentado	5
asegúrese	5
reemplazar	5
luchado	5
pegarle	5
basa	5
anteojos	5
yate	5
estropeado	5
cobre	5
superarlo	5
mejilla	5
proceder	5
phoenix	5
cortando	5
unirme	5
martín	5
significaría	5
they	5
creerás	5
pica	5
párate	5
palanca	5
merecido	5
firmas	5
acosté	5
cooperar	5
conteste	5
tramando	5
llegarás	5
esclava	5
enterar	5
jerusalén	5
ando	5
look	5
hazle	5
referencias	5
técnicos	5
atrevido	5
investigadores	5
práctico	5
reciba	5
forzado	5
consideración	5
ganarse	5
cebolla	5
vivían	5
apropiada	5
levantarte	5
experta	5
cogerlo	5
condenados	5
duermas	5
efectivamente	5
limusina	5
ancestros	5
superficial	5
rebelión	5
motocicleta	5
tardado	5
sede	5
abrimos	5
ava	5
póquer	5
mide	5
escuchame	5
pagos	5
exclusiva	5
cría	5
je	5
mudar	5
culos	5
lesbianas	5
mirarlo	5
pusiera	5
està	5
torno	5
denver	5
sacaremos	5
golpeé	5
tentación	5
coman	5
deberás	5
callie	5
judith	5
sermón	5
dramático	5
sutil	5
localizado	5
fanático	5
cuerno	5
franz	5
sillón	5
eduardo	5
libra	5
suecia	5
confiable	5
detén	5
autobuses	5
copiado	5
buscó	5
cantidades	5
estrictamente	5
digitales	5
surf	5
nadia	5
trigo	5
comunicarse	5
precisa	5
acercan	5
recomendación	5
activos	5
siguieron	5
chao	5
timmy	5
tanya	5
detenerte	5
milán	5
trajimos	5
pretendes	5
abres	5
escáner	5
daban	5
joo	5
enseñaron	5
recogiendo	5
nudo	5
ingredientes	5
baltimore	5
mentales	5
disculpan	5
veros	5
asusté	5
félix	5
olvidemos	5
concejal	5
dental	5
potter	5
suspendido	5
suéter	5
entrenando	5
mudarme	5
comprarle	5
dinosaurios	5
dirigía	5
perpetua	5
ofrecí	5
punk	5
molestó	5
cuadras	5
traía	5
ríos	5
alaska	5
mexicano	5
arroyo	5
seríamos	5
novedades	5
abuelita	5
evacuación	5
suero	5
matthews	5
abren	5
ciegos	5
sopla	5
amorosa	5
quemando	5
confiaba	5
tenso	5
ofendido	5
ballenas	5
posada	5
libera	5
fernando	5
pieles	5
tremenda	5
píldora	5
country	5
unió	5
creativo	5
sacrificar	5
escocés	5
casamiento	5
bandido	5
crucial	5
yu	5
filme	5
meten	5
pónganse	5
parados	5
summer	5
dominar	5
infinito	5
culpabilidad	5
escondió	5
carteles	5
marqués	5
escritores	5
gregory	5
astronauta	5
pimienta	5
mandíbula	5
langosta	5
lastima	5
asustes	5
kat	5
notable	5
cultural	5
previamente	5
fideos	5
preparo	5
shelly	5
rupert	5
desaparezca	5
mantenernos	5
sacan	5
relevante	5
musica	5
respetos	5
químico	5
duermen	5
oponente	5
hallado	5
hércules	5
sujeta	5
supongamos	5
decano	5
atrapa	5
at	5
louie	5
relajarse	5
asustados	5
hipócrita	5
déjenlo	5
unida	5
bailarín	5
apretar	5
evita	5
camisetas	5
ancho	5
temen	5
quitas	5
arruinando	5
natal	5
ajo	5
adoran	5
evitando	5
angustia	5
consiste	5
andré	5
fran	5
amé	5
shin	5
definitiva	5
nerviosos	5
amenazado	5
wesley	5
creamos	5
desaparecidos	5
informa	5
relleno	5
pedo	5
documentación	5
zombi	5
decido	5
quiebra	5
good	5
pagarme	5
marcel	5
peg	5
obreros	5
olvidaba	5
avisaré	5
fundamental	5
preparé	5
amen	5
robados	5
hood	5
ponla	5
universal	5
terrestre	5
price	5
reconoció	5
hipoteca	5
rupias	5
jardinero	5
preston	5
lori	5
condón	5
garrett	5
vuelan	5
facilidad	5
pinky	5
clarke	5
rejas	5
subí	5
harina	5
batallón	5
exteriores	5
histórico	5
baba	5
refugiados	5
here	5
agradables	5
pajarito	5
condones	5
chester	5
hábitos	5
prevenir	5
despido	5
padrastro	5
besarte	5
blusa	5
ugh	5
alimenta	5
estudia	5
inmigración	5
maridos	5
vístete	5
jugó	5
enfrentamos	5
disculparte	5
colapso	5
wong	5
pesos	5
cachorros	5
defectos	5
fragmentos	5
pondrán	5
menta	5
gu	5
claros	5
internado	5
ofertas	5
lanzado	5
ganadora	5
japonesa	5
gail	5
aconsejo	5
mencioné	5
ow	5
pagarlo	5
goa	5
cápsula	5
cálmense	5
sherman	5
bombero	5
cumplió	5
aparecerá	5
acelera	5
lorenzo	5
sólida	5
eugene	5
scully	5
arreglando	5
amarte	5
buda	5
obligaciones	5
girando	5
engaña	5
usaremos	5
ginger	5
lodo	5
sospechar	5
aislado	5
exige	5
ivy	5
ally	5
deshazte	5
calmado	5
piérdete	5
estes	5
fitz	5
enseñaste	5
asegura	5
libremente	5
poemas	5
tránsito	5
musulmanes	5
brooks	5
viviente	5
acostaste	5
prometer	5
funcionamiento	5
pais	5
tribus	5
adjunto	5
demora	5
joda	5
trabajaré	5
cortaron	5
seguirme	5
aficionado	5
investigado	5
vuelos	5
filmando	5
desafortunado	5
burla	5
anita	5
cásate	5
invitarte	5
traten	5
echamos	5
cross	5
mueves	5
pésimo	5
kara	5
directores	5
pagarás	5
toc	5
mapas	5
tenerlos	5
hongos	5
mateo	5
gorila	5
facial	5
sushi	5
gabe	5
jeep	5
shannon	5
cambies	5
calabaza	5
autógrafo	5
topo	5
financiera	5
nace	5
springfield	5
if	5
penal	5
noto	5
amabas	5
eliges	5
entregue	5
aceptamos	5
levanté	5
agregar	5
sang	5
nadando	5
atentamente	5
clubes	5
violador	5
suzanne	5
rompieron	5
respaldo	5
jenkins	5
simón	5
besado	5
ofensiva	5
continuará	5
planeas	5
apreciar	5
baterías	5
abigail	5
grabaciones	5
inconveniente	5
olvidamos	5
descubra	5
legítimo	5
calabozo	5
ésos	5
escapando	5
corporación	5
inventé	5
chispa	5
grandeza	5
paramos	5
envenenado	5
satanás	5
suélteme	5
abe	5
escondes	5
cantan	5
salvavidas	5
retorno	5
abeja	5
pulgadas	5
preciosos	5
cargas	5
fallecido	5
programado	5
preocuparnos	5
buzz	5
tacos	5
regresando	5
aliado	5
declara	5
preguntamos	5
mienten	5
marion	5
sirvienta	5
asignado	5
gasolinera	5
nevada	5
tasa	5
eminencia	5
dales	5
helada	5
privadas	5
cogiste	5
plana	5
cortada	5
volado	5
regresas	5
extiende	5
simone	5
movió	5
roberto	5
pijama	5
irías	5
defecto	5
roban	5
corrupto	5
luchamos	5
ausente	5
or	5
sensual	5
millie	5
recupere	5
naval	5
concentrarme	5
encárgate	5
distante	5
corra	5
lecho	5
salid	5
sinceridad	5
conocéis	5
roland	5
lastimarte	5
acontecimientos	5
dc	5
milo	5
expuesto	5
square	5
suaves	5
jinete	5
conozcan	5
traslado	5
camello	5
húmedo	5
besa	5
dedicas	5
dele	5
tesoros	5
extrema	5
profundas	5
usen	5
reúne	5
taco	5
seguiría	5
she	5
tratos	5
cierro	5
expedientes	5
caminata	5
tribunales	5
nacionales	5
presentaré	5
mantienes	5
guardería	5
tormentas	5
agradecemos	5
juliette	5
tubos	5
vengarse	5
individuos	5
ochenta	5
daga	5
estudié	5
tiraste	5
adicción	5
gemela	5
cartero	5
fichas	5
dárselo	5
explosivo	5
árabes	5
labor	5
fina	5
pentágono	5
barb	5
roosevelt	5
guardando	5
ademas	5
natasha	5
matanza	5
consiguiendo	5
cubiertos	5
doscientos	5
fax	5
empujó	5
conmoción	5
reunirnos	5
traficantes	5
déjalos	5
novelas	5
tammy	5
atardecer	5
continuamente	5
provocado	5
jurisdicción	5
humillante	5
lacey	5
sumamente	5
misterios	5
residuos	5
verónica	5
rostros	5
frances	5
besó	5
oposición	5
aleja	5
intruso	5
wu	5
maní	5
gabrielle	5
nikita	5
feas	5
escuchaba	5
masas	5
sendero	5
artefacto	5
cancha	5
moviéndose	5
aparecieron	5
limonada	5
laberinto	5
paracaídas	5
ardilla	5
horizonte	5
menciona	5
kenneth	5
despegue	5
decirse	5
late	5
representar	5
cajero	5
atún	5
inapropiado	5
deseamos	5
pobrecito	5
creíamos	5
explicaría	5
comete	5
explicado	5
tomates	5
river	5
negociaciones	5
haced	5
violada	5
abandono	5
deberán	5
yerno	5
sandwich	5
ingenuo	5
rol	5
coñac	5
fanáticos	5
pretender	5
suenan	5
tardis	5
clinton	5
sugerir	5
armonía	5
satisfacer	5
salmón	5
arreglé	5
arteria	5
despreciable	5
escalar	5
cazando	5
alabado	5
pasarlo	5
cigarros	5
correa	5
contener	5
feroz	5
averiguado	5
provocó	5
mirándome	5
contexto	5
quítame	5
recogió	5
violentos	5
miedos	5
aparición	5
ofrecen	5
haberlos	5
casera	5
racha	5
trent	5
distribución	5
repentino	5
rezo	5
trish	5
bailes	5
humillación	5
hallaron	5
invitarme	5
conduzco	5
ensayar	5
derrotado	5
veterinario	5
faro	5
pornografía	5
yale	5
buscaremos	5
semen	5
creerte	5
contestó	5
chulo	5
aceptable	5
nomás	5
cubriendo	5
reconstruir	5
damien	5
ayuden	5
brien	5
detuvieron	5
mantenlo	5
desgraciados	5
taxista	5
rezando	5
estais	5
tos	5
atentos	5
dondequiera	5
describe	5
jasper	5
insecto	5
jr	5
propaganda	5
let	5
cantaba	5
carros	5
mudamos	5
iluminación	5
vacuna	5
mantenemos	5
deshacer	5
ironía	5
tregua	5
funcionaba	5
stalin	5
subterráneo	5
determinado	5
divertirme	5
complicaciones	5
devuelva	5
soborno	5
valer	5
alba	5
ame	5
mandaron	5
volcán	5
consumo	5
presionar	5
tontas	5
venderlo	5
antídoto	5
ramera	5
burbujas	5
echarte	5
reportes	5
atraco	5
ciervo	5
críticas	5
vieras	5
belle	5
nápoles	5
hulk	5
intervenir	5
generosidad	5
saldrán	5
mimi	5
bendita	5
defenderse	5
mandan	5
tías	5
sabrina	5
viviré	5
apúrense	5
griegos	5
hot	5
agárrate	5
alejarme	5
madam	5
caña	5
rodaje	5
jun	5
sígame	5
pamela	5
frutos	5
rené	5
importó	5
empleada	5
who	5
radical	5
obstante	5
corté	5
papás	5
hector	5
convirtieron	5
comparar	5
júpiter	5
reunirme	5
us	5
nat	5
cemento	5
montaje	5
quité	5
jang	5
espiando	5
pelean	5
tocarme	5
marcharte	5
contraté	5
divierte	5
suposición	5
asegurarte	5
donación	5
formidable	5
elefantes	5
leve	5
conforme	5
estanque	5
celulares	5
clarence	5
françois	5
retiró	5
creencia	5
reunimos	5
acudir	5
amablemente	5
bolígrafo	5
deshacerte	5
encarga	5
hagáis	5
productores	5
valió	5
capas	5
salvando	5
adrenalina	5
gates	5
echemos	5
cuéntanos	5
serviría	5
aléjense	5
respondido	5
hart	5
conciertos	5
publicado	5
extranjera	5
ocuparse	5
paguen	5
alojamiento	5
limpiado	5
traerle	5
luther	5
detenerla	5
forzar	5
inventario	5
sugirió	5
pediría	5
navegación	5
tia	5
okey	5
angelo	5
google	5
panda	5
contable	5
española	5
interrogar	5
ganaron	5
repentinamente	5
genes	5
finge	5
whitney	5
destruyendo	5
eficiente	5
arregle	5
seminario	5
shelby	5
pelirroja	5
happy	5
gibson	5
grandiosa	5
cohetes	5
hughes	5
pantalón	5
lionel	5
celestial	5
gideon	5
mirá	5
sonda	5
secundario	5
ingreso	5
suéltenme	5
maduro	5
apartamentos	5
afrontar	5
esclavitud	5
revisen	5
cesta	5
donnie	5
engañarme	5
muerde	5
ncis	5
pasaportes	5
retira	5
adoptar	5
cuervo	5
fijamente	5
portland	5
art	5
lastimó	5
narcóticos	5
simpática	5
escogió	5
lila	5
clive	5
orientación	5
moon	5
apocalipsis	5
duquesa	5
eun	5
alucinante	5
nombrado	5
paras	5
figuras	5
terminen	5
dom	5
empuje	5
vendes	5
du	5
recurso	5
creyeron	5
ramón	5
adicional	5
delhi	5
zombis	5
turco	5
frijoles	5
internacionales	5
discutirlo	5
cebo	5
exijo	5
pesados	5
caía	5
presentarle	5
life	5
echen	5
dobles	5
peyton	5
músculo	5
mack	5
edith	5
existido	5
harriet	5
trataste	5
apágalo	5
contabilidad	5
ganarme	5
deshacernos	5
redada	5
oportuno	5
jardines	5
vega	5
preguntaron	5
tate	5
ordenadores	5
chile	5
janice	5
aceptan	5
henri	5
caros	5
sophia	5
locuras	5
setenta	5
alf	5
suceden	5
caderas	5
hayes	5
buque	5
nana	5
reconocí	5
suegra	5
apuntar	5
alejarse	5
ceder	5
encerrados	5
pintado	5
crezca	5
hospitalidad	5
henderson	5
atleta	5
arruiné	5
convencerme	5
escritora	5
devon	5
poste	5
bryan	5
acogida	5
mermelada	5
injusticia	5
ficha	5
reno	5
granos	5
tendréis	5
obstáculos	5
golpeaste	5
gobernar	5
peligros	5
intensa	5
lema	5
despejen	5
intentándolo	5
alejada	5
reducido	5
inauguración	5
muda	5
tope	5
terminas	5
móviles	5
dirigiendo	5
pagaste	5
podrido	5
mula	5
necesitáis	5
powell	5
variedad	5
hubiesen	5
llévala	5
azotea	5
cóctel	5
tripas	5
tocarlo	5
díganme	5
regresaremos	5
biología	5
julien	5
galaxias	5
correctas	5
atrapamos	5
pillar	5
lecturas	5
populares	5
luchó	5
luto	5
rafael	5
thor	5
terminaré	5
ayudarás	5
agarre	5
corres	5
reactor	5
kilómetro	5
demostrarlo	5
háganlo	5
dígales	5
gerry	5
comiencen	5
entrará	5
bonos	5
veronica	5
edwards	5
despidió	5
spa	5
centros	5
puños	5
martini	5
holt	5
cuidarte	5
visitante	5
newton	5
enteras	5
patos	5
laboral	5
molestarme	5
apestoso	5
agradecidos	5
acera	5
hombrecito	5
potente	5
bombardeo	5
gritaba	5
borrado	5
enterarse	5
becca	5
irrelevante	5
pakistán	5
guarida	5
acompañar	5
tendencia	5
vacíos	5
pasarán	5
católico	5
comenzará	5
descifrar	5
brazalete	5
profecía	5
paseando	5
briggs	5
intentaremos	5
protegerlo	5
insensible	5
pruébalo	5
obligados	5
seguirás	5
consigas	5
extensión	5
niñez	5
voluntariamente	5
parrilla	5
marineros	5
benson	5
jura	5
pegamento	5
supieran	5
cuestan	5
georgie	5
anochecer	5
ronald	5
volverme	5
porcentaje	5
stu	5
dañar	5
pálido	5
cuido	5
impuesto	5
lucía	5
veteranos	5
dese	5
justos	5
besarme	5
sensibilidad	5
prefieren	5
diciéndole	5
golfo	5
ty	5
y-	5
mills	5
tiren	5
negociación	5
presionando	5
calmarte	5
prepararme	5
darren	5
disfrutado	5
apresúrate	5
desacuerdo	5
hallé	5
modesto	5
atajo	5
recogido	5
cambiaré	5
flechas	5
rapidez	5
enseñan	5
sucediera	5
fibra	5
granjeros	5
giovanni	5
julieta	5
suciedad	5
peterson	5
abrirlo	5
rendirse	5
stop	5
obama	5
deliberadamente	5
esconderte	5
olvídelo	5
ingenieros	5
relacionados	5
plasma	5
puros	5
demandar	5
llanto	5
tarado	5
necesarios	5
mae	5
suponiendo	5
sustituto	5
ansiosa	5
dejarías	5
soplón	5
jade	5
cohen	5
remolque	5
peleado	5
adelanto	5
pasados	5
envidio	5
relájese	5
presiona	5
reclamar	5
supera	5
importara	5
condujo	5
infantería	5
presentarse	5
nuca	5
ayúdanos	5
aprendiz	5
trueno	5
operativo	5
adán	5
discreto	5
procedimientos	5
típica	5
anónimo	5
enviados	5
molino	5
senor	5
despedirte	5
alcohólico	5
dispárale	5
desaparecen	5
night	5
corrientes	5
hábil	5
sacerdotes	5
borda	5
vendemos	5
suspensión	5
echan	5
sutton	5
laboratorios	5
expulsar	5
médula	5
crawford	5
blando	5
opera	5
librería	5
importas	5
enviaremos	5
bam	5
tiffany	5
patética	5
divertirte	5
gustos	5
podriamos	5
trío	5
violado	5
atrapan	5
hambrientos	5
disculparse	5
recordé	5
finca	5
pagarte	5
únete	5
montana	5
dea	5
rompa	5
amigable	5
nombrar	5
blog	5
asamblea	5
jonah	5
ocupe	5
porche	5
náuseas	5
amuleto	5
simpatía	5
actualidad	5
púrpura	5
bono	5
corría	5
cumbre	5
concuerda	5
comprarlo	5
elija	5
trama	5
calefacción	5
felipe	5
útiles	5
mostaza	5
psiquiátrico	5
retire	5
bridget	5
protegida	5
barbie	5
sosteniendo	5
renunció	5
detengas	5
desperdiciar	5
sostiene	5
reaccionar	5
capitana	5
high	5
aprendes	5
escapé	5
ejecutado	5
besando	5
perderme	5
curiosa	5
imaginarme	5
estadísticas	5
lateral	5
descubrirlo	5
humedad	5
contéstame	5
traigas	5
cerramos	5
intuición	5
off	5
desees	5
erección	5
digna	5
permitirme	5
yoo	5
compran	5
marcador	5
dirigimos	5
rotas	5
aw	5
escúchenme	5
email	5
darías	5
hyung	5
rabino	5
terminada	5
comprometidos	5
infectado	5
avisa	5
macleod	5
deprimida	5
arca	5
reunidos	5
morales	5
comerciante	5
utilidad	5
pasadas	5
exilio	5
cruzó	5
desnudas	5
gold	5
consideran	5
dispararé	5
traemos	5
contarles	5
condenada	5
moría	5
au	5
inaceptable	5
marciales	5
mueran	5
queens	5
riñones	5
enmienda	5
encajar	5
burdel	5
indiana	5
santiago	5
pulsera	5
entrego	5
doblar	5
right	5
greene	5
tapadera	5
variar	5
tango	5
gramos	5
wolf	5
maniobra	5
compensar	5
concedido	5
morder	5
north	5
inminente	5
luca	5
acusados	5
encargue	5
respóndeme	5
russ	5
arbustos	5
raja	5
brillar	5
asumiendo	5
sirviendo	5
ahogó	5
mozo	5
timón	5
apuros	5
argentina	5
po	5
lilly	5
virginidad	5
comamos	5
crueldad	5
onu	5
michigan	5
devuelvo	5
sueña	5
rodeada	5
empezará	5
abriré	5
cocodrilo	5
bebí	5
descuidado	5
phillips	5
signifique	5
letrero	5
trayectoria	5
gala	5
lucir	5
evacuar	5
pescador	5
llevemos	5
pagaría	5
viajero	5
enseñarles	5
subimos	5
cortaré	5
españoles	5
quitarse	5
ladrillos	5
bufanda	5
explota	5
mares	5
psicólogo	5
ladrona	5
limitado	5
huelen	5
empresario	5
dormiré	5
admirable	5
acusar	5
warner	5
corteza	5
siguiera	5
tenedor	5
transmitir	5
sentías	5
online	5
correspondencia	5
valley	5
allanamiento	5
controlarlo	5
sencillamente	5
márchate	5
enterrada	5
brecha	5
regresan	5
fruto	5
comparte	5
vómito	5
enterarme	5
dividir	5
olvidarte	5
ocurriera	5
secuestró	5
esqueleto	5
old	5
separadas	5
difícilmente	5
antigüedad	5
bajé	5
detras	5
see	5
conecta	5
cap	5
montando	5
practica	5
utilizan	5
bebió	5
home	5
joyería	5
tambor	5
protagonista	5
definitivo	5
contarnos	5
maddie	5
obligada	5
montgomery	5
navidades	5
atar	5
esperaría	5
esperaban	5
cereales	5
proposición	5
ventilación	5
pídele	5
palomas	5
destrozar	5
espaciales	5
secuestrador	5
videojuegos	5
deriva	5
luisa	5
campesino	5
comía	5
percy	5
órgano	5
malvados	5
preparó	5
gustara	5
cobertizo	5
buscándote	5
llévatelo	5
reemplazo	5
recordarte	5
ocultas	5
octavo	5
faltar	5
planeo	5
jornada	5
pensándolo	5
parecías	5
seguras	5
dominic	5
air	5
bocado	5
tragar	5
impresionada	5
acelerar	5
inversiones	5
canadiense	5
duelen	5
lunático	5
prohibida	5
surge	5
glorioso	5
irresponsable	5
honores	5
florence	5
supervivientes	5
place	5
funcionaría	5
tirada	5
pedía	5
hale	5
anónima	5
celdas	5
point	5
asia-team	5
nativos	5
prestas	5
ferrari	5
escaparon	5
hormonas	5
salas	5
florencia	5
inofensivo	5
separa	5
ladrillo	5
mentalmente	5
calmar	5
atrevo	5
hayley	5
manager	5
funcionario	5
calme	5
ayudaron	5
shepherd	5
levantes	5
recordado	5
ames	5
meteré	5
hambrienta	5
entrañas	5
secuestrada	5
vinos	5
kramer	5
tomarnos	5
elevado	5
no-	5
veían	5
desesperados	5
traicionar	5
cabreado	5
medir	5
when	5
lavabo	5
microondas	5
salvará	5
íntimo	5
christy	5
detector	5
cesar	5
vicki	5
vendiste	5
cubiertas	5
ta	5
callas	5
huérfanos	5
imprudente	5
ignorancia	5
atrapé	5
gardner	5
moe	5
voluntaria	5
veloz	5
charley	5
pagarán	5
comeremos	5
distinguir	5
saques	5
provincia	5
convertiste	5
gorro	5
moreno	5
buscarle	5
daniels	5
frederick	5
pobrecita	5
rodeados	5
crystal	5
puestas	5
subiré	5
maxwell	5
maquina	5
detectar	5
banana	5
tesis	5
acabaré	5
enojo	5
acelerador	5
entenderás	5
weaver	5
cuidarme	5
quedaras	5
lucifer	5
marissa	5
repuesto	5
holden	5
alucinaciones	5
corredores	5
biológico	5
púdrete	5
neill	5
tablas	5
descubriste	5
organismo	5
afectar	5
acuéstate	5
cuevas	5
servirle	5
abismo	5
equivocadas	5
prostitución	5
nudos	5
perfectas	5
picado	5
miradas	5
ambicioso	5
aparatos	5
escribía	5
dirigió	5
olía	5
confié	5
construyeron	5
camarote	5
determinación	5
isabelle	5
dobla	5
bofetada	5
equivocó	5
elevador	5
persiguen	5
leyendas	5
ejércitos	5
imagine	5
how	5
fumas	5
sueltos	5
eches	5
estafador	5
felizmente	5
recuperarlo	5
noción	5
solteros	5
permitiría	5
corazonada	5
agotada	5
castigar	5
rivales	5
resolución	5
lograron	5
financieros	5
continúen	5
exitosa	5
activado	5
brindemos	5
cordón	5
relajado	5
arrastrado	5
tolerar	5
símbolos	5
aliviar	5
yes	5
visitarme	5
pope	5
racional	5
espionaje	5
sientate	5
electrónica	5
homenaje	5
orgasmo	5
usaría	5
pro	5
culpes	5
infernal	5
apartado	5
tessa	5
intentos	5
banks	5
matrimonios	5
drogadicto	5
temporalmente	5
agarré	5
peluche	5
económica	5
pasillos	5
devolverle	5
supimos	5
encargará	5
espectro	5
sábados	5
record	5
pensarás	5
wheeler	5
dispararme	5
alexis	5
pabellón	5
traido	5
representan	5
et	5
agencias	5
avatar	5
respire	5
mecánica	5
leeré	5
tropa	5
abdomen	5
mencionaste	5
noruega	5
arreglamos	5
zoo	5
tómala	5
comenzaremos	5
banca	5
retrete	5
tazón	5
darcy	5
échale	5
pensarán	5
satisfecha	5
donny	5
beck	5
alfredo	5
intentemos	5
iii	5
clayton	5
activar	5
panqueques	5
marine	5
cuadrado	5
dejaran	5
futuros	5
brent	5
sándwiches	5
hyde	5
díganos	5
proteja	5
transición	5
boxeador	5
revise	5
cuyos	5
secundarios	5
uvas	5
sudando	5
congelador	5
fallé	5
vaughn	5
atentado	5
batido	5
canasta	5
monumento	5
antorcha	5
antena	5
sacarlos	5
colaboración	5
gemma	5
solicito	5
taquilla	5
tenerme	5
seo	5
insignia	5
fábricas	5
conque	5
senté	5
reunió	5
convencida	5
frías	5
asustan	5
mojada	5
seúl	5
leales	5
philippe	5
préstamos	5
callarte	5
alejandro	5
banquero	5
divertidas	5
artístico	5
luchas	5
armstrong	5
dramática	5
roz	5
tyson	5
coser	5
temperamento	5
creerán	5
calzones	5
abrirla	5
dadas	5
andrews	5
emmett	5
vendedores	5
patán	5
patata	5
flaco	5
homosexuales	5
esteroides	5
cuota	5
vendas	5
brendan	5
continúan	5
heidi	5
secuestrar	5
industrias	5
avergüenza	5
arriesgarme	5
ostras	5
procesar	5
perdamos	5
tacones	5
igualdad	5
exista	5
cambiarte	5
obtenido	5
nigel	5
engañaste	5
saliva	5
ofrecieron	5
carnaval	5
mudé	5
cenas	5
churchill	5
ayudaba	5
menciones	5
line	5
rasguño	5
transmisor	5
grandote	5
recibieron	5
dieciséis	5
defendiendo	5
quitaré	5
ingresar	5
empeorar	5
quejarte	5
ideales	5
invertido	5
memorias	5
helicópteros	5
universidades	5
alejarte	5
corro	5
canciller	5
revelación	5
felicity	5
presiones	5
debiera	5
inventando	5
buenísimo	5
quiza	5
clare	5
ire	5
volverte	5
seguidos	5
bajamos	5
mentiría	5
dejémoslo	5
nash	5
bota	5
disturbios	5
divorciado	5
enojes	5
noventa	5
élite	5
pellejo	5
odiaría	5
trastorno	5
explorador	5
produjo	5
che	5
ike	5
admítelo	5
cansé	5
formado	5
desaparecidas	5
démosle	5
confíes	5
detenerse	5
ganaremos	5
mallory	5
estribor	5
operadora	5
puré	5
elegida	5
maureen	5
pezones	5
nixon	5
otis	5
pasarte	5
ejemplar	5
bloquear	5
rodeo	5
contestado	5
cante	5
entraré	5
plantado	5
individual	5
pertenencias	5
fuertemente	5
noroeste	5
biológica	5
subes	5
vegetales	5
tácticas	5
rondas	5
espejos	5
frustrante	5
aplica	5
confieso	5
triángulo	5
funcionarios	5
titular	5
yace	5
catástrofe	5
plantar	5
compartido	5
repetirlo	5
títulos	5
amplio	5
back	5
indias	5
moisés	5
dolly	5
desgraciada	5
cenamos	5
solucionarlo	5
filmación	5
gire	5
hm	5
discutido	5
secuestradores	5
entendería	5
visitando	5
rastreo	5
tambores	5
crudo	5
guardianes	5
cálculo	5
cejas	5
alambre	5
recortes	5
incidentes	5
ayudamos	5
testículos	5
déjenos	5
subtítulo	5
oppa	5
cumpliendo	5
suegro	5
brindar	5
escalofríos	5
quejarse	5
homer	5
dure	5
kai	5
regresaron	5
acompañaré	5
ingenio	5
rindas	5
ordené	5
grúa	5
ganancia	5
lloro	5
manipular	5
llevabas	5
percepción	5
cass	5
comprobando	5
dirían	5
sloan	5
sangrado	5
supervisión	5
decoración	5
enamoró	5
muelles	5
cumpla	5
saltado	5
compuesto	5
maligno	5
dato	5
entenderías	5
acantilado	5
creerías	5
arrojó	5
aria	5
mareado	5
taxis	5
podríais	5
acercándose	5
il	5
celia	5
morena	5
ojala	5
aburrimiento	5
sugieres	5
improbable	5
revela	5
tacto	5
predicador	5
partió	5
presidencial	5
bailamos	5
audio	5
apestas	5
robarle	5
dormimos	5
arañas	5
créditos	5
epidemia	5
carlton	5
moción	5
crió	5
probé	5
imitación	5
solicitar	5
casual	5
aprobar	5
aprecia	5
barca	5
espacios	5
apague	5
vainilla	5
aléjese	5
vil	5
estrecho	5
cruzada	5
banderas	5
escondidos	5
anormal	5
aló	5
parecemos	5
disputa	5
marianne	5
tradiciones	5
manguera	5
way	5
cases	5
pregúntele	5
want	5
pum	5
marche	5
condolencias	5
cifra	5
paco	5
sofisticado	5
eligieron	5
vigilado	5
jedi	5
marchando	5
anos	5
sirenas	5
bebía	5
veterano	5
manifestación	5
devoción	5
espectadores	5
mango	5
atada	5
gasto	5
remota	5
nah	5
mumbai	5
abrirá	5
larguémonos	5
fieles	5
francine	5
honrar	5
extracción	5
desagradables	5
proveedor	5
enteraste	5
conseguirme	5
aceptará	5
características	5
medallas	5
eliminación	5
escaparse	5
morse	5
halló	5
visible	5
warp	5
transformación	5
necesarias	5
simmons	5
himno	5
bon	5
iglesias	5
municipal	5
enviará	5
reírse	5
calentar	5
murciélago	5
ariel	5
dactilares	5
yi	5
atómica	5
aficionados	5
cantas	5
tito	5
recordó	5
expreso	5
quites	5
dani	5
detenidos	5
billie	5
salirse	5
jarra	5
queráis	5
amistoso	5
mordido	5
perla	5
gelatina	5
bromear	5
chismes	5
estrelló	5
corregir	5
hilos	5
asustarme	5
cálida	5
tocamos	5
conociendo	5
exagerado	5
prestarme	5
cagado	5
telefónicas	5
balance	5
respetado	5
ling	5
rutas	5
crearon	5
devolverlo	5
zar	5
descansen	5
usual	5
exponer	5
bailas	5
bah	5
beatles	5
vayámonos	5
sensato	5
circulación	5
conquista	5
extraer	5
encargaremos	5
hoguera	5
gracie	5
monjas	5
arrestada	5
actuó	5
alquilado	5
conocerme	5
molestas	5
tortugas	5
saul	5
celebridad	5
venías	5
kev	5
manchester	5
uy	5
diputado	5
polaco	5
clavos	5
negado	5
casara	5
actuado	5
resuelve	5
complace	5
resonancia	5
proxima	5
socia	5
agradece	5
bin	5
sanders	5
miserables	5
severo	5
ezra	5
cuanta	5
esperó	5
tornado	5
propietarios	5
pizca	5
arreglará	5
empleos	5
concentrado	5
ollie	5
cora	5
obtienes	5
atlántico	5
bancarrota	5
yardas	5
quemada	5
monasterio	5
quisieran	5
stacey	5
abrieron	5
elegantes	5
privilegios	5
habeis	5
monjes	5
marchas	5
válvula	5
casita	5
jugué	5
recogeré	5
lanzando	5
arranque	5
conduces	5
candy	5
oral	5
bancaria	5
nº	5
muevo	5
labial	5
contarlo	5
consigamos	5
hassan	5
recupera	5
predecir	5
secretas	5
abrázame	5
recordarle	5
lloraba	5
mariposas	5
anzuelo	5
devolvió	5
novatos	5
quisiéramos	5
carnet	5
asustarte	5
mindy	5
rebaño	5
w	5
gusten	5
baratos	5
económico	5
mara	5
boo	5
alimentación	5
cook	5
inició	5
críos	5
vivirás	5
yenes	5
pasajes	5
grieta	5
reportera	5
dense	5
besé	5
vip	5
tazas	5
luthor	5
pandillas	5
visitó	5
abrid	5
enviarme	5
agrado	5
ponche	5
movida	5
escoba	5
atravesando	5
recado	5
arrojar	5
planeamos	5
pijamas	5
hipótesis	5
milady	5
guapas	5
tocarla	5
caíste	5
callen	5
respondiendo	5
mudado	5
flora	5
gemelo	5
desmayó	5
apariencias	5
permito	5
porción	5
columbia	5
mantendremos	5
pensemos	5
dedico	5
tostadas	5
reportaje	5
necesitado	5
chófer	5
probemos	5
ofendas	5
protegernos	5
enseñas	5
redención	5
cosmos	5
prisionera	5
perdonaré	5
ramo	5
producido	5
antigüedades	5
amplia	5
precauciones	5
útero	5
palm	5
mayormente	5
bajaré	5
trey	5
matarás	5
mantas	5
sufren	5
necesiten	5
aburridos	5
apelación	5
dewey	5
enviada	5
sobras	5
detenernos	5
comprensible	5
vito	5
pino	5
carrito	5
índice	5
ba	5
musicales	5
estara	5
micro	5
aplastar	5
tires	5
básica	5
audaz	5
mejillas	5
descargar	5
apuñalado	5
horarios	5
animado	5
norteamericano	5
miraré	5
metáfora	5
redonda	5
tensa	5
mantenerlos	5
campeones	5
coronas	5
derrame	5
reporteros	5
espina	5
frontal	5
tramposo	5
ferry	5
apasionado	5
rendimiento	5
frankenstein	5
darryl	5
fallas	5
invitaste	5
salvarnos	5
ajustar	5
cierran	5
escombros	5
tengáis	5
señalar	5
floyd	5
escritos	5
tercio	5
olvidando	5
gritan	5
bi	5
ss	5
pensáis	5
jerome	5
royal	5
ahogado	5
defensas	5
comparten	5
legítima	5
regazo	5
dígamelo	5
preocuparía	5
usados	5
cambien	5
divertidos	5
corras	5
iríamos	5
sacarnos	5
preparativos	5
repita	5
timothy	5
poción	5
atravesó	5
rahul	5
diálogo	5
byron	5
acusando	5
luchan	5
morirse	5
dinozzo	5
cabras	5
amargo	5
dinamarca	5
acercarte	5
críticos	5
joanna	5
aidan	5
seguidas	5
fi	5
enviarle	5
interese	5
cafe	5
motivación	5
zoey	5
verdaderas	5
rap	5
salvarle	5
intenten	5
permanezca	5
vaticano	5
separe	5
arrogancia	5
vencida	5
veías	5
acabada	5
casará	5
presidencia	5
conductores	5
beben	5
curry	5
tarzán	5
ordene	5
cinturones	5
adicta	5
implicado	5
ganso	5
lloré	5
telefónico	5
sobrevive	5
edna	5
molestan	5
argumentos	5
quisieron	5
oía	5
peculiar	5
melinda	5
entusiasmado	5
distraído	5
encargarse	5
exploradores	5
carreta	5
mentor	5
coged	5
ajuste	5
consciencia	5
judas	5
observador	5
aprenderás	5
mediana	5
frost	5
recogerlo	5
vestirme	5
uh-huh	5
bebamos	5
ming	5
recordará	5
explosiones	5
inmigrantes	5
enfermó	5
intentará	5
abrazar	5
abandone	5
entraba	5
medico	5
diseñador	5
expulsada	5
advirtió	5
from	5
encerrar	5
tomarla	5
impulsos	5
aceptaría	5
isabella	5
entrara	5
ataquen	5
encontrados	5
leonardo	5
alérgico	5
bree	5
parecida	5
pilas	5
vales	5
antibióticos	5
pasto	5
cho	5
forzada	5
golpee	5
destruirlo	5
calentamiento	5
lloró	5
holanda	5
ilegalmente	5
vendía	5
tractor	5
sanos	5
thesubfactory	5
ande	5
compensación	5
víbora	5
wanda	5
gallagher	5
inmenso	5
aspirina	5
previo	5
quiten	5
asociados	5
sentaos	5
rompen	5
tubería	5
theresa	5
detuve	5
ordinario	5
exploración	5
sueco	5
prepararse	5
agradas	5
wright	5
informarle	5
turista	5
tendido	5
satán	5
kentucky	5
arquitectura	5
adoraba	5
jurar	5
propuso	5
veinticinco	5
afirmativo	5
geoffrey	5
carpa	5
comportarse	5
mccoy	5
intercambiar	5
twitter	5
rifles	5
perseguido	5
notó	5
preferirías	5
atacada	5
tac	5
superintendente	5
específica	5
empate	5
rompo	5
seguían	5
inspirado	5
seguiste	5
genético	5
mutuo	5
recuperó	5
gonna	5
lima	5
advertido	5
reparación	5
desvío	5
rastreando	5
mezclar	5
vernon	5
milton	5
afeitar	5
conducto	5
alterada	5
karate	5
permanezcan	5
pirámide	5
respondes	5
vivan	5
aseguró	5
morada	5
secos	5
familiarizado	5
tened	5
funeraria	5
usaban	5
esconderme	5
cruzados	5
sung	5
ricas	5
mercurio	5
afectó	5
destrozada	5
movemos	5
acta	5
quedaban	5
busques	5
dieciocho	5
deciros	5
sexta	5
apártense	5
diligencia	5
creíble	5
bronce	5
madeline	5
sugar	5
confirmó	5
katrina	5
gravemente	5
editorial	5
crié	5
registrada	5
humphrey	5
recurrir	5
conducido	5
metan	5
mentirosos	5
harley	5
disfrazado	5
suelten	5
travieso	5
trapo	5
acostó	5
cortés	5
habremos	5
maricas	5
levantas	5
cafés	5
dalton	5
barbilla	5
dire	5
diplomático	5
define	5
empeorando	5
cancela	5
agonía	5
ahorrado	5
caitlin	5
patrullas	5
motos	5
escondí	5
responden	5
hiciese	5
ternera	5
contactado	5
mantenía	5
trajera	5
fritz	5
golpearme	5
pálida	5
huérfano	5
compraron	5
enfrentarme	5
strike	5
peli	5
disparas	5
klingon	5
bridge	5
crueles	5
comporta	5
consultar	5
prototipo	5
bromea	5
conectada	5
peón	5
yuri	5
acampar	5
exigente	5
cuadrados	5
chupa	5
ábrela	5
justificar	5
alegres	5
acabaría	5
madrastra	5
judías	5
autoestima	5
destruirá	5
asustas	5
colby	5
secuestraron	5
lang	5
ganaré	5
psicológico	5
cumplí	5
beethoven	5
preparatoria	5
acercamos	5
programación	5
ayudaremos	5
representantes	5
zeus	5
árbitro	5
interferencia	5
note	5
betsy	5
recetas	5
radiante	5
andrés	5
creek	5
terminarlo	5
idiomas	5
halla	5
bennet	5
decepcionada	5
frescos	5
considere	5
relacionada	5
altitud	5
romperé	5
sacará	5
ponerlos	5
fiar	5
erupción	5
bailo	5
pony	5
puntual	5
sumo	5
brujería	5
vestirse	5
excita	5
impecable	5
actuales	5
merlín	5
sirves	5
casillero	5
presiento	5
bocadillos	5
aurora	5
take	5
voyager	5
pasatiempo	5
opino	5
masajes	5
discusiones	5
levántese	5
echaba	5
absurda	5
estéis	5
póngame	5
rastreador	5
soñaba	5
gen	5
juegue	5
sanguínea	5
robamos	5
realeza	5
muestro	5
hawkins	5
agotador	5
circuitos	5
pedirles	5
sorprendentemente	5
buscabas	5
mexicanos	5
circular	5
pesas	5
destruidos	5
acompañado	5
fríos	5
pasarás	5
pizarra	5
confusa	5
levantada	5
recibirás	5
vitaminas	5
beta	5
asociado	5
apple	5
arrepentirás	5
panza	5
chistoso	5
estrecha	5
chupar	5
neutral	5
volverías	5
gritas	5
ingenua	5
extinción	5
completado	5
pedidos	5
buscarlos	5
prepararte	5
repartir	5
escotilla	5
haria	5
bocadillo	5
viviremos	5
creímos	5
debra	5
vieran	5
trineo	5
foco	5
diseños	5
considerable	5
placeres	5
comunitario	5
circunstancia	5
encendedor	5
esconden	5
recuperarse	5
buscaban	5
permitirnos	5
temblar	5
turcos	5
nochebuena	5
malik	5
catedral	5
grosera	5
atrasado	5
peluquería	5
concha	5
contestas	5
sobrevivirá	5
ibamos	5
higiénico	5
fibras	5
maratón	5
duran	5
frescas	5
juana	5
armando	5
madeleine	5
pauline	5
respondo	5
consultorio	5
relámpago	5
norteamericanos	5
esponja	5
naranjas	5
oswald	5
charlas	5
públicamente	5
ganaba	5
samurai	5
scarlett	5
intensidad	5
profundos	5
mudanza	5
continuemos	5
sangrar	5
encuentros	5
preocupar	5
dieran	5
obsesionada	5
juré	5
alcanzó	5
tinto	5
compartirlo	5
entraremos	5
abel	5
pilar	5
honra	5
de-	5
castigada	5
viola	5
construida	5
expansión	5
reposo	5
créanme	5
revolucionario	5
controlando	5
estima	5
relajarme	5
codicia	5
investiga	5
invitaron	5
mudarte	5
light	5
adecuadamente	5
logros	5
rechaza	5
illinois	5
higgins	5
convicto	5
paulie	5
compromisos	5
maine	5
proponer	5
bong	5
decencia	5
abandonaste	5
rompes	5
trabajaste	5
osito	5
juicios	5
reventar	5
calificaciones	5
sawyer	5
explicó	5
bunny	5
mudarnos	5
praga	5
originalmente	5
acuérdate	5
butch	5
vivíamos	5
cuidará	5
greta	5
julius	5
fragmento	5
gretchen	5
besaste	5
hacerlas	5
conmovedor	5
sobreviviente	5
soviéticos	5
anota	5
creyera	5
florrick	5
quentin	5
barcelona	5
aprendizaje	5
duérmete	5
chocó	5
guapos	5
pinzas	5
histérica	5
descubren	5
addison	5
sebastián	5
chet	5
alférez	5
carnada	5
pegarme	5
emperatriz	5
manténgase	5
bárbaro	5
recogí	5
ocultos	5
renee	5
culturas	5
atraído	5
rush	5
conscientes	5
esfera	5
reuniremos	5
encantados	5
comienzas	5
reparaciones	5
decenas	5
míreme	5
abiertamente	5
hardy	5
educada	5
lyle	5
masculina	5
defensiva	5
profundidades	5
anestesia	5
alcaide	5
mississippi	5
arsenal	5
marcial	5
dude	5
monseñor	5
enfadar	5
barriles	5
francesca	5
machos	5
composición	5
interesaba	5
genios	5
detectado	5
perderla	5
latido	5
necesitemos	5
dilema	5
escucharla	5
bye	5
íntimos	5
ocurriría	5
edie	5
obtuviste	5
acostar	5
colgó	5
lograremos	5
side	5
librarse	5
espiar	5
arruines	5
vagabundos	5
magnus	5
encontre	5
tasha	5
terminara	5
menoyos	5
gustarle	5
controlan	5
alarmas	5
propone	5
talentoso	5
aguante	5
vena	5
revelado	5
paranoia	5
recordando	5
manuscrito	5
dinosaurio	5
yard	5
agresiva	5
omega	5
viajeros	5
flint	5
avances	5
adictos	5
springs	5
yeo	5
victimas	5
aumentando	5
anotar	5
comodidad	5
publico	5
averigüe	5
eje	5
transferido	5
enviarlo	5
conflictos	5
dolorosa	5
aigoo	5
willis	5
murdoch	5
truman	5
pistolero	5
estropear	5
juliet	5
cary	5
dispositivos	5
cm	5
compadre	5
alejados	5
toros	5
enterrados	5
encontrando	5
insistir	5
rompimos	5
legión	5
adivino	5
dwayne	5
solicitado	5
vivienda	5
limitada	5
encargó	5
volador	5
celebramos	5
austria	5
sellado	5
visitado	5
físicos	5
entendimiento	5
nico	5
interrupción	5
represento	5
credibilidad	5
cereal	5
convencerlo	5
despedirse	5
preliminar	5
detonador	5
puntuación	5
víspera	5
explicas	5
peniques	5
divertimos	5
amnesia	5
daros	5
mabel	5
labio	5
alejar	5
lujuria	5
lancha	5
construimos	5
umm	5
ano	5
sensibles	5
vice	5
mezclado	5
escuchará	5
fundador	5
contribución	5
desafíos	5
agricultura	5
terco	5
dimensiones	5
paramédicos	5
romana	5
mozart	5
funcionara	5
recuperando	5
multas	5
luchadores	5
tarifa	5
parroquia	5
sapo	5
reich	5
perderse	5
unen	5
trompeta	5
granadas	5
atrapen	5
asistentes	5
enemiga	5
transportar	5
pararlo	5
americanas	5
culpas	5
dejalo	5
sinclair	5
rod	5
fueses	5
donar	5
patterson	5
sueltes	5
puentes	5
incluir	5
extremos	5
juzgando	5
stanford	5
amaré	5
avisó	5
sherry	5
muéstrale	5
villanos	5
confunde	5
electrónicos	5
rodean	5
cerraron	5
canceló	5
abrazos	5
republicanos	5
actúan	5
recuérdame	5
zanahorias	5
creciente	5
golpeo	5
adoptado	5
shows	5
diviértanse	5
aplicar	5
silas	5
automáticamente	5
guardaba	5
permitirse	5
renunciado	5
cassidy	5
búfalo	5
evitado	5
vistes	5
satélites	5
mandaste	5
vengar	5
horca	5
narrador	5
barrios	5
sunny	5
comerme	5
guardan	5
porsche	5
intacto	5
convencí	5
pierdan	5
pego	5
preservar	5
suben	5
sa	5
occidente	5
traeremos	5
recordad	5
desaparecerá	5
choca	5
malone	5
trance	5
llamemos	5
acordar	5
éxitos	5
casarás	5
armadas	5
col	5
acompañarnos	5
recipiente	5
sergei	5
negación	5
entretenido	5
ganarte	5
adorables	5
tigres	5
silbato	5
sorda	5
miriam	5
admitió	5
plátano	5
sinceros	5
míralos	5
dependiendo	5
pitido	5
instructor	5
deciden	5
irlandeses	5
jude	5
cursi	5
cereza	5
knox	5
confió	5
cometas	5
cogieron	5
liza	5
astronautas	5
inversores	5
prioridades	5
titulares	5
priya	5
pratt	5
ayudame	5
conseguirle	5
esperándome	5
bronx	5
hi	5
ventilador	5
observado	5
pintando	5
ofensivo	5
engañas	5
paolo	5
falsificación	5
olvidarme	5
conserva	5
silenciosa	5
acuesta	5
armamento	5
terminaremos	5
vídeos	5
veréis	5
empujando	5
benton	5
chin	5
destinados	5
chelines	5
guardé	5
butler	5
futbol	5
libreta	5
probaré	5
sanguíneo	5
látigo	5
admisión	5
póker	5
state	5
subtitulado	5
caminaba	5
europea	5
bajes	5
tiran	5
elegimos	5
cariñoso	5
húmeda	5
asuste	5
bloques	5
fluye	5
madrina	5
aproxima	5
fabricar	5
clavado	5
comerte	5
tiende	5
dejare	5
bender	5
invitaciones	5
doctorado	5
pureza	5
pasarle	5
entrante	5
gasta	5
despiertas	5
quitaste	5
jacuzzi	5
perdonas	5
recuperará	5
agudo	5
parecidos	5
longitud	5
pórtate	5
corrido	5
sabroso	5
tómese	5
encerró	5
continuamos	5
tailandia	5
aprieto	5
hablarles	5
oklahoma	5
olvidan	5
aprovecha	5
connecticut	5
eficaz	5
bianca	5
morrison	5
marquesa	5
jeannie	5
carcel	5
rendir	5
operador	5
controlada	5
salte	5
etcétera	5
tuberías	5
grifo	5
arruina	5
pasaban	5
psíquico	5
magos	5
jed	5
grady	5
ayudarán	5
votantes	5
remordimiento	5
sultán	5
anular	5
ventanilla	5
enviarte	5
carpeta	5
hundido	5
colonias	5
planeaba	5
desmayado	5
siniestro	5
trabajaban	5
arrestos	5
traería	5
echaste	5
pagaremos	5
ruega	5
arresten	5
muérete	5
miraste	5
excitado	5
karan	5
quitan	5
opio	5
cabos	5
presenté	5
esperará	5
hidrógeno	5
entrad	5
invitas	5
mei	5
tic	5
shelley	5
hundió	5
requieren	5
team	5
haven	5
significativo	5
telescopio	5
compradores	5
jaque	5
rías	5
alterar	5
frustrado	5
jeanne	5
detenemos	5
valentine	5
amoroso	5
flauta	5
reacciones	5
grabó	5
monton	5
gerard	5
estante	5
milicia	5
trasplante	5
pizzas	5
sentiré	5
anímate	5
bendiciones	5
jamas	5
michele	5
youtube	5
módulo	5
tobillos	5
dora	5
atlantic	5
convencional	5
allan	5
robarme	5
teneis	5
desarmado	5
enseñanza	5
cenando	5
alérgica	5
lindsey	5
mandas	5
contestador	5
estudió	5
rayas	5
quedaos	5
rellenar	5
recoja	5
verdugo	5
gatita	5
comprobé	5
manteca	5
curvas	5
contestes	5
cúpula	5
phyllis	5
veto	5
póliza	5
entregaré	5
josie	5
sentaba	5
retener	5
jubilación	5
mineral	5
woods	5
estare	5
fluido	5
lucen	5
penes	5
herbert	5
estofado	5
capucha	5
maternidad	5
hiciéramos	5
kg	5
zanahoria	5
mirarla	5
olvidará	5
retirarme	5
despertarte	5
ingrid	5
marjorie	5
disney	5
ernest	5
progresos	5
morí	5
apagó	5
resurrección	5
propinas	5
muslos	5
pecadores	5
mckay	5
dormidos	5
hablaría	5
ignora	5
avena	5
tocaste	5
gobiernos	5
cabellos	5
confían	5
poderosas	5
etiquetas	5
significó	5
nerd	5
gata	5
congelada	5
popa	5
tienden	5
salio	5
enamorarse	5
ahogando	5
about	5
arrancó	5
arriesgarse	5
lars	5
ruidoso	5
disgustado	5
reforma	5
recreo	5
republicano	5
pagaba	5
nop	5
lópez	5
cerré	5
identificó	5
ganarás	5
arder	5
soporta	5
mantuve	5
vendrían	5
haciéndome	5
heil	5
cayera	5
anomalía	5
cucarachas	5
formularios	5
disfruté	5
caviar	5
abordar	5
chocar	5
casan	5
contármelo	5
buscador	5
casaría	5
celeste	5
importo	5
caminas	5
matemática	5
faith	5
interrogado	5
descenso	5
insistes	5
modernos	5
rituales	5
ocupará	5
brote	5
tributo	5
solicita	5
arterial	5
consejera	5
hágame	5
filtro	5
baek	5
aceptada	5
denunciar	5
ace	5
mcdonald	5
comprendí	5
well	5
maquinaria	5
reglamento	5
cumplo	5
dieras	5
habituales	5
invencible	5
complacer	5
escogí	5
confiamos	5
llamaras	5
masivo	5
hamlet	5
extrañamente	5
hawai	5
diaria	5
sentaré	5
seung	5
lamentamos	5
bikini	5
fidelidad	5
camara	5
gastando	5
apaguen	5
nuera	5
farol	5
colada	5
alcanzo	5
alergia	5
impostor	5
quítese	5
convoy	5
negativos	5
clásicos	5
richards	5
iron	5
equivalente	5
cuéntamelo	5
cuéntale	5
arrestados	5
movía	5
darwin	5
curas	5
firmé	5
atletas	5
arrepentimiento	5
balística	5
querrían	5
brújula	5
jaime	5
creativa	5
acérquense	5
atraviesa	5
calienta	5
contaminación	5
podés	5
olga	5
scout	5
irritante	5
cadillac	5
griega	5
willow	5
alguién	5
fenómenos	5
comieron	5
insultos	5
lenguas	5
permitas	5
mataremos	5
insolente	5
cascos	5
alabama	5
nsa	5
bicicletas	5
yeon	5
cobro	5
musulmán	5
tomarás	5
acontecimiento	5
marcy	5
mostrará	5
lleváis	5
mineros	5
abrigos	5
probamos	5
secta	5
sácala	5
missy	5
gitanos	5
humillado	5
graduado	5
burlando	5
mantengas	5
limpie	5
lorraine	5
neumático	5
buster	5
conduzca	5
diarrea	5
hablarás	5
mon	5
mostré	5
espantosa	5
paraba	5
nacen	5
carolyn	5
acosador	5
sangriento	5
pegué	5
orlando	5
prejuicios	5
permanentemente	5
médicas	5
preguntándome	5
pese	5
roble	5
quinientos	5
marsella	5
fresas	5
marchaos	5
prince	5
completos	5
dormitorios	5
tonelada	5
regularmente	5
delia	5
darían	5
dolerá	5
zumbido	5
mexicana	5
casaron	5
cavando	5
trudy	5
bribón	5
mandando	5
cólera	5
magistrado	5
compañeras	5
oírla	5
reconstrucción	5
vara	5
discoteca	5
fastidio	5
him	5
toronto	5
sellos	5
apoyado	5
episodios	5
averiguaremos	5
consígueme	5
bryce	5
lavadora	5
sudar	5
recibos	5
teal	5
aprenda	5
barrett	5
proyección	5
fresa	5
lidiando	5
trabajes	5
atropellado	5
adivinen	5
morton	5
hum	5
mendigo	5
sálvame	5
preste	5
turquía	5
defiende	5
reinas	5
abu	5
inmensa	5
nuez	5
vance	5
penique	5
sugieren	5
hirió	5
besamos	5
dedicada	5
confidencialidad	5
sáquenlo	5
notaste	5
fosa	5
news	5
ecuación	5
acuestas	5
nostalgia	5
resistente	5
imaginarlo	5
tráela	5
webster	5
apropiadamente	5
vagos	5
diecisiete	5
uld	5
experimentando	5
tomás	5
natación	5
departamentos	5
incumbe	5
gong	5
fabricante	5
hip	5
ozzy	5
amores	5
peludo	5
sintiera	5
cuestionar	5
elegidos	5
ding	5
décimo	5
recuperarla	5
adicionales	5
estricta	5
depósitos	5
oi	5
cuadrante	5
hala	5
leah	5
cierras	5
habértelo	5
ocuparemos	5
wagner	5
criados	5
centímetro	5
organizaciones	5
bundy	5
richmond	5
aprisa	5
viajan	5
carpintero	5
delfines	5
stanton	5
coreano	5
parques	5
estricto	5
ligas	5
revisamos	5
asma	5
molestarlo	5
encubierta	5
duchas	5
cartón	5
rima	5
dog	5
pañal	5
tortilla	5
modus	5
llévenselo	5
cenicienta	5
ligar	5
sexualidad	5
tocarte	5
tirarlo	5
cuénteme	5
merced	5
merecemos	5
arre	5
jode	5
giles	5
escóndete	5
anticuado	5
rossi	5
entrenados	5
stewie	5
insinuando	5
dev	5
cruces	5
continuó	5
trasladado	5
camarones	5
descartar	5
men	5
complicadas	5
manténganse	5
léelo	5
almacenes	5
impotente	5
sudáfrica	5
imbecil	5
cometiste	5
ranas	5
planeó	5
obvia	5
costas	5
callejero	5
jueza	5
colleen	5
tiraron	5
llamarás	5
quedemos	5
conocíamos	5
repasar	5
recojo	5
imaginando	5
celebridades	5
sacos	5
hacker	5
blaine	5
pasarla	5
axl	5
despiadado	5
delantero	5
compórtate	5
construí	5
instrucción	5
logras	5
agitado	5
vinnie	5
brujo	5
veíamos	5
nobleza	5
ethel	5
demostró	5
apestan	5
lanzas	5
coca-cola	5
carly	5
metálico	5
meternos	5
relato	5
ríndete	5
emocionados	5
guardaré	5
arrastrar	5
enserio	5
universitaria	5
ingles	5
intacta	5
comerse	5
sujetador	5
bull	5
bea	5
pidiera	5
carnicería	5
retorcido	5
ejecutivos	5
nalgas	5
incorrecta	5
inés	5
usará	5
vocación	5
papito	5
lawson	5
estresante	5
ajustado	5
paddy	5
protegeré	5
alce	5
despiertes	5
bones	5
vivieron	5
more	5
venderla	5
libby	5
aposentos	5
gonzalo	5
coral	5
tierna	5
acabarás	5
esquinas	5
escapaste	5
diccionario	5
firmemente	5
mentirle	5
portado	5
vestirte	5
aéreas	5
jamal	5
cebollas	5
aiden	5
protocolos	5
laguna	5
gestapo	5
reveló	5
acerquen	5
moretones	5
apuñaló	5
mandato	5
perkins	5
pégame	5
folleto	5
yeso	5
habitacion	5
africa	5
ministros	5
prestó	5
senadora	5
arrestarlo	5
catálogo	5
sastre	5
abandonaron	5
acabados	5
proyectar	5
ritchie	5
marketing	5
sookie	5
estresado	5
fabrica	5
rodeos	5
instalado	5
empujón	5
compartiendo	5
habérmelo	5
negligencia	5
dáselo	5
steele	5
apostaría	5
compositor	5
conocerás	5
marley	5
atascada	5
aplastado	5
chequeo	5
diabetes	5
establecimiento	5
arruinada	5
generar	5
oprah	5
reportar	5
recepcionista	5
pisar	5
holandés	5
jarod	5
cogen	5
duende	5
dakota	5
renuncié	5
atrevería	5
yates	5
canguro	5
acabaremos	5
eileen	5
apareces	5
rosario	5
interpol	5
lillian	5
hayáis	5
scotland	5
convertiré	5
mutantes	5
sudamérica	5
vanidad	5
trágica	5
vulnerables	5
newman	5
regresara	5
emisión	5
cerebrales	5
anónimos	5
salvamos	5
infiltrado	5
estacionado	5
arriesgando	5
arruine	5
yo-yo	5
liberal	5
semental	5
devolverte	5
encargarte	5
abandoné	5
stein	5
proa	5
saltos	5
fluidos	5
lectores	5
cocinas	5
fíjese	5
aluminio	5
gustaron	5
jeong	5
alpha	5
extrañaré	5
lona	5
horace	5
quebrado	5
cassandra	5
loro	5
creyente	5
inspira	5
reúnen	5
tolerancia	5
negarlo	5
bocas	5
mamada	5
arroja	5
rollos	5
kerry	5
producen	5
escrituras	5
memphis	5
nino	5
edmund	5
agresor	5
sobrenatural	5
ferguson	5
corregido	5
innecesario	5
legendario	5
restaurar	5
balsa	5
gi	5
cofre	5
niegas	5
puntería	5
preferida	5
sing	5
màs	5
macgyver	5
aperitivo	5
destruyeron	5
fijar	5
pelearon	5
acabara	5
accidental	5
conseguiría	5
leía	5
sorprender	5
paternidad	5
enviarán	5
inmune	5
enseñará	5
mutante	5
pegue	5
cambridge	5
seok	5
matarse	5
tacaño	5
presumir	5
indicios	5
drogada	5
reacciona	5
criterio	5
doméstica	5
rangers	5
fritos	5
atenas	5
latidos	5
gin	5
obligar	5
acostumbrados	5
dominante	5
comportas	5
coincidencias	5
poseer	5
parásito	5
motín	5
enanos	5
honorarios	5
olvidaron	5
pisa	5
separaron	5
molesten	5
despertarme	5
say	5
quemados	5
operando	5
contratista	5
perdonará	5
sonrisas	5
pittsburgh	5
paulo	5
matriz	5
paré	5
fascista	5
proteínas	5
decidida	5
estatus	5
chocolates	5
prometedor	5
bastará	5
inquieto	5
langley	5
pesadas	5
jeans	5
pescadores	5
ganarle	5
sospechaba	5
seáis	5
instalar	5
tomarán	5
alonso	5
señas	5
recordatorio	5
harbor	5
déjamelo	5
seguirlo	5
flexible	5
destructor	5
esquí	5
dividido	5
bronceado	5
virtual	5
alien	5
trabajaremos	5
depender	6
bmw	6
molestarla	6
indicada	6
delantal	6
pianista	6
cricket	6
trabajaron	6
quitamos	6
gasté	6
corred	6
pinto	6
choza	6
nell	6
bocina	6
magdalena	6
altavoz	6
católicos	6
confesado	6
jaleo	6
mágicos	6
investigué	6
virgil	6
vírgenes	6
camine	6
acuerdos	6
plancha	6
plegarias	6
colaborar	6
sangrienta	6
obedece	6
micrófonos	6
demas	6
viktor	6
reservada	6
meterlo	6
podrida	6
karin	6
ultimamente	6
perdonad	6
sobria	6
flojo	6
jai	6
ino	6
visitarte	6
renacimiento	6
defenderme	6
salían	6
vistiendo	6
avisarle	6
confiesa	6
norteamérica	6
ayudantes	6
religiosos	6
comparto	6
infame	6
convertiría	6
ternura	6
operandi	6
smart	6
cortan	6
cyril	6
capricho	6
maniobras	6
feos	6
never	6
rendido	6
haciéndose	6
playas	6
conviertes	6
atraparemos	6
textos	6
bloom	6
evaluar	6
inicia	6
admiración	6
construye	6
calmate	6
morado	6
directiva	6
imán	6
iras	6
dadme	6
falls	6
puja	6
trabajen	6
perdiera	6
europeo	6
ratito	6
canela	6
pregunten	6
grite	6
pulgas	6
caldo	6
vicio	6
visa	6
reflejos	6
involucra	6
tratamientos	6
caminamos	6
reuniré	6
bebas	6
ejercer	6
fracturas	6
clienta	6
equivocan	6
vistos	6
iv	6
mismísimo	6
csi	6
saquemos	6
reflexionar	6
fuller	6
asiático	6
empeño	6
independientes	6
golden	6
continuo	6
detienen	6
faltó	6
cultivar	6
paran	6
regalado	6
juró	6
whiskey	6
alfombras	6
lavando	6
acabaste	6
resulte	6
jensen	6
torpedos	6
dependen	6
seno	6
contrataron	6
organizó	6
policiales	6
tenes	6
escalones	6
britney	6
llamarlos	6
relativamente	6
usarlos	6
bacterias	6
jasmine	6
consulado	6
protegerse	6
calorías	6
respondas	6
revisaré	6
mordida	6
dedicación	6
dañada	6
cierres	6
sterling	6
escriben	6
oui	6
matarían	6
her	6
traed	6
presto	6
precedentes	6
organizando	6
parche	6
granjas	6
disculpes	6
quitando	6
elise	6
uf	6
europeos	6
gustarme	6
realizó	6
detendré	6
contaron	6
deeks	6
sentirías	6
histórica	6
tomad	6
creeme	6
cultivo	6
atrapaste	6
tratara	6
estocolmo	6
hembras	6
georges	6
madonna	6
acercas	6
conejito	6
union	6
básicas	6
admiradores	6
robe	6
elegancia	6
celebra	6
cuelgue	6
sonríes	6
bledo	6
karaoke	6
surgido	6
estacionar	6
perezoso	6
cantantes	6
potenciales	6
presten	6
fachada	6
burlas	6
revivir	6
infantiles	6
hawaii	6
arrastró	6
acabes	6
planificación	6
quemaron	6
receso	6
averiguaré	6
querias	6
artefactos	6
pedos	6
traducidos	6
vota	6
coordinación	6
jugaremos	6
registró	6
habria	6
locutor	6
sugerencias	6
nieves	6
bourbon	6
pégale	6
marian	6
casaremos	6
romperá	6
vagando	6
diploma	6
cogemos	6
muévase	6
fiable	6
venís	6
drácula	6
cortaste	6
llámala	6
hechicero	6
bistec	6
receptor	6
regresarás	6
considerada	6
deliciosos	6
recuento	6
matrimonial	6
capataz	6
hubiésemos	6
advertirte	6
murio	6
experimental	6
kgb	6
almohadas	6
apunten	6
hangar	6
elijah	6
cerraduras	6
srita	6
hammer	6
acusó	6
invadir	6
acosando	6
conocieras	6
atadas	6
recibirán	6
dillon	6
ocuparte	6
hágase	6
skinner	6
africano	6
escuchadme	6
atuendo	6
alumna	6
mártir	6
hayden	6
hoffman	6
metales	6
stripper	6
equivocaste	6
peleó	6
alternativas	6
lina	6
advertirle	6
pensarías	6
repentina	6
picasso	6
devolverme	6
inclusive	6
enojados	6
iowa	6
entendiendo	6
odie	6
seréis	6
liu	6
costilla	6
reconocerlo	6
estã	6
ri	6
vinieran	6
ganaría	6
tinieblas	6
cagada	6
lavarme	6
rompan	6
aprueba	6
contactó	6
comerciantes	6
sã	6
tostada	6
atacados	6
amistades	6
refleja	6
tennessee	6
inscripción	6
borg	6
pulpo	6
vegetal	6
caerse	6
comimos	6
protegerá	6
esmoquin	6
aliviado	6
sánchez	6
manning	6
teniamos	6
individuales	6
soviético	6
andrómeda	6
panadería	6
zorras	6
estabilidad	6
amó	6
kirby	6
clasificado	6
enfrentarte	6
despiertos	6
ofrecemos	6
pregúntame	6
nervio	6
bailemos	6
bitácora	6
jarrón	6
convencerla	6
cuidarse	6
exactos	6
paradas	6
intrusos	6
interrogatorios	6
obligaron	6
llévenlo	6
gamma	6
cómete	6
grueso	6
paralizado	6
uña	6
hindú	6
bolsos	6
bajan	6
calcular	6
eddy	6
coop	6
cuidadosa	6
exclusivo	6
stargate	6
hicisteis	6
grises	6
asegúrense	6
creé	6
gladys	6
estufa	6
despejar	6
lastimes	6
mamás	6
bro	6
comunicarme	6
obstrucción	6
blanche	6
pike	6
sully	6
cayo	6
presentan	6
irresistible	6
suburbios	6
brock	6
alejes	6
fry	6
enigma	6
lloran	6
maravillosamente	6
poker	6
claudio	6
colt	6
castro	6
gaby	6
morirme	6
permisos	6
regional	6
físicas	6
levantando	6
severa	6
previa	6
music	6
necesitarán	6
porro	6
alvin	6
constantes	6
metidos	6
master	6
corral	6
cercanas	6
worf	6
cirujanos	6
apuntes	6
charco	6
prue	6
reir	6
jamaica	6
garden	6
fuesen	6
restaurant	6
arrepentido	6
introducir	6
noveno	6
esten	6
kelso	6
skip	6
yankees	6
informal	6
rápidas	6
boletín	6
asignación	6
clic	6
beatrice	6
acompañarte	6
anders	6
heterosexual	6
castor	6
jinetes	6
quã	6
demencia	6
admitido	6
vals	6
recaudación	6
pegas	6
sustancias	6
atropelló	6
boyle	6
traga	6
envejecer	6
logre	6
nazca	6
implacable	6
davey	6
potencialmente	6
nacieron	6
audiciones	6
sake	6
decia	6
inquieta	6
boone	6
nocturnos	6
jody	6
daily	6
masterchef	6
co	6
revancha	6
abrirse	6
alegrará	6
avergonzarse	6
séptima	6
estudiantil	6
crías	6
preparamos	6
auxiliar	6
mentirme	6
violaciones	6
compruebe	6
ebria	6
forastero	6
terminaría	6
chun	6
prohibición	6
corey	6
maníaco	6
entusiasta	6
klein	6
convence	6
servidores	6
reproducción	6
county	6
sabelotodo	6
creerle	6
sergio	6
drive	6
aumentado	6
sacrificado	6
escalofriante	6
uní	6
artística	6
fogata	6
correctos	6
nicolás	6
abundancia	6
equipamiento	6
filo	6
camerino	6
umbral	6
viviera	6
daria	6
transacción	6
molestarle	6
entrevistar	6
piña	6
debilidades	6
espectáculos	6
dinastía	6
identidades	6
solucionado	6
nicki	6
entregarme	6
leas	6
fregadero	6
cimientos	6
despertaste	6
publicó	6
ofensa	6
sobornos	6
volvieras	6
disfrutas	6
cisne	6
superhéroe	6
lorelai	6
estomago	6
avise	6
perritos	6
porta	6
arriesgarnos	6
dejéis	6
escultura	6
viajo	6
triunfar	6
algas	6
rodrigo	6
zombie	6
enfermero	6
vudú	6
chispas	6
tintorería	6
hirviendo	6
esquiar	6
personalidades	6
creada	6
transformar	6
acaben	6
turk	6
arcilla	6
mágicas	6
talones	6
inyecciones	6
grité	6
ciao	6
victorias	6
cuyas	6
pingüino	6
molestaba	6
encaje	6
imaginarte	6
hábleme	6
emitir	6
necesitara	6
pos	6
prosperidad	6
inmortalidad	6
marrones	6
llegaras	6
lara	6
esencialmente	6
comerá	6
presentamos	6
francesas	6
izzy	6
golpeada	6
daos	6
national	6
polar	6
destrozó	6
lagarto	6
frustración	6
demostraré	6
llegaran	6
respetan	6
lamenta	6
engañé	6
telón	6
aspiradora	6
bélgica	6
talentosa	6
mejore	6
concede	6
apareciste	6
emocionales	6
transbordador	6
vacante	6
océanos	6
lastimé	6
apártese	6
tocará	6
inquilinos	6
estaria	6
tropical	6
rampa	6
sloane	6
importado	6
formando	6
hundir	6
pepper	6
fine	6
ampliar	6
prestada	6
cucaracha	6
bruselas	6
fugitivos	6
dejaban	6
guiar	6
fallaste	6
encendidas	6
albergue	6
trimestre	6
distinguido	6
clint	6
imprenta	6
soltó	6
apolo	6
pecador	6
parabrisas	6
hetero	6
manejado	6
torturado	6
preocupéis	6
locamente	6
pepe	6
patriota	6
marioneta	6
utah	6
cuidadosos	6
sanar	6
planean	6
resentimiento	6
permanecen	6
brindo	6
abortar	6
varsovia	6
decepcionante	6
tiger	6
consigan	6
asquerosos	6
acertado	6
molestos	6
existió	6
patinar	6
milímetros	6
caídos	6
momia	6
congelados	6
heno	6
irracional	6
olfato	6
aguda	6
lu	6
visitarnos	6
suspiro	6
ajustes	6
fallando	6
manifiesto	6
cortarle	6
futuras	6
per	6
ocurría	6
rinde	6
emilio	6
aterrorizado	6
compleja	6
said	6
broche	6
cualidad	6
boys	6
príncipes	6
talbot	6
malley	6
haberles	6
cubro	6
carné	6
rasgos	6
entregué	6
turismo	6
aceptaron	6
hechizos	6
atlantis	6
crichton	6
enloqueció	6
marinos	6
preguntárselo	6
atrape	6
morty	6
doe	6
cobb	6
vargas	6
golpean	6
rufus	6
realiza	6
impresiones	6
interminable	6
cargador	6
protestar	6
lockhart	6
puntas	6
farsante	6
componentes	6
averiguó	6
sucesos	6
prepararnos	6
reuniendo	6
chivo	6
adele	6
tartas	6
bailarines	6
enamorarme	6
trabajabas	6
kirsten	6
agarro	6
niegan	6
quítale	6
katy	6
muslo	6
people	6
baronesa	6
encontraras	6
jarabe	6
incompetente	6
aprenden	6
mercados	6
apagón	6
reducción	6
sírvete	6
end	6
temperaturas	6
diamond	6
alcantarilla	6
existiera	6
gitano	6
cuidas	6
síntoma	6
piojos	6
entendieron	6
rocco	6
ensayando	6
atroz	6
estalló	6
cataratas	6
contención	6
drag	6
bailarinas	6
murciélagos	6
contara	6
fantásticos	6
aviación	6
estatuas	6
repartidor	6
preparadas	6
tai	6
gabi	6
gestión	6
donaciones	6
despensa	6
caribe	6
bacon	6
desastres	6
sorbo	6
odiado	6
átomos	6
faraón	6
adaptarse	6
impredecible	6
buey	6
chambers	6
balde	6
cecilia	6
procede	6
echará	6
series	6
traicionaste	6
baratas	6
permanecerá	6
puerco	6
angus	6
orson	6
ada	6
xx	6
sentará	6
estructuras	6
dejarse	6
mirame	6
vení	6
knight	6
imposibles	6
anti	6
servilleta	6
hillary	6
zane	6
panorama	6
gales	6
dais	6
eligen	6
massachusetts	6
village	6
currículum	6
consume	6
ziva	6
astuta	6
kristen	6
hunde	6
gruñidos	6
trofeos	6
estupendamente	6
colocó	6
meditación	6
fitzgerald	6
limpiarlo	6
aduana	6
barton	6
lambert	6
díganle	6
tejidos	6
seymour	6
garantiza	6
decidas	6
enfrentamiento	6
desmond	6
genitales	6
és	6
ejecutiva	6
vertical	6
bagdad	6
sucedería	6
agarren	6
ocupadas	6
freud	6
apurado	6
bloqueando	6
riquezas	6
sufro	6
robadas	6
trek	6
dudes	6
jovenes	6
subieron	6
sedante	6
herb	6
abordo	6
tragado	6
reservar	6
sangra	6
leroy	6
nadine	6
remordimientos	6
contrólate	6
aperitivos	6
obrero	6
yvonne	6
vibraciones	6
costaría	6
jugaste	6
conservador	6
quisimos	6
cansancio	6
lluvias	6
dutch	6
tóxico	6
garantizado	6
cómplices	6
niza	6
maddy	6
cuiden	6
moverlo	6
garage	6
cuídese	6
comediante	6
coach	6
acostumbrarme	6
riéndose	6
peleen	6
seducir	6
divertir	6
llenó	6
traves	6
citación	6
improvisar	6
problemático	6
dirigirse	6
litro	6
trapos	6
aguafiestas	6
drones	6
soja	6
merezca	6
prometieron	6
hobby	6
avenue	6
metemos	6
mascar	6
juerga	6
aterrorizada	6
sudes	6
chapman	6
describió	6
uva	6
mediocre	6
gama	6
medallón	6
acogedor	6
pacífica	6
gestos	6
lárguense	6
equivocación	6
mercenarios	6
ranger	6
soleado	6
marshal	6
poseído	6
sauna	6
agarrado	6
atacante	6
pip	6
aro	6
bailan	6
acercarnos	6
pintó	6
coleman	6
exhausto	6
periodismo	6
establece	6
tratados	6
quítense	6
universitarios	6
manipulación	6
llevaran	6
popularidad	6
déjela	6
mera	6
cherry	6
harlem	6
apretón	6
slater	6
desafiar	6
vendieron	6
pasad	6
levántense	6
cleo	6
anunció	6
hippie	6
prisiones	6
mesías	6
sofia	6
pronunciar	6
cruzamos	6
transferir	6
justifica	6
analista	6
gloriosa	6
gruñón	6
inseguro	6
energia	6
escupir	6
solicitó	6
podáis	6
bienvenidas	6
obtengo	6
indicio	6
spray	6
cogeremos	6
despierten	6
peticiones	6
lagos	6
inferiores	6
indiferente	6
gratuita	6
encienda	6
randolph	6
cocinado	6
cartman	6
arreglaste	6
arrastra	6
parásitos	6
infinita	6
abandones	6
wood	6
expliqué	6
estaca	6
manejas	6
cubos	6
múltiple	6
pietro	6
inmobiliario	6
colectivo	6
despejada	6
agárralo	6
lavarte	6
míranos	6
prestigio	6
cause	6
marchen	6
intriga	6
cambiemos	6
marsh	6
convertirlo	6
dodge	6
mangas	6
arjun	6
babor	6
amarillas	6
primitivo	6
envenenamiento	6
terrenos	6
librado	6
verdades	6
cambiara	6
liberó	6
gustarte	6
acuesto	6
impresiona	6
gino	6
alfonso	6
famosas	6
salvarlos	6
dad	6
recinto	6
mosquitos	6
enganchado	6
bbc	6
jj	6
fleming	6
recuérdalo	6
johan	6
golpeas	6
inspectora	6
reía	6
mentalidad	6
enloquecer	6
palestina	6
ametralladora	6
costos	6
prohíbe	6
chow	6
spence	6
interrumpido	6
tokyo	6
ip	6
flanco	6
amistosa	6
envíame	6
tardó	6
xander	6
albóndigas	6
ca	6
contará	6
explicártelo	6
tiramos	6
noreste	6
serial	6
abdominales	6
pertenecer	6
ernesto	6
wisconsin	6
eliot	6
kyung	6
enormemente	6
rubias	6
devuelves	6
continuaremos	6
acerqué	6
valdrá	6
diriges	6
patrimonio	6
inundación	6
rondando	6
manden	6
comentar	6
destruya	6
redacción	6
encarcelado	6
llamarse	6
recompensas	6
christie	6
fío	6
acerco	6
succión	6
cleopatra	6
pedirá	6
raven	6
destinada	6
pulgada	6
dolido	6
imaginario	6
especias	6
maryland	6
vayáis	6
cairo	6
apostando	6
empire	6
empezara	6
vigile	6
transparente	6
directos	6
iniciado	6
bombay	6
supieron	6
influencias	6
plenamente	6
pesetas	6
express	6
sufra	6
chiquilla	6
incluida	6
consideras	6
telefónicos	6
carroza	6
propones	6
reinado	6
cartuchos	6
búnker	6
muevete	6
espiral	6
respondí	6
malinterpretes	6
soplo	6
ardillas	6
librarme	6
inesperada	6
simulación	6
vinagre	6
contártelo	6
len	6
neumonía	6
ahmed	6
concentrarse	6
cece	6
rompas	6
bird	6
encargar	6
crowley	6
rotación	6
cojan	6
temores	6
aterrizó	6
rió	6
guardó	6
tell	6
desconectado	6
patines	6
grabadora	6
nobel	6
convencerte	6
ingrediente	6
animar	6
invisibles	6
marcó	6
electoral	6
bollos	6
winter	6
cómics	6
afecte	6
temprana	6
islam	6
posesiones	6
chavales	6
impactante	6
castaño	6
merodeando	6
salvatore	6
cambiarse	6
pagues	6
zeke	6
devuelvan	6
perdones	6
cursos	6
conocidas	6
linaje	6
informaré	6
coqueteando	6
extorsión	6
afectada	6
raramente	6
gráfico	6
pérez	6
soluciones	6
aventón	6
informada	6
tibia	6
masters	6
pillas	6
frena	6
jennings	6
arrancado	6
secas	6
observen	6
pretexto	6
paralelo	6
complot	6
pegada	6
resolveremos	6
torcido	6
kitt	6
nómina	6
refrescos	6
porquerías	6
díaz	6
inquilino	6
iraq	6
entiendan	6
mandamos	6
oigas	6
expulsión	6
fusil	6
margot	6
terminarás	6
aprendimos	6
intestino	6
estimulante	6
shiva	6
nova	6
igor	6
enteros	6
invitamos	6
polacos	6
encendió	6
esquema	6
amenazar	6
faz	6
amazonas	6
diviertas	6
totalidad	6
denunció	6
olvidarás	6
tranvía	6
nicola	6
cox	6
negociando	6
garantías	6
maldicion	6
detenida	6
tenerle	6
lastime	6
decker	6
inquietante	6
regalar	6
salvarse	6
tranquilas	6
contrata	6
escondernos	6
encontraran	6
center	6
submarinos	6
acertijo	6
reconfortante	6
recogerme	6
tendras	6
besas	6
psicológica	6
vladimir	6
chanel	6
tirarme	6
sartén	6
sheridan	6
rand	6
echarlo	6
accionistas	6
bromees	6
cash	6
molestará	6
bisturí	6
aguantando	6
shhh	6
transportador	6
costera	6
snow	6
agradecerles	6
insultar	6
e-mails	6
bendecido	6
pipí	6
sucesor	6
brillando	6
verso	6
ángulos	6
demócratas	6
eléctricos	6
portador	6
lunas	6
echaremos	6
verguenza	6
encuesta	6
marcharnos	6
escolares	6
aceptaste	6
empapado	6
asumí	6
culparme	6
bájala	6
eliza	6
básicos	6
dead	6
llenando	6
hetty	6
atraparé	6
engreído	6
meteorito	6
cerillas	6
discutiremos	6
conducción	6
desarrollando	6
postales	6
aburre	6
lamentar	6
unirnos	6
genera	6
escorpión	6
margo	6
champú	6
escucharé	6
zombies	6
transforma	6
muñecos	6
vs	6
hodgins	6
robas	6
hopkins	6
decidme	6
provocando	6
mai	6
enloqueciendo	6
camelot	6
mundiales	6
kiki	6
delegación	6
ansiosos	6
recogerte	6
area	6
consistente	6
mediados	6
cantina	6
acompañará	6
indefenso	6
salada	6
acompañas	6
reverencia	6
razonar	6
descubran	6
round	6
ticket	6
lechuga	6
excesivo	6
hanson	6
egipcios	6
portugal	6
lennox	6
virtudes	6
ancla	6
viajó	6
dote	6
policias	6
borra	6
bertie	6
probó	6
pozos	6
fascistas	6
xavier	6
bulto	6
volamos	6
swat	6
intentara	6
competidores	6
caldera	6
callados	6
costura	6
rosado	6
adquirir	6
sueltas	6
fé	6
introducción	6
rosemary	6
ofende	6
pegaste	6
mustang	6
preparan	6
mármol	6
huyeron	6
temple	6
costoso	6
winchester	6
relajante	6
demócrata	6
averiguaste	6
enfrentado	6
resultará	6
mírale	6
esmeralda	6
formó	6
señuelo	6
huida	6
siberia	6
traerlos	6
pidan	6
llevada	6
perdición	6
zen	6
moralidad	6
decidirá	6
reformatorio	6
corremos	6
sacramento	6
humildad	6
yegua	6
butters	6
compraría	6
tratemos	6
shore	6
supiese	6
lejana	6
pequeñito	6
zanja	6
mayonesa	6
violando	6
concentrarte	6
aburridas	6
psiquiatría	6
ambiciones	6
hijita	6
callaos	6
plástica	6
retrasar	6
crei	6
plateado	6
contienen	6
internas	6
graciosos	6
avergüenzo	6
erais	6
guisantes	6
actualización	6
arrastrando	6
subconsciente	6
comprensivo	6
darrin	6
propuesto	6
cazadora	6
revuelta	6
magnética	6
gotham	6
non	6
especialistas	6
vegetariano	6
programada	6
caluroso	6
compraremos	6
amarillos	6
animación	6
acres	6
castigados	6
externa	6
ganga	6
lámparas	6
bloquea	6
carver	6
tranquilícese	6
consideraba	6
niñito	6
comenzaste	6
compren	6
cuelgues	6
protegen	6
playboy	6
corruptos	6
demostrarle	6
intentaría	6
lucho	6
liberen	6
ascender	6
reclutas	6
cojas	6
encuestas	6
melvin	6
tristemente	6
baseball	6
ping	6
esteban	6
siéntete	6
paseos	6
interesaría	6
meyer	6
extrañaba	6
intestinos	6
investigamos	6
cumplida	6
mareada	6
haciéndole	6
gordito	6
tornillo	6
apreciamos	6
rogar	6
orgía	6
picard	6
mordisco	6
tratará	6
terciopelo	6
apollo	6
orar	6
over	6
actuaba	6
roxy	6
llenado	6
roberta	6
rechazada	6
revolver	6
cordura	6
prefería	6
razas	6
coste	6
elimina	6
cangrejos	6
cógela	6
encantos	6
colisión	6
verles	6
explote	6
babylon	6
firmo	6
mienta	6
abusar	6
floja	6
olvidalo	6
suplente	6
pocilga	6
ocultado	6
siria	6
imprimir	6
salvaron	6
eua	6
terrence	6
venderé	6
cagando	6
aula	6
corporaciones	6
atreven	6
emociona	6
ryder	6
presté	6
espléndida	6
comería	6
feto	6
suspender	6
enfado	6
traernos	6
cortamos	6
copiar	6
robbins	6
wan	6
llore	6
frenar	6
saturno	6
eliminados	6
pedirlo	6
ocasionalmente	6
inmoral	6
soltado	6
financiar	6
sabotaje	6
carril	6
romero	6
borrador	6
maura	6
atrajo	6
colas	6
buscándolo	6
imagínese	6
duela	6
ignorando	6
cuchilla	6
apuntas	6
presentaron	6
clemencia	6
dígaselo	6
enfrentando	6
tómelo	6
comunión	6
engañan	6
exclusivamente	6
rover	6
pillé	6
ocultarlo	6
sonado	6
romperse	6
eclipse	6
race	6
sensei	6
cuidaba	6
restricción	6
vivamos	6
derribado	6
comunismo	6
sicilia	6
olvidarse	6
chips	6
suizo	6
pronóstico	6
funerales	6
ayudaros	6
savage	6
equivoque	6
weston	6
recaudar	6
metía	6
almacenamiento	6
subas	6
llamabas	6
sarcasmo	6
casualmente	6
tragó	6
brevemente	6
leopardo	6
aceptes	6
violaron	6
faldas	6
muscular	6
llevárselo	6
enoja	6
filósofo	6
barbero	6
apostado	6
mccarthy	6
embarque	6
malditamente	6
apoyan	6
lente	6
ramsey	6
herrero	6
alemanas	6
librar	6
vente	6
comenzaré	6
interiores	6
estándares	6
asesinaste	6
invención	6
serte	6
alimentan	6
colmo	6
sordos	6
suicidas	6
cafeína	6
prenda	6
der	6
latino	6
enemigas	6
pulmonar	6
contesto	6
causan	6
descendientes	6
contribuir	6
pésima	6
minnie	6
escogiste	6
tocaré	6
diseñada	6
uranio	6
dinámica	6
antro	6
rae	6
buscaste	6
precipicio	6
town	6
aldeanos	6
where	6
usuario	6
obsequio	6
amarme	6
ayudadme	6
sufría	6
aparente	6
porcelana	6
dándome	6
cruda	6
tomografía	6
quejarme	6
rendición	6
savannah	6
firmada	6
girls	6
make	6
comestibles	6
ziggy	6
obtenga	6
arrojado	6
expuestos	6
descarado	6
fiscales	6
analizando	6
barman	6
depredadores	6
cuidarla	6
sonriente	6
mapache	6
tentador	6
winnie	6
perdonadme	6
embarazadas	6
creatividad	6
llantas	6
gandhi	6
atiendo	6
sabios	6
respondan	6
arbusto	6
moran	6
teta	6
football	6
estéril	6
colombia	6
cava	6
acostando	6
margaritas	6
mu	6
martínez	6
thea	6
presentando	6
encargamos	6
avergonzarte	6
alzheimer	6
hoover	6
distribuidor	6
sujétate	6
invite	6
encerraron	6
captar	6
remo	6
geoff	6
confirmarlo	6
hicks	6
cínico	6
empujado	6
bentley	6
chiquita	6
barnaby	6
frecuentemente	6
aparcado	6
sabores	6
pescando	6
cazas	6
versiones	6
anfitriona	6
participantes	6
logrará	6
informática	6
cuervos	6
íntima	6
firmaré	6
kendall	6
com	6
suspiros	6
pequeñín	6
riendas	6
llamarán	6
yogur	6
minnesota	6
fish	6
abbott	6
cadete	6
zero	6
vocabulario	6
magnético	6
empeora	6
gentes	6
hueca	6
coleccionista	6
impresionantes	6
acusan	6
chiquillo	6
racial	6
jillian	6
denegada	6
prometerme	6
competente	6
honrada	6
thornton	6
laptop	6
aguarde	6
escalón	6
entregarle	6
arrestarme	6
manía	6
calculado	6
enfrentan	6
aspirante	6
abriste	6
moss	6
escribirlo	6
adivinado	6
hirieron	6
edison	6
peters	6
grabada	6
conseguía	6
cascada	6
asteroide	6
condescendiente	6
caine	6
cultivos	6
contagioso	6
babe	6
perdonarte	6
violeta	6
disgustada	6
automática	6
eleva	6
dickie	6
tte	6
pose	6
desapareciera	6
cuidarlo	6
civilizado	6
cónsul	6
arreglas	6
hai	6
descubrimientos	6
perdedora	6
suceso	6
dunn	6
enséñale	6
his	6
diseñar	6
académico	6
estaréis	6
ético	6
atravesado	6
vaciar	6
festín	6
extender	6
equivocamos	6
arrestó	6
sky	6
transmite	6
filetes	6
factores	6
ofrenda	6
podréis	6
atrápenlo	6
adversario	6
allie	6
mamita	6
power	6
luigi	6
lasaña	6
titanic	6
jurados	6
navideño	6
poetas	6
luché	6
vuele	6
maricones	6
pararme	6
muralla	6
espinas	6
ártico	6
reilly	6
convertimos	6
moribundo	6
estirar	6
atraen	6
etapas	6
testarudo	6
lucille	6
hawk	6
lastimaste	6
madurar	6
matadero	6
brighton	6
aleje	6
publicación	6
spanish	6
llevábamos	6
acostumbrarse	6
piénselo	6
prado	6
mentirte	6
escapan	6
usara	6
acéptalo	6
alucinando	6
conducen	6
aubrey	6
recuperamos	6
relajate	6
añade	6
psíquica	6
procura	6
injusta	6
delfín	6
amarga	6
lágrima	6
jengibre	6
buitres	6
prestes	6
automóviles	6
habra	6
funda	6
distancias	6
atencion	6
veníamos	6
reg	6
taladro	6
visitarla	6
contenedores	6
rhonda	6
volaré	6
controlo	6
sucedía	6
meterle	6
domina	6
semáforo	6
tratarme	6
doo	6
ny	6
escritas	6
dell	6
bárbaros	6
acuario	6
acordé	6
why	6
accedió	6
sediento	6
caminan	6
házmelo	6
presentará	6
retos	6
bellos	6
haras	6
pasarse	6
protegidos	6
efectiva	6
superviviente	6
estambul	6
interrumpo	6
syd	6
admites	6
ultra	6
acercaba	6
pará	6
afectando	6
cardiaco	6
think	6
caigan	6
teri	6
eléctricas	6
prestando	6
transformó	6
hablarnos	6
novak	6
singapur	6
accesorios	6
trataremos	6
ocurrieron	6
tendencias	6
hazel	6
animadora	6
traidora	6
parálisis	6
fowler	6
marisa	6
subida	6
reunirte	6
mención	6
cochran	6
destripador	6
besito	6
lynette	6
progresando	6
viajamos	6
obligarme	6
logran	6
yanquis	6
vinci	6
obligues	6
lil	6
mejoras	6
manchado	6
folletos	6
adivine	6
follando	6
restantes	6
pintas	6
rabo	6
hobbs	6
cortarme	6
dirija	6
armarios	6
versos	6
refrescante	6
princeton	6
cumplidos	6
deacon	6
separada	6
seguidme	6
mostraron	6
suicidarme	6
simulacro	6
irving	6
lector	6
pensaras	6
escarabajo	6
dígalo	6
señorito	6
camisón	6
hilda	6
asfixia	6
marx	6
barreras	6
propósitos	6
aprobó	6
amsterdam	6
realizando	6
invasores	6
criticar	6
capitolio	6
silvia	6
hongo	6
depredador	6
reconocería	6
proporcionar	6
comportarte	6
goo	6
permitirlo	6
tradicionales	6
buffalo	6
portavoz	6
salté	6
abandonados	6
socialista	6
merecer	6
tomadas	6
dardos	6
mantengamos	6
confortable	6
retírense	6
recital	6
burlarse	6
espectros	6
odiamos	6
asume	6
bronca	6
leela	6
sobretodo	6
adecuadas	6
animados	6
munich	6
reúna	6
escondía	6
aparcar	6
bombón	6
dolía	6
frecuencias	6
formalidad	6
leen	6
sacaba	6
constance	6
escupe	6
jaguar	6
preliminares	6
blah	6
tortitas	6
faltas	6
darius	6
pirámides	6
plazca	6
desarrolló	6
estrategias	6
golpearte	6
recogida	6
creciste	6
entrenadora	6
pésame	6
perverso	6
cabalgar	6
tirano	6
comprenden	6
jugaré	6
demandante	6
resplandor	6
exquisito	6
dubois	6
dal	6
pooja	6
protegerlos	6
plantación	6
estatura	6
carece	6
teclado	6
columnas	6
dex	6
dre	6
brutalmente	6
lápices	6
lanzador	6
prem	6
franqueza	6
trayecto	6
mencionarlo	6
afectará	6
explícame	6
orígenes	6
apagarlo	6
dormirá	6
aceptación	6
godzilla	6
perú	6
escribimos	6
escribieron	6
glee	6
excitación	6
lléveme	6
vengarme	6
griffith	6
krishna	6
raúl	6
ocular	6
divide	6
puras	6
finalistas	6
olive	6
independientemente	6
recados	6
higiene	6
acercamiento	6
ánimos	6
liberada	6
lastimada	6
clon	6
organiza	6
remover	6
iniciando	6
retrasados	6
libere	6
caracoles	6
capone	6
pañuelos	6
vigilantes	6
calmarse	6
presionado	6
hipo	6
proceda	6
dispararte	6
odiabas	6
dixie	6
molde	6
candado	6
varones	6
golpearlo	6
ahogar	6
mayoria	6
divorciada	6
mariquita	6
concentrarnos	6
considéralo	6
irían	6
ocupando	6
bromista	6
políticamente	6
cortarte	6
beneficencia	6
hollis	6
bordes	6
bajemos	6
forzó	6
supones	6
retardado	6
apareciendo	6
limpió	6
claves	6
obligatorio	6
graba	6
guárdalo	6
encargué	6
troya	6
traviesa	6
husmeando	6
subamos	6
soberano	6
invernadero	6
frecuente	6
anhelo	6
querré	6
vencidos	6
kathleen	6
entregarte	6
picar	6
territorios	6
paranoica	6
envías	6
quicio	6
enojó	6
póntelo	6
bebemos	6
ahorro	6
dejarles	6
bombarderos	6
decentes	6
arándanos	6
implantes	6
radios	6
patente	6
devuelvas	6
norris	6
teníais	6
recordarme	6
terrestres	6
hijito	6
transformado	6
avancen	6
enfrentó	6
estiércol	6
desventaja	6
arruinarlo	6
comprenderlo	6
verías	6
pegando	6
cantó	6
palmas	6
mafioso	6
cansando	6
bajito	6
hablaras	6
diseñó	6
sweet	6
gastó	6
esposos	6
irina	6
extravagante	6
ahorrando	6
quererte	6
derramar	6
cuides	6
daryl	6
wendell	6
edén	6
encantadores	6
cancion	6
vomitando	6
ancestral	6
heredera	6
caerán	6
protestas	6
vengadores	6
soltadme	6
jarvis	6
presentaciones	6
manten	6
genéticamente	6
culparte	6
fallos	6
resistirse	6
acompáñame	6
imitar	6
pásalo	6
freeman	6
mareo	6
ahorra	6
esperara	6
hilton	6
tiradores	6
serge	6
lulu	6
habláis	6
brutalidad	6
contenía	6
ceniza	6
grove	6
cupones	6
octava	6
guerrera	6
mc	6
colmillos	6
cerdito	6
búscate	6
decisivo	6
venció	6
brillan	6
colonos	6
valgo	6
atados	6
susurrando	6
envenenada	6
abatido	6
búho	6
patinaje	6
heroe	6
tardaste	6
adornos	6
quédatelo	6
forzados	6
cocodrilos	6
haciéndote	6
acorde	6
brittany	6
colgada	6
ehh	6
bájame	6
mandarme	6
calificado	6
cliché	6
bebiste	6
escasez	6
recomendó	6
entendéis	6
delegado	6
convicción	6
hoyos	6
memorial	6
prohíbo	6
ordinaria	6
leerla	6
flote	6
contrataste	6
fertilidad	6
realistas	6
avisarme	6
disfrutarlo	6
deberé	6
rhodes	6
yakuza	6
duración	6
aura	6
compitiendo	6
cocino	6
webb	6
prepárese	6
wei	6
kris	6
detecto	6
obtendrá	6
apto	6
conocerá	6
petra	6
hoo	6
brothers	6
a-	6
rin	6
aparecía	6
dejarían	6
tardaremos	6
golpeaba	6
males	6
infectados	6
chiflada	6
párrafo	6
instituciones	6
demuestre	6
reinos	6
viviría	6
coyote	6
finalizar	6
crecimos	6
táctico	6
visitarlo	6
preguntarles	6
gordas	6
vih	6
informados	6
enteramos	6
hae	6
occidentales	6
slim	6
pi	6
suspenso	6
acercar	6
lizzy	6
contraria	6
póngalo	6
julián	6
gritado	6
metrópolis	6
jacqueline	6
disgusto	6
nam	6
grietas	6
explicárselo	6
examinado	6
emisora	6
bowl	6
vidente	6
liado	6
vejiga	6
fez	6
recordarás	6
arabia	6
definir	6
alcohólica	6
siervo	6
directorio	6
pinche	6
prométemelo	6
sheppard	6
luc	6
lorna	6
ahjussi	6
guillermo	6
death	6
detuvimos	6
llevados	6
beberé	6
demuestran	6
ki	6
pegues	6
tómatelo	6
penitencia	6
separan	6
sunbae	6
anotado	6
civilizaciones	6
shea	6
supón	6
giras	6
nacida	6
foro	6
urgentemente	6
jax	6
vaga	6
trescientos	6
divisiones	6
trincheras	6
orgánico	6
enamora	6
dedicar	6
deshecho	6
envuelta	6
cariñosa	6
principiante	6
missouri	6
huerto	6
indemnización	6
expuesta	6
chili	6
tenian	6
redondo	6
céntimo	6
retroceda	6
ga	6
cuenten	6
fundido	6
cito	6
anatomía	6
zelanda	6
ruiz	6
francotiradores	6
bu	6
kensi	6
luciano	6
advertir	6
regulares	6
capturados	6
via	6
existo	6
best	6
retenido	6
destornillador	6
relaja	6
prender	6
imperdonable	6
norton	6
montreal	6
sobresaliente	6
jodió	6
ketchup	6
united	6
owens	6
teatral	6
levantate	6
donuts	6
posponer	6
desagüe	6
tirón	6
gérmenes	6
entregando	6
despertará	6
vermont	6
our	6
comprarla	6
mao	6
juzgados	6
enteran	6
recogerla	6
conduje	6
buceo	6
presione	6
restricciones	6
sobrevivieron	6
irlandesa	6
divorciados	6
obediencia	6
fracasar	6
pilló	6
votado	6
tiraré	6
jeeves	6
anticipo	6
neville	6
alza	6
poseo	6
calavera	6
comunicar	6
miremos	6
remotamente	6
charlatán	6
gilmore	6
viviendas	6
sable	6
caería	6
heroico	6
reliquia	6
preocupante	6
llene	6
formalmente	6
suicidado	6
leland	6
medieval	6
presas	6
cáscara	6
publica	6
librarte	6
aburro	6
fantastico	6
werner	6
preguntarse	6
quebró	6
químicas	6
comprenda	6
faltado	6
servimos	6
dejenme	6
arrancaré	6
mackenzie	6
vejez	6
pongámonos	6
servía	6
congregación	6
escuchemos	6
delicadeza	6
ruleta	6
pervertidos	6
enfada	6
galán	6
adulterio	6
unirá	6
raciones	6
stiles	6
enorgullece	6
secretamente	6
contaría	6
caminado	6
linus	6
marruecos	6
sire	6
credenciales	6
devolverá	6
solicitudes	6
anuario	6
mountain	6
ajusta	6
truenos	6
limosna	6
informacion	6
elliott	6
yanqui	6
auxilios	6
ginny	6
protectora	6
satisfechos	6
cajones	6
destruiré	6
conway	6
seguirte	6
pulgares	6
cometen	6
gabby	6
asesinadas	6
calentando	6
descubro	6
escribirle	6
gemidos	6
cansa	6
caminé	6
imaginen	6
langostas	6
bangkok	6
moya	6
ganes	6
consumir	6
perdía	6
fuisteis	6
pennsylvania	6
grimm	6
acérquese	6
amara	6
timo	6
relacionadas	6
interrogando	6
lograrás	6
ilumina	6
tardan	6
podeis	6
tios	6
golosinas	6
hostiles	6
bad	6
disculpame	6
tang	6
comerlo	6
condenar	6
conseguirla	6
cookie	6
candidata	6
desapareciste	6
felicia	6
combates	6
joderme	6
mostraba	6
quejo	6
solares	6
reconocen	6
ejemplos	6
cócteles	6
mildred	6
mezquita	6
limpiaré	6
disfrútalo	6
defunción	6
torrente	6
ceo	6
perturbado	6
grial	6
cocineros	6
presentas	6
anal	6
sentémonos	6
carroll	6
irrumpir	6
financiación	6
actúe	6
caimán	6
away	6
derrick	6
evie	6
quimioterapia	6
garra	6
pearson	6
panamá	6
abrazarte	6
diabólico	6
copiloto	6
afeitado	6
queman	6
conversando	6
radiografía	6
deborah	6
controlador	6
devoto	6
lastimando	6
gustes	6
reservación	6
london	6
insultado	6
pasarela	6
cuántica	6
cain	6
locke	6
épocas	6
laden	6
biopsia	6
tremendamente	6
escribas	6
remate	6
nacidos	6
gigi	6
modificar	6
duck	6
vikram	6
apartar	6
herirte	6
ahorcado	6
opone	6
lárguese	6
emerson	6
salem	6
boba	6
cobran	6
conozcamos	6
acabarán	6
hilary	6
crecieron	6
lentos	6
discúlpate	6
interrogarlo	6
bette	6
levi	6
identificarlo	6
louisa	6
apreciaría	6
elisabeth	6
manto	6
run	6
intermediario	6
granuja	6
estupida	6
tumbado	6
subtitle	6
melón	6
rembrandt	6
bloqueada	6
torso	6
gaseosa	6
tarro	6
tesla	6
excepciones	6
invitarla	6
heights	6
escenarios	6
racismo	6
abandonando	6
rice	6
clifford	6
campeona	6
hormiga	6
principe	6
muevanse	6
fósforo	6
lencería	6
llorado	6
bess	6
clubs	6
sonya	6
desechos	6
libertades	6
casarías	6
pegan	6
extendido	6
naciera	6
abusos	6
giorgio	6
kappa	6
drenaje	6
navegando	6
molestarse	6
dimitri	6
colgante	6
penetrar	6
harlan	6
mazo	6
dársela	6
page	6
llevare	6
presenciar	6
ex-esposa	6
capullos	6
tao	6
enfermas	6
descubrirá	6
beban	6
preciado	6
presidentes	6
rendirme	6
enfadados	6
macarrones	6
considerarlo	6
rodríguez	6
honey	6
encargada	6
irregular	6
fargo	6
entregará	6
carguen	6
hop	6
pararse	6
riggs	6
dare	6
lyon	6
buffet	6
islandia	6
cylon	6
representando	6
mostraste	6
llamarías	6
anuncia	6
descubierta	6
confundir	6
striptease	6
usemos	6
chisme	6
seguirle	6
cacahuete	6
solitarios	6
magnitud	6
guardamos	6
defendido	6
hedor	6
emitido	6
duramente	6
afirmación	6
entusiasmada	6
baldwin	6
utilice	6
idéntico	6
noticiero	6
justine	6
sonrió	6
sincronizado	6
reírte	6
entregarlo	6
sonja	6
retaguardia	6
satisfactorio	6
crucé	6
valentina	6
fang	6
mosquito	6
becker	6
aprendas	6
reclutamiento	6
too	6
pié	6
tóxicos	6
discreta	6
quemadura	6
inventaron	6
arzobispo	6
joanne	6
bajaron	6
celo	6
zhang	6
patea	6
cheyenne	6
compatible	6
soplar	6
egipcio	6
reportó	6
afilado	6
forrest	6
tetera	6
sensor	6
delicia	6
strauss	6
reside	6
margie	6
mesera	6
autorizada	6
trabajará	6
ovni	6
weiss	6
uhm	6
carita	6
israelí	6
postres	6
caigas	6
vence	6
lean	6
relaciona	6
gatitos	6
transportes	6
bethany	6
botiquín	6
orgánica	6
animada	6
venia	6
sábana	6
vegetariana	6
peine	6
marchan	6
singular	6
microscopio	6
foreman	6
transplante	6
diviertes	6
salarios	6
ball	6
partimos	6
danés	6
arden	6
mercy	6
informaron	6
arrugas	6
externo	6
informando	6
saturación	6
lisbon	6
alexandra	6
aclara	6
enterró	6
avisos	6
detienes	6
lápida	6
tráigame	6
holland	6
detenerle	6
pilla	6
radicales	6
intérprete	6
dorados	6
reunion	6
marcada	6
guardarlo	6
stern	6
amateur	6
dalek	6
diria	6
infectada	6
manicura	6
consultor	6
mataba	6
hazla	6
aceptando	6
centrado	6
causada	6
jueguen	6
asegurada	6
cúbreme	6
detenlo	6
actuaciones	6
deportiva	6
ctu	6
arnie	6
mars	6
sofisticada	6
theodore	6
metimos	6
estudiaba	6
autobus	6
bajará	6
estuvieses	6
lisiado	6
camellos	6
semanal	6
mari	6
venenosa	6
curación	6
mencionas	6
olimpiadas	6
cuídense	6
hacés	6
sequía	6
sagrados	6
cuerdo	6
excavación	6
ascendido	6
seguís	6
webber	6
osa	6
loretta	6
animadoras	6
despertarse	6
astrid	6
panecillos	6
peliculas	6
monto	6
parará	6
mero	6
pepinillos	6
colectiva	6
usarlas	6
persistente	6
incluyen	6
aclarado	6
been	6
gustav	6
denegado	6
incisión	6
gokuh	6
servida	6
reclamo	6
fumado	6
zoom	6
lucharon	6
benjamín	6
computador	6
religiosas	6
aqu	6
plantada	6
saunders	6
drogadictos	6
encuéntrame	6
repleto	6
engañaron	6
idiotez	6
atrasados	6
consideramos	6
describirlo	6
charlando	6
cantamos	6
alimentarse	6
quemé	6
oleg	6
energías	6
buscara	6
indicaciones	6
gótica	6
comienzos	6
buscará	6
águilas	6
beau	6
houdini	6
profesionalmente	6
miraban	6
decreto	6
records	6
horrores	6
kayla	6
retrasada	6
bachillerato	6
anima	6
estatales	6
sacudir	6
desactivar	6
torpedo	6
plegaria	6
compres	6
shanghai	6
ignorantes	6
bass	6
radiografías	6
gilipolleces	6
darlo	6
zurdo	6
vello	6
liberados	6
cumplen	6
ahhh	6
gillian	6
entrenadores	6
marcia	6
largó	6
mentía	6
milenio	6
recluta	6
volaron	6
diplomática	6
consejeros	6
agarraron	6
uhh	6
cardíaca	6
nan	6
edwin	6
engañe	6
bautizo	6
réplica	6
pegaba	6
solomon	6
mugre	6
adriana	6
janine	6
katya	6
respondiste	6
suspendida	6
cruzan	6
conduciré	6
necesitó	6
aprenderá	6
destreza	6
exactas	6
bendice	6
déle	6
patsy	6
lujoso	6
comino	6
interrogación	6
arriesga	6
sorprenderte	6
inmobiliaria	6
ghost	6
cantaré	6
moléculas	6
reality	6
insulina	6
échame	6
tratarse	6
donas	6
extrañamos	6
merci	6
entretener	6
donantes	6
infelices	6
liderar	6
cogerme	6
auténticos	6
laurent	6
olvídese	6
enfermar	6
ceremonias	6
trataban	6
interrumpiendo	6
deberemos	6
lynch	6
huyes	6
howie	6
censura	6
horatio	6
genuino	6
abstinencia	6
musa	6
atendiendo	6
emite	6
válido	6
lucien	6
solia	6
copenhague	6
proxeneta	6
pacey	6
sardinas	6
aterradora	6
desierta	6
comunidades	6
rocío	6
decorado	6
hannibal	6
gruesa	6
peluquero	6
salado	6
parsons	6
intelectuales	6
raquel	6
miligramos	6
allah	6
ravi	6
anulación	6
some	6
descendiente	6
mezquino	6
décima	6
estresada	6
rindes	6
procurador	6
delirando	6
argo	6
apuntan	6
pinchazo	6
gitana	6
everett	6
reaccionó	6
proximo	6
escondiste	6
bufón	6
discípulos	6
responderé	6
descomposición	6
apuntó	6
abi	6
pradera	6
separarse	6
diarias	6
pensilvania	6
marfil	6
cantado	6
encajan	6
transmitiendo	6
cesare	6
mude	6
madurez	6
prometimos	6
traducir	6
blindado	6
fundadores	6
contramaestre	6
cate	6
barrido	6
tómame	6
tíralo	6
vestía	6
estudias	6
ombligo	6
pingüinos	6
alejó	6
obtienen	6
bájalo	6
rural	6
sanidad	6
deliciosas	6
vanguardia	6
jugadas	6
honda	6
repetición	6
presentador	6
permitía	6
indicar	6
egoístas	6
wo	6
bajad	6
calcetín	6
liverpool	6
bambú	6
extrañado	6
nata	6
nupcial	6
atrápalo	6
disparamos	6
latina	6
marlene	6
poblado	6
norm	6
alcohólicos	6
escandaloso	6
talón	6
marchamos	6
durado	6
festejar	6
cuidaremos	6
limitaciones	6
planeé	6
cachondo	6
anunciado	6
cenado	6
mutua	6
poseen	6
devuélvemelo	6
organismos	6
divertí	6
actrices	6
vertedero	6
decidan	6
foso	6
complejos	6
capitalismo	6
mucama	6
portugués	6
capitanes	6
sáquenme	6
adecuados	6
incomoda	6
aliviada	6
eden	6
pegajoso	6
unicornio	6
encuéntralo	6
ponían	6
tiembla	6
observe	6
rosquillas	6
ucrania	6
apareciera	6
establos	6
lavo	6
godfrey	6
emil	6
solidaridad	6
cláusula	6
maleducado	6
indefensa	6
terri	6
implante	6
netflix	6
ambiental	6
reddington	6
ordenaron	6
híbrido	6
mujeriego	6
game	6
aprovechando	6
aliens	6
flotante	6
asusto	6
suzy	6
dot	6
cordones	6
veríamos	6
estableció	6
berkeley	6
ametralladoras	6
desempleo	6
apenado	6
andes	6
buckley	6
azafata	6
suponga	6
contarás	6
adolf	6
enfrentas	6
dejadlo	6
astilla	6
añadido	6
abdominal	6
apunte	6
tocara	6
garfio	6
erótico	6
crujiente	6
africanos	6
habérselo	6
berry	6
bank	6
demo	6
probaste	6
matemático	6
borgia	6
lávate	6
señala	6
fénix	6
calmarme	6
luzco	6
hipnosis	6
ramos	6
jacobs	6
destrozando	6
inspiró	6
valiosos	6
esconderlo	6
tardarán	6
hades	6
horroroso	6
retiren	6
comprará	6
subid	6
gun	6
chat	6
poneos	6
chiquito	6
coronación	6
cogerla	6
deshizo	6
discretamente	6
rugby	6
banqueros	6
sutura	6
picada	6
limpiador	6
emmy	6
enviaría	6
varita	6
quitará	6
ojeada	6
dispárame	6
hello	6
llévanos	6
capacidades	6
homo	6
incendió	6
predecible	6
completas	6
dinah	6
entregamos	6
entenderé	6
kimberly	6
marlowe	6
geografía	6
arreglarme	6
convocado	6
marks	6
organizada	6
chu	6
suzie	6
hervir	6
recibía	6
franca	6
huérfana	6
coulson	6
pronuncia	6
steph	6
despídete	6
bowie	6
sabeis	6
descortés	6
religiones	6
decidirlo	6
cantera	6
secciones	6
oxidado	6
filmes	6
solteras	6
compatriotas	6
cometieron	6
inspirador	6
charleston	6
pascal	6
pantera	6
lili	6
instancia	6
avisé	6
vengarte	6
olerlo	6
dominado	6
involucrarme	6
ataduras	6
hopper	6
colmena	6
codos	6
iniciación	6
hostias	6
penales	6
servirte	6
recuperaré	6
admirar	6
augusto	6
hogan	6
fósforos	6
saludables	6
mediterráneo	6
mayday	6
tendre	6
sombrío	6
acordarme	6
bancarias	6
herpes	6
setas	6
preparaos	6
intentémoslo	6
moho	6
josef	6
vd	6
perdoname	6
ko	6
camuflaje	6
numerosos	6
expresa	6
amorcito	6
aprendo	6
entrepierna	6
halagado	6
skye	6
ración	6
llenan	6
rolling	6
untranslated	6
manipulado	6
auriculares	6
asaltar	6
filtración	6
land	6
desapareciendo	6
urbana	6
avaricia	6
llamare	6
whitey	6
cafetera	6
cabezota	6
mariana	6
venderle	6
steed	6
mátala	6
myers	6
provisional	6
aislada	6
aterrizado	6
incapaces	6
durmiente	6
eficiencia	6
comadreja	6
elevar	6
asno	6
pupilas	6
ridge	6
podes	6
avion	6
josephine	6
meterla	6
lexi	6
constructor	6
guarden	6
them	6
despidan	6
mussolini	6
crónica	6
balanza	6
ofrecerles	6
calzado	6
vestimenta	6
trasladar	6
mitzvah	6
despliegue	6
ballard	6
identificaciones	6
sonrían	6
apuntado	6
destacamento	6
situacion	6
natalia	6
despertando	6
fracción	6
cono	6
pitt	6
involucrar	6
vendida	6
itinerario	6
regresarán	6
muéstranos	6
inventa	6
hydra	6
empujen	6
sentenciado	6
call	6
casadas	6
registra	6
modesta	6
kathryn	6
ofreces	6
terremotos	6
aproveche	6
retirarte	6
puramente	6
belén	6
apasionada	6
wilfred	6
discriminación	6
parcialmente	6
asiática	6
bombilla	6
méjico	6
western	6
sacaría	6
murdock	6
rendirte	6
escaparme	6
educar	6
patrocinador	6
ouch	6
graduó	6
inténtelo	6
fijas	6
dictador	6
oiste	6
sandalias	6
viruela	6
desviar	6
pequeñita	6
basados	6
largarnos	6
designado	6
agricultores	6
arrepientes	6
minerales	6
mudaron	6
ke	6
bazo	6
ensueño	6
opinan	6
miniatura	6
enfermizo	6
tormento	6
actuamos	6
sobreviva	6
desempeño	6
deportivos	6
tirarte	6
enseñanzas	6
desarrolla	6
bryant	6
controlarme	6
granger	6
creados	6
slade	6
bollo	6
especulación	6
cuidador	6
resuelva	6
estribos	6
opuestos	6
wolfe	6
revisarlo	6
heavy	6
empaca	6
particulares	6
rip	6
ósea	6
ka	6
mitología	6
hmmm	6
dones	6
conteo	6
sustituir	6
escalada	6
enterará	6
galones	6
galletitas	6
dijese	6
temporales	6
ases	6
apéndice	6
divierten	6
comprometer	6
insomnio	6
cianuro	6
ansias	6
juras	6
enterrarlo	6
serle	6
preguntará	6
dejeme	6
norteamericana	6
montó	6
boulevard	6
taj	6
averigüé	6
batir	6
bese	6
conductos	6
femeninas	6
trivial	6
duendes	6
calmada	6
esplendor	6
idénticos	6
programar	6
recordamos	6
ikerslot	6
háblale	6
superó	6
tapas	6
cogerte	6
dance	6
venado	6
guido	6
aeryn	6
productora	6
explotación	6
resolverá	6
golpearé	6
cacahuetes	6
fiera	6
algoritmo	6
disculpad	6
tripp	6
masticar	6
preocupó	6
llevaras	6
échate	6
arruinará	6
despertador	6
jovencitas	6
atenta	6
cubra	6
montada	6
ahoga	6
prendas	6
autores	6
abandonen	6
elisa	6
escrúpulos	6
tuberculosis	6
traerán	6
enloquecido	6
convulsiones	6
rusas	6
ocultó	6
preparas	6
arréglalo	6
riker	6
accedido	6
uci	6
determinada	6
interponga	6
inmortales	6
heart	6
escapatoria	6
muchachito	6
dyson	6
fabricación	6
sepárense	6
actúes	6
tocaron	6
proporciona	6
aros	6
soul	6
inspeccionar	6
parió	6
destinos	6
delató	6
numerosas	6
congo	6
persiguió	6
sueñas	6
trabajemos	6
rosen	6
comenzaba	6
misteriosas	6
precedente	6
moriste	6
pararte	6
alimentado	6
cogimos	6
guiso	6
daly	6
llévatela	6
controle	6
arrepentir	6
fastidiado	6
viudas	6
presenten	6
embrujada	6
unes	6
convertirás	6
eugenio	6
iluminado	6
apruebo	6
existían	6
ayudarías	6
chuletas	6
discutas	6
harté	6
arenas	6
gel	6
latir	6
yen	6
perseguía	6
enloquece	6
israelíes	6
ofrecerme	6
mejorará	6
last	6
inmersión	6
buscados	6
giuseppe	6
jabalí	6
nashville	6
comerás	6
enfade	6
kel	6
diciéndote	6
ahorita	6
dormirás	6
cristianismo	6
utilizamos	6
relajada	6
ocupan	6
destello	6
cuidó	6
evangelio	6
much	6
regresaría	6
janie	6
refuerzo	6
banquillo	6
dirk	6
rito	6
malta	6
swing	6
nicolas	6
lóbulo	6
mulas	6
two	6
royce	6
picos	6
descender	6
perforación	6
instantánea	6
aj	6
jethro	6
crecerá	6
pasábamos	6
casemos	6
guarnición	6
válida	6
tapar	6
chances	6
descaro	6
trixie	6
convenciste	6
doméstico	6
devlin	6
gurú	6
apoyando	6
hubert	6
reunieron	6
andrei	6
entidad	6
seras	6
marionetas	6
aislados	6
valdría	6
retorcida	6
analgésicos	6
fracasó	6
hectáreas	6
capó	6
jeringa	6
fabio	6
servilletas	6
pediremos	6
responderá	6
parking	6
cártel	6
androide	6
serviré	6
despedí	6
merche	6
borrachera	6
aspirar	6
razonamiento	6
lamentas	6
necio	6
apelar	6
memorable	6
seal	6
veranos	6
muéstreme	6
urna	6
lisboa	6
andie	6
ami	6
coquetear	6
della	6
habitualmente	6
extraordinarias	6
tírala	6
novena	6
profetas	6
represalias	6
obligan	6
ocuparnos	6
tamara	6
súbditos	6
fijé	6
vere	6
odiarme	6
estaras	6
hippies	6
disparate	6
plató	6
huck	6
aneurisma	6
jubilado	6
alégrate	6
resultan	6
buscarnos	6
kimmy	6
clientela	6
chaplin	6
thorne	6
alquiló	6
dijeran	6
persianas	6
viable	6
rogando	6
obtuvimos	6
quimio	6
angelito	6
compruébalo	6
què	6
meñique	6
angelina	6
memo	6
pegarte	6
qué-	6
dúo	6
echaría	6
modernas	6
preguntaría	6
regiones	6
buenísima	6
cerezas	6
corporativo	6
cómprate	6
barker	6
saddam	6
braun	6
retiene	6
llorón	6
distracciones	6
sobreviven	6
newport	6
manejaba	6
misericordioso	6
chiflados	6
fuere	6
llueva	6
impresionó	6
compara	6
golpéame	6
caldwell	6
fa	6
solito	6
emails	6
proteína	6
sellar	6
rayna	6
vicente	6
tori	6
contundente	6
vivías	6
davies	6
mostrarnos	6
averigüemos	6
tree	6
tratada	6
closet	6
podrian	6
formen	6
compraba	6
sobrevivimos	6
creyentes	6
pedírselo	6
cerraré	6
vivientes	6
jalea	6
intoxicación	6
jaulas	6
berta	6
dominique	6
bellezas	6
abad	6
conlleva	6
louisiana	6
elenco	6
horriblemente	6
canoa	6
dragon	6
esperaste	6
deshonra	6
marnie	6
solicitando	6
mensual	6
subirse	6
levantan	6
ambulante	6
positivos	6
hinchado	6
prematuro	6
ocupamos	6
románticas	6
condenas	6
olvidaremos	6
vuelen	6
moro	6
lucia	6
cuidad	6
contusión	6
pol	6
echarán	6
camareros	6
august	6
sermones	6
acercado	6
fontanero	6
lem	6
tostado	6
antorchas	6
gambas	6
testimonios	6
jerez	6
auschwitz	6
molecular	6
estática	6
lucrecia	6
desmayo	6
hungría	6
oliendo	6
renovar	6
fugaz	6
lonnie	6
acostaba	6
powers	6
actué	6
fatiga	6
dax	6
detendremos	6
hansen	6
acusarme	6
mattie	6
hamburgo	6
quejando	6
destruyen	6
fantásticas	6
carguero	6
citado	6
explotará	6
perdi	6
salvados	6
tratarlo	6
sucursal	6
callo	6
impulsivo	6
imponer	6
explicará	6
cerrojo	6
inclina	6
componente	6
compartimento	6
inventor	6
filipinas	6
sodio	6
adquisición	6
dibujando	6
guiones	6
razonables	6
lamer	6
sagradas	6
perteneció	6
quebrar	6
sacude	6
tiranía	6
relacion	6
platillo	6
gale	6
cubren	6
cenicero	6
annette	6
complacido	6
hostilidad	6
ignorado	6
would	6
contracciones	6
comunicarnos	6
exito	6
relevo	6
hut	6
comics	6
muchísima	6
desertor	6
coloque	6
trepar	6
empresarios	6
summers	6
enfadó	6
sólo-	6
prodigio	6
exótico	6
tendió	6
harmon	6
confirman	6
feng	6
bigotes	6
gigantesco	6
arbol	6
diminuto	6
wa	6
rivers	6
amiguita	6
acostumbra	6
diviertan	6
enterraron	6
puertos	6
give	6
winters	6
preciosidad	6
queme	6
cecil	6
torturar	6
habana	6
logo	6
alí	6
excéntrico	6
reclama	6
circulo	6
pantallas	6
salíamos	6
pc	6
volará	6
títere	6
nebraska	6
explotado	6
despedidos	6
nativo	6
ultimos	6
cerda	6
prescott	6
descuido	6
did	6
optimismo	6
cure	6
psicótico	6
yoko	6
rector	6
preferimos	6
practicado	6
malaria	6
salvas	6
combatientes	6
maneje	6
cuidan	6
reunirá	6
ovnis	6
bombones	6
comprobaré	6
adhesiva	6
estables	6
lucharé	6
finlandia	6
tomare	6
ciudadana	6
aceitunas	6
enteramente	6
cubriré	6
desordenado	6
bacteria	6
dona	6
fastidiar	6
tejas	6
debut	6
saga	6
asaltos	6
head	6
decíamos	6
voladores	6
cortadas	6
superestrella	6
rohan	6
collier	6
vigilen	6
odioso	6
apagada	6
abriremos	6
alimenticia	6
holograma	6
elite	6
main	6
edades	6
gorilas	6
shepard	6
llévese	6
llamame	6
distinción	6
cumpliré	6
alimentando	6
espiritu	6
rastreado	6
pasiones	6
audiencias	6
heredado	6
plomero	6
biografía	6
usadas	6
loción	6
callarse	6
lux	6
notario	6
odié	6
agradecerme	6
afectan	6
caminó	6
llévale	6
medusa	6
had	6
devolví	6
fay	6
agradan	6
recrear	6
juntamos	6
falte	6
encargas	6
escondo	6
apartaos	6
roth	6
canallas	6
paleta	6
gueto	6
intentabas	6
jugábamos	6
observaciones	6
característica	6
pedacitos	6
utilizarlo	6
hampshire	6
telas	6
sindicatos	6
barrer	6
mouse	6
alegras	6
mmmm	6
alfabeto	6
traumatismo	6
culpando	6
perderán	6
pepino	6
procesado	6
mentón	6
conjetura	6
candace	6
atraparme	6
shaun	6
tomarle	6
disfrutes	6
superstición	6
vigilan	6
enzo	6
inversa	6
atraída	6
viral	6
vendería	6
sahib	6
propietaria	6
leucemia	6
puñetazos	6
concluir	6
unimos	6
actúo	6
alucinación	6
mencione	6
traductor	6
borroso	6
sonará	6
pertenecemos	6
ducharme	6
extremidades	6
denunciado	6
platino	6
desciende	6
huiste	6
mendoza	6
anya	6
descrito	6
vomitó	6
recomienda	6
difunta	6
mírenme	6
inmaduro	6
reuní	6
buscaron	6
rollins	6
only	6
stig	6
waters	6
litera	6
karev	6
pateando	6
escapamos	6
editora	6
necesité	6
contemplar	6
propuestas	6
isis	6
robaba	6
fotógrafos	6
lucharemos	6
amargado	6
jerga	6
seleccionado	6
rindió	6
lei	6
dash	6
afectados	6
strange	6
full	6
averiguamos	6
marcando	6
detengo	6
rígido	6
cactus	6
mostramos	6
mercer	6
agatha	6
huí	6
odies	6
imaginarse	6
yong	6
disculpar	6
sencillas	6
habian	6
despedirnos	6
céntimos	6
distraída	6
revisó	6
jardinería	6
cremallera	6
reportado	6
portón	6
empujes	6
ye	6
xiao	6
ringo	6
aquiles	6
provienen	6
viajaba	6
callejera	6
esposado	6
morning	6
amenazada	6
bernadette	6
colón	6
dobbs	6
informático	6
simio	6
aduanas	6
escapo	6
exhausta	6
congelando	6
historietas	6
veinticuatro	6
inclinación	6
rastrearlo	6
parvati	6
renuncie	6
parecia	6
utilizada	6
reconozca	6
pastelito	6
impedirlo	6
capellán	6
capítulos	6
walden	6
sobornar	6
enfrentarlo	6
3d	6
limpié	6
crosby	6
canadienses	6
bananas	6
bautismo	6
gradualmente	6
produciendo	6
mantenme	6
magnifico	6
preparaba	6
expulsados	6
consideraría	6
surgir	6
bubba	6
arrastre	6
chequear	6
admira	6
gustabas	6
multimillonario	6
proveedores	6
reemplazado	6
budapest	6
lt	6
paneles	6
forbes	6
enseñaba	6
barrow	6
exactitud	6
duane	6
apoyarte	6
dougie	6
elias	6
ruda	6
juzgues	6
francesco	6
degenerado	6
antemano	6
metanfetamina	6
plantó	6
notará	6
salomón	6
concursantes	6
conviertas	6
aspirinas	6
titus	6
lavarse	6
viéndote	6
tracción	6
lanzaron	6
ducky	6
sácate	6
watts	6
interpreta	6
gianni	6
sensata	6
trinidad	6
live	6
adquirido	6
cosechas	6
maxine	6
conjuro	6
tonos	6
beatriz	6
masajista	6
azufre	6
fanática	6
cuidara	6
unni	6
senadores	6
abraza	6
jeremiah	6
catering	6
cobardía	6
boss	6
australiano	6
capitulo	6
tendria	6
congelar	6
manana	6
citar	6
paremos	6
nombró	6
nodriza	6
grissom	6
arriesgaré	6
costaba	6
retomar	6
burles	6
mirabas	6
arreglarse	6
sugerí	6
pensaremos	6
seriedad	6
alo	6
cortarlo	6
sex	6
sudeste	6
swan	6
indecente	6
prueban	6
kip	6
quedaros	6
oasis	6
resucitar	6
liberales	6
dino	6
apoye	6
chorradas	6
simios	6
cuarteles	6
farrell	6
marlon	6
pedófilo	6
colegios	6
capturaron	6
desperdiciando	6
espinal	6
adaptación	6
expiatorio	6
mein	6
apoyarme	6
tin	6
venenoso	6
cromwell	6
ahogo	6
gritarme	6
convencidos	6
contaminado	6
dimisión	6
confidente	6
semejantes	6
explicando	6
shi	6
michaels	6
cosmo	6
haceros	6
resultaron	6
permitirte	6
monique	6
barbaridad	6
permitan	6
comandos	6
contusiones	6
candice	6
planet	6
ríete	6
consiguiera	6
yuki	6
cirugías	6
oirá	6
manifestantes	6
lenin	6
incapacidad	6
cresta	6
palace	6
niki	6
engaños	6
resolvió	6
psiquiátrica	6
homosexualidad	6
cabaret	6
johann	6
retírate	6
plátanos	6
vagones	6
cumplimiento	6
basicamente	6
ata	6
silva	6
wilkes	6
resentimientos	6
going	6
pantanos	6
asteroides	6
rompería	6
comprenderá	6
preferencia	6
yogurt	6
desconectar	6
indispensable	6
intravenosa	6
colocada	6
llamarnos	6
matemos	6
juraría	6
deténganlo	6
exagerar	6
incrustar	6
ignoro	6
ascensores	6
sublime	6
starbuck	6
anarquía	6
ridículos	6
sacara	6
proveer	6
nombra	6
amir	6
recibirme	6
mort	6
salirte	6
prescindir	6
abandonan	6
enviarla	6
radha	6
temible	6
enteraron	6
horn	6
preguntábamos	6
insegura	6
were	6
solemne	6
supuesta	6
africana	6
abed	6
admiradora	6
queres	6
trabajarás	6
adolescencia	6
mercancías	6
fragancia	6
llamándome	6
supervisar	6
cruzadas	6
columbo	6
extranjeras	6
negarse	6
descubres	6
wild	6
bear	6
quítatelo	6
gunnar	6
mitos	6
histeria	6
engañarte	6
encontradas	6
monitores	6
fotografiar	6
adorar	6
jang-geum	6
parezcan	6
noé	6
desconocidas	6
subestimes	6
recuperé	6
considerados	6
subirme	6
aprovechó	6
guías	6
equipado	6
reímos	6
cubrió	6
ne	6
invitan	6
xix	6
tórax	6
pelvis	6
mã	6
estilos	6
detuviste	6
guitarrista	6
astucia	6
usuarios	6
reproductor	6
lomo	6
could	6
sobres	6
orillas	6
separó	6
digame	6
vitamina	6
invitaré	6
limite	6
restringida	6
tuvok	6
abandonas	6
llevarías	6
huyen	6
intersección	6
ajay	6
visten	6
russo	6
líquidos	6
complica	6
atractivos	6
prime	6
diesel	6
empatía	6
firmaste	6
disfrutan	6
unieron	6
contacta	6
ju	6
dejarlas	6
proporción	6
buchanan	6
animo	6
vínculos	6
mortimer	6
delirio	6
económicos	6
escaparte	6
indiferencia	6
cambiaremos	6
besarla	6
cancer	6
opongo	6
transacciones	6
probarla	6
callahan	6
cámbiate	6
amorío	6
sweeney	6
chinas	6
buscándola	6
mirándote	6
borró	6
palestinos	6
búscalo	6
muestres	6
recien	6
sorprenda	6
vibración	6
renovación	6
dharma	6
idaho	6
pisadas	6
cancelada	6
wars	6
salvaré	6
jóven	6
levántalo	6
premeditado	6
intrigante	6
promover	6
construyen	6
faye	6
satisface	6
suicidios	6
civilizada	6
whitman	6
preocúpate	6
aterrado	6
corinne	6
darling	6
inflamación	6
creeré	6
aislar	6
sudadera	6
sueñes	6
atropello	6
hip-hop	6
asegurarle	6
levantaste	6
sádico	6
mudas	6
cachorrito	6
ponerlas	6
salven	6
acelerado	6
pera	6
lineas	6
enteren	6
juntan	6
nocturnas	6
andá	6
componer	6
pinza	6
curó	6
jodidas	6
localizador	6
penélope	6
enterramos	6
buscábamos	6
enterara	6
field	6
tardé	6
vigor	6
ganemos	6
saluden	6
bunker	6
déjennos	6
museos	6
cuotas	6
bañarse	6
tirarse	6
palco	6
colon	6
axel	6
lao	6
andamos	6
benito	6
comportan	6
alianzas	6
fumaba	6
bailaba	6
larson	6
enciendan	6
walters	6
bandos	6
oregon	6
envenenó	6
fischer	6
disminuye	6
cutter	6
maniquí	6
distraer	6
alfie	6
play	6
dron	6
significativa	6
nenas	6
arrodíllate	6
invitando	6
revisaste	6
dentadura	6
darnell	6
acudió	6
metería	6
diva	6
centrales	6
arreglada	6
sobreviví	6
aerolínea	6
violentas	6
parks	6
hearst	6
competitivo	6
vacunas	6
modestia	6
abbey	6
resbaló	6
burrito	6
descubriremos	6
barranco	6
despide	6
bullock	6
athena	6
sucesión	6
vagar	6
incluidos	6
siobhan	6
requisitos	6
terminaba	6
uh-oh	6
avisarte	6
desviado	6
hackear	6
exigir	6
reclutar	6
trip	6
criando	6
clasificada	6
pandora	6
calamar	6
dorian	6
supiéramos	6
expandir	6
nellie	6
tocador	6
levantamos	6
fields	6
hepatitis	6
excavar	6
pagara	6
guapísima	6
monstruoso	6
magnum	6
salvada	6
párroco	6
guinea	6
mexico	6
nudillos	6
parámetros	6
vigilada	6
destruirla	6
úsalo	6
llámenme	6
acechando	6
perdónenme	6
hallazgo	6
impidió	6
concuerdan	6
átomo	6
cráter	6
otan	6
minoría	6
hollow	6
anomalías	6
recojan	6
calificación	6
opresión	6
great	6
reptiles	6
declan	6
mudando	6
sorprendentes	6
merlin	6
cambiarla	6
ambrose	6
centenar	6
confiese	6
machete	6
muestren	6
bisabuelo	6
obtenemos	6
mutación	6
defendió	6
cositas	6
arrestamos	6
vijay	6
convierto	6
investigue	6
creaste	6
bobadas	6
pastelitos	6
buques	6
desmayé	6
easy	6
envenenar	6
blood	6
lennon	6
incógnito	6
codicioso	6
bizcocho	6
abundante	6
cotton	6
imitador	6
warwick	6
contacte	6
reído	6
méritos	6
dudley	6
suroeste	6
abandonaré	6
poppy	6
bateador	6
regalé	6
blancanieves	6
interpretado	6
evolucionado	6
tuck	6
yun	6
densidad	6
dormías	6
defensores	6
explicarles	6
millonarios	6
atorado	6
sylvester	6
calcio	6
dadle	6
osea	6
subirá	6
comerán	6
meteoritos	6
cerámica	6
johnnie	6
disgusta	6
venderá	6
panadero	6
vote	6
obtendrás	6
larsen	6
pegados	6
egoísmo	6
pagada	6
búscame	6
gastamos	6
manolo	6
alfiler	6
billón	6
benéfica	6
dibujó	6
injustamente	6
wellington	6
acepten	6
auggie	6
reparado	6
olores	6
torbellino	6
clavar	6
fugado	6
crianza	6
instantáneamente	6
exageres	6
sensaciones	6
manson	6
minero	6
penn	6
cometemos	6
procesos	6
caracol	6
mandamientos	6
furiosos	6
dominó	6
bach	6
basándome	6
cazado	6
atacaremos	6
silvestre	6
camping	6
montes	6
llegaban	6
mail	6
brigadier	6
malgastar	6
hwa	6
conor	6
rivera	6
dirigiéndose	6
pendejos	6
secadora	6
etc	6
detenidamente	6
descartado	6
yyo	6
magnate	6
sanatorio	6
lobby	6
rigor	6
subía	6
reja	6
decepcionar	6
recordarles	6
court	6
chung	6
explorando	6
camionero	6
multitudes	6
pegaron	6
sabueso	6
objeciones	6
estimada	6
involucrarse	6
encadenado	6
temporadas	6
judd	6
sere	6
ragnar	6
cabreada	6
vivirán	6
apoyamos	6
venderme	6
verbal	6
sylvie	6
combina	6
titán	6
segundas	6
temblor	6
hebreo	6
frigorífico	6
pollas	6
enviara	6
first	6
esperarte	6
casanova	6
alquila	6
landry	6
valija	6
regalito	6
benedict	6
liberarme	6
dependiente	6
esperarme	6
preparándose	6
psicópatas	6
correccional	6
olvidarnos	6
avergüenzas	6
tripa	6
tex	6
sometido	6
costando	6
superioridad	6
pregúntaselo	6
huecos	6
atascados	6
gustando	6
cumplas	6
vencedor	6
cnn	6
diariamente	6
pagados	6
recordaría	6
foley	6
toto	6
entrometerme	6
hoyt	6
intolerable	6
láctea	6
elevada	6
hipotéticamente	6
cuidate	6
mision	6
mecha	6
novata	6
sexys	6
habíais	6
acostada	6
zachary	6
rincones	6
castiga	6
divorciarse	6
cretinos	6
guantera	6
cumplirá	6
regresaba	6
water	6
encontraríamos	6
trabajara	6
robarte	6
shield	6
interrumpa	6
observo	6
evasión	6
tropecé	6
bambi	6
epa	6
cruzaron	6
00ffff	6
thatcher	6
aguantarlo	6
contesté	6
desgracias	6
garrison	6
prendió	6
belga	6
mendigos	6
campamentos	6
enviaba	6
holocausto	6
sinfonía	6
patrocinadores	6
decorar	6
serenidad	6
ancha	6
convictos	6
nitrógeno	6
provocación	6
decepcionarte	6
má	6
conceptos	6
vicepresidenta	6
gradué	6
déjenla	6
dictadura	6
parta	6
bat	6
tofu	6
propulsión	6
puñalada	6
estadía	6
hung	6
federico	6
pacific	6
chaquetas	6
importarle	6
osaka	6
darla	6
hs	6
afirman	6
limpien	6
conjunta	6
vidrios	6
inclino	6
sans	6
subtitulos	6
atraparán	6
toxinas	6
detallado	6
desperdiciado	6
defenderte	6
wyoming	6
reflexión	6
denos	6
ridiculo	6
roscoe	6
mecánicos	6
detendrán	6
bonjour	6
bengala	6
pinocho	6
ganara	6
ganen	6
mercenario	6
orange	6
drogadicta	6
disculpadme	6
imaginan	6
greer	6
vicios	6
decidle	6
volverlo	6
gnomo	6
esferas	6
emile	6
enamorando	6
repitiendo	6
necesitarías	6
bee	6
oliva	6
voten	6
enfrentarnos	6
relájense	6
conner	6
simular	6
oíd	6
conocerse	6
haskell	6
almejas	6
garza	6
atrasada	6
retratos	6
alcaldesa	6
favorable	6
melody	6
cooperativa	6
elaborado	6
salt	6
referente	6
editores	6
importarme	6
primas	6
freya	6
valoro	6
olsen	6
denuncias	6
flotar	6
colesterol	6
tócame	6
decid	6
pajar	6
apache	6
sinatra	6
nelly	6
perjurio	6
negué	6
niñeras	6
precisos	6
convencerlos	6
imparcial	6
pezón	6
gubernamental	6
alcanzan	6
corbatas	6
ewing	6
majo	6
encantadoras	6
marius	6
draper	6
alejate	6
inolvidable	6
inhumano	6
impreso	6
aprovecharse	6
hormigón	6
bing	6
devastador	6
mocosa	6
harding	6
continental	6
primitiva	6
desempleado	6
hodges	6
balazo	6
pas	6
alejando	6
sustento	6
queridas	6
furgón	6
excitada	6
concentrada	6
deportista	6
exorcismo	6
aterrada	6
finas	6
pestañas	6
antojo	6
cagué	6
registrando	6
leigh	6
seguirla	6
arruinas	6
apreciado	6
compás	6
flaca	6
nominado	6
mantenla	6
disponer	6
hallaste	6
estrictas	6
concejo	6
descarada	6
buitre	6
eligiendo	6
rodante	6
tornillos	6
quereis	6
apestosa	6
trucha	6
wing	6
liebre	6
espirituales	6
cargó	6
ligado	6
pretendiendo	6
úlcera	6
mensajeros	6
portas	6
intentaban	6
llevarlas	6
irritable	6
analizado	6
casta	6
deslumbrante	6
reconsiderar	6
informan	6
activista	6
canten	6
delaney	6
andreas	6
asiáticos	6
grandullón	6
bol	6
purgatorio	6
casting	6
cochero	6
steiner	6
llamábamos	6
confundió	6
confíen	6
serví	6
mcnally	6
sobrecarga	6
fascinado	6
haréis	6
conmovido	6
buckingham	6
kristin	6
mesero	6
ocupas	6
agitar	6
foca	6
despedidas	6
caemos	6
lsd	6
volantes	6
suertudo	6
transfusión	6
reeves	6
confirmada	6
heladera	6
nikolai	6
enfriar	6
restauración	6
lilith	6
olvídenlo	6
atacarán	6
cupido	6
dudado	6
ecuador	6
revueltos	6
trataría	6
oráculo	6
blanda	6
pillaron	6
textura	6
dejáis	6
kaos	6
casilla	6
aseguré	6
préstame	6
apretada	6
casinos	6
erudito	6
revertir	6
comprobación	6
sociedades	6
fallan	6
aprendan	6
extrañaste	6
quejan	6
inn	6
específicos	6
curarte	6
superé	6
templos	6
amargura	6
vlad	6
administrar	6
shaolin	6
intelecto	6
afirmar	6
enamoraste	6
tenerlas	6
competidor	6
nilo	6
brusco	6
torturas	6
enterré	6
tonya	6
arreglen	6
teóricos	6
beneficia	6
clínico	6
contestaste	6
asombra	6
ayúdenos	6
susurra	6
fósiles	6
coalición	6
existes	6
mándame	6
soñador	6
agarras	6
reparte	6
impresora	6
sufrirá	6
hablarán	6
latiendo	6
janey	6
sykes	6
caminen	6
cúal	6
fingió	6
viudo	6
filmado	6
sorprendí	6
incremento	6
elijan	6
vulcano	6
decepciones	6
trafico	6
horacio	6
obediente	6
vertebral	6
adorno	6
leido	6
amarla	6
comportado	6
pelirrojo	6
levantará	6
crecía	6
duffy	6
obstinado	6
perturbador	6
guion	6
raylan	6
pensiones	6
tortas	6
sinceras	6
travesía	6
sorprenderá	6
tirados	6
garibaldi	6
aeropuertos	6
deséame	6
remonta	6
rabioso	6
calcuta	6
comprensiva	6
malestar	6
involuntario	6
diecinueve	6
ole	6
goldman	6
cambiarán	6
arruinaron	6
construcciones	6
finos	6
escuchara	6
juzga	6
engañes	6
magníficos	6
brewster	6
revolucionaria	6
humildes	6
inmóvil	6
aproximación	6
seran	6
usarán	6
benji	6
atracciones	6
propuse	6
vasto	6
saborear	6
argelia	6
alternativo	6
paramédico	6
cowboy	6
jodiste	6
sujetar	6
maguire	6
hamptons	6
interacción	6
prójimo	6
ofreciste	6
interpone	6
aldo	6
living	6
scouts	6
participó	6
génesis	6
eslabón	6
dina	6
budista	6
renuncias	6
auditorio	6
recomendar	6
vá	6
adler	6
indefensos	6
intermedio	6
traumático	6
agradecérselo	6
fidel	6
marches	6
permití	6
vuélvete	6
deshonesto	6
curro	6
inicialmente	6
prefecto	6
correré	6
simms	6
largarme	6
ies	6
indique	6
peregrinos	6
agarrando	6
funcional	6
apurate	6
continúas	6
contratamos	6
entreguen	6
elvira	6
haberlas	6
petersburgo	6
sherwood	6
rechacé	6
diplomacia	6
refugios	6
sífilis	6
desconcertante	6
penoso	6
travesuras	6
superhéroes	6
llamad	6
susceptible	6
descuide	6
saltas	6
examinando	6
aposté	6
espagueti	6
cage	6
underwood	6
pagina	6
sellada	6
reforzar	6
scooter	6
cutler	6
fabricantes	6
inventaste	6
asumió	6
grimes	6
pergamino	6
farmacéutico	6
naruto	6
espectador	6
modas	6
desafortunada	6
inmigrante	6
contribuyentes	6
errante	6
viéndolo	6
nerds	6
arrestan	6
atractivas	6
mantendría	6
bocazas	6
derby	6
empezarán	6
retórica	6
sujétalo	6
aprobada	6
pintalabios	6
vicario	6
recibiré	6
tirad	6
pusieras	6
oís	6
pretenden	6
fango	6
ale	6
reírme	6
cisco	6
cartwright	6
corporativa	6
remos	6
castillos	6
mírelo	6
generadores	6
habias	6
duerman	6
trina	6
mandarle	6
épico	6
sonría	6
agarramos	6
heces	6
subiste	6
luka	6
amarlo	6
terca	6
aras	6
contratiempo	6
clasificación	6
iceberg	6
sabotear	6
entenderán	6
prohibió	6
fat	6
melocotón	6
garth	6
micah	6
altera	6
póster	6
box	6
metropolitana	6
aldeas	6
vincenzo	6
estupendos	6
discípulo	6
liberarte	6
volé	6
posar	6
genocidio	6
diríjanse	6
alain	6
mételo	6
enamore	6
jefatura	6
stefano	6
hábitat	6
selma	6
sentían	6
disminuir	6
encubrir	6
curada	6
destacado	6
confrontación	6
indefinidamente	6
agarraste	6
patriotas	6
maternal	6
incertidumbre	6
farmacéutica	6
consola	6
heredó	6
guionista	6
acostumbras	6
pararon	6
negarme	6
ambulancias	6
asombro	6
sven	6
gángster	6
henrik	6
suavidad	6
confirme	6
reencarnación	6
anotación	6
oirme	6
princesas	6
rogué	6
dark	6
repetidamente	6
cenaremos	6
guiará	6
tose	6
significará	6
cripta	6
font	6
subdirector	6
retírese	6
permitimos	6
bowman	6
cósmico	6
arpía	6
migas	6
í	6
potasio	6
aceptara	6
gobernante	6
genialidad	6
misteriosos	6
secuestros	6
anonimato	6
reactores	6
pioneros	6
observan	6
vagamente	6
recibas	6
suposiciones	6
jirafa	6
fracasos	6
celosos	6
buscad	6
románticos	6
ocultarse	6
ogro	6
bahamas	6
investigarlo	6
vocales	6
seiya	6
discutamos	6
caballito	6
reúnete	6
hit	6
ordenada	6
pillan	6
nichols	6
job	6
entregaron	6
transmisiones	6
elfo	6
denton	6
clones	6
jojo	6
cápsulas	6
essex	6
envolver	6
irreal	6
confesiones	6
rebote	6
pescados	6
sueno	6
selina	6
aguantas	6
palas	6
hitchcock	6
defendernos	6
constancia	6
consideré	6
agitación	6
racistas	6
integral	6
licenciado	6
remedios	6
opinar	6
carmela	6
gringo	6
baterista	6
precisas	6
speed	6
confiando	6
valido	6
acompáñeme	6
tendra	6
arkansas	6
venezuela	6
pararé	6
ice	6
demandado	6
desapercibido	6
mintieron	6
hazaña	6
erika	6
sorprenderme	6
parcela	6
encierro	6
reservé	6
bombardero	6
idioteces	6
gertrude	6
mírenlo	6
divertiste	6
perdonó	6
paganos	6
soportas	6
grabamos	6
soportado	6
amenazan	6
divierto	6
gaius	6
erm	6
lastimen	6
concluido	6
dardo	6
jekyll	6
controlarte	6
sereno	6
sandía	6
tramo	6
acostamos	6
invadido	6
remar	6
parecerse	6
agarrarlo	6
sì	6
senda	6
hocico	6
daleks	6
vader	6
explosiva	6
capitalista	6
muriel	6
decirtelo	6
socialmente	6
bright	6
davidson	6
vibra	6
puma	6
entrometido	6
cerrad	6
divya	6
salazar	6
abdul	6
burocracia	6
demolición	6
regente	6
intentarán	6
freír	6
voilà	6
ridículas	6
puntaje	6
silenciosamente	6
concepción	6
cumples	6
sacarán	6
company	6
enfría	6
ordenando	6
garfield	6
tiza	6
peleo	6
prisas	6
church	6
eliminada	6
ryu	6
digáis	6
then	6
ehm	6
darby	6
sácanos	6
trabajábamos	6
wilder	6
consideró	6
temporizador	6
insinúas	6
espantapájaros	6
célebre	6
delirios	6
recogerá	6
inversor	6
pawnee	6
lahey	6
feminista	6
mafiosos	6
intensivos	6
abría	6
dígitos	6
die	6
lancé	6
calculo	6
manejan	6
swanson	6
articulo	6
remy	6
glasgow	6
bristol	6
infantes	6
cochera	6
absorber	6
necesitados	6
sorprendes	6
birmingham	6
destruiste	6
remera	6
aportar	6
saltan	6
calentador	6
derrite	6
votó	6
decidiré	6
casper	6
goodman	6
confia	6
sarcástico	6
asgard	6
kan	6
heath	6
alertas	6
incontables	6
lanzan	6
fúnebre	6
earp	6
pintada	6
mostraremos	6
hipocresía	6
decadencia	6
inspectores	6
urbano	6
agregado	6
viv	6
preocupamos	6
car	6
robby	6
meghan	6
finjas	6
jodete	6
suelos	6
cubrirá	6
chevy	6
gratuito	6
saúl	6
alejarnos	6
centrarnos	6
eureka	6
encontraban	6
servirán	6
grillo	6
kaylie	6
ignorarlo	6
fallaron	6
conchas	6
adelantar	6
despidiendo	6
romperle	6
acecho	6
mamíferos	6
admiraba	6
subxpacio	6
cárceles	6
need	6
apoderarse	6
ciervos	6
nasal	6
femeninos	6
extraoficialmente	6
arrow	6
apurarnos	6
ocupó	6
sandwiches	6
cuelguen	6
impermeable	6
axe	6
malcom	6
ladra	6
descontento	6
perrera	6
doquier	6
polen	6
vendedora	6
alardear	6
keen	6
mojar	6
estudiaste	6
piscinas	6
desesperadas	6
buscarán	6
custer	6
impertinente	6
bret	6
amaban	6
quemo	6
prende	6
negaron	6
sufrí	6
videojuego	6
intimidar	6
usarás	6
largamos	6
lassie	6
olaf	6
nathaniel	6
perfiles	6
zelda	6
milan	6
sustituta	6
kms	6
mortalidad	6
frita	6
quedarías	6
escándalos	6
consumido	6
ingresó	6
su-des	6
viagra	6
cheng	6
esperarás	6
combinar	6
educados	6
sociópata	6
beaumont	6
saltamos	6
ex-novia	6
abusado	6
concebir	6
bean	6
desliza	6
fallamos	6
satelital	6
épica	6
virtualmente	6
inquisición	6
sugerido	6
grabé	6
unan	6
nbc	6
apretados	6
deletrear	6
visibles	6
smallville	6
tráiganlo	6
ingeniosa	6
bermudas	6
preguntara	6
tomaras	6
atraparlos	6
radiador	6
dabas	6
delegados	6
notificación	6
cobrando	6
desacato	6
incienso	6
estudiamos	6
recomendado	6
aguarden	6
leeds	6
espontánea	6
avalancha	6
arrestarte	6
jeque	6
ohhh	6
cuidamos	6
elemental	6
visite	6
berger	6
kabir	6
marinas	6
óxido	6
burlan	6
dártelo	6
prepararlo	6
pedacito	6
fastidia	6
myra	6
psicosis	6
elderman	6
gareth	6
diversidad	6
meade	6
please	6
lejanos	6
marsha	6
pancho	6
sostenga	6
hussein	6
major	6
márchese	6
curarse	6
usarse	6
concesión	6
asegurate	6
comportando	6
lama	6
tanaka	6
juntando	6
didi	6
hiro	6
sueles	6
valora	6
controlas	6
percibo	6
poe	6
indudablemente	6
serbia	6
comunica	6
inesperadamente	6
renos	6
berlin	6
vacio	6
atrevida	6
fabricado	6
protestante	6
insignificantes	6
activada	6
belinda	6
concentrar	6
elegiría	6
violentamente	6
olvidaría	6
clasificados	6
solemos	6
pastelería	6
portaaviones	6
aseguren	6
campanilla	6
antonia	6
vin	6
apúrese	6
esquivar	6
devolveremos	6
permitiendo	6
linternas	6
pusieran	6
pubertad	6
silbido	6
asada	6
mujerzuela	6
andén	6
bacalao	6
shay	6
porristas	6
pastores	6
empujé	6
willard	6
vaina	6
pateó	6
judios	6
esquizofrenia	6
davenport	6
magdalenas	6
incentivo	6
merrick	6
techos	6
clip	6
cubanos	6
disparada	6
jt	6
pintores	6
empezaría	6
diámetro	6
modificado	6
ex-novio	6
complicados	6
lino	6
dusty	6
incendiar	6
atacamos	6
ferretería	6
contaminada	6
malibú	6
rumorea	6
íntimas	6
hawái	6
guardabosques	6
causará	6
tickets	6
vértigo	6
ámbar	6
cósmica	6
próstata	6
turbo	6
disparará	6
escucharlos	6
publicista	6
entregaste	6
operado	6
hartos	6
sub	6
mister	6
agitada	6
acostumbro	6
excesiva	6
encubrimiento	6
caga	6
corresponsal	6
aplicaciones	6
sidra	6
marcados	6
espécimen	6
toledo	6
monada	6
dane	6
cocos	6
mad	6
irrumpió	6
perforar	6
marciano	6
aprenderé	6
cordelia	6
ámsterdam	6
asesoramiento	6
liberty	6
tempestad	6
cornell	6
conservadores	6
fraser	6
sonora	6
glamour	6
cuidaría	6
spiderman	6
ambiciosa	6
fastidies	6
olímpico	6
jp	6
elfos	6
hiroshi	6
tecnologías	6
conquistado	6
registradora	6
pásala	6
ubicar	6
llegados	6
salones	6
pre	6
escapada	6
fértil	6
placentero	6
rechazaron	6
faltando	6
arrecife	6
group	6
felicitarte	6
fundamentales	6
valium	6
destruyan	6
charlene	6
sufrieron	6
franny	6
lagrimas	6
cancelarlo	6
preñada	6
jameson	6
intrusión	6
querríamos	6
macbeth	6
maddox	6
lienzo	6
funciono	6
cagó	6
ginecólogo	6
cometes	6
giran	6
recuéstate	6
zarpar	6
iluminar	6
polvos	6
peros	6
atrapo	6
anjali	6
estira	6
tiraba	6
enana	6
influir	6
talibanes	6
convirtiera	6
alergias	6
gon	6
ipod	6
strippers	6
colonial	6
caminaré	6
tonight	6
gobierna	6
defiendes	6
exigencias	6
desván	6
darlene	6
vajilla	6
canario	6
financieras	6
altercado	6
tostadora	6
candidatura	6
estela	6
richardson	6
rescatado	6
firmando	6
marque	6
estragos	6
concursos	6
pesimista	6
espaguetis	6
permaneció	6
incrementar	6
ofenda	6
hermann	6
confort	6
pudiésemos	6
válgame	6
encontráramos	6
profe	6
exhala	6
face	6
despedimos	6
fundó	6
revisemos	6
comprara	6
repararlo	6
aprendemos	6
olímpicos	6
toleraré	6
conoceros	6
ilse	6
alegrías	6
inválido	6
fíjense	6
enseñamos	6
domo	6
bombardeos	6
manipulando	6
sweets	6
verifica	6
centauri	6
errónea	6
fire	6
conservas	6
beka	6
cubano	6
partícula	6
leona	6
im	6
troncos	6
extremas	6
pesan	6
festivo	6
cesto	6
parecéis	6
dique	6
gras	6
moralmente	6
vocal	6
utilizo	6
pulseras	6
secuestrados	6
golpéalo	6
valiosas	6
jugoso	6
arriesgó	6
agresivos	6
manifestaciones	6
fundamento	6
guarra	6
espérenme	6
espontáneo	6
guíe	6
fulana	6
golpees	6
descubriendo	6
ramona	6
esqueletos	6
largarte	6
pudín	6
bleep	6
hyuk	6
manu	6
opuesta	6
contraste	6
graciosas	6
metano	6
cocido	6
direccion	6
santificado	6
sucesivamente	6
magda	6
matare	6
identificada	6
abadía	6
arterias	6
acordó	6
entregarse	6
marple	6
foyle	6
raines	6
detonación	6
criaron	6
saludarte	6
mocos	6
vigilaré	6
taquicardia	6
desodorante	6
pagarles	6
metiera	6
arreglan	6
insistiendo	6
vikingos	6
relevancia	6
cuelgan	6
gratificante	6
recuperaremos	6
sunset	6
stand	6
fiasco	6
activó	6
permitirle	6
humildemente	6
ahogarse	6
defectuoso	6
ceguera	6
permitieron	6
señaló	6
cabecera	6
buscaría	6
bastidores	6
probarme	6
extendió	6
procesión	6
poole	6
channing	6
bradford	6
expulsaron	6
estallido	6
impida	6
clínicas	6
lestrade	6
arreglarla	6
pesaba	6
persuadir	6
mtv	6
hendrix	6
levantamiento	6
echarnos	6
quedaran	6
paladar	6
ruidosa	6
chorro	6
curiosamente	6
tropezó	6
ría	6
convencerle	6
conseguirán	6
ephram	6
caseta	6
escaneo	6
guillotina	6
woman	6
deducir	6
extraordinarios	6
envejecido	6
dispone	6
irónicamente	6
registrados	6
energética	6
wilbur	6
mejoró	6
operativos	6
mirara	6
huyas	6
viniese	6
terrorífico	6
esenciales	6
vandalismo	6
feel	6
superan	6
titulo	6
diversas	6
asaltado	6
intencionalmente	6
nebulosa	6
hinchazón	6
marin	6
acompañantes	6
bailado	6
conveniencia	6
derrumbó	6
brandt	6
motivado	6
pandilleros	6
proporciones	6
lio	6
capturó	6
secar	6
bombardear	6
rj	6
divertiremos	6
matarías	6
intensamente	6
consumiendo	6
ninjas	6
mudaste	6
ms	6
peones	6
apoyó	6
cirujana	6
privilegiada	6
sabine	6
involucrarte	6
embustero	6
infraestructura	6
insinúa	6
newark	6
patti	6
estalla	6
apuñalar	6
giros	6
debi	6
almendras	6
bucle	6
eisenhower	6
diminuta	6
liquidar	6
paranormal	6
agita	6
afición	6
tardo	6
cambiaba	6
milagroso	6
discúlpenos	6
colgados	6
campañas	6
carino	6
concreta	6
ceño	6
reciban	6
largaos	6
fotográfica	6
empeorado	6
four	6
hiere	6
estrangulada	6
dunham	6
moveré	6
dignos	6
very	6
orador	6
recuperarte	6
encontro	6
ferris	6
exquisita	6
licores	6
milly	6
cargados	6
sacudida	6
negativas	6
avergonzarme	6
severamente	6
palillos	6
turtle	6
swift	6
impedido	6
mátenlo	6
coincidir	6
arreglaron	6
estropeó	6
robarlo	6
cobras	6
ex-marido	6
bañarme	6
revolucionarios	6
barlow	6
paradoja	6
ampollas	6
caseros	6
facultades	6
priscilla	6
entregara	6
empatados	6
destruidas	6
quitarnos	6
pétalos	6
predicción	6
manantial	6
exterminar	6
joyero	6
basándose	6
emborracharme	6
abriera	6
tranquilizante	6
voladora	6
merecías	6
escoja	6
selfridge	6
xxi	6
ilustre	6
weber	6
especializado	6
jaffa	6
atacará	6
gráficos	6
cincinnati	6
maja	6
ac	6
frankfurt	6
entristece	6
escapará	6
patentes	6
apaches	6
bayas	6
mirate	6
rinoceronte	6
enfríe	6
ruiseñor	6
busto	6
retiraron	6
británicas	6
clandestino	6
topanga	6
supéralo	6
wilcox	6
poseída	6
parando	6
aa	6
storm	6
dividimos	6
guardes	6
solemnemente	6
sms	6
room	6
salías	6
luchadora	6
anticipación	6
jala	6
movámonos	6
deseé	6
cobró	6
forasteros	6
juzgue	6
metralla	6
reuben	6
quot	6
refinado	6
dibuja	6
despiértate	6
apagadas	6
dickens	6
compartimiento	6
cabales	6
cuadrilla	6
inclinado	6
pondrías	6
accion	6
ardientes	6
quejó	6
derramó	6
kiss	6
caido	6
thelma	6
marla	6
quererlo	6
deténte	6
destrozados	6
dustin	6
alcoba	6
reteniendo	6
babilonia	6
arreglarte	6
mandarte	6
acelerando	6
fuésemos	6
disculpeme	6
opinion	6
respetuoso	6
sintieron	6
odo	6
latinos	6
buscándome	6
pija	6
interrumpas	6
winslow	6
gentileza	6
aumentó	6
brownies	6
relativo	6
temerario	6
interferencias	6
emplear	6
ajustados	6
electricista	6
diseñé	6
listillo	6
indigno	6
hundiendo	6
aprovechado	6
philadelphia	6
fleischman	6
sostengo	6
aventurero	6
obsesivo	6
colocando	6
obsceno	6
lograré	6
maestría	6
explotando	6
yan	6
mantuvieron	6
alcantarillas	6
agarran	6
putita	6
pin	6
compasivo	6
patéticos	6
licencias	6
molestaré	6
llévalos	6
asustaba	6
abrirme	6
abrumador	6
avanzados	6
aceleración	6
martinis	6
aclare	6
escote	6
boludo	6
eiffel	6
jugadora	6
cavidad	6
avíseme	6
mcqueen	6
haznos	6
alivia	6
repulsivo	6
mátalos	6
felíz	6
sueca	6
sostenlo	6
durant	6
normandía	6
penetración	6
vendimos	6
bancario	6
decision	6
palitos	6
aseguraremos	6
sorprendidos	6
juzgo	6
prescripción	6
lastimaría	6
ulises	6
asfalto	6
asesinas	6
revuelto	6
tuvieses	6
emparedado	6
urgentes	6
bartlett	6
seguías	6
heinrich	6
innumerables	6
arriesgas	6
imparable	6
collares	6
potro	6
pudra	6
snake	6
especificaciones	6
armand	6
informo	6
olé	6
destruimos	6
atendido	6
flexiones	6
infidelidad	6
temido	6
recé	6
educativo	6
ajeno	6
contestaré	6
entregues	6
guiado	6
carey	6
moco	6
aprendieron	6
realizada	6
asesiné	6
certificados	6
asquerosas	6
túnica	6
largarse	6
artritis	6
gigantesca	6
cacharro	6
aparentar	6
chul	6
davy	6
perdonaría	6
lanzo	6
psiquiatras	6
participado	6
borrosa	6
chinatown	6
trinchera	6
elogio	6
elton	6
agradaba	6
tardanza	6
inundaciones	6
asesores	6
favorece	6
leila	6
deban	6
aquéllos	6
entraría	6
convicciones	6
podre	6
nevando	6
xi	6
yolanda	6
edo	6
renée	6
sentirán	6
practico	6
hablad	6
infalible	6
marcharé	6
démelo	6
helio	6
krusty	6
lip	6
muéstrate	6
cómic	6
pong	6
cantinero	6
beisbol	6
representaba	6
respetas	6
investigó	6
formalidades	6
cosméticos	6
rouge	6
precipitado	6
expresado	6
principiantes	6
dentales	6
puñal	6
limones	6
dañó	6
deteniendo	6
conversión	6
delicados	6
entregan	6
resistió	6
investigadora	6
hermosura	6
romperlo	6
vaginas	6
caverna	6
brille	6
místico	6
tentado	6
rockefeller	6
acompañarla	6
surfear	6
esperándolo	6
acuático	6
retrasa	6
inexplicable	6
costello	6
inframundo	6
deberian	6
ágil	6
emocionantes	6
ching	6
fideicomiso	6
confiaría	6
fae	6
levantarlo	6
dotado	6
realización	6
burgess	6
carlson	6
divorciar	6
polaca	6
desaparezcan	6
granito	6
quark	6
gallos	6
conoceré	6
vinny	6
frecuentes	6
cogerle	6
ex-mujer	6
amenazaron	6
gramo	6
arruinaría	6
chupando	6
faltaban	6
bessie	6
talismán	6
devuélvelo	6
antelación	6
centinela	6
roles	6
combinado	6
específicas	6
observaba	6
chefs	6
proposito	6
rechazaste	6
hematoma	6
jugaron	6
dá	6
atreva	6
segmento	6
embrague	6
sim	6
hell	6
films	6
preocupé	6
lyla	6
pelado	6
resentido	6
presumido	6
cerraste	6
jugaban	6
pulg	6
bernardo	6
meterá	6
dividida	6
ciclos	6
halo	6
antaño	6
seductor	6
jaqueca	6
concedo	6
lanzamos	6
diversiones	6
alcanzarlo	6
revelan	6
descubrirás	6
marcianos	6
suicidarte	6
ar	6
aaah	6
quejándose	6
renunciaste	6
narcisista	6
arriesgaría	6
abuelito	6
escribiera	6
bev	6
lidia	6
sufrimos	6
spider	6
flo	6
frustrada	6
lost	6
aguantará	6
causarle	6
arañazos	6
partidas	6
celebraremos	6
indonesia	6
idéntica	6
contrabandista	6
agárrenlo	6
reconciliación	6
lan	6
tomados	6
sentís	6
charly	6
cruise	6
cochecito	6
mellie	6
llamativo	6
peel	6
toxina	6
pegajosa	6
autógrafos	6
erich	6
desastroso	6
localizarlo	6
lamentarás	6
puñaladas	6
portando	6
céntrate	6
sarpullido	6
senior	6
quincy	6
poético	6
consumidor	6
stars	6
situado	6
obteniendo	6
petey	6
asique	6
vendidos	6
nublado	6
biológicos	6
tobias	6
click	6
trastornado	6
soprano	6
parecidas	6
millon	6
rezaré	6
lastimas	6
bulldog	6
cantemos	6
cansas	6
doblado	6
resolviendo	6
jockey	6
tiemblan	6
reconocerá	6
subirte	6
hurtadillas	6
pagarla	6
oakland	6
peck	6
ernst	6
dedicó	6
entrarás	6
descubriera	6
prision	6
ares	6
problemita	6
rehacer	6
asombrado	6
kendra	6
mcnamara	6
susurro	6
gritarle	6
huy	6
mezclas	6
amnistía	6
cambiarás	6
procesando	6
hotch	6
olvidada	6
ronny	6
dándote	6
bucear	6
tutora	6
asaltaron	6
informaciones	6
cartucho	6
lastimarme	6
ataúdes	6
connors	6
gómez	6
dubai	6
busqueda	6
quererme	6
ocultan	6
prohibir	6
gallinero	6
carnes	6
honrados	6
recitar	6
mantened	6
ceros	6
negando	6
cometimos	6
formaron	6
predijo	6
vogel	6
